sequence_id,dataset,action_code,label,risk_level,frame_count,joint_count,coordinate_count,pose_shape,pose_array_path
S001C001P001R001A008,NTU,A008,sit_down,low_risk,71,25,3,"(71, 25, 3)",C:\Users\VICTUS\Downloads\Research\outputs\NTU_Pose_Output\A008\S001C001P001R001A008.npy
S001C001P001R001A009,NTU,A009,stand_up,low_risk,67,25,3,"(67, 25, 3)",C:\Users\VICTUS\Downloads\Research\outputs\NTU_Pose_Output\A009\S001C001P001R001A009.npy
S001C001P001R001A042,NTU,A042,staggering,moderate_risk,195,25,3,"(195, 25, 3)",C:\Users\VICTUS\Downloads\Research\outputs\NTU_Pose_Output\A042\S001C001P001R001A042.npy
S001C001P001R001A043,NTU,A043,falling_down,high_risk,85,25,3,"(85, 25, 3)",C:\Users\VICTUS\Downloads\Research\outputs\NTU_Pose_Output\A043\S001C001P001R001A043.npy
S001C001P001R002A008,NTU,A008,sit_down,low_risk,79,25,3,"(79, 25, 3)",C:\Users\VICTUS\Downloads\Research\outputs\NTU_Pose_Output\A008\S001C001P001R002A008.npy
S001C001P001R002A009,NTU,A009,stand_up,low_risk,80,25,3,"(80, 25, 3)",C:\Users\VICTUS\Downloads\Research\outputs\NTU_Pose_Output\A009\S001C001P001R002A009.npy
S001C001P001R002A042,NTU,A042,staggering,moderate_risk,129,25,3,"(129, 25, 3)",C:\Users\VICTUS\Downloads\Research\outputs\NTU_Pose_Output\A042\S001C001P001R002A042.npy
S001C001P001R002A043,NTU,A043,falling_down,high_risk,78,25,3,"(78, 25, 3)",C:\Users\VICTUS\Downloads\Research\outputs\NTU_Pose_Output\A043\S001C001P001R002A043.npy
S001C001P002R001A008,NTU,A008,sit_down,low_risk,65,25,3,"(65, 25, 3)",C:\Users\VICTUS\Downloads\Research\outputs\NTU_Pose_Output\A008\S001C001P002R001A008.npy
S001C001P002R001A009,NTU,A009,stand_up,low_risk,62,25,3,"(62, 25, 3)",C:\Users\VICTUS\Downloads\Research\outputs\NTU_Pose_Output\A009\S001C001P002R001A009.npy
S001C001P002R001A042,NTU,A042,staggering,moderate_risk,94,25,3,"(94, 25, 3)",C:\Users\VICTUS\Downloads\Research\outputs\NTU_Pose_Output\A042\S001C001P002R001A042.npy
S001C001P002R001A043,NTU,A043,falling_down,high_risk,84,25,3,"(84, 25, 3)",C:\Users\VICTUS\Downloads\Research\outputs\NTU_Pose_Output\A043\S001C001P002R001A043.npy
S001C001P002R002A008,NTU,A008,sit_down,low_risk,76,25,3,"(76, 25, 3)",C:\Users\VICTUS\Downloads\Research\outputs\NTU_Pose_Output\A008\S001C001P002R002A008.npy
S001C001P002R002A009,NTU,A009,stand_up,low_risk,75,25,3,"(75, 25, 3)",C:\Users\VICTUS\Downloads\Research\outputs\NTU_Pose_Output\A009\S001C001P002R002A009.npy
S001C001P002R002A042,NTU,A042,staggering,moderate_risk,100,25,3,"(100, 25, 3)",C:\Users\VICTUS\Downloads\Research\outputs\NTU_Pose_Output\A042\S001C001P002R002A042.npy
S001C001P002R002A043,NTU,A043,falling_down,high_risk,64,25,3,"(64, 25, 3)",C:\Users\VICTUS\Downloads\Research\outputs\NTU_Pose_Output\A043\S001C001P002R002A043.npy
S001C001P003R001A008,NTU,A008,sit_down,low_risk,114,25,3,"(114, 25, 3)",C:\Users\VICTUS\Downloads\Research\outputs\NTU_Pose_Output\A008\S001C001P003R001A008.npy
S001C001P003R001A009,NTU,A009,stand_up,low_risk,104,25,3,"(104, 25, 3)",C:\Users\VICTUS\Downloads\Research\outputs\NTU_Pose_Output\A009\S001C001P003R001A009.npy
S001C001P003R001A042,NTU,A042,staggering,moderate_risk,135,25,3,"(135, 25, 3)",C:\Users\VICTUS\Downloads\Research\outputs\NTU_Pose_Output\A042\S001C001P003R001A042.npy
S001C001P003R001A043,NTU,A043,falling_down,high_risk,71,25,3,"(71, 25, 3)",C:\Users\VICTUS\Downloads\Research\outputs\NTU_Pose_Output\A043\S001C001P003R001A043.npy
S001C001P003R002A008,NTU,A008,sit_down,low_risk,87,25,3,"(87, 25, 3)",C:\Users\VICTUS\Downloads\Research\outputs\NTU_Pose_Output\A008\S001C001P003R002A008.npy
S001C001P003R002A009,NTU,A009,stand_up,low_risk,94,25,3,"(94, 25, 3)",C:\Users\VICTUS\Downloads\Research\outputs\NTU_Pose_Output\A009\S001C001P003R002A009.npy
S001C001P003R002A042,NTU,A042,staggering,moderate_risk,124,25,3,"(124, 25, 3)",C:\Users\VICTUS\Downloads\Research\outputs\NTU_Pose_Output\A042\S001C001P003R002A042.npy
S001C001P003R002A043,NTU,A043,falling_down,high_risk,88,25,3,"(88, 25, 3)",C:\Users\VICTUS\Downloads\Research\outputs\NTU_Pose_Output\A043\S001C001P003R002A043.npy
S001C001P004R001A008,NTU,A008,sit_down,low_risk,87,25,3,"(87, 25, 3)",C:\Users\VICTUS\Downloads\Research\outputs\NTU_Pose_Output\A008\S001C001P004R001A008.npy
S001C001P004R001A009,NTU,A009,stand_up,low_risk,78,25,3,"(78, 25, 3)",C:\Users\VICTUS\Downloads\Research\outputs\NTU_Pose_Output\A009\S001C001P004R001A009.npy
S001C001P004R001A042,NTU,A042,staggering,moderate_risk,109,25,3,"(109, 25, 3)",C:\Users\VICTUS\Downloads\Research\outputs\NTU_Pose_Output\A042\S001C001P004R001A042.npy
S001C001P004R001A043,NTU,A043,falling_down,high_risk,82,25,3,"(82, 25, 3)",C:\Users\VICTUS\Downloads\Research\outputs\NTU_Pose_Output\A043\S001C001P004R001A043.npy
S001C001P004R002A008,NTU,A008,sit_down,low_risk,81,25,3,"(81, 25, 3)",C:\Users\VICTUS\Downloads\Research\outputs\NTU_Pose_Output\A008\S001C001P004R002A008.npy
S001C001P004R002A009,NTU,A009,stand_up,low_risk,78,25,3,"(78, 25, 3)",C:\Users\VICTUS\Downloads\Research\outputs\NTU_Pose_Output\A009\S001C001P004R002A009.npy
S001C001P004R002A042,NTU,A042,staggering,moderate_risk,120,25,3,"(120, 25, 3)",C:\Users\VICTUS\Downloads\Research\outputs\NTU_Pose_Output\A042\S001C001P004R002A042.npy
S001C001P004R002A043,NTU,A043,falling_down,high_risk,83,25,3,"(83, 25, 3)",C:\Users\VICTUS\Downloads\Research\outputs\NTU_Pose_Output\A043\S001C001P004R002A043.npy
S001C001P005R001A008,NTU,A008,sit_down,low_risk,57,25,3,"(57, 25, 3)",C:\Users\VICTUS\Downloads\Research\outputs\NTU_Pose_Output\A008\S001C001P005R001A008.npy
S001C001P005R001A009,NTU,A009,stand_up,low_risk,55,25,3,"(55, 25, 3)",C:\Users\VICTUS\Downloads\Research\outputs\NTU_Pose_Output\A009\S001C001P005R001A009.npy
S001C001P005R001A042,NTU,A042,staggering,moderate_risk,99,25,3,"(99, 25, 3)",C:\Users\VICTUS\Downloads\Research\outputs\NTU_Pose_Output\A042\S001C001P005R001A042.npy
S001C001P005R001A043,NTU,A043,falling_down,high_risk,67,25,3,"(67, 25, 3)",C:\Users\VICTUS\Downloads\Research\outputs\NTU_Pose_Output\A043\S001C001P005R001A043.npy
S001C001P005R002A008,NTU,A008,sit_down,low_risk,56,25,3,"(56, 25, 3)",C:\Users\VICTUS\Downloads\Research\outputs\NTU_Pose_Output\A008\S001C001P005R002A008.npy
S001C001P005R002A009,NTU,A009,stand_up,low_risk,52,25,3,"(52, 25, 3)",C:\Users\VICTUS\Downloads\Research\outputs\NTU_Pose_Output\A009\S001C001P005R002A009.npy
S001C001P005R002A042,NTU,A042,staggering,moderate_risk,94,25,3,"(94, 25, 3)",C:\Users\VICTUS\Downloads\Research\outputs\NTU_Pose_Output\A042\S001C001P005R002A042.npy
S001C001P005R002A043,NTU,A043,falling_down,high_risk,74,25,3,"(74, 25, 3)",C:\Users\VICTUS\Downloads\Research\outputs\NTU_Pose_Output\A043\S001C001P005R002A043.npy
S001C001P006R001A008,NTU,A008,sit_down,low_risk,71,25,3,"(71, 25, 3)",C:\Users\VICTUS\Downloads\Research\outputs\NTU_Pose_Output\A008\S001C001P006R001A008.npy
S001C001P006R001A009,NTU,A009,stand_up,low_risk,65,25,3,"(65, 25, 3)",C:\Users\VICTUS\Downloads\Research\outputs\NTU_Pose_Output\A009\S001C001P006R001A009.npy
S001C001P006R001A042,NTU,A042,staggering,moderate_risk,72,25,3,"(72, 25, 3)",C:\Users\VICTUS\Downloads\Research\outputs\NTU_Pose_Output\A042\S001C001P006R001A042.npy
S001C001P006R001A043,NTU,A043,falling_down,high_risk,62,25,3,"(62, 25, 3)",C:\Users\VICTUS\Downloads\Research\outputs\NTU_Pose_Output\A043\S001C001P006R001A043.npy
S001C001P006R002A008,NTU,A008,sit_down,low_risk,79,25,3,"(79, 25, 3)",C:\Users\VICTUS\Downloads\Research\outputs\NTU_Pose_Output\A008\S001C001P006R002A008.npy
S001C001P006R002A009,NTU,A009,stand_up,low_risk,87,25,3,"(87, 25, 3)",C:\Users\VICTUS\Downloads\Research\outputs\NTU_Pose_Output\A009\S001C001P006R002A009.npy
S001C001P006R002A042,NTU,A042,staggering,moderate_risk,73,25,3,"(73, 25, 3)",C:\Users\VICTUS\Downloads\Research\outputs\NTU_Pose_Output\A042\S001C001P006R002A042.npy
S001C001P006R002A043,NTU,A043,falling_down,high_risk,60,25,3,"(60, 25, 3)",C:\Users\VICTUS\Downloads\Research\outputs\NTU_Pose_Output\A043\S001C001P006R002A043.npy
S001C001P007R001A008,NTU,A008,sit_down,low_risk,90,25,3,"(90, 25, 3)",C:\Users\VICTUS\Downloads\Research\outputs\NTU_Pose_Output\A008\S001C001P007R001A008.npy
S001C001P007R001A009,NTU,A009,stand_up,low_risk,56,25,3,"(56, 25, 3)",C:\Users\VICTUS\Downloads\Research\outputs\NTU_Pose_Output\A009\S001C001P007R001A009.npy
S001C001P007R001A042,NTU,A042,staggering,moderate_risk,97,25,3,"(97, 25, 3)",C:\Users\VICTUS\Downloads\Research\outputs\NTU_Pose_Output\A042\S001C001P007R001A042.npy
S001C001P007R001A043,NTU,A043,falling_down,high_risk,60,25,3,"(60, 25, 3)",C:\Users\VICTUS\Downloads\Research\outputs\NTU_Pose_Output\A043\S001C001P007R001A043.npy
S001C001P007R002A008,NTU,A008,sit_down,low_risk,79,25,3,"(79, 25, 3)",C:\Users\VICTUS\Downloads\Research\outputs\NTU_Pose_Output\A008\S001C001P007R002A008.npy
S001C001P007R002A009,NTU,A009,stand_up,low_risk,66,25,3,"(66, 25, 3)",C:\Users\VICTUS\Downloads\Research\outputs\NTU_Pose_Output\A009\S001C001P007R002A009.npy
S001C001P007R002A042,NTU,A042,staggering,moderate_risk,100,25,3,"(100, 25, 3)",C:\Users\VICTUS\Downloads\Research\outputs\NTU_Pose_Output\A042\S001C001P007R002A042.npy
S001C001P007R002A043,NTU,A043,falling_down,high_risk,60,25,3,"(60, 25, 3)",C:\Users\VICTUS\Downloads\Research\outputs\NTU_Pose_Output\A043\S001C001P007R002A043.npy
S001C001P008R001A008,NTU,A008,sit_down,low_risk,85,25,3,"(85, 25, 3)",C:\Users\VICTUS\Downloads\Research\outputs\NTU_Pose_Output\A008\S001C001P008R001A008.npy
S001C001P008R001A009,NTU,A009,stand_up,low_risk,63,25,3,"(63, 25, 3)",C:\Users\VICTUS\Downloads\Research\outputs\NTU_Pose_Output\A009\S001C001P008R001A009.npy
S001C001P008R001A042,NTU,A042,staggering,moderate_risk,101,25,3,"(101, 25, 3)",C:\Users\VICTUS\Downloads\Research\outputs\NTU_Pose_Output\A042\S001C001P008R001A042.npy
S001C001P008R001A043,NTU,A043,falling_down,high_risk,63,25,3,"(63, 25, 3)",C:\Users\VICTUS\Downloads\Research\outputs\NTU_Pose_Output\A043\S001C001P008R001A043.npy
S001C001P008R002A008,NTU,A008,sit_down,low_risk,67,25,3,"(67, 25, 3)",C:\Users\VICTUS\Downloads\Research\outputs\NTU_Pose_Output\A008\S001C001P008R002A008.npy
S001C001P008R002A009,NTU,A009,stand_up,low_risk,51,25,3,"(51, 25, 3)",C:\Users\VICTUS\Downloads\Research\outputs\NTU_Pose_Output\A009\S001C001P008R002A009.npy
S001C001P008R002A042,NTU,A042,staggering,moderate_risk,100,25,3,"(100, 25, 3)",C:\Users\VICTUS\Downloads\Research\outputs\NTU_Pose_Output\A042\S001C001P008R002A042.npy
S001C001P008R002A043,NTU,A043,falling_down,high_risk,64,25,3,"(64, 25, 3)",C:\Users\VICTUS\Downloads\Research\outputs\NTU_Pose_Output\A043\S001C001P008R002A043.npy
S001C002P001R001A008,NTU,A008,sit_down,low_risk,71,25,3,"(71, 25, 3)",C:\Users\VICTUS\Downloads\Research\outputs\NTU_Pose_Output\A008\S001C002P001R001A008.npy
S001C002P001R001A009,NTU,A009,stand_up,low_risk,67,25,3,"(67, 25, 3)",C:\Users\VICTUS\Downloads\Research\outputs\NTU_Pose_Output\A009\S001C002P001R001A009.npy
S001C002P001R001A042,NTU,A042,staggering,moderate_risk,195,25,3,"(195, 25, 3)",C:\Users\VICTUS\Downloads\Research\outputs\NTU_Pose_Output\A042\S001C002P001R001A042.npy
S001C002P001R001A043,NTU,A043,falling_down,high_risk,85,25,3,"(85, 25, 3)",C:\Users\VICTUS\Downloads\Research\outputs\NTU_Pose_Output\A043\S001C002P001R001A043.npy
S001C002P001R002A008,NTU,A008,sit_down,low_risk,79,25,3,"(79, 25, 3)",C:\Users\VICTUS\Downloads\Research\outputs\NTU_Pose_Output\A008\S001C002P001R002A008.npy
S001C002P001R002A009,NTU,A009,stand_up,low_risk,80,25,3,"(80, 25, 3)",C:\Users\VICTUS\Downloads\Research\outputs\NTU_Pose_Output\A009\S001C002P001R002A009.npy
S001C002P001R002A042,NTU,A042,staggering,moderate_risk,130,25,3,"(130, 25, 3)",C:\Users\VICTUS\Downloads\Research\outputs\NTU_Pose_Output\A042\S001C002P001R002A042.npy
S001C002P001R002A043,NTU,A043,falling_down,high_risk,78,25,3,"(78, 25, 3)",C:\Users\VICTUS\Downloads\Research\outputs\NTU_Pose_Output\A043\S001C002P001R002A043.npy
S001C002P002R001A008,NTU,A008,sit_down,low_risk,65,25,3,"(65, 25, 3)",C:\Users\VICTUS\Downloads\Research\outputs\NTU_Pose_Output\A008\S001C002P002R001A008.npy
S001C002P002R001A009,NTU,A009,stand_up,low_risk,62,25,3,"(62, 25, 3)",C:\Users\VICTUS\Downloads\Research\outputs\NTU_Pose_Output\A009\S001C002P002R001A009.npy
S001C002P002R001A042,NTU,A042,staggering,moderate_risk,94,25,3,"(94, 25, 3)",C:\Users\VICTUS\Downloads\Research\outputs\NTU_Pose_Output\A042\S001C002P002R001A042.npy
S001C002P002R001A043,NTU,A043,falling_down,high_risk,83,25,3,"(83, 25, 3)",C:\Users\VICTUS\Downloads\Research\outputs\NTU_Pose_Output\A043\S001C002P002R001A043.npy
S001C002P002R002A008,NTU,A008,sit_down,low_risk,76,25,3,"(76, 25, 3)",C:\Users\VICTUS\Downloads\Research\outputs\NTU_Pose_Output\A008\S001C002P002R002A008.npy
S001C002P002R002A009,NTU,A009,stand_up,low_risk,76,25,3,"(76, 25, 3)",C:\Users\VICTUS\Downloads\Research\outputs\NTU_Pose_Output\A009\S001C002P002R002A009.npy
S001C002P002R002A042,NTU,A042,staggering,moderate_risk,100,25,3,"(100, 25, 3)",C:\Users\VICTUS\Downloads\Research\outputs\NTU_Pose_Output\A042\S001C002P002R002A042.npy
S001C002P002R002A043,NTU,A043,falling_down,high_risk,64,25,3,"(64, 25, 3)",C:\Users\VICTUS\Downloads\Research\outputs\NTU_Pose_Output\A043\S001C002P002R002A043.npy
S001C002P003R001A008,NTU,A008,sit_down,low_risk,114,25,3,"(114, 25, 3)",C:\Users\VICTUS\Downloads\Research\outputs\NTU_Pose_Output\A008\S001C002P003R001A008.npy
S001C002P003R001A009,NTU,A009,stand_up,low_risk,103,25,3,"(103, 25, 3)",C:\Users\VICTUS\Downloads\Research\outputs\NTU_Pose_Output\A009\S001C002P003R001A009.npy
S001C002P003R001A042,NTU,A042,staggering,moderate_risk,134,25,3,"(134, 25, 3)",C:\Users\VICTUS\Downloads\Research\outputs\NTU_Pose_Output\A042\S001C002P003R001A042.npy
S001C002P003R001A043,NTU,A043,falling_down,high_risk,71,25,3,"(71, 25, 3)",C:\Users\VICTUS\Downloads\Research\outputs\NTU_Pose_Output\A043\S001C002P003R001A043.npy
S001C002P003R002A008,NTU,A008,sit_down,low_risk,86,25,3,"(86, 25, 3)",C:\Users\VICTUS\Downloads\Research\outputs\NTU_Pose_Output\A008\S001C002P003R002A008.npy
S001C002P003R002A009,NTU,A009,stand_up,low_risk,93,25,3,"(93, 25, 3)",C:\Users\VICTUS\Downloads\Research\outputs\NTU_Pose_Output\A009\S001C002P003R002A009.npy
S001C002P003R002A042,NTU,A042,staggering,moderate_risk,124,25,3,"(124, 25, 3)",C:\Users\VICTUS\Downloads\Research\outputs\NTU_Pose_Output\A042\S001C002P003R002A042.npy
S001C002P003R002A043,NTU,A043,falling_down,high_risk,87,25,3,"(87, 25, 3)",C:\Users\VICTUS\Downloads\Research\outputs\NTU_Pose_Output\A043\S001C002P003R002A043.npy
S001C002P004R001A008,NTU,A008,sit_down,low_risk,87,25,3,"(87, 25, 3)",C:\Users\VICTUS\Downloads\Research\outputs\NTU_Pose_Output\A008\S001C002P004R001A008.npy
S001C002P004R001A009,NTU,A009,stand_up,low_risk,78,25,3,"(78, 25, 3)",C:\Users\VICTUS\Downloads\Research\outputs\NTU_Pose_Output\A009\S001C002P004R001A009.npy
S001C002P004R001A042,NTU,A042,staggering,moderate_risk,109,25,3,"(109, 25, 3)",C:\Users\VICTUS\Downloads\Research\outputs\NTU_Pose_Output\A042\S001C002P004R001A042.npy
S001C002P004R001A043,NTU,A043,falling_down,high_risk,83,25,3,"(83, 25, 3)",C:\Users\VICTUS\Downloads\Research\outputs\NTU_Pose_Output\A043\S001C002P004R001A043.npy
S001C002P004R002A008,NTU,A008,sit_down,low_risk,81,25,3,"(81, 25, 3)",C:\Users\VICTUS\Downloads\Research\outputs\NTU_Pose_Output\A008\S001C002P004R002A008.npy
S001C002P004R002A009,NTU,A009,stand_up,low_risk,78,25,3,"(78, 25, 3)",C:\Users\VICTUS\Downloads\Research\outputs\NTU_Pose_Output\A009\S001C002P004R002A009.npy
S001C002P004R002A042,NTU,A042,staggering,moderate_risk,120,25,3,"(120, 25, 3)",C:\Users\VICTUS\Downloads\Research\outputs\NTU_Pose_Output\A042\S001C002P004R002A042.npy
S001C002P004R002A043,NTU,A043,falling_down,high_risk,83,25,3,"(83, 25, 3)",C:\Users\VICTUS\Downloads\Research\outputs\NTU_Pose_Output\A043\S001C002P004R002A043.npy
S001C002P005R001A008,NTU,A008,sit_down,low_risk,56,25,3,"(56, 25, 3)",C:\Users\VICTUS\Downloads\Research\outputs\NTU_Pose_Output\A008\S001C002P005R001A008.npy
S001C002P005R001A009,NTU,A009,stand_up,low_risk,55,25,3,"(55, 25, 3)",C:\Users\VICTUS\Downloads\Research\outputs\NTU_Pose_Output\A009\S001C002P005R001A009.npy
S001C002P005R001A042,NTU,A042,staggering,moderate_risk,99,25,3,"(99, 25, 3)",C:\Users\VICTUS\Downloads\Research\outputs\NTU_Pose_Output\A042\S001C002P005R001A042.npy
S001C002P005R001A043,NTU,A043,falling_down,high_risk,67,25,3,"(67, 25, 3)",C:\Users\VICTUS\Downloads\Research\outputs\NTU_Pose_Output\A043\S001C002P005R001A043.npy
S001C002P005R002A008,NTU,A008,sit_down,low_risk,56,25,3,"(56, 25, 3)",C:\Users\VICTUS\Downloads\Research\outputs\NTU_Pose_Output\A008\S001C002P005R002A008.npy
S001C002P005R002A009,NTU,A009,stand_up,low_risk,52,25,3,"(52, 25, 3)",C:\Users\VICTUS\Downloads\Research\outputs\NTU_Pose_Output\A009\S001C002P005R002A009.npy
S001C002P005R002A042,NTU,A042,staggering,moderate_risk,94,25,3,"(94, 25, 3)",C:\Users\VICTUS\Downloads\Research\outputs\NTU_Pose_Output\A042\S001C002P005R002A042.npy
S001C002P005R002A043,NTU,A043,falling_down,high_risk,74,25,3,"(74, 25, 3)",C:\Users\VICTUS\Downloads\Research\outputs\NTU_Pose_Output\A043\S001C002P005R002A043.npy
S001C002P006R001A008,NTU,A008,sit_down,low_risk,71,25,3,"(71, 25, 3)",C:\Users\VICTUS\Downloads\Research\outputs\NTU_Pose_Output\A008\S001C002P006R001A008.npy
S001C002P006R001A009,NTU,A009,stand_up,low_risk,65,25,3,"(65, 25, 3)",C:\Users\VICTUS\Downloads\Research\outputs\NTU_Pose_Output\A009\S001C002P006R001A009.npy
S001C002P006R001A042,NTU,A042,staggering,moderate_risk,72,25,3,"(72, 25, 3)",C:\Users\VICTUS\Downloads\Research\outputs\NTU_Pose_Output\A042\S001C002P006R001A042.npy
S001C002P006R001A043,NTU,A043,falling_down,high_risk,62,25,3,"(62, 25, 3)",C:\Users\VICTUS\Downloads\Research\outputs\NTU_Pose_Output\A043\S001C002P006R001A043.npy
S001C002P006R002A008,NTU,A008,sit_down,low_risk,79,25,3,"(79, 25, 3)",C:\Users\VICTUS\Downloads\Research\outputs\NTU_Pose_Output\A008\S001C002P006R002A008.npy
S001C002P006R002A009,NTU,A009,stand_up,low_risk,87,25,3,"(87, 25, 3)",C:\Users\VICTUS\Downloads\Research\outputs\NTU_Pose_Output\A009\S001C002P006R002A009.npy
S001C002P006R002A042,NTU,A042,staggering,moderate_risk,73,25,3,"(73, 25, 3)",C:\Users\VICTUS\Downloads\Research\outputs\NTU_Pose_Output\A042\S001C002P006R002A042.npy
S001C002P006R002A043,NTU,A043,falling_down,high_risk,60,25,3,"(60, 25, 3)",C:\Users\VICTUS\Downloads\Research\outputs\NTU_Pose_Output\A043\S001C002P006R002A043.npy
S001C002P007R001A008,NTU,A008,sit_down,low_risk,90,25,3,"(90, 25, 3)",C:\Users\VICTUS\Downloads\Research\outputs\NTU_Pose_Output\A008\S001C002P007R001A008.npy
S001C002P007R001A009,NTU,A009,stand_up,low_risk,56,25,3,"(56, 25, 3)",C:\Users\VICTUS\Downloads\Research\outputs\NTU_Pose_Output\A009\S001C002P007R001A009.npy
S001C002P007R001A042,NTU,A042,staggering,moderate_risk,98,25,3,"(98, 25, 3)",C:\Users\VICTUS\Downloads\Research\outputs\NTU_Pose_Output\A042\S001C002P007R001A042.npy
S001C002P007R001A043,NTU,A043,falling_down,high_risk,60,25,3,"(60, 25, 3)",C:\Users\VICTUS\Downloads\Research\outputs\NTU_Pose_Output\A043\S001C002P007R001A043.npy
S001C002P007R002A008,NTU,A008,sit_down,low_risk,80,25,3,"(80, 25, 3)",C:\Users\VICTUS\Downloads\Research\outputs\NTU_Pose_Output\A008\S001C002P007R002A008.npy
S001C002P007R002A009,NTU,A009,stand_up,low_risk,67,25,3,"(67, 25, 3)",C:\Users\VICTUS\Downloads\Research\outputs\NTU_Pose_Output\A009\S001C002P007R002A009.npy
S001C002P007R002A042,NTU,A042,staggering,moderate_risk,99,25,3,"(99, 25, 3)",C:\Users\VICTUS\Downloads\Research\outputs\NTU_Pose_Output\A042\S001C002P007R002A042.npy
S001C002P007R002A043,NTU,A043,falling_down,high_risk,60,25,3,"(60, 25, 3)",C:\Users\VICTUS\Downloads\Research\outputs\NTU_Pose_Output\A043\S001C002P007R002A043.npy
S001C002P008R001A008,NTU,A008,sit_down,low_risk,85,25,3,"(85, 25, 3)",C:\Users\VICTUS\Downloads\Research\outputs\NTU_Pose_Output\A008\S001C002P008R001A008.npy
S001C002P008R001A009,NTU,A009,stand_up,low_risk,63,25,3,"(63, 25, 3)",C:\Users\VICTUS\Downloads\Research\outputs\NTU_Pose_Output\A009\S001C002P008R001A009.npy
S001C002P008R001A042,NTU,A042,staggering,moderate_risk,101,25,3,"(101, 25, 3)",C:\Users\VICTUS\Downloads\Research\outputs\NTU_Pose_Output\A042\S001C002P008R001A042.npy
S001C002P008R001A043,NTU,A043,falling_down,high_risk,62,25,3,"(62, 25, 3)",C:\Users\VICTUS\Downloads\Research\outputs\NTU_Pose_Output\A043\S001C002P008R001A043.npy
S001C002P008R002A008,NTU,A008,sit_down,low_risk,68,25,3,"(68, 25, 3)",C:\Users\VICTUS\Downloads\Research\outputs\NTU_Pose_Output\A008\S001C002P008R002A008.npy
S001C002P008R002A009,NTU,A009,stand_up,low_risk,51,25,3,"(51, 25, 3)",C:\Users\VICTUS\Downloads\Research\outputs\NTU_Pose_Output\A009\S001C002P008R002A009.npy
S001C002P008R002A042,NTU,A042,staggering,moderate_risk,101,25,3,"(101, 25, 3)",C:\Users\VICTUS\Downloads\Research\outputs\NTU_Pose_Output\A042\S001C002P008R002A042.npy
S001C002P008R002A043,NTU,A043,falling_down,high_risk,62,25,3,"(62, 25, 3)",C:\Users\VICTUS\Downloads\Research\outputs\NTU_Pose_Output\A043\S001C002P008R002A043.npy
S001C003P001R001A008,NTU,A008,sit_down,low_risk,71,25,3,"(71, 25, 3)",C:\Users\VICTUS\Downloads\Research\outputs\NTU_Pose_Output\A008\S001C003P001R001A008.npy
S001C003P001R001A009,NTU,A009,stand_up,low_risk,67,25,3,"(67, 25, 3)",C:\Users\VICTUS\Downloads\Research\outputs\NTU_Pose_Output\A009\S001C003P001R001A009.npy
S001C003P001R001A042,NTU,A042,staggering,moderate_risk,196,25,3,"(196, 25, 3)",C:\Users\VICTUS\Downloads\Research\outputs\NTU_Pose_Output\A042\S001C003P001R001A042.npy
S001C003P001R001A043,NTU,A043,falling_down,high_risk,84,25,3,"(84, 25, 3)",C:\Users\VICTUS\Downloads\Research\outputs\NTU_Pose_Output\A043\S001C003P001R001A043.npy
S001C003P001R002A008,NTU,A008,sit_down,low_risk,79,25,3,"(79, 25, 3)",C:\Users\VICTUS\Downloads\Research\outputs\NTU_Pose_Output\A008\S001C003P001R002A008.npy
S001C003P001R002A009,NTU,A009,stand_up,low_risk,79,25,3,"(79, 25, 3)",C:\Users\VICTUS\Downloads\Research\outputs\NTU_Pose_Output\A009\S001C003P001R002A009.npy
S001C003P001R002A042,NTU,A042,staggering,moderate_risk,130,25,3,"(130, 25, 3)",C:\Users\VICTUS\Downloads\Research\outputs\NTU_Pose_Output\A042\S001C003P001R002A042.npy
S001C003P001R002A043,NTU,A043,falling_down,high_risk,78,25,3,"(78, 25, 3)",C:\Users\VICTUS\Downloads\Research\outputs\NTU_Pose_Output\A043\S001C003P001R002A043.npy
S001C003P002R001A008,NTU,A008,sit_down,low_risk,65,25,3,"(65, 25, 3)",C:\Users\VICTUS\Downloads\Research\outputs\NTU_Pose_Output\A008\S001C003P002R001A008.npy
S001C003P002R001A009,NTU,A009,stand_up,low_risk,63,25,3,"(63, 25, 3)",C:\Users\VICTUS\Downloads\Research\outputs\NTU_Pose_Output\A009\S001C003P002R001A009.npy
S001C003P002R001A042,NTU,A042,staggering,moderate_risk,93,25,3,"(93, 25, 3)",C:\Users\VICTUS\Downloads\Research\outputs\NTU_Pose_Output\A042\S001C003P002R001A042.npy
S001C003P002R001A043,NTU,A043,falling_down,high_risk,84,25,3,"(84, 25, 3)",C:\Users\VICTUS\Downloads\Research\outputs\NTU_Pose_Output\A043\S001C003P002R001A043.npy
S001C003P002R002A008,NTU,A008,sit_down,low_risk,76,25,3,"(76, 25, 3)",C:\Users\VICTUS\Downloads\Research\outputs\NTU_Pose_Output\A008\S001C003P002R002A008.npy
S001C003P002R002A009,NTU,A009,stand_up,low_risk,73,25,3,"(73, 25, 3)",C:\Users\VICTUS\Downloads\Research\outputs\NTU_Pose_Output\A009\S001C003P002R002A009.npy
S001C003P002R002A042,NTU,A042,staggering,moderate_risk,100,25,3,"(100, 25, 3)",C:\Users\VICTUS\Downloads\Research\outputs\NTU_Pose_Output\A042\S001C003P002R002A042.npy
S001C003P002R002A043,NTU,A043,falling_down,high_risk,65,25,3,"(65, 25, 3)",C:\Users\VICTUS\Downloads\Research\outputs\NTU_Pose_Output\A043\S001C003P002R002A043.npy
S001C003P003R001A008,NTU,A008,sit_down,low_risk,114,25,3,"(114, 25, 3)",C:\Users\VICTUS\Downloads\Research\outputs\NTU_Pose_Output\A008\S001C003P003R001A008.npy
S001C003P003R001A009,NTU,A009,stand_up,low_risk,103,25,3,"(103, 25, 3)",C:\Users\VICTUS\Downloads\Research\outputs\NTU_Pose_Output\A009\S001C003P003R001A009.npy
S001C003P003R001A042,NTU,A042,staggering,moderate_risk,135,25,3,"(135, 25, 3)",C:\Users\VICTUS\Downloads\Research\outputs\NTU_Pose_Output\A042\S001C003P003R001A042.npy
S001C003P003R001A043,NTU,A043,falling_down,high_risk,71,25,3,"(71, 25, 3)",C:\Users\VICTUS\Downloads\Research\outputs\NTU_Pose_Output\A043\S001C003P003R001A043.npy
S001C003P003R002A008,NTU,A008,sit_down,low_risk,86,25,3,"(86, 25, 3)",C:\Users\VICTUS\Downloads\Research\outputs\NTU_Pose_Output\A008\S001C003P003R002A008.npy
S001C003P003R002A009,NTU,A009,stand_up,low_risk,93,25,3,"(93, 25, 3)",C:\Users\VICTUS\Downloads\Research\outputs\NTU_Pose_Output\A009\S001C003P003R002A009.npy
S001C003P003R002A042,NTU,A042,staggering,moderate_risk,124,25,3,"(124, 25, 3)",C:\Users\VICTUS\Downloads\Research\outputs\NTU_Pose_Output\A042\S001C003P003R002A042.npy
S001C003P003R002A043,NTU,A043,falling_down,high_risk,87,25,3,"(87, 25, 3)",C:\Users\VICTUS\Downloads\Research\outputs\NTU_Pose_Output\A043\S001C003P003R002A043.npy
S001C003P004R001A008,NTU,A008,sit_down,low_risk,87,25,3,"(87, 25, 3)",C:\Users\VICTUS\Downloads\Research\outputs\NTU_Pose_Output\A008\S001C003P004R001A008.npy
S001C003P004R001A009,NTU,A009,stand_up,low_risk,78,25,3,"(78, 25, 3)",C:\Users\VICTUS\Downloads\Research\outputs\NTU_Pose_Output\A009\S001C003P004R001A009.npy
S001C003P004R001A042,NTU,A042,staggering,moderate_risk,109,25,3,"(109, 25, 3)",C:\Users\VICTUS\Downloads\Research\outputs\NTU_Pose_Output\A042\S001C003P004R001A042.npy
S001C003P004R001A043,NTU,A043,falling_down,high_risk,83,25,3,"(83, 25, 3)",C:\Users\VICTUS\Downloads\Research\outputs\NTU_Pose_Output\A043\S001C003P004R001A043.npy
S001C003P004R002A008,NTU,A008,sit_down,low_risk,82,25,3,"(82, 25, 3)",C:\Users\VICTUS\Downloads\Research\outputs\NTU_Pose_Output\A008\S001C003P004R002A008.npy
S001C003P004R002A009,NTU,A009,stand_up,low_risk,78,25,3,"(78, 25, 3)",C:\Users\VICTUS\Downloads\Research\outputs\NTU_Pose_Output\A009\S001C003P004R002A009.npy
S001C003P004R002A042,NTU,A042,staggering,moderate_risk,120,25,3,"(120, 25, 3)",C:\Users\VICTUS\Downloads\Research\outputs\NTU_Pose_Output\A042\S001C003P004R002A042.npy
S001C003P004R002A043,NTU,A043,falling_down,high_risk,83,25,3,"(83, 25, 3)",C:\Users\VICTUS\Downloads\Research\outputs\NTU_Pose_Output\A043\S001C003P004R002A043.npy
S001C003P005R001A008,NTU,A008,sit_down,low_risk,56,25,3,"(56, 25, 3)",C:\Users\VICTUS\Downloads\Research\outputs\NTU_Pose_Output\A008\S001C003P005R001A008.npy
S001C003P005R001A009,NTU,A009,stand_up,low_risk,55,25,3,"(55, 25, 3)",C:\Users\VICTUS\Downloads\Research\outputs\NTU_Pose_Output\A009\S001C003P005R001A009.npy
S001C003P005R001A042,NTU,A042,staggering,moderate_risk,99,25,3,"(99, 25, 3)",C:\Users\VICTUS\Downloads\Research\outputs\NTU_Pose_Output\A042\S001C003P005R001A042.npy
S001C003P005R001A043,NTU,A043,falling_down,high_risk,67,25,3,"(67, 25, 3)",C:\Users\VICTUS\Downloads\Research\outputs\NTU_Pose_Output\A043\S001C003P005R001A043.npy
S001C003P005R002A008,NTU,A008,sit_down,low_risk,55,25,3,"(55, 25, 3)",C:\Users\VICTUS\Downloads\Research\outputs\NTU_Pose_Output\A008\S001C003P005R002A008.npy
S001C003P005R002A009,NTU,A009,stand_up,low_risk,52,25,3,"(52, 25, 3)",C:\Users\VICTUS\Downloads\Research\outputs\NTU_Pose_Output\A009\S001C003P005R002A009.npy
S001C003P005R002A042,NTU,A042,staggering,moderate_risk,94,25,3,"(94, 25, 3)",C:\Users\VICTUS\Downloads\Research\outputs\NTU_Pose_Output\A042\S001C003P005R002A042.npy
S001C003P005R002A043,NTU,A043,falling_down,high_risk,73,25,3,"(73, 25, 3)",C:\Users\VICTUS\Downloads\Research\outputs\NTU_Pose_Output\A043\S001C003P005R002A043.npy
S001C003P006R001A008,NTU,A008,sit_down,low_risk,71,25,3,"(71, 25, 3)",C:\Users\VICTUS\Downloads\Research\outputs\NTU_Pose_Output\A008\S001C003P006R001A008.npy
S001C003P006R001A009,NTU,A009,stand_up,low_risk,65,25,3,"(65, 25, 3)",C:\Users\VICTUS\Downloads\Research\outputs\NTU_Pose_Output\A009\S001C003P006R001A009.npy
S001C003P006R001A042,NTU,A042,staggering,moderate_risk,73,25,3,"(73, 25, 3)",C:\Users\VICTUS\Downloads\Research\outputs\NTU_Pose_Output\A042\S001C003P006R001A042.npy
S001C003P006R001A043,NTU,A043,falling_down,high_risk,62,25,3,"(62, 25, 3)",C:\Users\VICTUS\Downloads\Research\outputs\NTU_Pose_Output\A043\S001C003P006R001A043.npy
S001C003P006R002A008,NTU,A008,sit_down,low_risk,79,25,3,"(79, 25, 3)",C:\Users\VICTUS\Downloads\Research\outputs\NTU_Pose_Output\A008\S001C003P006R002A008.npy
S001C003P006R002A009,NTU,A009,stand_up,low_risk,87,25,3,"(87, 25, 3)",C:\Users\VICTUS\Downloads\Research\outputs\NTU_Pose_Output\A009\S001C003P006R002A009.npy
S001C003P006R002A042,NTU,A042,staggering,moderate_risk,74,25,3,"(74, 25, 3)",C:\Users\VICTUS\Downloads\Research\outputs\NTU_Pose_Output\A042\S001C003P006R002A042.npy
S001C003P006R002A043,NTU,A043,falling_down,high_risk,60,25,3,"(60, 25, 3)",C:\Users\VICTUS\Downloads\Research\outputs\NTU_Pose_Output\A043\S001C003P006R002A043.npy
S001C003P007R001A008,NTU,A008,sit_down,low_risk,90,25,3,"(90, 25, 3)",C:\Users\VICTUS\Downloads\Research\outputs\NTU_Pose_Output\A008\S001C003P007R001A008.npy
S001C003P007R001A009,NTU,A009,stand_up,low_risk,56,25,3,"(56, 25, 3)",C:\Users\VICTUS\Downloads\Research\outputs\NTU_Pose_Output\A009\S001C003P007R001A009.npy
S001C003P007R001A042,NTU,A042,staggering,moderate_risk,98,25,3,"(98, 25, 3)",C:\Users\VICTUS\Downloads\Research\outputs\NTU_Pose_Output\A042\S001C003P007R001A042.npy
S001C003P007R001A043,NTU,A043,falling_down,high_risk,60,25,3,"(60, 25, 3)",C:\Users\VICTUS\Downloads\Research\outputs\NTU_Pose_Output\A043\S001C003P007R001A043.npy
S001C003P007R002A008,NTU,A008,sit_down,low_risk,80,25,3,"(80, 25, 3)",C:\Users\VICTUS\Downloads\Research\outputs\NTU_Pose_Output\A008\S001C003P007R002A008.npy
S001C003P007R002A009,NTU,A009,stand_up,low_risk,67,25,3,"(67, 25, 3)",C:\Users\VICTUS\Downloads\Research\outputs\NTU_Pose_Output\A009\S001C003P007R002A009.npy
S001C003P007R002A042,NTU,A042,staggering,moderate_risk,99,25,3,"(99, 25, 3)",C:\Users\VICTUS\Downloads\Research\outputs\NTU_Pose_Output\A042\S001C003P007R002A042.npy
S001C003P007R002A043,NTU,A043,falling_down,high_risk,61,25,3,"(61, 25, 3)",C:\Users\VICTUS\Downloads\Research\outputs\NTU_Pose_Output\A043\S001C003P007R002A043.npy
S001C003P008R001A008,NTU,A008,sit_down,low_risk,85,25,3,"(85, 25, 3)",C:\Users\VICTUS\Downloads\Research\outputs\NTU_Pose_Output\A008\S001C003P008R001A008.npy
S001C003P008R001A009,NTU,A009,stand_up,low_risk,62,25,3,"(62, 25, 3)",C:\Users\VICTUS\Downloads\Research\outputs\NTU_Pose_Output\A009\S001C003P008R001A009.npy
S001C003P008R001A042,NTU,A042,staggering,moderate_risk,101,25,3,"(101, 25, 3)",C:\Users\VICTUS\Downloads\Research\outputs\NTU_Pose_Output\A042\S001C003P008R001A042.npy
S001C003P008R001A043,NTU,A043,falling_down,high_risk,63,25,3,"(63, 25, 3)",C:\Users\VICTUS\Downloads\Research\outputs\NTU_Pose_Output\A043\S001C003P008R001A043.npy
S001C003P008R002A008,NTU,A008,sit_down,low_risk,67,25,3,"(67, 25, 3)",C:\Users\VICTUS\Downloads\Research\outputs\NTU_Pose_Output\A008\S001C003P008R002A008.npy
S001C003P008R002A009,NTU,A009,stand_up,low_risk,51,25,3,"(51, 25, 3)",C:\Users\VICTUS\Downloads\Research\outputs\NTU_Pose_Output\A009\S001C003P008R002A009.npy
S001C003P008R002A042,NTU,A042,staggering,moderate_risk,100,25,3,"(100, 25, 3)",C:\Users\VICTUS\Downloads\Research\outputs\NTU_Pose_Output\A042\S001C003P008R002A042.npy
S001C003P008R002A043,NTU,A043,falling_down,high_risk,64,25,3,"(64, 25, 3)",C:\Users\VICTUS\Downloads\Research\outputs\NTU_Pose_Output\A043\S001C003P008R002A043.npy
S002C001P003R001A008,NTU,A008,sit_down,low_risk,90,25,3,"(90, 25, 3)",C:\Users\VICTUS\Downloads\Research\outputs\NTU_Pose_Output\A008\S002C001P003R001A008.npy
S002C001P003R001A009,NTU,A009,stand_up,low_risk,64,25,3,"(64, 25, 3)",C:\Users\VICTUS\Downloads\Research\outputs\NTU_Pose_Output\A009\S002C001P003R001A009.npy
S002C001P003R001A042,NTU,A042,staggering,moderate_risk,123,25,3,"(123, 25, 3)",C:\Users\VICTUS\Downloads\Research\outputs\NTU_Pose_Output\A042\S002C001P003R001A042.npy
S002C001P003R001A043,NTU,A043,falling_down,high_risk,93,25,3,"(93, 25, 3)",C:\Users\VICTUS\Downloads\Research\outputs\NTU_Pose_Output\A043\S002C001P003R001A043.npy
S002C001P003R002A008,NTU,A008,sit_down,low_risk,86,25,3,"(86, 25, 3)",C:\Users\VICTUS\Downloads\Research\outputs\NTU_Pose_Output\A008\S002C001P003R002A008.npy
S002C001P003R002A009,NTU,A009,stand_up,low_risk,74,25,3,"(74, 25, 3)",C:\Users\VICTUS\Downloads\Research\outputs\NTU_Pose_Output\A009\S002C001P003R002A009.npy
S002C001P003R002A042,NTU,A042,staggering,moderate_risk,115,25,3,"(115, 25, 3)",C:\Users\VICTUS\Downloads\Research\outputs\NTU_Pose_Output\A042\S002C001P003R002A042.npy
S002C001P003R002A043,NTU,A043,falling_down,high_risk,90,25,3,"(90, 25, 3)",C:\Users\VICTUS\Downloads\Research\outputs\NTU_Pose_Output\A043\S002C001P003R002A043.npy
S002C001P007R001A008,NTU,A008,sit_down,low_risk,73,25,3,"(73, 25, 3)",C:\Users\VICTUS\Downloads\Research\outputs\NTU_Pose_Output\A008\S002C001P007R001A008.npy
S002C001P007R001A009,NTU,A009,stand_up,low_risk,62,25,3,"(62, 25, 3)",C:\Users\VICTUS\Downloads\Research\outputs\NTU_Pose_Output\A009\S002C001P007R001A009.npy
S002C001P007R001A042,NTU,A042,staggering,moderate_risk,83,25,3,"(83, 25, 3)",C:\Users\VICTUS\Downloads\Research\outputs\NTU_Pose_Output\A042\S002C001P007R001A042.npy
S002C001P007R001A043,NTU,A043,falling_down,high_risk,60,25,3,"(60, 25, 3)",C:\Users\VICTUS\Downloads\Research\outputs\NTU_Pose_Output\A043\S002C001P007R001A043.npy
S002C001P007R002A008,NTU,A008,sit_down,low_risk,90,25,3,"(90, 25, 3)",C:\Users\VICTUS\Downloads\Research\outputs\NTU_Pose_Output\A008\S002C001P007R002A008.npy
S002C001P007R002A009,NTU,A009,stand_up,low_risk,87,25,3,"(87, 25, 3)",C:\Users\VICTUS\Downloads\Research\outputs\NTU_Pose_Output\A009\S002C001P007R002A009.npy
S002C001P007R002A042,NTU,A042,staggering,moderate_risk,76,25,3,"(76, 25, 3)",C:\Users\VICTUS\Downloads\Research\outputs\NTU_Pose_Output\A042\S002C001P007R002A042.npy
S002C001P007R002A043,NTU,A043,falling_down,high_risk,60,25,3,"(60, 25, 3)",C:\Users\VICTUS\Downloads\Research\outputs\NTU_Pose_Output\A043\S002C001P007R002A043.npy
S002C001P008R001A008,NTU,A008,sit_down,low_risk,85,25,3,"(85, 25, 3)",C:\Users\VICTUS\Downloads\Research\outputs\NTU_Pose_Output\A008\S002C001P008R001A008.npy
S002C001P008R001A009,NTU,A009,stand_up,low_risk,55,25,3,"(55, 25, 3)",C:\Users\VICTUS\Downloads\Research\outputs\NTU_Pose_Output\A009\S002C001P008R001A009.npy
S002C001P008R001A042,NTU,A042,staggering,moderate_risk,105,25,3,"(105, 25, 3)",C:\Users\VICTUS\Downloads\Research\outputs\NTU_Pose_Output\A042\S002C001P008R001A042.npy
S002C001P008R001A043,NTU,A043,falling_down,high_risk,65,25,3,"(65, 25, 3)",C:\Users\VICTUS\Downloads\Research\outputs\NTU_Pose_Output\A043\S002C001P008R001A043.npy
S002C001P008R002A008,NTU,A008,sit_down,low_risk,61,25,3,"(61, 25, 3)",C:\Users\VICTUS\Downloads\Research\outputs\NTU_Pose_Output\A008\S002C001P008R002A008.npy
S002C001P008R002A009,NTU,A009,stand_up,low_risk,56,25,3,"(56, 25, 3)",C:\Users\VICTUS\Downloads\Research\outputs\NTU_Pose_Output\A009\S002C001P008R002A009.npy
S002C001P008R002A042,NTU,A042,staggering,moderate_risk,90,25,3,"(90, 25, 3)",C:\Users\VICTUS\Downloads\Research\outputs\NTU_Pose_Output\A042\S002C001P008R002A042.npy
S002C001P008R002A043,NTU,A043,falling_down,high_risk,58,25,3,"(58, 25, 3)",C:\Users\VICTUS\Downloads\Research\outputs\NTU_Pose_Output\A043\S002C001P008R002A043.npy
S002C001P009R001A008,NTU,A008,sit_down,low_risk,98,25,3,"(98, 25, 3)",C:\Users\VICTUS\Downloads\Research\outputs\NTU_Pose_Output\A008\S002C001P009R001A008.npy
S002C001P009R001A009,NTU,A009,stand_up,low_risk,89,25,3,"(89, 25, 3)",C:\Users\VICTUS\Downloads\Research\outputs\NTU_Pose_Output\A009\S002C001P009R001A009.npy
S002C001P009R001A042,NTU,A042,staggering,moderate_risk,123,25,3,"(123, 25, 3)",C:\Users\VICTUS\Downloads\Research\outputs\NTU_Pose_Output\A042\S002C001P009R001A042.npy
S002C001P009R001A043,NTU,A043,falling_down,high_risk,83,25,3,"(83, 25, 3)",C:\Users\VICTUS\Downloads\Research\outputs\NTU_Pose_Output\A043\S002C001P009R001A043.npy
S002C001P009R002A008,NTU,A008,sit_down,low_risk,88,25,3,"(88, 25, 3)",C:\Users\VICTUS\Downloads\Research\outputs\NTU_Pose_Output\A008\S002C001P009R002A008.npy
S002C001P009R002A009,NTU,A009,stand_up,low_risk,81,25,3,"(81, 25, 3)",C:\Users\VICTUS\Downloads\Research\outputs\NTU_Pose_Output\A009\S002C001P009R002A009.npy
S002C001P009R002A042,NTU,A042,staggering,moderate_risk,125,25,3,"(125, 25, 3)",C:\Users\VICTUS\Downloads\Research\outputs\NTU_Pose_Output\A042\S002C001P009R002A042.npy
S002C001P009R002A043,NTU,A043,falling_down,high_risk,89,25,3,"(89, 25, 3)",C:\Users\VICTUS\Downloads\Research\outputs\NTU_Pose_Output\A043\S002C001P009R002A043.npy
S002C001P010R001A008,NTU,A008,sit_down,low_risk,86,25,3,"(86, 25, 3)",C:\Users\VICTUS\Downloads\Research\outputs\NTU_Pose_Output\A008\S002C001P010R001A008.npy
S002C001P010R001A009,NTU,A009,stand_up,low_risk,64,25,3,"(64, 25, 3)",C:\Users\VICTUS\Downloads\Research\outputs\NTU_Pose_Output\A009\S002C001P010R001A009.npy
S002C001P010R001A042,NTU,A042,staggering,moderate_risk,118,25,3,"(118, 25, 3)",C:\Users\VICTUS\Downloads\Research\outputs\NTU_Pose_Output\A042\S002C001P010R001A042.npy
S002C001P010R001A043,NTU,A043,falling_down,high_risk,103,25,3,"(103, 25, 3)",C:\Users\VICTUS\Downloads\Research\outputs\NTU_Pose_Output\A043\S002C001P010R001A043.npy
S002C001P010R002A008,NTU,A008,sit_down,low_risk,62,25,3,"(62, 25, 3)",C:\Users\VICTUS\Downloads\Research\outputs\NTU_Pose_Output\A008\S002C001P010R002A008.npy
S002C001P010R002A009,NTU,A009,stand_up,low_risk,72,25,3,"(72, 25, 3)",C:\Users\VICTUS\Downloads\Research\outputs\NTU_Pose_Output\A009\S002C001P010R002A009.npy
S002C001P010R002A042,NTU,A042,staggering,moderate_risk,91,25,3,"(91, 25, 3)",C:\Users\VICTUS\Downloads\Research\outputs\NTU_Pose_Output\A042\S002C001P010R002A042.npy
S002C001P010R002A043,NTU,A043,falling_down,high_risk,78,25,3,"(78, 25, 3)",C:\Users\VICTUS\Downloads\Research\outputs\NTU_Pose_Output\A043\S002C001P010R002A043.npy
S002C001P011R001A008,NTU,A008,sit_down,low_risk,79,25,3,"(79, 25, 3)",C:\Users\VICTUS\Downloads\Research\outputs\NTU_Pose_Output\A008\S002C001P011R001A008.npy
S002C001P011R001A009,NTU,A009,stand_up,low_risk,87,25,3,"(87, 25, 3)",C:\Users\VICTUS\Downloads\Research\outputs\NTU_Pose_Output\A009\S002C001P011R001A009.npy
S002C001P011R001A042,NTU,A042,staggering,moderate_risk,159,25,3,"(159, 25, 3)",C:\Users\VICTUS\Downloads\Research\outputs\NTU_Pose_Output\A042\S002C001P011R001A042.npy
S002C001P011R001A043,NTU,A043,falling_down,high_risk,80,25,3,"(80, 25, 3)",C:\Users\VICTUS\Downloads\Research\outputs\NTU_Pose_Output\A043\S002C001P011R001A043.npy
S002C001P011R002A008,NTU,A008,sit_down,low_risk,77,25,3,"(77, 25, 3)",C:\Users\VICTUS\Downloads\Research\outputs\NTU_Pose_Output\A008\S002C001P011R002A008.npy
S002C001P011R002A009,NTU,A009,stand_up,low_risk,71,25,3,"(71, 25, 3)",C:\Users\VICTUS\Downloads\Research\outputs\NTU_Pose_Output\A009\S002C001P011R002A009.npy
S002C001P011R002A042,NTU,A042,staggering,moderate_risk,127,25,3,"(127, 25, 3)",C:\Users\VICTUS\Downloads\Research\outputs\NTU_Pose_Output\A042\S002C001P011R002A042.npy
S002C001P011R002A043,NTU,A043,falling_down,high_risk,75,25,3,"(75, 25, 3)",C:\Users\VICTUS\Downloads\Research\outputs\NTU_Pose_Output\A043\S002C001P011R002A043.npy
S002C001P012R001A008,NTU,A008,sit_down,low_risk,70,25,3,"(70, 25, 3)",C:\Users\VICTUS\Downloads\Research\outputs\NTU_Pose_Output\A008\S002C001P012R001A008.npy
S002C001P012R001A009,NTU,A009,stand_up,low_risk,85,25,3,"(85, 25, 3)",C:\Users\VICTUS\Downloads\Research\outputs\NTU_Pose_Output\A009\S002C001P012R001A009.npy
S002C001P012R001A042,NTU,A042,staggering,moderate_risk,92,25,3,"(92, 25, 3)",C:\Users\VICTUS\Downloads\Research\outputs\NTU_Pose_Output\A042\S002C001P012R001A042.npy
S002C001P012R001A043,NTU,A043,falling_down,high_risk,80,25,3,"(80, 25, 3)",C:\Users\VICTUS\Downloads\Research\outputs\NTU_Pose_Output\A043\S002C001P012R001A043.npy
S002C001P012R002A008,NTU,A008,sit_down,low_risk,70,25,3,"(70, 25, 3)",C:\Users\VICTUS\Downloads\Research\outputs\NTU_Pose_Output\A008\S002C001P012R002A008.npy
S002C001P012R002A009,NTU,A009,stand_up,low_risk,64,25,3,"(64, 25, 3)",C:\Users\VICTUS\Downloads\Research\outputs\NTU_Pose_Output\A009\S002C001P012R002A009.npy
S002C001P012R002A042,NTU,A042,staggering,moderate_risk,96,25,3,"(96, 25, 3)",C:\Users\VICTUS\Downloads\Research\outputs\NTU_Pose_Output\A042\S002C001P012R002A042.npy
S002C001P012R002A043,NTU,A043,falling_down,high_risk,57,25,3,"(57, 25, 3)",C:\Users\VICTUS\Downloads\Research\outputs\NTU_Pose_Output\A043\S002C001P012R002A043.npy
S002C001P013R001A008,NTU,A008,sit_down,low_risk,66,25,3,"(66, 25, 3)",C:\Users\VICTUS\Downloads\Research\outputs\NTU_Pose_Output\A008\S002C001P013R001A008.npy
S002C001P013R001A009,NTU,A009,stand_up,low_risk,69,25,3,"(69, 25, 3)",C:\Users\VICTUS\Downloads\Research\outputs\NTU_Pose_Output\A009\S002C001P013R001A009.npy
S002C001P013R001A042,NTU,A042,staggering,moderate_risk,98,25,3,"(98, 25, 3)",C:\Users\VICTUS\Downloads\Research\outputs\NTU_Pose_Output\A042\S002C001P013R001A042.npy
S002C001P013R001A043,NTU,A043,falling_down,high_risk,67,25,3,"(67, 25, 3)",C:\Users\VICTUS\Downloads\Research\outputs\NTU_Pose_Output\A043\S002C001P013R001A043.npy
S002C001P013R002A008,NTU,A008,sit_down,low_risk,80,25,3,"(80, 25, 3)",C:\Users\VICTUS\Downloads\Research\outputs\NTU_Pose_Output\A008\S002C001P013R002A008.npy
S002C001P013R002A009,NTU,A009,stand_up,low_risk,59,25,3,"(59, 25, 3)",C:\Users\VICTUS\Downloads\Research\outputs\NTU_Pose_Output\A009\S002C001P013R002A009.npy
S002C001P013R002A042,NTU,A042,staggering,moderate_risk,89,25,3,"(89, 25, 3)",C:\Users\VICTUS\Downloads\Research\outputs\NTU_Pose_Output\A042\S002C001P013R002A042.npy
S002C001P013R002A043,NTU,A043,falling_down,high_risk,63,25,3,"(63, 25, 3)",C:\Users\VICTUS\Downloads\Research\outputs\NTU_Pose_Output\A043\S002C001P013R002A043.npy
S002C001P014R001A008,NTU,A008,sit_down,low_risk,89,25,3,"(89, 25, 3)",C:\Users\VICTUS\Downloads\Research\outputs\NTU_Pose_Output\A008\S002C001P014R001A008.npy
S002C001P014R001A009,NTU,A009,stand_up,low_risk,71,25,3,"(71, 25, 3)",C:\Users\VICTUS\Downloads\Research\outputs\NTU_Pose_Output\A009\S002C001P014R001A009.npy
S002C001P014R001A042,NTU,A042,staggering,moderate_risk,135,25,3,"(135, 25, 3)",C:\Users\VICTUS\Downloads\Research\outputs\NTU_Pose_Output\A042\S002C001P014R001A042.npy
S002C001P014R001A043,NTU,A043,falling_down,high_risk,75,25,3,"(75, 25, 3)",C:\Users\VICTUS\Downloads\Research\outputs\NTU_Pose_Output\A043\S002C001P014R001A043.npy
S002C001P014R002A008,NTU,A008,sit_down,low_risk,68,25,3,"(68, 25, 3)",C:\Users\VICTUS\Downloads\Research\outputs\NTU_Pose_Output\A008\S002C001P014R002A008.npy
S002C001P014R002A009,NTU,A009,stand_up,low_risk,71,25,3,"(71, 25, 3)",C:\Users\VICTUS\Downloads\Research\outputs\NTU_Pose_Output\A009\S002C001P014R002A009.npy
S002C001P014R002A042,NTU,A042,staggering,moderate_risk,106,25,3,"(106, 25, 3)",C:\Users\VICTUS\Downloads\Research\outputs\NTU_Pose_Output\A042\S002C001P014R002A042.npy
S002C001P014R002A043,NTU,A043,falling_down,high_risk,66,25,3,"(66, 25, 3)",C:\Users\VICTUS\Downloads\Research\outputs\NTU_Pose_Output\A043\S002C001P014R002A043.npy
S002C002P003R001A008,NTU,A008,sit_down,low_risk,90,25,3,"(90, 25, 3)",C:\Users\VICTUS\Downloads\Research\outputs\NTU_Pose_Output\A008\S002C002P003R001A008.npy
S002C002P003R001A009,NTU,A009,stand_up,low_risk,64,25,3,"(64, 25, 3)",C:\Users\VICTUS\Downloads\Research\outputs\NTU_Pose_Output\A009\S002C002P003R001A009.npy
S002C002P003R001A042,NTU,A042,staggering,moderate_risk,122,25,3,"(122, 25, 3)",C:\Users\VICTUS\Downloads\Research\outputs\NTU_Pose_Output\A042\S002C002P003R001A042.npy
S002C002P003R001A043,NTU,A043,falling_down,high_risk,94,25,3,"(94, 25, 3)",C:\Users\VICTUS\Downloads\Research\outputs\NTU_Pose_Output\A043\S002C002P003R001A043.npy
S002C002P003R002A008,NTU,A008,sit_down,low_risk,86,25,3,"(86, 25, 3)",C:\Users\VICTUS\Downloads\Research\outputs\NTU_Pose_Output\A008\S002C002P003R002A008.npy
S002C002P003R002A009,NTU,A009,stand_up,low_risk,74,25,3,"(74, 25, 3)",C:\Users\VICTUS\Downloads\Research\outputs\NTU_Pose_Output\A009\S002C002P003R002A009.npy
S002C002P003R002A042,NTU,A042,staggering,moderate_risk,115,25,3,"(115, 25, 3)",C:\Users\VICTUS\Downloads\Research\outputs\NTU_Pose_Output\A042\S002C002P003R002A042.npy
S002C002P003R002A043,NTU,A043,falling_down,high_risk,90,25,3,"(90, 25, 3)",C:\Users\VICTUS\Downloads\Research\outputs\NTU_Pose_Output\A043\S002C002P003R002A043.npy
S002C002P007R001A008,NTU,A008,sit_down,low_risk,72,25,3,"(72, 25, 3)",C:\Users\VICTUS\Downloads\Research\outputs\NTU_Pose_Output\A008\S002C002P007R001A008.npy
S002C002P007R001A009,NTU,A009,stand_up,low_risk,62,25,3,"(62, 25, 3)",C:\Users\VICTUS\Downloads\Research\outputs\NTU_Pose_Output\A009\S002C002P007R001A009.npy
S002C002P007R001A042,NTU,A042,staggering,moderate_risk,85,25,3,"(85, 25, 3)",C:\Users\VICTUS\Downloads\Research\outputs\NTU_Pose_Output\A042\S002C002P007R001A042.npy
S002C002P007R001A043,NTU,A043,falling_down,high_risk,60,25,3,"(60, 25, 3)",C:\Users\VICTUS\Downloads\Research\outputs\NTU_Pose_Output\A043\S002C002P007R001A043.npy
S002C002P007R002A008,NTU,A008,sit_down,low_risk,91,25,3,"(91, 25, 3)",C:\Users\VICTUS\Downloads\Research\outputs\NTU_Pose_Output\A008\S002C002P007R002A008.npy
S002C002P007R002A009,NTU,A009,stand_up,low_risk,87,25,3,"(87, 25, 3)",C:\Users\VICTUS\Downloads\Research\outputs\NTU_Pose_Output\A009\S002C002P007R002A009.npy
S002C002P007R002A042,NTU,A042,staggering,moderate_risk,76,25,3,"(76, 25, 3)",C:\Users\VICTUS\Downloads\Research\outputs\NTU_Pose_Output\A042\S002C002P007R002A042.npy
S002C002P007R002A043,NTU,A043,falling_down,high_risk,60,25,3,"(60, 25, 3)",C:\Users\VICTUS\Downloads\Research\outputs\NTU_Pose_Output\A043\S002C002P007R002A043.npy
S002C002P008R001A008,NTU,A008,sit_down,low_risk,85,25,3,"(85, 25, 3)",C:\Users\VICTUS\Downloads\Research\outputs\NTU_Pose_Output\A008\S002C002P008R001A008.npy
S002C002P008R001A009,NTU,A009,stand_up,low_risk,56,25,3,"(56, 25, 3)",C:\Users\VICTUS\Downloads\Research\outputs\NTU_Pose_Output\A009\S002C002P008R001A009.npy
S002C002P008R001A042,NTU,A042,staggering,moderate_risk,105,25,3,"(105, 25, 3)",C:\Users\VICTUS\Downloads\Research\outputs\NTU_Pose_Output\A042\S002C002P008R001A042.npy
S002C002P008R001A043,NTU,A043,falling_down,high_risk,65,25,3,"(65, 25, 3)",C:\Users\VICTUS\Downloads\Research\outputs\NTU_Pose_Output\A043\S002C002P008R001A043.npy
S002C002P008R002A008,NTU,A008,sit_down,low_risk,61,25,3,"(61, 25, 3)",C:\Users\VICTUS\Downloads\Research\outputs\NTU_Pose_Output\A008\S002C002P008R002A008.npy
S002C002P008R002A009,NTU,A009,stand_up,low_risk,56,25,3,"(56, 25, 3)",C:\Users\VICTUS\Downloads\Research\outputs\NTU_Pose_Output\A009\S002C002P008R002A009.npy
S002C002P008R002A042,NTU,A042,staggering,moderate_risk,90,25,3,"(90, 25, 3)",C:\Users\VICTUS\Downloads\Research\outputs\NTU_Pose_Output\A042\S002C002P008R002A042.npy
S002C002P008R002A043,NTU,A043,falling_down,high_risk,57,25,3,"(57, 25, 3)",C:\Users\VICTUS\Downloads\Research\outputs\NTU_Pose_Output\A043\S002C002P008R002A043.npy
S002C002P009R001A008,NTU,A008,sit_down,low_risk,99,25,3,"(99, 25, 3)",C:\Users\VICTUS\Downloads\Research\outputs\NTU_Pose_Output\A008\S002C002P009R001A008.npy
S002C002P009R001A009,NTU,A009,stand_up,low_risk,90,25,3,"(90, 25, 3)",C:\Users\VICTUS\Downloads\Research\outputs\NTU_Pose_Output\A009\S002C002P009R001A009.npy
S002C002P009R001A042,NTU,A042,staggering,moderate_risk,123,25,3,"(123, 25, 3)",C:\Users\VICTUS\Downloads\Research\outputs\NTU_Pose_Output\A042\S002C002P009R001A042.npy
S002C002P009R001A043,NTU,A043,falling_down,high_risk,83,25,3,"(83, 25, 3)",C:\Users\VICTUS\Downloads\Research\outputs\NTU_Pose_Output\A043\S002C002P009R001A043.npy
S002C002P009R002A008,NTU,A008,sit_down,low_risk,89,25,3,"(89, 25, 3)",C:\Users\VICTUS\Downloads\Research\outputs\NTU_Pose_Output\A008\S002C002P009R002A008.npy
S002C002P009R002A009,NTU,A009,stand_up,low_risk,81,25,3,"(81, 25, 3)",C:\Users\VICTUS\Downloads\Research\outputs\NTU_Pose_Output\A009\S002C002P009R002A009.npy
S002C002P009R002A042,NTU,A042,staggering,moderate_risk,125,25,3,"(125, 25, 3)",C:\Users\VICTUS\Downloads\Research\outputs\NTU_Pose_Output\A042\S002C002P009R002A042.npy
S002C002P009R002A043,NTU,A043,falling_down,high_risk,88,25,3,"(88, 25, 3)",C:\Users\VICTUS\Downloads\Research\outputs\NTU_Pose_Output\A043\S002C002P009R002A043.npy
S002C002P010R001A008,NTU,A008,sit_down,low_risk,85,25,3,"(85, 25, 3)",C:\Users\VICTUS\Downloads\Research\outputs\NTU_Pose_Output\A008\S002C002P010R001A008.npy
S002C002P010R001A009,NTU,A009,stand_up,low_risk,63,25,3,"(63, 25, 3)",C:\Users\VICTUS\Downloads\Research\outputs\NTU_Pose_Output\A009\S002C002P010R001A009.npy
S002C002P010R001A042,NTU,A042,staggering,moderate_risk,118,25,3,"(118, 25, 3)",C:\Users\VICTUS\Downloads\Research\outputs\NTU_Pose_Output\A042\S002C002P010R001A042.npy
S002C002P010R001A043,NTU,A043,falling_down,high_risk,104,25,3,"(104, 25, 3)",C:\Users\VICTUS\Downloads\Research\outputs\NTU_Pose_Output\A043\S002C002P010R001A043.npy
S002C002P010R002A008,NTU,A008,sit_down,low_risk,63,25,3,"(63, 25, 3)",C:\Users\VICTUS\Downloads\Research\outputs\NTU_Pose_Output\A008\S002C002P010R002A008.npy
S002C002P010R002A009,NTU,A009,stand_up,low_risk,71,25,3,"(71, 25, 3)",C:\Users\VICTUS\Downloads\Research\outputs\NTU_Pose_Output\A009\S002C002P010R002A009.npy
S002C002P010R002A042,NTU,A042,staggering,moderate_risk,91,25,3,"(91, 25, 3)",C:\Users\VICTUS\Downloads\Research\outputs\NTU_Pose_Output\A042\S002C002P010R002A042.npy
S002C002P010R002A043,NTU,A043,falling_down,high_risk,77,25,3,"(77, 25, 3)",C:\Users\VICTUS\Downloads\Research\outputs\NTU_Pose_Output\A043\S002C002P010R002A043.npy
S002C002P011R001A008,NTU,A008,sit_down,low_risk,79,25,3,"(79, 25, 3)",C:\Users\VICTUS\Downloads\Research\outputs\NTU_Pose_Output\A008\S002C002P011R001A008.npy
S002C002P011R001A009,NTU,A009,stand_up,low_risk,87,25,3,"(87, 25, 3)",C:\Users\VICTUS\Downloads\Research\outputs\NTU_Pose_Output\A009\S002C002P011R001A009.npy
S002C002P011R001A042,NTU,A042,staggering,moderate_risk,158,25,3,"(158, 25, 3)",C:\Users\VICTUS\Downloads\Research\outputs\NTU_Pose_Output\A042\S002C002P011R001A042.npy
S002C002P011R001A043,NTU,A043,falling_down,high_risk,80,25,3,"(80, 25, 3)",C:\Users\VICTUS\Downloads\Research\outputs\NTU_Pose_Output\A043\S002C002P011R001A043.npy
S002C002P011R002A008,NTU,A008,sit_down,low_risk,77,25,3,"(77, 25, 3)",C:\Users\VICTUS\Downloads\Research\outputs\NTU_Pose_Output\A008\S002C002P011R002A008.npy
S002C002P011R002A009,NTU,A009,stand_up,low_risk,70,25,3,"(70, 25, 3)",C:\Users\VICTUS\Downloads\Research\outputs\NTU_Pose_Output\A009\S002C002P011R002A009.npy
S002C002P011R002A042,NTU,A042,staggering,moderate_risk,127,25,3,"(127, 25, 3)",C:\Users\VICTUS\Downloads\Research\outputs\NTU_Pose_Output\A042\S002C002P011R002A042.npy
S002C002P011R002A043,NTU,A043,falling_down,high_risk,75,25,3,"(75, 25, 3)",C:\Users\VICTUS\Downloads\Research\outputs\NTU_Pose_Output\A043\S002C002P011R002A043.npy
S002C002P012R001A008,NTU,A008,sit_down,low_risk,69,25,3,"(69, 25, 3)",C:\Users\VICTUS\Downloads\Research\outputs\NTU_Pose_Output\A008\S002C002P012R001A008.npy
S002C002P012R001A009,NTU,A009,stand_up,low_risk,84,25,3,"(84, 25, 3)",C:\Users\VICTUS\Downloads\Research\outputs\NTU_Pose_Output\A009\S002C002P012R001A009.npy
S002C002P012R001A042,NTU,A042,staggering,moderate_risk,93,25,3,"(93, 25, 3)",C:\Users\VICTUS\Downloads\Research\outputs\NTU_Pose_Output\A042\S002C002P012R001A042.npy
S002C002P012R001A043,NTU,A043,falling_down,high_risk,81,25,3,"(81, 25, 3)",C:\Users\VICTUS\Downloads\Research\outputs\NTU_Pose_Output\A043\S002C002P012R001A043.npy
S002C002P012R002A008,NTU,A008,sit_down,low_risk,69,25,3,"(69, 25, 3)",C:\Users\VICTUS\Downloads\Research\outputs\NTU_Pose_Output\A008\S002C002P012R002A008.npy
S002C002P012R002A009,NTU,A009,stand_up,low_risk,63,25,3,"(63, 25, 3)",C:\Users\VICTUS\Downloads\Research\outputs\NTU_Pose_Output\A009\S002C002P012R002A009.npy
S002C002P012R002A042,NTU,A042,staggering,moderate_risk,95,25,3,"(95, 25, 3)",C:\Users\VICTUS\Downloads\Research\outputs\NTU_Pose_Output\A042\S002C002P012R002A042.npy
S002C002P012R002A043,NTU,A043,falling_down,high_risk,56,25,3,"(56, 25, 3)",C:\Users\VICTUS\Downloads\Research\outputs\NTU_Pose_Output\A043\S002C002P012R002A043.npy
S002C002P013R001A008,NTU,A008,sit_down,low_risk,66,25,3,"(66, 25, 3)",C:\Users\VICTUS\Downloads\Research\outputs\NTU_Pose_Output\A008\S002C002P013R001A008.npy
S002C002P013R001A009,NTU,A009,stand_up,low_risk,69,25,3,"(69, 25, 3)",C:\Users\VICTUS\Downloads\Research\outputs\NTU_Pose_Output\A009\S002C002P013R001A009.npy
S002C002P013R001A042,NTU,A042,staggering,moderate_risk,98,25,3,"(98, 25, 3)",C:\Users\VICTUS\Downloads\Research\outputs\NTU_Pose_Output\A042\S002C002P013R001A042.npy
S002C002P013R001A043,NTU,A043,falling_down,high_risk,67,25,3,"(67, 25, 3)",C:\Users\VICTUS\Downloads\Research\outputs\NTU_Pose_Output\A043\S002C002P013R001A043.npy
S002C002P013R002A008,NTU,A008,sit_down,low_risk,79,25,3,"(79, 25, 3)",C:\Users\VICTUS\Downloads\Research\outputs\NTU_Pose_Output\A008\S002C002P013R002A008.npy
S002C002P013R002A009,NTU,A009,stand_up,low_risk,60,25,3,"(60, 25, 3)",C:\Users\VICTUS\Downloads\Research\outputs\NTU_Pose_Output\A009\S002C002P013R002A009.npy
S002C002P013R002A042,NTU,A042,staggering,moderate_risk,88,25,3,"(88, 25, 3)",C:\Users\VICTUS\Downloads\Research\outputs\NTU_Pose_Output\A042\S002C002P013R002A042.npy
S002C002P013R002A043,NTU,A043,falling_down,high_risk,64,25,3,"(64, 25, 3)",C:\Users\VICTUS\Downloads\Research\outputs\NTU_Pose_Output\A043\S002C002P013R002A043.npy
S002C002P014R001A008,NTU,A008,sit_down,low_risk,87,25,3,"(87, 25, 3)",C:\Users\VICTUS\Downloads\Research\outputs\NTU_Pose_Output\A008\S002C002P014R001A008.npy
S002C002P014R001A009,NTU,A009,stand_up,low_risk,70,25,3,"(70, 25, 3)",C:\Users\VICTUS\Downloads\Research\outputs\NTU_Pose_Output\A009\S002C002P014R001A009.npy
S002C002P014R001A042,NTU,A042,staggering,moderate_risk,136,25,3,"(136, 25, 3)",C:\Users\VICTUS\Downloads\Research\outputs\NTU_Pose_Output\A042\S002C002P014R001A042.npy
S002C002P014R001A043,NTU,A043,falling_down,high_risk,74,25,3,"(74, 25, 3)",C:\Users\VICTUS\Downloads\Research\outputs\NTU_Pose_Output\A043\S002C002P014R001A043.npy
S002C002P014R002A008,NTU,A008,sit_down,low_risk,69,25,3,"(69, 25, 3)",C:\Users\VICTUS\Downloads\Research\outputs\NTU_Pose_Output\A008\S002C002P014R002A008.npy
S002C002P014R002A009,NTU,A009,stand_up,low_risk,70,25,3,"(70, 25, 3)",C:\Users\VICTUS\Downloads\Research\outputs\NTU_Pose_Output\A009\S002C002P014R002A009.npy
S002C002P014R002A042,NTU,A042,staggering,moderate_risk,105,25,3,"(105, 25, 3)",C:\Users\VICTUS\Downloads\Research\outputs\NTU_Pose_Output\A042\S002C002P014R002A042.npy
S002C002P014R002A043,NTU,A043,falling_down,high_risk,65,25,3,"(65, 25, 3)",C:\Users\VICTUS\Downloads\Research\outputs\NTU_Pose_Output\A043\S002C002P014R002A043.npy
S002C003P003R001A008,NTU,A008,sit_down,low_risk,90,25,3,"(90, 25, 3)",C:\Users\VICTUS\Downloads\Research\outputs\NTU_Pose_Output\A008\S002C003P003R001A008.npy
S002C003P003R001A009,NTU,A009,stand_up,low_risk,64,25,3,"(64, 25, 3)",C:\Users\VICTUS\Downloads\Research\outputs\NTU_Pose_Output\A009\S002C003P003R001A009.npy
S002C003P003R001A042,NTU,A042,staggering,moderate_risk,121,25,3,"(121, 25, 3)",C:\Users\VICTUS\Downloads\Research\outputs\NTU_Pose_Output\A042\S002C003P003R001A042.npy
S002C003P003R001A043,NTU,A043,falling_down,high_risk,93,25,3,"(93, 25, 3)",C:\Users\VICTUS\Downloads\Research\outputs\NTU_Pose_Output\A043\S002C003P003R001A043.npy
S002C003P003R002A008,NTU,A008,sit_down,low_risk,86,25,3,"(86, 25, 3)",C:\Users\VICTUS\Downloads\Research\outputs\NTU_Pose_Output\A008\S002C003P003R002A008.npy
S002C003P003R002A009,NTU,A009,stand_up,low_risk,74,25,3,"(74, 25, 3)",C:\Users\VICTUS\Downloads\Research\outputs\NTU_Pose_Output\A009\S002C003P003R002A009.npy
S002C003P003R002A042,NTU,A042,staggering,moderate_risk,115,25,3,"(115, 25, 3)",C:\Users\VICTUS\Downloads\Research\outputs\NTU_Pose_Output\A042\S002C003P003R002A042.npy
S002C003P003R002A043,NTU,A043,falling_down,high_risk,90,25,3,"(90, 25, 3)",C:\Users\VICTUS\Downloads\Research\outputs\NTU_Pose_Output\A043\S002C003P003R002A043.npy
S002C003P007R001A008,NTU,A008,sit_down,low_risk,72,25,3,"(72, 25, 3)",C:\Users\VICTUS\Downloads\Research\outputs\NTU_Pose_Output\A008\S002C003P007R001A008.npy
S002C003P007R001A009,NTU,A009,stand_up,low_risk,62,25,3,"(62, 25, 3)",C:\Users\VICTUS\Downloads\Research\outputs\NTU_Pose_Output\A009\S002C003P007R001A009.npy
S002C003P007R001A042,NTU,A042,staggering,moderate_risk,85,25,3,"(85, 25, 3)",C:\Users\VICTUS\Downloads\Research\outputs\NTU_Pose_Output\A042\S002C003P007R001A042.npy
S002C003P007R001A043,NTU,A043,falling_down,high_risk,60,25,3,"(60, 25, 3)",C:\Users\VICTUS\Downloads\Research\outputs\NTU_Pose_Output\A043\S002C003P007R001A043.npy
S002C003P007R002A008,NTU,A008,sit_down,low_risk,90,25,3,"(90, 25, 3)",C:\Users\VICTUS\Downloads\Research\outputs\NTU_Pose_Output\A008\S002C003P007R002A008.npy
S002C003P007R002A009,NTU,A009,stand_up,low_risk,87,25,3,"(87, 25, 3)",C:\Users\VICTUS\Downloads\Research\outputs\NTU_Pose_Output\A009\S002C003P007R002A009.npy
S002C003P007R002A042,NTU,A042,staggering,moderate_risk,75,25,3,"(75, 25, 3)",C:\Users\VICTUS\Downloads\Research\outputs\NTU_Pose_Output\A042\S002C003P007R002A042.npy
S002C003P007R002A043,NTU,A043,falling_down,high_risk,59,25,3,"(59, 25, 3)",C:\Users\VICTUS\Downloads\Research\outputs\NTU_Pose_Output\A043\S002C003P007R002A043.npy
S002C003P008R001A008,NTU,A008,sit_down,low_risk,85,25,3,"(85, 25, 3)",C:\Users\VICTUS\Downloads\Research\outputs\NTU_Pose_Output\A008\S002C003P008R001A008.npy
S002C003P008R001A009,NTU,A009,stand_up,low_risk,57,25,3,"(57, 25, 3)",C:\Users\VICTUS\Downloads\Research\outputs\NTU_Pose_Output\A009\S002C003P008R001A009.npy
S002C003P008R001A042,NTU,A042,staggering,moderate_risk,105,25,3,"(105, 25, 3)",C:\Users\VICTUS\Downloads\Research\outputs\NTU_Pose_Output\A042\S002C003P008R001A042.npy
S002C003P008R001A043,NTU,A043,falling_down,high_risk,65,25,3,"(65, 25, 3)",C:\Users\VICTUS\Downloads\Research\outputs\NTU_Pose_Output\A043\S002C003P008R001A043.npy
S002C003P008R002A008,NTU,A008,sit_down,low_risk,61,25,3,"(61, 25, 3)",C:\Users\VICTUS\Downloads\Research\outputs\NTU_Pose_Output\A008\S002C003P008R002A008.npy
S002C003P008R002A009,NTU,A009,stand_up,low_risk,56,25,3,"(56, 25, 3)",C:\Users\VICTUS\Downloads\Research\outputs\NTU_Pose_Output\A009\S002C003P008R002A009.npy
S002C003P008R002A042,NTU,A042,staggering,moderate_risk,90,25,3,"(90, 25, 3)",C:\Users\VICTUS\Downloads\Research\outputs\NTU_Pose_Output\A042\S002C003P008R002A042.npy
S002C003P008R002A043,NTU,A043,falling_down,high_risk,59,25,3,"(59, 25, 3)",C:\Users\VICTUS\Downloads\Research\outputs\NTU_Pose_Output\A043\S002C003P008R002A043.npy
S002C003P009R001A008,NTU,A008,sit_down,low_risk,98,25,3,"(98, 25, 3)",C:\Users\VICTUS\Downloads\Research\outputs\NTU_Pose_Output\A008\S002C003P009R001A008.npy
S002C003P009R001A009,NTU,A009,stand_up,low_risk,90,25,3,"(90, 25, 3)",C:\Users\VICTUS\Downloads\Research\outputs\NTU_Pose_Output\A009\S002C003P009R001A009.npy
S002C003P009R001A042,NTU,A042,staggering,moderate_risk,123,25,3,"(123, 25, 3)",C:\Users\VICTUS\Downloads\Research\outputs\NTU_Pose_Output\A042\S002C003P009R001A042.npy
S002C003P009R001A043,NTU,A043,falling_down,high_risk,84,25,3,"(84, 25, 3)",C:\Users\VICTUS\Downloads\Research\outputs\NTU_Pose_Output\A043\S002C003P009R001A043.npy
S002C003P009R002A008,NTU,A008,sit_down,low_risk,88,25,3,"(88, 25, 3)",C:\Users\VICTUS\Downloads\Research\outputs\NTU_Pose_Output\A008\S002C003P009R002A008.npy
S002C003P009R002A009,NTU,A009,stand_up,low_risk,81,25,3,"(81, 25, 3)",C:\Users\VICTUS\Downloads\Research\outputs\NTU_Pose_Output\A009\S002C003P009R002A009.npy
S002C003P009R002A042,NTU,A042,staggering,moderate_risk,125,25,3,"(125, 25, 3)",C:\Users\VICTUS\Downloads\Research\outputs\NTU_Pose_Output\A042\S002C003P009R002A042.npy
S002C003P009R002A043,NTU,A043,falling_down,high_risk,89,25,3,"(89, 25, 3)",C:\Users\VICTUS\Downloads\Research\outputs\NTU_Pose_Output\A043\S002C003P009R002A043.npy
S002C003P010R001A008,NTU,A008,sit_down,low_risk,85,25,3,"(85, 25, 3)",C:\Users\VICTUS\Downloads\Research\outputs\NTU_Pose_Output\A008\S002C003P010R001A008.npy
S002C003P010R001A009,NTU,A009,stand_up,low_risk,64,25,3,"(64, 25, 3)",C:\Users\VICTUS\Downloads\Research\outputs\NTU_Pose_Output\A009\S002C003P010R001A009.npy
S002C003P010R001A042,NTU,A042,staggering,moderate_risk,118,25,3,"(118, 25, 3)",C:\Users\VICTUS\Downloads\Research\outputs\NTU_Pose_Output\A042\S002C003P010R001A042.npy
S002C003P010R001A043,NTU,A043,falling_down,high_risk,103,25,3,"(103, 25, 3)",C:\Users\VICTUS\Downloads\Research\outputs\NTU_Pose_Output\A043\S002C003P010R001A043.npy
S002C003P010R002A008,NTU,A008,sit_down,low_risk,62,25,3,"(62, 25, 3)",C:\Users\VICTUS\Downloads\Research\outputs\NTU_Pose_Output\A008\S002C003P010R002A008.npy
S002C003P010R002A009,NTU,A009,stand_up,low_risk,70,25,3,"(70, 25, 3)",C:\Users\VICTUS\Downloads\Research\outputs\NTU_Pose_Output\A009\S002C003P010R002A009.npy
S002C003P010R002A042,NTU,A042,staggering,moderate_risk,90,25,3,"(90, 25, 3)",C:\Users\VICTUS\Downloads\Research\outputs\NTU_Pose_Output\A042\S002C003P010R002A042.npy
S002C003P010R002A043,NTU,A043,falling_down,high_risk,75,25,3,"(75, 25, 3)",C:\Users\VICTUS\Downloads\Research\outputs\NTU_Pose_Output\A043\S002C003P010R002A043.npy
S002C003P011R001A008,NTU,A008,sit_down,low_risk,79,25,3,"(79, 25, 3)",C:\Users\VICTUS\Downloads\Research\outputs\NTU_Pose_Output\A008\S002C003P011R001A008.npy
S002C003P011R001A009,NTU,A009,stand_up,low_risk,86,25,3,"(86, 25, 3)",C:\Users\VICTUS\Downloads\Research\outputs\NTU_Pose_Output\A009\S002C003P011R001A009.npy
S002C003P011R001A042,NTU,A042,staggering,moderate_risk,158,25,3,"(158, 25, 3)",C:\Users\VICTUS\Downloads\Research\outputs\NTU_Pose_Output\A042\S002C003P011R001A042.npy
S002C003P011R001A043,NTU,A043,falling_down,high_risk,80,25,3,"(80, 25, 3)",C:\Users\VICTUS\Downloads\Research\outputs\NTU_Pose_Output\A043\S002C003P011R001A043.npy
S002C003P011R002A008,NTU,A008,sit_down,low_risk,77,25,3,"(77, 25, 3)",C:\Users\VICTUS\Downloads\Research\outputs\NTU_Pose_Output\A008\S002C003P011R002A008.npy
S002C003P011R002A009,NTU,A009,stand_up,low_risk,71,25,3,"(71, 25, 3)",C:\Users\VICTUS\Downloads\Research\outputs\NTU_Pose_Output\A009\S002C003P011R002A009.npy
S002C003P011R002A042,NTU,A042,staggering,moderate_risk,127,25,3,"(127, 25, 3)",C:\Users\VICTUS\Downloads\Research\outputs\NTU_Pose_Output\A042\S002C003P011R002A042.npy
S002C003P011R002A043,NTU,A043,falling_down,high_risk,75,25,3,"(75, 25, 3)",C:\Users\VICTUS\Downloads\Research\outputs\NTU_Pose_Output\A043\S002C003P011R002A043.npy
S002C003P012R001A008,NTU,A008,sit_down,low_risk,69,25,3,"(69, 25, 3)",C:\Users\VICTUS\Downloads\Research\outputs\NTU_Pose_Output\A008\S002C003P012R001A008.npy
S002C003P012R001A009,NTU,A009,stand_up,low_risk,85,25,3,"(85, 25, 3)",C:\Users\VICTUS\Downloads\Research\outputs\NTU_Pose_Output\A009\S002C003P012R001A009.npy
S002C003P012R001A042,NTU,A042,staggering,moderate_risk,92,25,3,"(92, 25, 3)",C:\Users\VICTUS\Downloads\Research\outputs\NTU_Pose_Output\A042\S002C003P012R001A042.npy
S002C003P012R001A043,NTU,A043,falling_down,high_risk,80,25,3,"(80, 25, 3)",C:\Users\VICTUS\Downloads\Research\outputs\NTU_Pose_Output\A043\S002C003P012R001A043.npy
S002C003P012R002A008,NTU,A008,sit_down,low_risk,69,25,3,"(69, 25, 3)",C:\Users\VICTUS\Downloads\Research\outputs\NTU_Pose_Output\A008\S002C003P012R002A008.npy
S002C003P012R002A009,NTU,A009,stand_up,low_risk,63,25,3,"(63, 25, 3)",C:\Users\VICTUS\Downloads\Research\outputs\NTU_Pose_Output\A009\S002C003P012R002A009.npy
S002C003P012R002A042,NTU,A042,staggering,moderate_risk,95,25,3,"(95, 25, 3)",C:\Users\VICTUS\Downloads\Research\outputs\NTU_Pose_Output\A042\S002C003P012R002A042.npy
S002C003P012R002A043,NTU,A043,falling_down,high_risk,57,25,3,"(57, 25, 3)",C:\Users\VICTUS\Downloads\Research\outputs\NTU_Pose_Output\A043\S002C003P012R002A043.npy
S002C003P013R001A008,NTU,A008,sit_down,low_risk,65,25,3,"(65, 25, 3)",C:\Users\VICTUS\Downloads\Research\outputs\NTU_Pose_Output\A008\S002C003P013R001A008.npy
S002C003P013R001A009,NTU,A009,stand_up,low_risk,69,25,3,"(69, 25, 3)",C:\Users\VICTUS\Downloads\Research\outputs\NTU_Pose_Output\A009\S002C003P013R001A009.npy
S002C003P013R001A042,NTU,A042,staggering,moderate_risk,98,25,3,"(98, 25, 3)",C:\Users\VICTUS\Downloads\Research\outputs\NTU_Pose_Output\A042\S002C003P013R001A042.npy
S002C003P013R001A043,NTU,A043,falling_down,high_risk,66,25,3,"(66, 25, 3)",C:\Users\VICTUS\Downloads\Research\outputs\NTU_Pose_Output\A043\S002C003P013R001A043.npy
S002C003P013R002A008,NTU,A008,sit_down,low_risk,80,25,3,"(80, 25, 3)",C:\Users\VICTUS\Downloads\Research\outputs\NTU_Pose_Output\A008\S002C003P013R002A008.npy
S002C003P013R002A009,NTU,A009,stand_up,low_risk,59,25,3,"(59, 25, 3)",C:\Users\VICTUS\Downloads\Research\outputs\NTU_Pose_Output\A009\S002C003P013R002A009.npy
S002C003P013R002A042,NTU,A042,staggering,moderate_risk,87,25,3,"(87, 25, 3)",C:\Users\VICTUS\Downloads\Research\outputs\NTU_Pose_Output\A042\S002C003P013R002A042.npy
S002C003P013R002A043,NTU,A043,falling_down,high_risk,63,25,3,"(63, 25, 3)",C:\Users\VICTUS\Downloads\Research\outputs\NTU_Pose_Output\A043\S002C003P013R002A043.npy
S002C003P014R001A008,NTU,A008,sit_down,low_risk,89,25,3,"(89, 25, 3)",C:\Users\VICTUS\Downloads\Research\outputs\NTU_Pose_Output\A008\S002C003P014R001A008.npy
S002C003P014R001A009,NTU,A009,stand_up,low_risk,70,25,3,"(70, 25, 3)",C:\Users\VICTUS\Downloads\Research\outputs\NTU_Pose_Output\A009\S002C003P014R001A009.npy
S002C003P014R001A042,NTU,A042,staggering,moderate_risk,135,25,3,"(135, 25, 3)",C:\Users\VICTUS\Downloads\Research\outputs\NTU_Pose_Output\A042\S002C003P014R001A042.npy
S002C003P014R001A043,NTU,A043,falling_down,high_risk,74,25,3,"(74, 25, 3)",C:\Users\VICTUS\Downloads\Research\outputs\NTU_Pose_Output\A043\S002C003P014R001A043.npy
S002C003P014R002A008,NTU,A008,sit_down,low_risk,69,25,3,"(69, 25, 3)",C:\Users\VICTUS\Downloads\Research\outputs\NTU_Pose_Output\A008\S002C003P014R002A008.npy
S002C003P014R002A009,NTU,A009,stand_up,low_risk,70,25,3,"(70, 25, 3)",C:\Users\VICTUS\Downloads\Research\outputs\NTU_Pose_Output\A009\S002C003P014R002A009.npy
S002C003P014R002A042,NTU,A042,staggering,moderate_risk,107,25,3,"(107, 25, 3)",C:\Users\VICTUS\Downloads\Research\outputs\NTU_Pose_Output\A042\S002C003P014R002A042.npy
S002C003P014R002A043,NTU,A043,falling_down,high_risk,65,25,3,"(65, 25, 3)",C:\Users\VICTUS\Downloads\Research\outputs\NTU_Pose_Output\A043\S002C003P014R002A043.npy
S003C001P001R001A008,NTU,A008,sit_down,low_risk,76,25,3,"(76, 25, 3)",C:\Users\VICTUS\Downloads\Research\outputs\NTU_Pose_Output\A008\S003C001P001R001A008.npy
S003C001P001R001A009,NTU,A009,stand_up,low_risk,67,25,3,"(67, 25, 3)",C:\Users\VICTUS\Downloads\Research\outputs\NTU_Pose_Output\A009\S003C001P001R001A009.npy
S003C001P001R001A042,NTU,A042,staggering,moderate_risk,102,25,3,"(102, 25, 3)",C:\Users\VICTUS\Downloads\Research\outputs\NTU_Pose_Output\A042\S003C001P001R001A042.npy
S003C001P001R001A043,NTU,A043,falling_down,high_risk,65,25,3,"(65, 25, 3)",C:\Users\VICTUS\Downloads\Research\outputs\NTU_Pose_Output\A043\S003C001P001R001A043.npy
S003C001P001R002A008,NTU,A008,sit_down,low_risk,73,25,3,"(73, 25, 3)",C:\Users\VICTUS\Downloads\Research\outputs\NTU_Pose_Output\A008\S003C001P001R002A008.npy
S003C001P001R002A009,NTU,A009,stand_up,low_risk,64,25,3,"(64, 25, 3)",C:\Users\VICTUS\Downloads\Research\outputs\NTU_Pose_Output\A009\S003C001P001R002A009.npy
S003C001P001R002A042,NTU,A042,staggering,moderate_risk,91,25,3,"(91, 25, 3)",C:\Users\VICTUS\Downloads\Research\outputs\NTU_Pose_Output\A042\S003C001P001R002A042.npy
S003C001P001R002A043,NTU,A043,falling_down,high_risk,61,25,3,"(61, 25, 3)",C:\Users\VICTUS\Downloads\Research\outputs\NTU_Pose_Output\A043\S003C001P001R002A043.npy
S003C001P002R001A008,NTU,A008,sit_down,low_risk,64,25,3,"(64, 25, 3)",C:\Users\VICTUS\Downloads\Research\outputs\NTU_Pose_Output\A008\S003C001P002R001A008.npy
S003C001P002R001A009,NTU,A009,stand_up,low_risk,50,25,3,"(50, 25, 3)",C:\Users\VICTUS\Downloads\Research\outputs\NTU_Pose_Output\A009\S003C001P002R001A009.npy
S003C001P002R001A042,NTU,A042,staggering,moderate_risk,81,25,3,"(81, 25, 3)",C:\Users\VICTUS\Downloads\Research\outputs\NTU_Pose_Output\A042\S003C001P002R001A042.npy
S003C001P002R001A043,NTU,A043,falling_down,high_risk,64,25,3,"(64, 25, 3)",C:\Users\VICTUS\Downloads\Research\outputs\NTU_Pose_Output\A043\S003C001P002R001A043.npy
S003C001P002R002A008,NTU,A008,sit_down,low_risk,61,25,3,"(61, 25, 3)",C:\Users\VICTUS\Downloads\Research\outputs\NTU_Pose_Output\A008\S003C001P002R002A008.npy
S003C001P002R002A009,NTU,A009,stand_up,low_risk,62,25,3,"(62, 25, 3)",C:\Users\VICTUS\Downloads\Research\outputs\NTU_Pose_Output\A009\S003C001P002R002A009.npy
S003C001P002R002A042,NTU,A042,staggering,moderate_risk,89,25,3,"(89, 25, 3)",C:\Users\VICTUS\Downloads\Research\outputs\NTU_Pose_Output\A042\S003C001P002R002A042.npy
S003C001P002R002A043,NTU,A043,falling_down,high_risk,65,25,3,"(65, 25, 3)",C:\Users\VICTUS\Downloads\Research\outputs\NTU_Pose_Output\A043\S003C001P002R002A043.npy
S003C001P007R001A008,NTU,A008,sit_down,low_risk,61,25,3,"(61, 25, 3)",C:\Users\VICTUS\Downloads\Research\outputs\NTU_Pose_Output\A008\S003C001P007R001A008.npy
S003C001P007R001A009,NTU,A009,stand_up,low_risk,76,25,3,"(76, 25, 3)",C:\Users\VICTUS\Downloads\Research\outputs\NTU_Pose_Output\A009\S003C001P007R001A009.npy
S003C001P007R001A042,NTU,A042,staggering,moderate_risk,78,25,3,"(78, 25, 3)",C:\Users\VICTUS\Downloads\Research\outputs\NTU_Pose_Output\A042\S003C001P007R001A042.npy
S003C001P007R001A043,NTU,A043,falling_down,high_risk,62,25,3,"(62, 25, 3)",C:\Users\VICTUS\Downloads\Research\outputs\NTU_Pose_Output\A043\S003C001P007R001A043.npy
S003C001P007R002A008,NTU,A008,sit_down,low_risk,92,25,3,"(92, 25, 3)",C:\Users\VICTUS\Downloads\Research\outputs\NTU_Pose_Output\A008\S003C001P007R002A008.npy
S003C001P007R002A009,NTU,A009,stand_up,low_risk,74,25,3,"(74, 25, 3)",C:\Users\VICTUS\Downloads\Research\outputs\NTU_Pose_Output\A009\S003C001P007R002A009.npy
S003C001P007R002A042,NTU,A042,staggering,moderate_risk,117,25,3,"(117, 25, 3)",C:\Users\VICTUS\Downloads\Research\outputs\NTU_Pose_Output\A042\S003C001P007R002A042.npy
S003C001P007R002A043,NTU,A043,falling_down,high_risk,57,25,3,"(57, 25, 3)",C:\Users\VICTUS\Downloads\Research\outputs\NTU_Pose_Output\A043\S003C001P007R002A043.npy
S003C001P008R001A008,NTU,A008,sit_down,low_risk,68,25,3,"(68, 25, 3)",C:\Users\VICTUS\Downloads\Research\outputs\NTU_Pose_Output\A008\S003C001P008R001A008.npy
S003C001P008R001A009,NTU,A009,stand_up,low_risk,63,25,3,"(63, 25, 3)",C:\Users\VICTUS\Downloads\Research\outputs\NTU_Pose_Output\A009\S003C001P008R001A009.npy
S003C001P008R001A042,NTU,A042,staggering,moderate_risk,78,25,3,"(78, 25, 3)",C:\Users\VICTUS\Downloads\Research\outputs\NTU_Pose_Output\A042\S003C001P008R001A042.npy
S003C001P008R001A043,NTU,A043,falling_down,high_risk,68,25,3,"(68, 25, 3)",C:\Users\VICTUS\Downloads\Research\outputs\NTU_Pose_Output\A043\S003C001P008R001A043.npy
S003C001P008R002A008,NTU,A008,sit_down,low_risk,74,25,3,"(74, 25, 3)",C:\Users\VICTUS\Downloads\Research\outputs\NTU_Pose_Output\A008\S003C001P008R002A008.npy
S003C001P008R002A009,NTU,A009,stand_up,low_risk,59,25,3,"(59, 25, 3)",C:\Users\VICTUS\Downloads\Research\outputs\NTU_Pose_Output\A009\S003C001P008R002A009.npy
S003C001P008R002A042,NTU,A042,staggering,moderate_risk,112,25,3,"(112, 25, 3)",C:\Users\VICTUS\Downloads\Research\outputs\NTU_Pose_Output\A042\S003C001P008R002A042.npy
S003C001P008R002A043,NTU,A043,falling_down,high_risk,70,25,3,"(70, 25, 3)",C:\Users\VICTUS\Downloads\Research\outputs\NTU_Pose_Output\A043\S003C001P008R002A043.npy
S003C001P015R001A008,NTU,A008,sit_down,low_risk,87,25,3,"(87, 25, 3)",C:\Users\VICTUS\Downloads\Research\outputs\NTU_Pose_Output\A008\S003C001P015R001A008.npy
S003C001P015R001A009,NTU,A009,stand_up,low_risk,62,25,3,"(62, 25, 3)",C:\Users\VICTUS\Downloads\Research\outputs\NTU_Pose_Output\A009\S003C001P015R001A009.npy
S003C001P015R001A042,NTU,A042,staggering,moderate_risk,88,25,3,"(88, 25, 3)",C:\Users\VICTUS\Downloads\Research\outputs\NTU_Pose_Output\A042\S003C001P015R001A042.npy
S003C001P015R001A043,NTU,A043,falling_down,high_risk,60,25,3,"(60, 25, 3)",C:\Users\VICTUS\Downloads\Research\outputs\NTU_Pose_Output\A043\S003C001P015R001A043.npy
S003C001P015R002A008,NTU,A008,sit_down,low_risk,69,25,3,"(69, 25, 3)",C:\Users\VICTUS\Downloads\Research\outputs\NTU_Pose_Output\A008\S003C001P015R002A008.npy
S003C001P015R002A009,NTU,A009,stand_up,low_risk,71,25,3,"(71, 25, 3)",C:\Users\VICTUS\Downloads\Research\outputs\NTU_Pose_Output\A009\S003C001P015R002A009.npy
S003C001P015R002A042,NTU,A042,staggering,moderate_risk,83,25,3,"(83, 25, 3)",C:\Users\VICTUS\Downloads\Research\outputs\NTU_Pose_Output\A042\S003C001P015R002A042.npy
S003C001P015R002A043,NTU,A043,falling_down,high_risk,59,25,3,"(59, 25, 3)",C:\Users\VICTUS\Downloads\Research\outputs\NTU_Pose_Output\A043\S003C001P015R002A043.npy
S003C001P016R001A008,NTU,A008,sit_down,low_risk,70,25,3,"(70, 25, 3)",C:\Users\VICTUS\Downloads\Research\outputs\NTU_Pose_Output\A008\S003C001P016R001A008.npy
S003C001P016R001A009,NTU,A009,stand_up,low_risk,71,25,3,"(71, 25, 3)",C:\Users\VICTUS\Downloads\Research\outputs\NTU_Pose_Output\A009\S003C001P016R001A009.npy
S003C001P016R001A042,NTU,A042,staggering,moderate_risk,74,25,3,"(74, 25, 3)",C:\Users\VICTUS\Downloads\Research\outputs\NTU_Pose_Output\A042\S003C001P016R001A042.npy
S003C001P016R001A043,NTU,A043,falling_down,high_risk,67,25,3,"(67, 25, 3)",C:\Users\VICTUS\Downloads\Research\outputs\NTU_Pose_Output\A043\S003C001P016R001A043.npy
S003C001P016R002A008,NTU,A008,sit_down,low_risk,118,25,3,"(118, 25, 3)",C:\Users\VICTUS\Downloads\Research\outputs\NTU_Pose_Output\A008\S003C001P016R002A008.npy
S003C001P016R002A009,NTU,A009,stand_up,low_risk,61,25,3,"(61, 25, 3)",C:\Users\VICTUS\Downloads\Research\outputs\NTU_Pose_Output\A009\S003C001P016R002A009.npy
S003C001P016R002A042,NTU,A042,staggering,moderate_risk,83,25,3,"(83, 25, 3)",C:\Users\VICTUS\Downloads\Research\outputs\NTU_Pose_Output\A042\S003C001P016R002A042.npy
S003C001P016R002A043,NTU,A043,falling_down,high_risk,69,25,3,"(69, 25, 3)",C:\Users\VICTUS\Downloads\Research\outputs\NTU_Pose_Output\A043\S003C001P016R002A043.npy
S003C001P017R001A008,NTU,A008,sit_down,low_risk,101,25,3,"(101, 25, 3)",C:\Users\VICTUS\Downloads\Research\outputs\NTU_Pose_Output\A008\S003C001P017R001A008.npy
S003C001P017R001A009,NTU,A009,stand_up,low_risk,58,25,3,"(58, 25, 3)",C:\Users\VICTUS\Downloads\Research\outputs\NTU_Pose_Output\A009\S003C001P017R001A009.npy
S003C001P017R001A042,NTU,A042,staggering,moderate_risk,108,25,3,"(108, 25, 3)",C:\Users\VICTUS\Downloads\Research\outputs\NTU_Pose_Output\A042\S003C001P017R001A042.npy
S003C001P017R001A043,NTU,A043,falling_down,high_risk,55,25,3,"(55, 25, 3)",C:\Users\VICTUS\Downloads\Research\outputs\NTU_Pose_Output\A043\S003C001P017R001A043.npy
S003C001P017R002A008,NTU,A008,sit_down,low_risk,77,25,3,"(77, 25, 3)",C:\Users\VICTUS\Downloads\Research\outputs\NTU_Pose_Output\A008\S003C001P017R002A008.npy
S003C001P017R002A009,NTU,A009,stand_up,low_risk,67,25,3,"(67, 25, 3)",C:\Users\VICTUS\Downloads\Research\outputs\NTU_Pose_Output\A009\S003C001P017R002A009.npy
S003C001P017R002A042,NTU,A042,staggering,moderate_risk,101,25,3,"(101, 25, 3)",C:\Users\VICTUS\Downloads\Research\outputs\NTU_Pose_Output\A042\S003C001P017R002A042.npy
S003C001P017R002A043,NTU,A043,falling_down,high_risk,61,25,3,"(61, 25, 3)",C:\Users\VICTUS\Downloads\Research\outputs\NTU_Pose_Output\A043\S003C001P017R002A043.npy
S003C001P018R001A008,NTU,A008,sit_down,low_risk,97,25,3,"(97, 25, 3)",C:\Users\VICTUS\Downloads\Research\outputs\NTU_Pose_Output\A008\S003C001P018R001A008.npy
S003C001P018R001A009,NTU,A009,stand_up,low_risk,65,25,3,"(65, 25, 3)",C:\Users\VICTUS\Downloads\Research\outputs\NTU_Pose_Output\A009\S003C001P018R001A009.npy
S003C001P018R001A042,NTU,A042,staggering,moderate_risk,122,25,3,"(122, 25, 3)",C:\Users\VICTUS\Downloads\Research\outputs\NTU_Pose_Output\A042\S003C001P018R001A042.npy
S003C001P018R001A043,NTU,A043,falling_down,high_risk,69,25,3,"(69, 25, 3)",C:\Users\VICTUS\Downloads\Research\outputs\NTU_Pose_Output\A043\S003C001P018R001A043.npy
S003C001P018R002A008,NTU,A008,sit_down,low_risk,66,25,3,"(66, 25, 3)",C:\Users\VICTUS\Downloads\Research\outputs\NTU_Pose_Output\A008\S003C001P018R002A008.npy
S003C001P018R002A009,NTU,A009,stand_up,low_risk,62,25,3,"(62, 25, 3)",C:\Users\VICTUS\Downloads\Research\outputs\NTU_Pose_Output\A009\S003C001P018R002A009.npy
S003C001P018R002A042,NTU,A042,staggering,moderate_risk,79,25,3,"(79, 25, 3)",C:\Users\VICTUS\Downloads\Research\outputs\NTU_Pose_Output\A042\S003C001P018R002A042.npy
S003C001P018R002A043,NTU,A043,falling_down,high_risk,70,25,3,"(70, 25, 3)",C:\Users\VICTUS\Downloads\Research\outputs\NTU_Pose_Output\A043\S003C001P018R002A043.npy
S003C001P019R001A008,NTU,A008,sit_down,low_risk,99,25,3,"(99, 25, 3)",C:\Users\VICTUS\Downloads\Research\outputs\NTU_Pose_Output\A008\S003C001P019R001A008.npy
S003C001P019R001A009,NTU,A009,stand_up,low_risk,77,25,3,"(77, 25, 3)",C:\Users\VICTUS\Downloads\Research\outputs\NTU_Pose_Output\A009\S003C001P019R001A009.npy
S003C001P019R001A042,NTU,A042,staggering,moderate_risk,82,25,3,"(82, 25, 3)",C:\Users\VICTUS\Downloads\Research\outputs\NTU_Pose_Output\A042\S003C001P019R001A042.npy
S003C001P019R001A043,NTU,A043,falling_down,high_risk,66,25,3,"(66, 25, 3)",C:\Users\VICTUS\Downloads\Research\outputs\NTU_Pose_Output\A043\S003C001P019R001A043.npy
S003C001P019R002A008,NTU,A008,sit_down,low_risk,81,25,3,"(81, 25, 3)",C:\Users\VICTUS\Downloads\Research\outputs\NTU_Pose_Output\A008\S003C001P019R002A008.npy
S003C001P019R002A009,NTU,A009,stand_up,low_risk,66,25,3,"(66, 25, 3)",C:\Users\VICTUS\Downloads\Research\outputs\NTU_Pose_Output\A009\S003C001P019R002A009.npy
S003C001P019R002A042,NTU,A042,staggering,moderate_risk,94,25,3,"(94, 25, 3)",C:\Users\VICTUS\Downloads\Research\outputs\NTU_Pose_Output\A042\S003C001P019R002A042.npy
S003C001P019R002A043,NTU,A043,falling_down,high_risk,72,25,3,"(72, 25, 3)",C:\Users\VICTUS\Downloads\Research\outputs\NTU_Pose_Output\A043\S003C001P019R002A043.npy
S003C002P001R001A008,NTU,A008,sit_down,low_risk,76,25,3,"(76, 25, 3)",C:\Users\VICTUS\Downloads\Research\outputs\NTU_Pose_Output\A008\S003C002P001R001A008.npy
S003C002P001R001A009,NTU,A009,stand_up,low_risk,67,25,3,"(67, 25, 3)",C:\Users\VICTUS\Downloads\Research\outputs\NTU_Pose_Output\A009\S003C002P001R001A009.npy
S003C002P001R001A042,NTU,A042,staggering,moderate_risk,104,25,3,"(104, 25, 3)",C:\Users\VICTUS\Downloads\Research\outputs\NTU_Pose_Output\A042\S003C002P001R001A042.npy
S003C002P001R001A043,NTU,A043,falling_down,high_risk,66,25,3,"(66, 25, 3)",C:\Users\VICTUS\Downloads\Research\outputs\NTU_Pose_Output\A043\S003C002P001R001A043.npy
S003C002P001R002A008,NTU,A008,sit_down,low_risk,72,25,3,"(72, 25, 3)",C:\Users\VICTUS\Downloads\Research\outputs\NTU_Pose_Output\A008\S003C002P001R002A008.npy
S003C002P001R002A009,NTU,A009,stand_up,low_risk,65,25,3,"(65, 25, 3)",C:\Users\VICTUS\Downloads\Research\outputs\NTU_Pose_Output\A009\S003C002P001R002A009.npy
S003C002P001R002A042,NTU,A042,staggering,moderate_risk,91,25,3,"(91, 25, 3)",C:\Users\VICTUS\Downloads\Research\outputs\NTU_Pose_Output\A042\S003C002P001R002A042.npy
S003C002P001R002A043,NTU,A043,falling_down,high_risk,61,25,3,"(61, 25, 3)",C:\Users\VICTUS\Downloads\Research\outputs\NTU_Pose_Output\A043\S003C002P001R002A043.npy
S003C002P002R001A008,NTU,A008,sit_down,low_risk,66,25,3,"(66, 25, 3)",C:\Users\VICTUS\Downloads\Research\outputs\NTU_Pose_Output\A008\S003C002P002R001A008.npy
S003C002P002R001A009,NTU,A009,stand_up,low_risk,50,25,3,"(50, 25, 3)",C:\Users\VICTUS\Downloads\Research\outputs\NTU_Pose_Output\A009\S003C002P002R001A009.npy
S003C002P002R001A042,NTU,A042,staggering,moderate_risk,81,25,3,"(81, 25, 3)",C:\Users\VICTUS\Downloads\Research\outputs\NTU_Pose_Output\A042\S003C002P002R001A042.npy
S003C002P002R001A043,NTU,A043,falling_down,high_risk,65,25,3,"(65, 25, 3)",C:\Users\VICTUS\Downloads\Research\outputs\NTU_Pose_Output\A043\S003C002P002R001A043.npy
S003C002P002R002A008,NTU,A008,sit_down,low_risk,61,25,3,"(61, 25, 3)",C:\Users\VICTUS\Downloads\Research\outputs\NTU_Pose_Output\A008\S003C002P002R002A008.npy
S003C002P002R002A009,NTU,A009,stand_up,low_risk,62,25,3,"(62, 25, 3)",C:\Users\VICTUS\Downloads\Research\outputs\NTU_Pose_Output\A009\S003C002P002R002A009.npy
S003C002P002R002A042,NTU,A042,staggering,moderate_risk,92,25,3,"(92, 25, 3)",C:\Users\VICTUS\Downloads\Research\outputs\NTU_Pose_Output\A042\S003C002P002R002A042.npy
S003C002P002R002A043,NTU,A043,falling_down,high_risk,66,25,3,"(66, 25, 3)",C:\Users\VICTUS\Downloads\Research\outputs\NTU_Pose_Output\A043\S003C002P002R002A043.npy
S003C002P007R001A008,NTU,A008,sit_down,low_risk,62,25,3,"(62, 25, 3)",C:\Users\VICTUS\Downloads\Research\outputs\NTU_Pose_Output\A008\S003C002P007R001A008.npy
S003C002P007R001A009,NTU,A009,stand_up,low_risk,77,25,3,"(77, 25, 3)",C:\Users\VICTUS\Downloads\Research\outputs\NTU_Pose_Output\A009\S003C002P007R001A009.npy
S003C002P007R001A042,NTU,A042,staggering,moderate_risk,78,25,3,"(78, 25, 3)",C:\Users\VICTUS\Downloads\Research\outputs\NTU_Pose_Output\A042\S003C002P007R001A042.npy
S003C002P007R001A043,NTU,A043,falling_down,high_risk,63,25,3,"(63, 25, 3)",C:\Users\VICTUS\Downloads\Research\outputs\NTU_Pose_Output\A043\S003C002P007R001A043.npy
S003C002P007R002A008,NTU,A008,sit_down,low_risk,91,25,3,"(91, 25, 3)",C:\Users\VICTUS\Downloads\Research\outputs\NTU_Pose_Output\A008\S003C002P007R002A008.npy
S003C002P007R002A009,NTU,A009,stand_up,low_risk,75,25,3,"(75, 25, 3)",C:\Users\VICTUS\Downloads\Research\outputs\NTU_Pose_Output\A009\S003C002P007R002A009.npy
S003C002P007R002A042,NTU,A042,staggering,moderate_risk,117,25,3,"(117, 25, 3)",C:\Users\VICTUS\Downloads\Research\outputs\NTU_Pose_Output\A042\S003C002P007R002A042.npy
S003C002P007R002A043,NTU,A043,falling_down,high_risk,57,25,3,"(57, 25, 3)",C:\Users\VICTUS\Downloads\Research\outputs\NTU_Pose_Output\A043\S003C002P007R002A043.npy
S003C002P008R001A008,NTU,A008,sit_down,low_risk,67,25,3,"(67, 25, 3)",C:\Users\VICTUS\Downloads\Research\outputs\NTU_Pose_Output\A008\S003C002P008R001A008.npy
S003C002P008R001A009,NTU,A009,stand_up,low_risk,63,25,3,"(63, 25, 3)",C:\Users\VICTUS\Downloads\Research\outputs\NTU_Pose_Output\A009\S003C002P008R001A009.npy
S003C002P008R001A042,NTU,A042,staggering,moderate_risk,78,25,3,"(78, 25, 3)",C:\Users\VICTUS\Downloads\Research\outputs\NTU_Pose_Output\A042\S003C002P008R001A042.npy
S003C002P008R001A043,NTU,A043,falling_down,high_risk,68,25,3,"(68, 25, 3)",C:\Users\VICTUS\Downloads\Research\outputs\NTU_Pose_Output\A043\S003C002P008R001A043.npy
S003C002P008R002A008,NTU,A008,sit_down,low_risk,74,25,3,"(74, 25, 3)",C:\Users\VICTUS\Downloads\Research\outputs\NTU_Pose_Output\A008\S003C002P008R002A008.npy
S003C002P008R002A009,NTU,A009,stand_up,low_risk,59,25,3,"(59, 25, 3)",C:\Users\VICTUS\Downloads\Research\outputs\NTU_Pose_Output\A009\S003C002P008R002A009.npy
S003C002P008R002A042,NTU,A042,staggering,moderate_risk,112,25,3,"(112, 25, 3)",C:\Users\VICTUS\Downloads\Research\outputs\NTU_Pose_Output\A042\S003C002P008R002A042.npy
S003C002P008R002A043,NTU,A043,falling_down,high_risk,70,25,3,"(70, 25, 3)",C:\Users\VICTUS\Downloads\Research\outputs\NTU_Pose_Output\A043\S003C002P008R002A043.npy
S003C002P015R001A008,NTU,A008,sit_down,low_risk,88,25,3,"(88, 25, 3)",C:\Users\VICTUS\Downloads\Research\outputs\NTU_Pose_Output\A008\S003C002P015R001A008.npy
S003C002P015R001A009,NTU,A009,stand_up,low_risk,61,25,3,"(61, 25, 3)",C:\Users\VICTUS\Downloads\Research\outputs\NTU_Pose_Output\A009\S003C002P015R001A009.npy
S003C002P015R001A042,NTU,A042,staggering,moderate_risk,89,25,3,"(89, 25, 3)",C:\Users\VICTUS\Downloads\Research\outputs\NTU_Pose_Output\A042\S003C002P015R001A042.npy
S003C002P015R001A043,NTU,A043,falling_down,high_risk,60,25,3,"(60, 25, 3)",C:\Users\VICTUS\Downloads\Research\outputs\NTU_Pose_Output\A043\S003C002P015R001A043.npy
S003C002P015R002A008,NTU,A008,sit_down,low_risk,68,25,3,"(68, 25, 3)",C:\Users\VICTUS\Downloads\Research\outputs\NTU_Pose_Output\A008\S003C002P015R002A008.npy
S003C002P015R002A009,NTU,A009,stand_up,low_risk,71,25,3,"(71, 25, 3)",C:\Users\VICTUS\Downloads\Research\outputs\NTU_Pose_Output\A009\S003C002P015R002A009.npy
S003C002P015R002A042,NTU,A042,staggering,moderate_risk,84,25,3,"(84, 25, 3)",C:\Users\VICTUS\Downloads\Research\outputs\NTU_Pose_Output\A042\S003C002P015R002A042.npy
S003C002P015R002A043,NTU,A043,falling_down,high_risk,60,25,3,"(60, 25, 3)",C:\Users\VICTUS\Downloads\Research\outputs\NTU_Pose_Output\A043\S003C002P015R002A043.npy
S003C002P016R001A008,NTU,A008,sit_down,low_risk,69,25,3,"(69, 25, 3)",C:\Users\VICTUS\Downloads\Research\outputs\NTU_Pose_Output\A008\S003C002P016R001A008.npy
S003C002P016R001A009,NTU,A009,stand_up,low_risk,70,25,3,"(70, 25, 3)",C:\Users\VICTUS\Downloads\Research\outputs\NTU_Pose_Output\A009\S003C002P016R001A009.npy
S003C002P016R001A042,NTU,A042,staggering,moderate_risk,75,25,3,"(75, 25, 3)",C:\Users\VICTUS\Downloads\Research\outputs\NTU_Pose_Output\A042\S003C002P016R001A042.npy
S003C002P016R001A043,NTU,A043,falling_down,high_risk,67,25,3,"(67, 25, 3)",C:\Users\VICTUS\Downloads\Research\outputs\NTU_Pose_Output\A043\S003C002P016R001A043.npy
S003C002P016R002A008,NTU,A008,sit_down,low_risk,118,25,3,"(118, 25, 3)",C:\Users\VICTUS\Downloads\Research\outputs\NTU_Pose_Output\A008\S003C002P016R002A008.npy
S003C002P016R002A009,NTU,A009,stand_up,low_risk,61,25,3,"(61, 25, 3)",C:\Users\VICTUS\Downloads\Research\outputs\NTU_Pose_Output\A009\S003C002P016R002A009.npy
S003C002P016R002A042,NTU,A042,staggering,moderate_risk,85,25,3,"(85, 25, 3)",C:\Users\VICTUS\Downloads\Research\outputs\NTU_Pose_Output\A042\S003C002P016R002A042.npy
S003C002P016R002A043,NTU,A043,falling_down,high_risk,71,25,3,"(71, 25, 3)",C:\Users\VICTUS\Downloads\Research\outputs\NTU_Pose_Output\A043\S003C002P016R002A043.npy
S003C002P017R001A008,NTU,A008,sit_down,low_risk,101,25,3,"(101, 25, 3)",C:\Users\VICTUS\Downloads\Research\outputs\NTU_Pose_Output\A008\S003C002P017R001A008.npy
S003C002P017R001A009,NTU,A009,stand_up,low_risk,58,25,3,"(58, 25, 3)",C:\Users\VICTUS\Downloads\Research\outputs\NTU_Pose_Output\A009\S003C002P017R001A009.npy
S003C002P017R001A042,NTU,A042,staggering,moderate_risk,108,25,3,"(108, 25, 3)",C:\Users\VICTUS\Downloads\Research\outputs\NTU_Pose_Output\A042\S003C002P017R001A042.npy
S003C002P017R001A043,NTU,A043,falling_down,high_risk,54,25,3,"(54, 25, 3)",C:\Users\VICTUS\Downloads\Research\outputs\NTU_Pose_Output\A043\S003C002P017R001A043.npy
S003C002P017R002A008,NTU,A008,sit_down,low_risk,77,25,3,"(77, 25, 3)",C:\Users\VICTUS\Downloads\Research\outputs\NTU_Pose_Output\A008\S003C002P017R002A008.npy
S003C002P017R002A009,NTU,A009,stand_up,low_risk,68,25,3,"(68, 25, 3)",C:\Users\VICTUS\Downloads\Research\outputs\NTU_Pose_Output\A009\S003C002P017R002A009.npy
S003C002P017R002A042,NTU,A042,staggering,moderate_risk,101,25,3,"(101, 25, 3)",C:\Users\VICTUS\Downloads\Research\outputs\NTU_Pose_Output\A042\S003C002P017R002A042.npy
S003C002P017R002A043,NTU,A043,falling_down,high_risk,60,25,3,"(60, 25, 3)",C:\Users\VICTUS\Downloads\Research\outputs\NTU_Pose_Output\A043\S003C002P017R002A043.npy
S003C002P018R001A008,NTU,A008,sit_down,low_risk,97,25,3,"(97, 25, 3)",C:\Users\VICTUS\Downloads\Research\outputs\NTU_Pose_Output\A008\S003C002P018R001A008.npy
S003C002P018R001A009,NTU,A009,stand_up,low_risk,66,25,3,"(66, 25, 3)",C:\Users\VICTUS\Downloads\Research\outputs\NTU_Pose_Output\A009\S003C002P018R001A009.npy
S003C002P018R001A042,NTU,A042,staggering,moderate_risk,123,25,3,"(123, 25, 3)",C:\Users\VICTUS\Downloads\Research\outputs\NTU_Pose_Output\A042\S003C002P018R001A042.npy
S003C002P018R001A043,NTU,A043,falling_down,high_risk,68,25,3,"(68, 25, 3)",C:\Users\VICTUS\Downloads\Research\outputs\NTU_Pose_Output\A043\S003C002P018R001A043.npy
S003C002P018R002A008,NTU,A008,sit_down,low_risk,65,25,3,"(65, 25, 3)",C:\Users\VICTUS\Downloads\Research\outputs\NTU_Pose_Output\A008\S003C002P018R002A008.npy
S003C002P018R002A009,NTU,A009,stand_up,low_risk,63,25,3,"(63, 25, 3)",C:\Users\VICTUS\Downloads\Research\outputs\NTU_Pose_Output\A009\S003C002P018R002A009.npy
S003C002P018R002A042,NTU,A042,staggering,moderate_risk,80,25,3,"(80, 25, 3)",C:\Users\VICTUS\Downloads\Research\outputs\NTU_Pose_Output\A042\S003C002P018R002A042.npy
S003C002P018R002A043,NTU,A043,falling_down,high_risk,72,25,3,"(72, 25, 3)",C:\Users\VICTUS\Downloads\Research\outputs\NTU_Pose_Output\A043\S003C002P018R002A043.npy
S003C002P019R001A008,NTU,A008,sit_down,low_risk,99,25,3,"(99, 25, 3)",C:\Users\VICTUS\Downloads\Research\outputs\NTU_Pose_Output\A008\S003C002P019R001A008.npy
S003C002P019R001A009,NTU,A009,stand_up,low_risk,77,25,3,"(77, 25, 3)",C:\Users\VICTUS\Downloads\Research\outputs\NTU_Pose_Output\A009\S003C002P019R001A009.npy
S003C002P019R001A042,NTU,A042,staggering,moderate_risk,82,25,3,"(82, 25, 3)",C:\Users\VICTUS\Downloads\Research\outputs\NTU_Pose_Output\A042\S003C002P019R001A042.npy
S003C002P019R001A043,NTU,A043,falling_down,high_risk,66,25,3,"(66, 25, 3)",C:\Users\VICTUS\Downloads\Research\outputs\NTU_Pose_Output\A043\S003C002P019R001A043.npy
S003C002P019R002A008,NTU,A008,sit_down,low_risk,81,25,3,"(81, 25, 3)",C:\Users\VICTUS\Downloads\Research\outputs\NTU_Pose_Output\A008\S003C002P019R002A008.npy
S003C002P019R002A009,NTU,A009,stand_up,low_risk,67,25,3,"(67, 25, 3)",C:\Users\VICTUS\Downloads\Research\outputs\NTU_Pose_Output\A009\S003C002P019R002A009.npy
S003C002P019R002A042,NTU,A042,staggering,moderate_risk,92,25,3,"(92, 25, 3)",C:\Users\VICTUS\Downloads\Research\outputs\NTU_Pose_Output\A042\S003C002P019R002A042.npy
S003C002P019R002A043,NTU,A043,falling_down,high_risk,73,25,3,"(73, 25, 3)",C:\Users\VICTUS\Downloads\Research\outputs\NTU_Pose_Output\A043\S003C002P019R002A043.npy
S003C003P001R001A008,NTU,A008,sit_down,low_risk,76,25,3,"(76, 25, 3)",C:\Users\VICTUS\Downloads\Research\outputs\NTU_Pose_Output\A008\S003C003P001R001A008.npy
S003C003P001R001A009,NTU,A009,stand_up,low_risk,68,25,3,"(68, 25, 3)",C:\Users\VICTUS\Downloads\Research\outputs\NTU_Pose_Output\A009\S003C003P001R001A009.npy
S003C003P001R001A042,NTU,A042,staggering,moderate_risk,104,25,3,"(104, 25, 3)",C:\Users\VICTUS\Downloads\Research\outputs\NTU_Pose_Output\A042\S003C003P001R001A042.npy
S003C003P001R001A043,NTU,A043,falling_down,high_risk,66,25,3,"(66, 25, 3)",C:\Users\VICTUS\Downloads\Research\outputs\NTU_Pose_Output\A043\S003C003P001R001A043.npy
S003C003P001R002A008,NTU,A008,sit_down,low_risk,73,25,3,"(73, 25, 3)",C:\Users\VICTUS\Downloads\Research\outputs\NTU_Pose_Output\A008\S003C003P001R002A008.npy
S003C003P001R002A009,NTU,A009,stand_up,low_risk,64,25,3,"(64, 25, 3)",C:\Users\VICTUS\Downloads\Research\outputs\NTU_Pose_Output\A009\S003C003P001R002A009.npy
S003C003P001R002A042,NTU,A042,staggering,moderate_risk,90,25,3,"(90, 25, 3)",C:\Users\VICTUS\Downloads\Research\outputs\NTU_Pose_Output\A042\S003C003P001R002A042.npy
S003C003P001R002A043,NTU,A043,falling_down,high_risk,61,25,3,"(61, 25, 3)",C:\Users\VICTUS\Downloads\Research\outputs\NTU_Pose_Output\A043\S003C003P001R002A043.npy
S003C003P002R001A008,NTU,A008,sit_down,low_risk,66,25,3,"(66, 25, 3)",C:\Users\VICTUS\Downloads\Research\outputs\NTU_Pose_Output\A008\S003C003P002R001A008.npy
S003C003P002R001A009,NTU,A009,stand_up,low_risk,50,25,3,"(50, 25, 3)",C:\Users\VICTUS\Downloads\Research\outputs\NTU_Pose_Output\A009\S003C003P002R001A009.npy
S003C003P002R001A042,NTU,A042,staggering,moderate_risk,81,25,3,"(81, 25, 3)",C:\Users\VICTUS\Downloads\Research\outputs\NTU_Pose_Output\A042\S003C003P002R001A042.npy
S003C003P002R001A043,NTU,A043,falling_down,high_risk,65,25,3,"(65, 25, 3)",C:\Users\VICTUS\Downloads\Research\outputs\NTU_Pose_Output\A043\S003C003P002R001A043.npy
S003C003P002R002A008,NTU,A008,sit_down,low_risk,62,25,3,"(62, 25, 3)",C:\Users\VICTUS\Downloads\Research\outputs\NTU_Pose_Output\A008\S003C003P002R002A008.npy
S003C003P002R002A009,NTU,A009,stand_up,low_risk,64,25,3,"(64, 25, 3)",C:\Users\VICTUS\Downloads\Research\outputs\NTU_Pose_Output\A009\S003C003P002R002A009.npy
S003C003P002R002A042,NTU,A042,staggering,moderate_risk,92,25,3,"(92, 25, 3)",C:\Users\VICTUS\Downloads\Research\outputs\NTU_Pose_Output\A042\S003C003P002R002A042.npy
S003C003P002R002A043,NTU,A043,falling_down,high_risk,65,25,3,"(65, 25, 3)",C:\Users\VICTUS\Downloads\Research\outputs\NTU_Pose_Output\A043\S003C003P002R002A043.npy
S003C003P007R001A008,NTU,A008,sit_down,low_risk,62,25,3,"(62, 25, 3)",C:\Users\VICTUS\Downloads\Research\outputs\NTU_Pose_Output\A008\S003C003P007R001A008.npy
S003C003P007R001A009,NTU,A009,stand_up,low_risk,77,25,3,"(77, 25, 3)",C:\Users\VICTUS\Downloads\Research\outputs\NTU_Pose_Output\A009\S003C003P007R001A009.npy
S003C003P007R001A042,NTU,A042,staggering,moderate_risk,78,25,3,"(78, 25, 3)",C:\Users\VICTUS\Downloads\Research\outputs\NTU_Pose_Output\A042\S003C003P007R001A042.npy
S003C003P007R001A043,NTU,A043,falling_down,high_risk,63,25,3,"(63, 25, 3)",C:\Users\VICTUS\Downloads\Research\outputs\NTU_Pose_Output\A043\S003C003P007R001A043.npy
S003C003P007R002A008,NTU,A008,sit_down,low_risk,92,25,3,"(92, 25, 3)",C:\Users\VICTUS\Downloads\Research\outputs\NTU_Pose_Output\A008\S003C003P007R002A008.npy
S003C003P007R002A009,NTU,A009,stand_up,low_risk,76,25,3,"(76, 25, 3)",C:\Users\VICTUS\Downloads\Research\outputs\NTU_Pose_Output\A009\S003C003P007R002A009.npy
S003C003P007R002A042,NTU,A042,staggering,moderate_risk,118,25,3,"(118, 25, 3)",C:\Users\VICTUS\Downloads\Research\outputs\NTU_Pose_Output\A042\S003C003P007R002A042.npy
S003C003P007R002A043,NTU,A043,falling_down,high_risk,58,25,3,"(58, 25, 3)",C:\Users\VICTUS\Downloads\Research\outputs\NTU_Pose_Output\A043\S003C003P007R002A043.npy
S003C003P008R001A008,NTU,A008,sit_down,low_risk,68,25,3,"(68, 25, 3)",C:\Users\VICTUS\Downloads\Research\outputs\NTU_Pose_Output\A008\S003C003P008R001A008.npy
S003C003P008R001A009,NTU,A009,stand_up,low_risk,63,25,3,"(63, 25, 3)",C:\Users\VICTUS\Downloads\Research\outputs\NTU_Pose_Output\A009\S003C003P008R001A009.npy
S003C003P008R001A042,NTU,A042,staggering,moderate_risk,78,25,3,"(78, 25, 3)",C:\Users\VICTUS\Downloads\Research\outputs\NTU_Pose_Output\A042\S003C003P008R001A042.npy
S003C003P008R001A043,NTU,A043,falling_down,high_risk,68,25,3,"(68, 25, 3)",C:\Users\VICTUS\Downloads\Research\outputs\NTU_Pose_Output\A043\S003C003P008R001A043.npy
S003C003P008R002A008,NTU,A008,sit_down,low_risk,74,25,3,"(74, 25, 3)",C:\Users\VICTUS\Downloads\Research\outputs\NTU_Pose_Output\A008\S003C003P008R002A008.npy
S003C003P008R002A009,NTU,A009,stand_up,low_risk,59,25,3,"(59, 25, 3)",C:\Users\VICTUS\Downloads\Research\outputs\NTU_Pose_Output\A009\S003C003P008R002A009.npy
S003C003P008R002A042,NTU,A042,staggering,moderate_risk,112,25,3,"(112, 25, 3)",C:\Users\VICTUS\Downloads\Research\outputs\NTU_Pose_Output\A042\S003C003P008R002A042.npy
S003C003P008R002A043,NTU,A043,falling_down,high_risk,70,25,3,"(70, 25, 3)",C:\Users\VICTUS\Downloads\Research\outputs\NTU_Pose_Output\A043\S003C003P008R002A043.npy
S003C003P015R001A008,NTU,A008,sit_down,low_risk,88,25,3,"(88, 25, 3)",C:\Users\VICTUS\Downloads\Research\outputs\NTU_Pose_Output\A008\S003C003P015R001A008.npy
S003C003P015R001A009,NTU,A009,stand_up,low_risk,62,25,3,"(62, 25, 3)",C:\Users\VICTUS\Downloads\Research\outputs\NTU_Pose_Output\A009\S003C003P015R001A009.npy
S003C003P015R001A042,NTU,A042,staggering,moderate_risk,89,25,3,"(89, 25, 3)",C:\Users\VICTUS\Downloads\Research\outputs\NTU_Pose_Output\A042\S003C003P015R001A042.npy
S003C003P015R001A043,NTU,A043,falling_down,high_risk,60,25,3,"(60, 25, 3)",C:\Users\VICTUS\Downloads\Research\outputs\NTU_Pose_Output\A043\S003C003P015R001A043.npy
S003C003P015R002A008,NTU,A008,sit_down,low_risk,69,25,3,"(69, 25, 3)",C:\Users\VICTUS\Downloads\Research\outputs\NTU_Pose_Output\A008\S003C003P015R002A008.npy
S003C003P015R002A009,NTU,A009,stand_up,low_risk,72,25,3,"(72, 25, 3)",C:\Users\VICTUS\Downloads\Research\outputs\NTU_Pose_Output\A009\S003C003P015R002A009.npy
S003C003P015R002A042,NTU,A042,staggering,moderate_risk,85,25,3,"(85, 25, 3)",C:\Users\VICTUS\Downloads\Research\outputs\NTU_Pose_Output\A042\S003C003P015R002A042.npy
S003C003P015R002A043,NTU,A043,falling_down,high_risk,60,25,3,"(60, 25, 3)",C:\Users\VICTUS\Downloads\Research\outputs\NTU_Pose_Output\A043\S003C003P015R002A043.npy
S003C003P016R001A008,NTU,A008,sit_down,low_risk,69,25,3,"(69, 25, 3)",C:\Users\VICTUS\Downloads\Research\outputs\NTU_Pose_Output\A008\S003C003P016R001A008.npy
S003C003P016R001A009,NTU,A009,stand_up,low_risk,70,25,3,"(70, 25, 3)",C:\Users\VICTUS\Downloads\Research\outputs\NTU_Pose_Output\A009\S003C003P016R001A009.npy
S003C003P016R001A042,NTU,A042,staggering,moderate_risk,75,25,3,"(75, 25, 3)",C:\Users\VICTUS\Downloads\Research\outputs\NTU_Pose_Output\A042\S003C003P016R001A042.npy
S003C003P016R001A043,NTU,A043,falling_down,high_risk,67,25,3,"(67, 25, 3)",C:\Users\VICTUS\Downloads\Research\outputs\NTU_Pose_Output\A043\S003C003P016R001A043.npy
S003C003P016R002A008,NTU,A008,sit_down,low_risk,119,25,3,"(119, 25, 3)",C:\Users\VICTUS\Downloads\Research\outputs\NTU_Pose_Output\A008\S003C003P016R002A008.npy
S003C003P016R002A009,NTU,A009,stand_up,low_risk,62,25,3,"(62, 25, 3)",C:\Users\VICTUS\Downloads\Research\outputs\NTU_Pose_Output\A009\S003C003P016R002A009.npy
S003C003P016R002A042,NTU,A042,staggering,moderate_risk,84,25,3,"(84, 25, 3)",C:\Users\VICTUS\Downloads\Research\outputs\NTU_Pose_Output\A042\S003C003P016R002A042.npy
S003C003P016R002A043,NTU,A043,falling_down,high_risk,70,25,3,"(70, 25, 3)",C:\Users\VICTUS\Downloads\Research\outputs\NTU_Pose_Output\A043\S003C003P016R002A043.npy
S003C003P017R001A008,NTU,A008,sit_down,low_risk,101,25,3,"(101, 25, 3)",C:\Users\VICTUS\Downloads\Research\outputs\NTU_Pose_Output\A008\S003C003P017R001A008.npy
S003C003P017R001A009,NTU,A009,stand_up,low_risk,58,25,3,"(58, 25, 3)",C:\Users\VICTUS\Downloads\Research\outputs\NTU_Pose_Output\A009\S003C003P017R001A009.npy
S003C003P017R001A042,NTU,A042,staggering,moderate_risk,108,25,3,"(108, 25, 3)",C:\Users\VICTUS\Downloads\Research\outputs\NTU_Pose_Output\A042\S003C003P017R001A042.npy
S003C003P017R001A043,NTU,A043,falling_down,high_risk,54,25,3,"(54, 25, 3)",C:\Users\VICTUS\Downloads\Research\outputs\NTU_Pose_Output\A043\S003C003P017R001A043.npy
S003C003P017R002A008,NTU,A008,sit_down,low_risk,77,25,3,"(77, 25, 3)",C:\Users\VICTUS\Downloads\Research\outputs\NTU_Pose_Output\A008\S003C003P017R002A008.npy
S003C003P017R002A009,NTU,A009,stand_up,low_risk,67,25,3,"(67, 25, 3)",C:\Users\VICTUS\Downloads\Research\outputs\NTU_Pose_Output\A009\S003C003P017R002A009.npy
S003C003P017R002A042,NTU,A042,staggering,moderate_risk,100,25,3,"(100, 25, 3)",C:\Users\VICTUS\Downloads\Research\outputs\NTU_Pose_Output\A042\S003C003P017R002A042.npy
S003C003P017R002A043,NTU,A043,falling_down,high_risk,61,25,3,"(61, 25, 3)",C:\Users\VICTUS\Downloads\Research\outputs\NTU_Pose_Output\A043\S003C003P017R002A043.npy
S003C003P018R001A008,NTU,A008,sit_down,low_risk,97,25,3,"(97, 25, 3)",C:\Users\VICTUS\Downloads\Research\outputs\NTU_Pose_Output\A008\S003C003P018R001A008.npy
S003C003P018R001A009,NTU,A009,stand_up,low_risk,65,25,3,"(65, 25, 3)",C:\Users\VICTUS\Downloads\Research\outputs\NTU_Pose_Output\A009\S003C003P018R001A009.npy
S003C003P018R001A042,NTU,A042,staggering,moderate_risk,122,25,3,"(122, 25, 3)",C:\Users\VICTUS\Downloads\Research\outputs\NTU_Pose_Output\A042\S003C003P018R001A042.npy
S003C003P018R001A043,NTU,A043,falling_down,high_risk,68,25,3,"(68, 25, 3)",C:\Users\VICTUS\Downloads\Research\outputs\NTU_Pose_Output\A043\S003C003P018R001A043.npy
S003C003P018R002A008,NTU,A008,sit_down,low_risk,65,25,3,"(65, 25, 3)",C:\Users\VICTUS\Downloads\Research\outputs\NTU_Pose_Output\A008\S003C003P018R002A008.npy
S003C003P018R002A009,NTU,A009,stand_up,low_risk,63,25,3,"(63, 25, 3)",C:\Users\VICTUS\Downloads\Research\outputs\NTU_Pose_Output\A009\S003C003P018R002A009.npy
S003C003P018R002A042,NTU,A042,staggering,moderate_risk,80,25,3,"(80, 25, 3)",C:\Users\VICTUS\Downloads\Research\outputs\NTU_Pose_Output\A042\S003C003P018R002A042.npy
S003C003P018R002A043,NTU,A043,falling_down,high_risk,71,25,3,"(71, 25, 3)",C:\Users\VICTUS\Downloads\Research\outputs\NTU_Pose_Output\A043\S003C003P018R002A043.npy
S003C003P019R001A008,NTU,A008,sit_down,low_risk,98,25,3,"(98, 25, 3)",C:\Users\VICTUS\Downloads\Research\outputs\NTU_Pose_Output\A008\S003C003P019R001A008.npy
S003C003P019R001A009,NTU,A009,stand_up,low_risk,78,25,3,"(78, 25, 3)",C:\Users\VICTUS\Downloads\Research\outputs\NTU_Pose_Output\A009\S003C003P019R001A009.npy
S003C003P019R001A042,NTU,A042,staggering,moderate_risk,82,25,3,"(82, 25, 3)",C:\Users\VICTUS\Downloads\Research\outputs\NTU_Pose_Output\A042\S003C003P019R001A042.npy
S003C003P019R001A043,NTU,A043,falling_down,high_risk,66,25,3,"(66, 25, 3)",C:\Users\VICTUS\Downloads\Research\outputs\NTU_Pose_Output\A043\S003C003P019R001A043.npy
S003C003P019R002A008,NTU,A008,sit_down,low_risk,81,25,3,"(81, 25, 3)",C:\Users\VICTUS\Downloads\Research\outputs\NTU_Pose_Output\A008\S003C003P019R002A008.npy
S003C003P019R002A009,NTU,A009,stand_up,low_risk,66,25,3,"(66, 25, 3)",C:\Users\VICTUS\Downloads\Research\outputs\NTU_Pose_Output\A009\S003C003P019R002A009.npy
S003C003P019R002A042,NTU,A042,staggering,moderate_risk,94,25,3,"(94, 25, 3)",C:\Users\VICTUS\Downloads\Research\outputs\NTU_Pose_Output\A042\S003C003P019R002A042.npy
S003C003P019R002A043,NTU,A043,falling_down,high_risk,73,25,3,"(73, 25, 3)",C:\Users\VICTUS\Downloads\Research\outputs\NTU_Pose_Output\A043\S003C003P019R002A043.npy
S004C001P003R001A008,NTU,A008,sit_down,low_risk,79,25,3,"(79, 25, 3)",C:\Users\VICTUS\Downloads\Research\outputs\NTU_Pose_Output\A008\S004C001P003R001A008.npy
S004C001P003R001A009,NTU,A009,stand_up,low_risk,59,25,3,"(59, 25, 3)",C:\Users\VICTUS\Downloads\Research\outputs\NTU_Pose_Output\A009\S004C001P003R001A009.npy
S004C001P003R001A042,NTU,A042,staggering,moderate_risk,111,25,3,"(111, 25, 3)",C:\Users\VICTUS\Downloads\Research\outputs\NTU_Pose_Output\A042\S004C001P003R001A042.npy
S004C001P003R001A043,NTU,A043,falling_down,high_risk,81,25,3,"(81, 25, 3)",C:\Users\VICTUS\Downloads\Research\outputs\NTU_Pose_Output\A043\S004C001P003R001A043.npy
S004C001P003R002A008,NTU,A008,sit_down,low_risk,91,25,3,"(91, 25, 3)",C:\Users\VICTUS\Downloads\Research\outputs\NTU_Pose_Output\A008\S004C001P003R002A008.npy
S004C001P003R002A009,NTU,A009,stand_up,low_risk,65,25,3,"(65, 25, 3)",C:\Users\VICTUS\Downloads\Research\outputs\NTU_Pose_Output\A009\S004C001P003R002A009.npy
S004C001P003R002A042,NTU,A042,staggering,moderate_risk,103,25,3,"(103, 25, 3)",C:\Users\VICTUS\Downloads\Research\outputs\NTU_Pose_Output\A042\S004C001P003R002A042.npy
S004C001P003R002A043,NTU,A043,falling_down,high_risk,63,25,3,"(63, 25, 3)",C:\Users\VICTUS\Downloads\Research\outputs\NTU_Pose_Output\A043\S004C001P003R002A043.npy
S004C001P007R001A008,NTU,A008,sit_down,low_risk,71,25,3,"(71, 25, 3)",C:\Users\VICTUS\Downloads\Research\outputs\NTU_Pose_Output\A008\S004C001P007R001A008.npy
S004C001P007R001A009,NTU,A009,stand_up,low_risk,59,25,3,"(59, 25, 3)",C:\Users\VICTUS\Downloads\Research\outputs\NTU_Pose_Output\A009\S004C001P007R001A009.npy
S004C001P007R001A042,NTU,A042,staggering,moderate_risk,101,25,3,"(101, 25, 3)",C:\Users\VICTUS\Downloads\Research\outputs\NTU_Pose_Output\A042\S004C001P007R001A042.npy
S004C001P007R001A043,NTU,A043,falling_down,high_risk,74,25,3,"(74, 25, 3)",C:\Users\VICTUS\Downloads\Research\outputs\NTU_Pose_Output\A043\S004C001P007R001A043.npy
S004C001P007R002A008,NTU,A008,sit_down,low_risk,103,25,3,"(103, 25, 3)",C:\Users\VICTUS\Downloads\Research\outputs\NTU_Pose_Output\A008\S004C001P007R002A008.npy
S004C001P007R002A009,NTU,A009,stand_up,low_risk,67,25,3,"(67, 25, 3)",C:\Users\VICTUS\Downloads\Research\outputs\NTU_Pose_Output\A009\S004C001P007R002A009.npy
S004C001P007R002A042,NTU,A042,staggering,moderate_risk,81,25,3,"(81, 25, 3)",C:\Users\VICTUS\Downloads\Research\outputs\NTU_Pose_Output\A042\S004C001P007R002A042.npy
S004C001P007R002A043,NTU,A043,falling_down,high_risk,79,25,3,"(79, 25, 3)",C:\Users\VICTUS\Downloads\Research\outputs\NTU_Pose_Output\A043\S004C001P007R002A043.npy
S004C001P008R001A008,NTU,A008,sit_down,low_risk,88,25,3,"(88, 25, 3)",C:\Users\VICTUS\Downloads\Research\outputs\NTU_Pose_Output\A008\S004C001P008R001A008.npy
S004C001P008R001A009,NTU,A009,stand_up,low_risk,69,25,3,"(69, 25, 3)",C:\Users\VICTUS\Downloads\Research\outputs\NTU_Pose_Output\A009\S004C001P008R001A009.npy
S004C001P008R001A042,NTU,A042,staggering,moderate_risk,89,25,3,"(89, 25, 3)",C:\Users\VICTUS\Downloads\Research\outputs\NTU_Pose_Output\A042\S004C001P008R001A042.npy
S004C001P008R001A043,NTU,A043,falling_down,high_risk,70,25,3,"(70, 25, 3)",C:\Users\VICTUS\Downloads\Research\outputs\NTU_Pose_Output\A043\S004C001P008R001A043.npy
S004C001P008R002A008,NTU,A008,sit_down,low_risk,82,25,3,"(82, 25, 3)",C:\Users\VICTUS\Downloads\Research\outputs\NTU_Pose_Output\A008\S004C001P008R002A008.npy
S004C001P008R002A009,NTU,A009,stand_up,low_risk,74,25,3,"(74, 25, 3)",C:\Users\VICTUS\Downloads\Research\outputs\NTU_Pose_Output\A009\S004C001P008R002A009.npy
S004C001P008R002A042,NTU,A042,staggering,moderate_risk,109,25,3,"(109, 25, 3)",C:\Users\VICTUS\Downloads\Research\outputs\NTU_Pose_Output\A042\S004C001P008R002A042.npy
S004C001P008R002A043,NTU,A043,falling_down,high_risk,60,25,3,"(60, 25, 3)",C:\Users\VICTUS\Downloads\Research\outputs\NTU_Pose_Output\A043\S004C001P008R002A043.npy
S004C001P020R001A008,NTU,A008,sit_down,low_risk,104,25,3,"(104, 25, 3)",C:\Users\VICTUS\Downloads\Research\outputs\NTU_Pose_Output\A008\S004C001P020R001A008.npy
S004C001P020R001A009,NTU,A009,stand_up,low_risk,76,25,3,"(76, 25, 3)",C:\Users\VICTUS\Downloads\Research\outputs\NTU_Pose_Output\A009\S004C001P020R001A009.npy
S004C001P020R001A042,NTU,A042,staggering,moderate_risk,97,25,3,"(97, 25, 3)",C:\Users\VICTUS\Downloads\Research\outputs\NTU_Pose_Output\A042\S004C001P020R001A042.npy
S004C001P020R001A043,NTU,A043,falling_down,high_risk,77,25,3,"(77, 25, 3)",C:\Users\VICTUS\Downloads\Research\outputs\NTU_Pose_Output\A043\S004C001P020R001A043.npy
S004C001P020R002A008,NTU,A008,sit_down,low_risk,91,25,3,"(91, 25, 3)",C:\Users\VICTUS\Downloads\Research\outputs\NTU_Pose_Output\A008\S004C001P020R002A008.npy
S004C001P020R002A009,NTU,A009,stand_up,low_risk,73,25,3,"(73, 25, 3)",C:\Users\VICTUS\Downloads\Research\outputs\NTU_Pose_Output\A009\S004C001P020R002A009.npy
S004C001P020R002A042,NTU,A042,staggering,moderate_risk,86,25,3,"(86, 25, 3)",C:\Users\VICTUS\Downloads\Research\outputs\NTU_Pose_Output\A042\S004C001P020R002A042.npy
S004C001P020R002A043,NTU,A043,falling_down,high_risk,80,25,3,"(80, 25, 3)",C:\Users\VICTUS\Downloads\Research\outputs\NTU_Pose_Output\A043\S004C001P020R002A043.npy
S004C002P003R001A008,NTU,A008,sit_down,low_risk,79,25,3,"(79, 25, 3)",C:\Users\VICTUS\Downloads\Research\outputs\NTU_Pose_Output\A008\S004C002P003R001A008.npy
S004C002P003R001A009,NTU,A009,stand_up,low_risk,60,25,3,"(60, 25, 3)",C:\Users\VICTUS\Downloads\Research\outputs\NTU_Pose_Output\A009\S004C002P003R001A009.npy
S004C002P003R001A042,NTU,A042,staggering,moderate_risk,111,25,3,"(111, 25, 3)",C:\Users\VICTUS\Downloads\Research\outputs\NTU_Pose_Output\A042\S004C002P003R001A042.npy
S004C002P003R001A043,NTU,A043,falling_down,high_risk,82,25,3,"(82, 25, 3)",C:\Users\VICTUS\Downloads\Research\outputs\NTU_Pose_Output\A043\S004C002P003R001A043.npy
S004C002P003R002A008,NTU,A008,sit_down,low_risk,90,25,3,"(90, 25, 3)",C:\Users\VICTUS\Downloads\Research\outputs\NTU_Pose_Output\A008\S004C002P003R002A008.npy
S004C002P003R002A009,NTU,A009,stand_up,low_risk,65,25,3,"(65, 25, 3)",C:\Users\VICTUS\Downloads\Research\outputs\NTU_Pose_Output\A009\S004C002P003R002A009.npy
S004C002P003R002A042,NTU,A042,staggering,moderate_risk,104,25,3,"(104, 25, 3)",C:\Users\VICTUS\Downloads\Research\outputs\NTU_Pose_Output\A042\S004C002P003R002A042.npy
S004C002P003R002A043,NTU,A043,falling_down,high_risk,63,25,3,"(63, 25, 3)",C:\Users\VICTUS\Downloads\Research\outputs\NTU_Pose_Output\A043\S004C002P003R002A043.npy
S004C002P007R001A008,NTU,A008,sit_down,low_risk,71,25,3,"(71, 25, 3)",C:\Users\VICTUS\Downloads\Research\outputs\NTU_Pose_Output\A008\S004C002P007R001A008.npy
S004C002P007R001A009,NTU,A009,stand_up,low_risk,59,25,3,"(59, 25, 3)",C:\Users\VICTUS\Downloads\Research\outputs\NTU_Pose_Output\A009\S004C002P007R001A009.npy
S004C002P007R001A042,NTU,A042,staggering,moderate_risk,102,25,3,"(102, 25, 3)",C:\Users\VICTUS\Downloads\Research\outputs\NTU_Pose_Output\A042\S004C002P007R001A042.npy
S004C002P007R001A043,NTU,A043,falling_down,high_risk,76,25,3,"(76, 25, 3)",C:\Users\VICTUS\Downloads\Research\outputs\NTU_Pose_Output\A043\S004C002P007R001A043.npy
S004C002P007R002A008,NTU,A008,sit_down,low_risk,104,25,3,"(104, 25, 3)",C:\Users\VICTUS\Downloads\Research\outputs\NTU_Pose_Output\A008\S004C002P007R002A008.npy
S004C002P007R002A009,NTU,A009,stand_up,low_risk,65,25,3,"(65, 25, 3)",C:\Users\VICTUS\Downloads\Research\outputs\NTU_Pose_Output\A009\S004C002P007R002A009.npy
S004C002P007R002A042,NTU,A042,staggering,moderate_risk,81,25,3,"(81, 25, 3)",C:\Users\VICTUS\Downloads\Research\outputs\NTU_Pose_Output\A042\S004C002P007R002A042.npy
S004C002P007R002A043,NTU,A043,falling_down,high_risk,79,25,3,"(79, 25, 3)",C:\Users\VICTUS\Downloads\Research\outputs\NTU_Pose_Output\A043\S004C002P007R002A043.npy
S004C002P008R001A008,NTU,A008,sit_down,low_risk,88,25,3,"(88, 25, 3)",C:\Users\VICTUS\Downloads\Research\outputs\NTU_Pose_Output\A008\S004C002P008R001A008.npy
S004C002P008R001A009,NTU,A009,stand_up,low_risk,69,25,3,"(69, 25, 3)",C:\Users\VICTUS\Downloads\Research\outputs\NTU_Pose_Output\A009\S004C002P008R001A009.npy
S004C002P008R001A042,NTU,A042,staggering,moderate_risk,90,25,3,"(90, 25, 3)",C:\Users\VICTUS\Downloads\Research\outputs\NTU_Pose_Output\A042\S004C002P008R001A042.npy
S004C002P008R001A043,NTU,A043,falling_down,high_risk,70,25,3,"(70, 25, 3)",C:\Users\VICTUS\Downloads\Research\outputs\NTU_Pose_Output\A043\S004C002P008R001A043.npy
S004C002P008R002A008,NTU,A008,sit_down,low_risk,82,25,3,"(82, 25, 3)",C:\Users\VICTUS\Downloads\Research\outputs\NTU_Pose_Output\A008\S004C002P008R002A008.npy
S004C002P008R002A009,NTU,A009,stand_up,low_risk,75,25,3,"(75, 25, 3)",C:\Users\VICTUS\Downloads\Research\outputs\NTU_Pose_Output\A009\S004C002P008R002A009.npy
S004C002P008R002A042,NTU,A042,staggering,moderate_risk,109,25,3,"(109, 25, 3)",C:\Users\VICTUS\Downloads\Research\outputs\NTU_Pose_Output\A042\S004C002P008R002A042.npy
S004C002P008R002A043,NTU,A043,falling_down,high_risk,60,25,3,"(60, 25, 3)",C:\Users\VICTUS\Downloads\Research\outputs\NTU_Pose_Output\A043\S004C002P008R002A043.npy
S004C002P020R001A008,NTU,A008,sit_down,low_risk,105,25,3,"(105, 25, 3)",C:\Users\VICTUS\Downloads\Research\outputs\NTU_Pose_Output\A008\S004C002P020R001A008.npy
S004C002P020R001A009,NTU,A009,stand_up,low_risk,76,25,3,"(76, 25, 3)",C:\Users\VICTUS\Downloads\Research\outputs\NTU_Pose_Output\A009\S004C002P020R001A009.npy
S004C002P020R001A042,NTU,A042,staggering,moderate_risk,97,25,3,"(97, 25, 3)",C:\Users\VICTUS\Downloads\Research\outputs\NTU_Pose_Output\A042\S004C002P020R001A042.npy
S004C002P020R001A043,NTU,A043,falling_down,high_risk,78,25,3,"(78, 25, 3)",C:\Users\VICTUS\Downloads\Research\outputs\NTU_Pose_Output\A043\S004C002P020R001A043.npy
S004C002P020R002A008,NTU,A008,sit_down,low_risk,91,25,3,"(91, 25, 3)",C:\Users\VICTUS\Downloads\Research\outputs\NTU_Pose_Output\A008\S004C002P020R002A008.npy
S004C002P020R002A009,NTU,A009,stand_up,low_risk,72,25,3,"(72, 25, 3)",C:\Users\VICTUS\Downloads\Research\outputs\NTU_Pose_Output\A009\S004C002P020R002A009.npy
S004C002P020R002A042,NTU,A042,staggering,moderate_risk,86,25,3,"(86, 25, 3)",C:\Users\VICTUS\Downloads\Research\outputs\NTU_Pose_Output\A042\S004C002P020R002A042.npy
S004C002P020R002A043,NTU,A043,falling_down,high_risk,79,25,3,"(79, 25, 3)",C:\Users\VICTUS\Downloads\Research\outputs\NTU_Pose_Output\A043\S004C002P020R002A043.npy
S004C003P003R001A008,NTU,A008,sit_down,low_risk,79,25,3,"(79, 25, 3)",C:\Users\VICTUS\Downloads\Research\outputs\NTU_Pose_Output\A008\S004C003P003R001A008.npy
S004C003P003R001A009,NTU,A009,stand_up,low_risk,60,25,3,"(60, 25, 3)",C:\Users\VICTUS\Downloads\Research\outputs\NTU_Pose_Output\A009\S004C003P003R001A009.npy
S004C003P003R001A042,NTU,A042,staggering,moderate_risk,112,25,3,"(112, 25, 3)",C:\Users\VICTUS\Downloads\Research\outputs\NTU_Pose_Output\A042\S004C003P003R001A042.npy
S004C003P003R001A043,NTU,A043,falling_down,high_risk,82,25,3,"(82, 25, 3)",C:\Users\VICTUS\Downloads\Research\outputs\NTU_Pose_Output\A043\S004C003P003R001A043.npy
S004C003P003R002A008,NTU,A008,sit_down,low_risk,91,25,3,"(91, 25, 3)",C:\Users\VICTUS\Downloads\Research\outputs\NTU_Pose_Output\A008\S004C003P003R002A008.npy
S004C003P003R002A009,NTU,A009,stand_up,low_risk,65,25,3,"(65, 25, 3)",C:\Users\VICTUS\Downloads\Research\outputs\NTU_Pose_Output\A009\S004C003P003R002A009.npy
S004C003P003R002A042,NTU,A042,staggering,moderate_risk,104,25,3,"(104, 25, 3)",C:\Users\VICTUS\Downloads\Research\outputs\NTU_Pose_Output\A042\S004C003P003R002A042.npy
S004C003P003R002A043,NTU,A043,falling_down,high_risk,63,25,3,"(63, 25, 3)",C:\Users\VICTUS\Downloads\Research\outputs\NTU_Pose_Output\A043\S004C003P003R002A043.npy
S004C003P007R001A008,NTU,A008,sit_down,low_risk,70,25,3,"(70, 25, 3)",C:\Users\VICTUS\Downloads\Research\outputs\NTU_Pose_Output\A008\S004C003P007R001A008.npy
S004C003P007R001A009,NTU,A009,stand_up,low_risk,59,25,3,"(59, 25, 3)",C:\Users\VICTUS\Downloads\Research\outputs\NTU_Pose_Output\A009\S004C003P007R001A009.npy
S004C003P007R001A042,NTU,A042,staggering,moderate_risk,101,25,3,"(101, 25, 3)",C:\Users\VICTUS\Downloads\Research\outputs\NTU_Pose_Output\A042\S004C003P007R001A042.npy
S004C003P007R001A043,NTU,A043,falling_down,high_risk,76,25,3,"(76, 25, 3)",C:\Users\VICTUS\Downloads\Research\outputs\NTU_Pose_Output\A043\S004C003P007R001A043.npy
S004C003P007R002A008,NTU,A008,sit_down,low_risk,103,25,3,"(103, 25, 3)",C:\Users\VICTUS\Downloads\Research\outputs\NTU_Pose_Output\A008\S004C003P007R002A008.npy
S004C003P007R002A009,NTU,A009,stand_up,low_risk,66,25,3,"(66, 25, 3)",C:\Users\VICTUS\Downloads\Research\outputs\NTU_Pose_Output\A009\S004C003P007R002A009.npy
S004C003P007R002A042,NTU,A042,staggering,moderate_risk,81,25,3,"(81, 25, 3)",C:\Users\VICTUS\Downloads\Research\outputs\NTU_Pose_Output\A042\S004C003P007R002A042.npy
S004C003P007R002A043,NTU,A043,falling_down,high_risk,79,25,3,"(79, 25, 3)",C:\Users\VICTUS\Downloads\Research\outputs\NTU_Pose_Output\A043\S004C003P007R002A043.npy
S004C003P008R001A008,NTU,A008,sit_down,low_risk,88,25,3,"(88, 25, 3)",C:\Users\VICTUS\Downloads\Research\outputs\NTU_Pose_Output\A008\S004C003P008R001A008.npy
S004C003P008R001A009,NTU,A009,stand_up,low_risk,69,25,3,"(69, 25, 3)",C:\Users\VICTUS\Downloads\Research\outputs\NTU_Pose_Output\A009\S004C003P008R001A009.npy
S004C003P008R001A042,NTU,A042,staggering,moderate_risk,91,25,3,"(91, 25, 3)",C:\Users\VICTUS\Downloads\Research\outputs\NTU_Pose_Output\A042\S004C003P008R001A042.npy
S004C003P008R001A043,NTU,A043,falling_down,high_risk,71,25,3,"(71, 25, 3)",C:\Users\VICTUS\Downloads\Research\outputs\NTU_Pose_Output\A043\S004C003P008R001A043.npy
S004C003P008R002A008,NTU,A008,sit_down,low_risk,82,25,3,"(82, 25, 3)",C:\Users\VICTUS\Downloads\Research\outputs\NTU_Pose_Output\A008\S004C003P008R002A008.npy
S004C003P008R002A009,NTU,A009,stand_up,low_risk,75,25,3,"(75, 25, 3)",C:\Users\VICTUS\Downloads\Research\outputs\NTU_Pose_Output\A009\S004C003P008R002A009.npy
S004C003P008R002A042,NTU,A042,staggering,moderate_risk,109,25,3,"(109, 25, 3)",C:\Users\VICTUS\Downloads\Research\outputs\NTU_Pose_Output\A042\S004C003P008R002A042.npy
S004C003P008R002A043,NTU,A043,falling_down,high_risk,60,25,3,"(60, 25, 3)",C:\Users\VICTUS\Downloads\Research\outputs\NTU_Pose_Output\A043\S004C003P008R002A043.npy
S004C003P020R001A008,NTU,A008,sit_down,low_risk,105,25,3,"(105, 25, 3)",C:\Users\VICTUS\Downloads\Research\outputs\NTU_Pose_Output\A008\S004C003P020R001A008.npy
S004C003P020R001A009,NTU,A009,stand_up,low_risk,76,25,3,"(76, 25, 3)",C:\Users\VICTUS\Downloads\Research\outputs\NTU_Pose_Output\A009\S004C003P020R001A009.npy
S004C003P020R001A042,NTU,A042,staggering,moderate_risk,97,25,3,"(97, 25, 3)",C:\Users\VICTUS\Downloads\Research\outputs\NTU_Pose_Output\A042\S004C003P020R001A042.npy
S004C003P020R001A043,NTU,A043,falling_down,high_risk,78,25,3,"(78, 25, 3)",C:\Users\VICTUS\Downloads\Research\outputs\NTU_Pose_Output\A043\S004C003P020R001A043.npy
S004C003P020R002A008,NTU,A008,sit_down,low_risk,91,25,3,"(91, 25, 3)",C:\Users\VICTUS\Downloads\Research\outputs\NTU_Pose_Output\A008\S004C003P020R002A008.npy
S004C003P020R002A009,NTU,A009,stand_up,low_risk,73,25,3,"(73, 25, 3)",C:\Users\VICTUS\Downloads\Research\outputs\NTU_Pose_Output\A009\S004C003P020R002A009.npy
S004C003P020R002A042,NTU,A042,staggering,moderate_risk,86,25,3,"(86, 25, 3)",C:\Users\VICTUS\Downloads\Research\outputs\NTU_Pose_Output\A042\S004C003P020R002A042.npy
S004C003P020R002A043,NTU,A043,falling_down,high_risk,79,25,3,"(79, 25, 3)",C:\Users\VICTUS\Downloads\Research\outputs\NTU_Pose_Output\A043\S004C003P020R002A043.npy
S005C001P004R001A008,NTU,A008,sit_down,low_risk,63,25,3,"(63, 25, 3)",C:\Users\VICTUS\Downloads\Research\outputs\NTU_Pose_Output\A008\S005C001P004R001A008.npy
S005C001P004R001A009,NTU,A009,stand_up,low_risk,65,25,3,"(65, 25, 3)",C:\Users\VICTUS\Downloads\Research\outputs\NTU_Pose_Output\A009\S005C001P004R001A009.npy
S005C001P004R001A042,NTU,A042,staggering,moderate_risk,104,25,3,"(104, 25, 3)",C:\Users\VICTUS\Downloads\Research\outputs\NTU_Pose_Output\A042\S005C001P004R001A042.npy
S005C001P004R001A043,NTU,A043,falling_down,high_risk,72,25,3,"(72, 25, 3)",C:\Users\VICTUS\Downloads\Research\outputs\NTU_Pose_Output\A043\S005C001P004R001A043.npy
S005C001P004R002A008,NTU,A008,sit_down,low_risk,68,25,3,"(68, 25, 3)",C:\Users\VICTUS\Downloads\Research\outputs\NTU_Pose_Output\A008\S005C001P004R002A008.npy
S005C001P004R002A009,NTU,A009,stand_up,low_risk,61,25,3,"(61, 25, 3)",C:\Users\VICTUS\Downloads\Research\outputs\NTU_Pose_Output\A009\S005C001P004R002A009.npy
S005C001P004R002A042,NTU,A042,staggering,moderate_risk,104,25,3,"(104, 25, 3)",C:\Users\VICTUS\Downloads\Research\outputs\NTU_Pose_Output\A042\S005C001P004R002A042.npy
S005C001P004R002A043,NTU,A043,falling_down,high_risk,79,25,3,"(79, 25, 3)",C:\Users\VICTUS\Downloads\Research\outputs\NTU_Pose_Output\A043\S005C001P004R002A043.npy
S005C001P010R001A008,NTU,A008,sit_down,low_risk,106,25,3,"(106, 25, 3)",C:\Users\VICTUS\Downloads\Research\outputs\NTU_Pose_Output\A008\S005C001P010R001A008.npy
S005C001P010R001A009,NTU,A009,stand_up,low_risk,54,25,3,"(54, 25, 3)",C:\Users\VICTUS\Downloads\Research\outputs\NTU_Pose_Output\A009\S005C001P010R001A009.npy
S005C001P010R001A042,NTU,A042,staggering,moderate_risk,105,25,3,"(105, 25, 3)",C:\Users\VICTUS\Downloads\Research\outputs\NTU_Pose_Output\A042\S005C001P010R001A042.npy
S005C001P010R001A043,NTU,A043,falling_down,high_risk,85,25,3,"(85, 25, 3)",C:\Users\VICTUS\Downloads\Research\outputs\NTU_Pose_Output\A043\S005C001P010R001A043.npy
S005C001P010R002A008,NTU,A008,sit_down,low_risk,64,25,3,"(64, 25, 3)",C:\Users\VICTUS\Downloads\Research\outputs\NTU_Pose_Output\A008\S005C001P010R002A008.npy
S005C001P010R002A009,NTU,A009,stand_up,low_risk,51,25,3,"(51, 25, 3)",C:\Users\VICTUS\Downloads\Research\outputs\NTU_Pose_Output\A009\S005C001P010R002A009.npy
S005C001P010R002A042,NTU,A042,staggering,moderate_risk,109,25,3,"(109, 25, 3)",C:\Users\VICTUS\Downloads\Research\outputs\NTU_Pose_Output\A042\S005C001P010R002A042.npy
S005C001P010R002A043,NTU,A043,falling_down,high_risk,59,25,3,"(59, 25, 3)",C:\Users\VICTUS\Downloads\Research\outputs\NTU_Pose_Output\A043\S005C001P010R002A043.npy
S005C001P013R001A008,NTU,A008,sit_down,low_risk,71,25,3,"(71, 25, 3)",C:\Users\VICTUS\Downloads\Research\outputs\NTU_Pose_Output\A008\S005C001P013R001A008.npy
S005C001P013R001A009,NTU,A009,stand_up,low_risk,74,25,3,"(74, 25, 3)",C:\Users\VICTUS\Downloads\Research\outputs\NTU_Pose_Output\A009\S005C001P013R001A009.npy
S005C001P013R001A042,NTU,A042,staggering,moderate_risk,78,25,3,"(78, 25, 3)",C:\Users\VICTUS\Downloads\Research\outputs\NTU_Pose_Output\A042\S005C001P013R001A042.npy
S005C001P013R001A043,NTU,A043,falling_down,high_risk,49,25,3,"(49, 25, 3)",C:\Users\VICTUS\Downloads\Research\outputs\NTU_Pose_Output\A043\S005C001P013R001A043.npy
S005C001P013R002A008,NTU,A008,sit_down,low_risk,48,25,3,"(48, 25, 3)",C:\Users\VICTUS\Downloads\Research\outputs\NTU_Pose_Output\A008\S005C001P013R002A008.npy
S005C001P013R002A009,NTU,A009,stand_up,low_risk,55,25,3,"(55, 25, 3)",C:\Users\VICTUS\Downloads\Research\outputs\NTU_Pose_Output\A009\S005C001P013R002A009.npy
S005C001P013R002A042,NTU,A042,staggering,moderate_risk,80,25,3,"(80, 25, 3)",C:\Users\VICTUS\Downloads\Research\outputs\NTU_Pose_Output\A042\S005C001P013R002A042.npy
S005C001P013R002A043,NTU,A043,falling_down,high_risk,43,25,3,"(43, 25, 3)",C:\Users\VICTUS\Downloads\Research\outputs\NTU_Pose_Output\A043\S005C001P013R002A043.npy
S005C001P015R001A008,NTU,A008,sit_down,low_risk,67,25,3,"(67, 25, 3)",C:\Users\VICTUS\Downloads\Research\outputs\NTU_Pose_Output\A008\S005C001P015R001A008.npy
S005C001P015R001A009,NTU,A009,stand_up,low_risk,59,25,3,"(59, 25, 3)",C:\Users\VICTUS\Downloads\Research\outputs\NTU_Pose_Output\A009\S005C001P015R001A009.npy
S005C001P015R001A042,NTU,A042,staggering,moderate_risk,87,25,3,"(87, 25, 3)",C:\Users\VICTUS\Downloads\Research\outputs\NTU_Pose_Output\A042\S005C001P015R001A042.npy
S005C001P015R001A043,NTU,A043,falling_down,high_risk,53,25,3,"(53, 25, 3)",C:\Users\VICTUS\Downloads\Research\outputs\NTU_Pose_Output\A043\S005C001P015R001A043.npy
S005C001P015R002A008,NTU,A008,sit_down,low_risk,54,25,3,"(54, 25, 3)",C:\Users\VICTUS\Downloads\Research\outputs\NTU_Pose_Output\A008\S005C001P015R002A008.npy
S005C001P015R002A009,NTU,A009,stand_up,low_risk,59,25,3,"(59, 25, 3)",C:\Users\VICTUS\Downloads\Research\outputs\NTU_Pose_Output\A009\S005C001P015R002A009.npy
S005C001P015R002A042,NTU,A042,staggering,moderate_risk,76,25,3,"(76, 25, 3)",C:\Users\VICTUS\Downloads\Research\outputs\NTU_Pose_Output\A042\S005C001P015R002A042.npy
S005C001P015R002A043,NTU,A043,falling_down,high_risk,56,25,3,"(56, 25, 3)",C:\Users\VICTUS\Downloads\Research\outputs\NTU_Pose_Output\A043\S005C001P015R002A043.npy
S005C001P016R001A008,NTU,A008,sit_down,low_risk,78,25,3,"(78, 25, 3)",C:\Users\VICTUS\Downloads\Research\outputs\NTU_Pose_Output\A008\S005C001P016R001A008.npy
S005C001P016R001A009,NTU,A009,stand_up,low_risk,70,25,3,"(70, 25, 3)",C:\Users\VICTUS\Downloads\Research\outputs\NTU_Pose_Output\A009\S005C001P016R001A009.npy
S005C001P016R001A042,NTU,A042,staggering,moderate_risk,89,25,3,"(89, 25, 3)",C:\Users\VICTUS\Downloads\Research\outputs\NTU_Pose_Output\A042\S005C001P016R001A042.npy
S005C001P016R001A043,NTU,A043,falling_down,high_risk,66,25,3,"(66, 25, 3)",C:\Users\VICTUS\Downloads\Research\outputs\NTU_Pose_Output\A043\S005C001P016R001A043.npy
S005C001P016R002A008,NTU,A008,sit_down,low_risk,74,25,3,"(74, 25, 3)",C:\Users\VICTUS\Downloads\Research\outputs\NTU_Pose_Output\A008\S005C001P016R002A008.npy
S005C001P016R002A009,NTU,A009,stand_up,low_risk,69,25,3,"(69, 25, 3)",C:\Users\VICTUS\Downloads\Research\outputs\NTU_Pose_Output\A009\S005C001P016R002A009.npy
S005C001P016R002A042,NTU,A042,staggering,moderate_risk,117,25,3,"(117, 25, 3)",C:\Users\VICTUS\Downloads\Research\outputs\NTU_Pose_Output\A042\S005C001P016R002A042.npy
S005C001P016R002A043,NTU,A043,falling_down,high_risk,69,25,3,"(69, 25, 3)",C:\Users\VICTUS\Downloads\Research\outputs\NTU_Pose_Output\A043\S005C001P016R002A043.npy
S005C001P017R001A008,NTU,A008,sit_down,low_risk,79,25,3,"(79, 25, 3)",C:\Users\VICTUS\Downloads\Research\outputs\NTU_Pose_Output\A008\S005C001P017R001A008.npy
S005C001P017R001A009,NTU,A009,stand_up,low_risk,59,25,3,"(59, 25, 3)",C:\Users\VICTUS\Downloads\Research\outputs\NTU_Pose_Output\A009\S005C001P017R001A009.npy
S005C001P017R001A042,NTU,A042,staggering,moderate_risk,99,25,3,"(99, 25, 3)",C:\Users\VICTUS\Downloads\Research\outputs\NTU_Pose_Output\A042\S005C001P017R001A042.npy
S005C001P017R001A043,NTU,A043,falling_down,high_risk,46,25,3,"(46, 25, 3)",C:\Users\VICTUS\Downloads\Research\outputs\NTU_Pose_Output\A043\S005C001P017R001A043.npy
S005C001P017R002A008,NTU,A008,sit_down,low_risk,87,25,3,"(87, 25, 3)",C:\Users\VICTUS\Downloads\Research\outputs\NTU_Pose_Output\A008\S005C001P017R002A008.npy
S005C001P017R002A009,NTU,A009,stand_up,low_risk,68,25,3,"(68, 25, 3)",C:\Users\VICTUS\Downloads\Research\outputs\NTU_Pose_Output\A009\S005C001P017R002A009.npy
S005C001P017R002A042,NTU,A042,staggering,moderate_risk,102,25,3,"(102, 25, 3)",C:\Users\VICTUS\Downloads\Research\outputs\NTU_Pose_Output\A042\S005C001P017R002A042.npy
S005C001P017R002A043,NTU,A043,falling_down,high_risk,59,25,3,"(59, 25, 3)",C:\Users\VICTUS\Downloads\Research\outputs\NTU_Pose_Output\A043\S005C001P017R002A043.npy
S005C001P018R001A008,NTU,A008,sit_down,low_risk,70,25,3,"(70, 25, 3)",C:\Users\VICTUS\Downloads\Research\outputs\NTU_Pose_Output\A008\S005C001P018R001A008.npy
S005C001P018R001A009,NTU,A009,stand_up,low_risk,53,25,3,"(53, 25, 3)",C:\Users\VICTUS\Downloads\Research\outputs\NTU_Pose_Output\A009\S005C001P018R001A009.npy
S005C001P018R001A042,NTU,A042,staggering,moderate_risk,83,25,3,"(83, 25, 3)",C:\Users\VICTUS\Downloads\Research\outputs\NTU_Pose_Output\A042\S005C001P018R001A042.npy
S005C001P018R001A043,NTU,A043,falling_down,high_risk,60,25,3,"(60, 25, 3)",C:\Users\VICTUS\Downloads\Research\outputs\NTU_Pose_Output\A043\S005C001P018R001A043.npy
S005C001P018R002A008,NTU,A008,sit_down,low_risk,55,25,3,"(55, 25, 3)",C:\Users\VICTUS\Downloads\Research\outputs\NTU_Pose_Output\A008\S005C001P018R002A008.npy
S005C001P018R002A009,NTU,A009,stand_up,low_risk,52,25,3,"(52, 25, 3)",C:\Users\VICTUS\Downloads\Research\outputs\NTU_Pose_Output\A009\S005C001P018R002A009.npy
S005C001P018R002A042,NTU,A042,staggering,moderate_risk,87,25,3,"(87, 25, 3)",C:\Users\VICTUS\Downloads\Research\outputs\NTU_Pose_Output\A042\S005C001P018R002A042.npy
S005C001P018R002A043,NTU,A043,falling_down,high_risk,59,25,3,"(59, 25, 3)",C:\Users\VICTUS\Downloads\Research\outputs\NTU_Pose_Output\A043\S005C001P018R002A043.npy
S005C001P021R001A008,NTU,A008,sit_down,low_risk,86,25,3,"(86, 25, 3)",C:\Users\VICTUS\Downloads\Research\outputs\NTU_Pose_Output\A008\S005C001P021R001A008.npy
S005C001P021R001A009,NTU,A009,stand_up,low_risk,76,25,3,"(76, 25, 3)",C:\Users\VICTUS\Downloads\Research\outputs\NTU_Pose_Output\A009\S005C001P021R001A009.npy
S005C001P021R001A042,NTU,A042,staggering,moderate_risk,94,25,3,"(94, 25, 3)",C:\Users\VICTUS\Downloads\Research\outputs\NTU_Pose_Output\A042\S005C001P021R001A042.npy
S005C001P021R001A043,NTU,A043,falling_down,high_risk,82,25,3,"(82, 25, 3)",C:\Users\VICTUS\Downloads\Research\outputs\NTU_Pose_Output\A043\S005C001P021R001A043.npy
S005C001P021R002A008,NTU,A008,sit_down,low_risk,100,25,3,"(100, 25, 3)",C:\Users\VICTUS\Downloads\Research\outputs\NTU_Pose_Output\A008\S005C001P021R002A008.npy
S005C001P021R002A009,NTU,A009,stand_up,low_risk,78,25,3,"(78, 25, 3)",C:\Users\VICTUS\Downloads\Research\outputs\NTU_Pose_Output\A009\S005C001P021R002A009.npy
S005C001P021R002A042,NTU,A042,staggering,moderate_risk,115,25,3,"(115, 25, 3)",C:\Users\VICTUS\Downloads\Research\outputs\NTU_Pose_Output\A042\S005C001P021R002A042.npy
S005C001P021R002A043,NTU,A043,falling_down,high_risk,87,25,3,"(87, 25, 3)",C:\Users\VICTUS\Downloads\Research\outputs\NTU_Pose_Output\A043\S005C001P021R002A043.npy
S005C002P004R001A008,NTU,A008,sit_down,low_risk,65,25,3,"(65, 25, 3)",C:\Users\VICTUS\Downloads\Research\outputs\NTU_Pose_Output\A008\S005C002P004R001A008.npy
S005C002P004R001A009,NTU,A009,stand_up,low_risk,64,25,3,"(64, 25, 3)",C:\Users\VICTUS\Downloads\Research\outputs\NTU_Pose_Output\A009\S005C002P004R001A009.npy
S005C002P004R001A042,NTU,A042,staggering,moderate_risk,105,25,3,"(105, 25, 3)",C:\Users\VICTUS\Downloads\Research\outputs\NTU_Pose_Output\A042\S005C002P004R001A042.npy
S005C002P004R001A043,NTU,A043,falling_down,high_risk,71,25,3,"(71, 25, 3)",C:\Users\VICTUS\Downloads\Research\outputs\NTU_Pose_Output\A043\S005C002P004R001A043.npy
S005C002P004R002A008,NTU,A008,sit_down,low_risk,70,25,3,"(70, 25, 3)",C:\Users\VICTUS\Downloads\Research\outputs\NTU_Pose_Output\A008\S005C002P004R002A008.npy
S005C002P004R002A009,NTU,A009,stand_up,low_risk,62,25,3,"(62, 25, 3)",C:\Users\VICTUS\Downloads\Research\outputs\NTU_Pose_Output\A009\S005C002P004R002A009.npy
S005C002P004R002A042,NTU,A042,staggering,moderate_risk,104,25,3,"(104, 25, 3)",C:\Users\VICTUS\Downloads\Research\outputs\NTU_Pose_Output\A042\S005C002P004R002A042.npy
S005C002P004R002A043,NTU,A043,falling_down,high_risk,79,25,3,"(79, 25, 3)",C:\Users\VICTUS\Downloads\Research\outputs\NTU_Pose_Output\A043\S005C002P004R002A043.npy
S005C002P010R001A008,NTU,A008,sit_down,low_risk,106,25,3,"(106, 25, 3)",C:\Users\VICTUS\Downloads\Research\outputs\NTU_Pose_Output\A008\S005C002P010R001A008.npy
S005C002P010R001A009,NTU,A009,stand_up,low_risk,54,25,3,"(54, 25, 3)",C:\Users\VICTUS\Downloads\Research\outputs\NTU_Pose_Output\A009\S005C002P010R001A009.npy
S005C002P010R001A042,NTU,A042,staggering,moderate_risk,104,25,3,"(104, 25, 3)",C:\Users\VICTUS\Downloads\Research\outputs\NTU_Pose_Output\A042\S005C002P010R001A042.npy
S005C002P010R001A043,NTU,A043,falling_down,high_risk,85,25,3,"(85, 25, 3)",C:\Users\VICTUS\Downloads\Research\outputs\NTU_Pose_Output\A043\S005C002P010R001A043.npy
S005C002P010R002A008,NTU,A008,sit_down,low_risk,64,25,3,"(64, 25, 3)",C:\Users\VICTUS\Downloads\Research\outputs\NTU_Pose_Output\A008\S005C002P010R002A008.npy
S005C002P010R002A009,NTU,A009,stand_up,low_risk,50,25,3,"(50, 25, 3)",C:\Users\VICTUS\Downloads\Research\outputs\NTU_Pose_Output\A009\S005C002P010R002A009.npy
S005C002P010R002A042,NTU,A042,staggering,moderate_risk,108,25,3,"(108, 25, 3)",C:\Users\VICTUS\Downloads\Research\outputs\NTU_Pose_Output\A042\S005C002P010R002A042.npy
S005C002P010R002A043,NTU,A043,falling_down,high_risk,59,25,3,"(59, 25, 3)",C:\Users\VICTUS\Downloads\Research\outputs\NTU_Pose_Output\A043\S005C002P010R002A043.npy
S005C002P013R001A008,NTU,A008,sit_down,low_risk,71,25,3,"(71, 25, 3)",C:\Users\VICTUS\Downloads\Research\outputs\NTU_Pose_Output\A008\S005C002P013R001A008.npy
S005C002P013R001A009,NTU,A009,stand_up,low_risk,74,25,3,"(74, 25, 3)",C:\Users\VICTUS\Downloads\Research\outputs\NTU_Pose_Output\A009\S005C002P013R001A009.npy
S005C002P013R001A042,NTU,A042,staggering,moderate_risk,79,25,3,"(79, 25, 3)",C:\Users\VICTUS\Downloads\Research\outputs\NTU_Pose_Output\A042\S005C002P013R001A042.npy
S005C002P013R001A043,NTU,A043,falling_down,high_risk,50,25,3,"(50, 25, 3)",C:\Users\VICTUS\Downloads\Research\outputs\NTU_Pose_Output\A043\S005C002P013R001A043.npy
S005C002P013R002A008,NTU,A008,sit_down,low_risk,48,25,3,"(48, 25, 3)",C:\Users\VICTUS\Downloads\Research\outputs\NTU_Pose_Output\A008\S005C002P013R002A008.npy
S005C002P013R002A009,NTU,A009,stand_up,low_risk,56,25,3,"(56, 25, 3)",C:\Users\VICTUS\Downloads\Research\outputs\NTU_Pose_Output\A009\S005C002P013R002A009.npy
S005C002P013R002A042,NTU,A042,staggering,moderate_risk,79,25,3,"(79, 25, 3)",C:\Users\VICTUS\Downloads\Research\outputs\NTU_Pose_Output\A042\S005C002P013R002A042.npy
S005C002P013R002A043,NTU,A043,falling_down,high_risk,42,25,3,"(42, 25, 3)",C:\Users\VICTUS\Downloads\Research\outputs\NTU_Pose_Output\A043\S005C002P013R002A043.npy
S005C002P015R001A008,NTU,A008,sit_down,low_risk,67,25,3,"(67, 25, 3)",C:\Users\VICTUS\Downloads\Research\outputs\NTU_Pose_Output\A008\S005C002P015R001A008.npy
S005C002P015R001A009,NTU,A009,stand_up,low_risk,59,25,3,"(59, 25, 3)",C:\Users\VICTUS\Downloads\Research\outputs\NTU_Pose_Output\A009\S005C002P015R001A009.npy
S005C002P015R001A042,NTU,A042,staggering,moderate_risk,87,25,3,"(87, 25, 3)",C:\Users\VICTUS\Downloads\Research\outputs\NTU_Pose_Output\A042\S005C002P015R001A042.npy
S005C002P015R001A043,NTU,A043,falling_down,high_risk,53,25,3,"(53, 25, 3)",C:\Users\VICTUS\Downloads\Research\outputs\NTU_Pose_Output\A043\S005C002P015R001A043.npy
S005C002P015R002A008,NTU,A008,sit_down,low_risk,54,25,3,"(54, 25, 3)",C:\Users\VICTUS\Downloads\Research\outputs\NTU_Pose_Output\A008\S005C002P015R002A008.npy
S005C002P015R002A009,NTU,A009,stand_up,low_risk,60,25,3,"(60, 25, 3)",C:\Users\VICTUS\Downloads\Research\outputs\NTU_Pose_Output\A009\S005C002P015R002A009.npy
S005C002P015R002A042,NTU,A042,staggering,moderate_risk,76,25,3,"(76, 25, 3)",C:\Users\VICTUS\Downloads\Research\outputs\NTU_Pose_Output\A042\S005C002P015R002A042.npy
S005C002P015R002A043,NTU,A043,falling_down,high_risk,56,25,3,"(56, 25, 3)",C:\Users\VICTUS\Downloads\Research\outputs\NTU_Pose_Output\A043\S005C002P015R002A043.npy
S005C002P016R001A008,NTU,A008,sit_down,low_risk,79,25,3,"(79, 25, 3)",C:\Users\VICTUS\Downloads\Research\outputs\NTU_Pose_Output\A008\S005C002P016R001A008.npy
S005C002P016R001A009,NTU,A009,stand_up,low_risk,70,25,3,"(70, 25, 3)",C:\Users\VICTUS\Downloads\Research\outputs\NTU_Pose_Output\A009\S005C002P016R001A009.npy
S005C002P016R001A042,NTU,A042,staggering,moderate_risk,89,25,3,"(89, 25, 3)",C:\Users\VICTUS\Downloads\Research\outputs\NTU_Pose_Output\A042\S005C002P016R001A042.npy
S005C002P016R001A043,NTU,A043,falling_down,high_risk,66,25,3,"(66, 25, 3)",C:\Users\VICTUS\Downloads\Research\outputs\NTU_Pose_Output\A043\S005C002P016R001A043.npy
S005C002P016R002A008,NTU,A008,sit_down,low_risk,75,25,3,"(75, 25, 3)",C:\Users\VICTUS\Downloads\Research\outputs\NTU_Pose_Output\A008\S005C002P016R002A008.npy
S005C002P016R002A009,NTU,A009,stand_up,low_risk,68,25,3,"(68, 25, 3)",C:\Users\VICTUS\Downloads\Research\outputs\NTU_Pose_Output\A009\S005C002P016R002A009.npy
S005C002P016R002A042,NTU,A042,staggering,moderate_risk,116,25,3,"(116, 25, 3)",C:\Users\VICTUS\Downloads\Research\outputs\NTU_Pose_Output\A042\S005C002P016R002A042.npy
S005C002P016R002A043,NTU,A043,falling_down,high_risk,69,25,3,"(69, 25, 3)",C:\Users\VICTUS\Downloads\Research\outputs\NTU_Pose_Output\A043\S005C002P016R002A043.npy
S005C002P017R001A008,NTU,A008,sit_down,low_risk,79,25,3,"(79, 25, 3)",C:\Users\VICTUS\Downloads\Research\outputs\NTU_Pose_Output\A008\S005C002P017R001A008.npy
S005C002P017R001A009,NTU,A009,stand_up,low_risk,59,25,3,"(59, 25, 3)",C:\Users\VICTUS\Downloads\Research\outputs\NTU_Pose_Output\A009\S005C002P017R001A009.npy
S005C002P017R001A042,NTU,A042,staggering,moderate_risk,99,25,3,"(99, 25, 3)",C:\Users\VICTUS\Downloads\Research\outputs\NTU_Pose_Output\A042\S005C002P017R001A042.npy
S005C002P017R001A043,NTU,A043,falling_down,high_risk,47,25,3,"(47, 25, 3)",C:\Users\VICTUS\Downloads\Research\outputs\NTU_Pose_Output\A043\S005C002P017R001A043.npy
S005C002P017R002A008,NTU,A008,sit_down,low_risk,86,25,3,"(86, 25, 3)",C:\Users\VICTUS\Downloads\Research\outputs\NTU_Pose_Output\A008\S005C002P017R002A008.npy
S005C002P017R002A009,NTU,A009,stand_up,low_risk,68,25,3,"(68, 25, 3)",C:\Users\VICTUS\Downloads\Research\outputs\NTU_Pose_Output\A009\S005C002P017R002A009.npy
S005C002P017R002A042,NTU,A042,staggering,moderate_risk,102,25,3,"(102, 25, 3)",C:\Users\VICTUS\Downloads\Research\outputs\NTU_Pose_Output\A042\S005C002P017R002A042.npy
S005C002P017R002A043,NTU,A043,falling_down,high_risk,59,25,3,"(59, 25, 3)",C:\Users\VICTUS\Downloads\Research\outputs\NTU_Pose_Output\A043\S005C002P017R002A043.npy
S005C002P018R001A008,NTU,A008,sit_down,low_risk,70,25,3,"(70, 25, 3)",C:\Users\VICTUS\Downloads\Research\outputs\NTU_Pose_Output\A008\S005C002P018R001A008.npy
S005C002P018R001A009,NTU,A009,stand_up,low_risk,53,25,3,"(53, 25, 3)",C:\Users\VICTUS\Downloads\Research\outputs\NTU_Pose_Output\A009\S005C002P018R001A009.npy
S005C002P018R001A042,NTU,A042,staggering,moderate_risk,84,25,3,"(84, 25, 3)",C:\Users\VICTUS\Downloads\Research\outputs\NTU_Pose_Output\A042\S005C002P018R001A042.npy
S005C002P018R001A043,NTU,A043,falling_down,high_risk,60,25,3,"(60, 25, 3)",C:\Users\VICTUS\Downloads\Research\outputs\NTU_Pose_Output\A043\S005C002P018R001A043.npy
S005C002P018R002A008,NTU,A008,sit_down,low_risk,57,25,3,"(57, 25, 3)",C:\Users\VICTUS\Downloads\Research\outputs\NTU_Pose_Output\A008\S005C002P018R002A008.npy
S005C002P018R002A009,NTU,A009,stand_up,low_risk,52,25,3,"(52, 25, 3)",C:\Users\VICTUS\Downloads\Research\outputs\NTU_Pose_Output\A009\S005C002P018R002A009.npy
S005C002P018R002A042,NTU,A042,staggering,moderate_risk,88,25,3,"(88, 25, 3)",C:\Users\VICTUS\Downloads\Research\outputs\NTU_Pose_Output\A042\S005C002P018R002A042.npy
S005C002P018R002A043,NTU,A043,falling_down,high_risk,59,25,3,"(59, 25, 3)",C:\Users\VICTUS\Downloads\Research\outputs\NTU_Pose_Output\A043\S005C002P018R002A043.npy
S005C002P021R001A008,NTU,A008,sit_down,low_risk,85,25,3,"(85, 25, 3)",C:\Users\VICTUS\Downloads\Research\outputs\NTU_Pose_Output\A008\S005C002P021R001A008.npy
S005C002P021R001A009,NTU,A009,stand_up,low_risk,76,25,3,"(76, 25, 3)",C:\Users\VICTUS\Downloads\Research\outputs\NTU_Pose_Output\A009\S005C002P021R001A009.npy
S005C002P021R001A042,NTU,A042,staggering,moderate_risk,97,25,3,"(97, 25, 3)",C:\Users\VICTUS\Downloads\Research\outputs\NTU_Pose_Output\A042\S005C002P021R001A042.npy
S005C002P021R001A043,NTU,A043,falling_down,high_risk,82,25,3,"(82, 25, 3)",C:\Users\VICTUS\Downloads\Research\outputs\NTU_Pose_Output\A043\S005C002P021R001A043.npy
S005C002P021R002A008,NTU,A008,sit_down,low_risk,101,25,3,"(101, 25, 3)",C:\Users\VICTUS\Downloads\Research\outputs\NTU_Pose_Output\A008\S005C002P021R002A008.npy
S005C002P021R002A009,NTU,A009,stand_up,low_risk,78,25,3,"(78, 25, 3)",C:\Users\VICTUS\Downloads\Research\outputs\NTU_Pose_Output\A009\S005C002P021R002A009.npy
S005C002P021R002A042,NTU,A042,staggering,moderate_risk,116,25,3,"(116, 25, 3)",C:\Users\VICTUS\Downloads\Research\outputs\NTU_Pose_Output\A042\S005C002P021R002A042.npy
S005C002P021R002A043,NTU,A043,falling_down,high_risk,88,25,3,"(88, 25, 3)",C:\Users\VICTUS\Downloads\Research\outputs\NTU_Pose_Output\A043\S005C002P021R002A043.npy
S005C003P004R001A008,NTU,A008,sit_down,low_risk,64,25,3,"(64, 25, 3)",C:\Users\VICTUS\Downloads\Research\outputs\NTU_Pose_Output\A008\S005C003P004R001A008.npy
S005C003P004R001A009,NTU,A009,stand_up,low_risk,65,25,3,"(65, 25, 3)",C:\Users\VICTUS\Downloads\Research\outputs\NTU_Pose_Output\A009\S005C003P004R001A009.npy
S005C003P004R001A042,NTU,A042,staggering,moderate_risk,105,25,3,"(105, 25, 3)",C:\Users\VICTUS\Downloads\Research\outputs\NTU_Pose_Output\A042\S005C003P004R001A042.npy
S005C003P004R001A043,NTU,A043,falling_down,high_risk,72,25,3,"(72, 25, 3)",C:\Users\VICTUS\Downloads\Research\outputs\NTU_Pose_Output\A043\S005C003P004R001A043.npy
S005C003P004R002A008,NTU,A008,sit_down,low_risk,70,25,3,"(70, 25, 3)",C:\Users\VICTUS\Downloads\Research\outputs\NTU_Pose_Output\A008\S005C003P004R002A008.npy
S005C003P004R002A009,NTU,A009,stand_up,low_risk,62,25,3,"(62, 25, 3)",C:\Users\VICTUS\Downloads\Research\outputs\NTU_Pose_Output\A009\S005C003P004R002A009.npy
S005C003P004R002A042,NTU,A042,staggering,moderate_risk,104,25,3,"(104, 25, 3)",C:\Users\VICTUS\Downloads\Research\outputs\NTU_Pose_Output\A042\S005C003P004R002A042.npy
S005C003P004R002A043,NTU,A043,falling_down,high_risk,80,25,3,"(80, 25, 3)",C:\Users\VICTUS\Downloads\Research\outputs\NTU_Pose_Output\A043\S005C003P004R002A043.npy
S005C003P010R001A008,NTU,A008,sit_down,low_risk,106,25,3,"(106, 25, 3)",C:\Users\VICTUS\Downloads\Research\outputs\NTU_Pose_Output\A008\S005C003P010R001A008.npy
S005C003P010R001A009,NTU,A009,stand_up,low_risk,55,25,3,"(55, 25, 3)",C:\Users\VICTUS\Downloads\Research\outputs\NTU_Pose_Output\A009\S005C003P010R001A009.npy
S005C003P010R001A042,NTU,A042,staggering,moderate_risk,105,25,3,"(105, 25, 3)",C:\Users\VICTUS\Downloads\Research\outputs\NTU_Pose_Output\A042\S005C003P010R001A042.npy
S005C003P010R001A043,NTU,A043,falling_down,high_risk,86,25,3,"(86, 25, 3)",C:\Users\VICTUS\Downloads\Research\outputs\NTU_Pose_Output\A043\S005C003P010R001A043.npy
S005C003P010R002A008,NTU,A008,sit_down,low_risk,64,25,3,"(64, 25, 3)",C:\Users\VICTUS\Downloads\Research\outputs\NTU_Pose_Output\A008\S005C003P010R002A008.npy
S005C003P010R002A009,NTU,A009,stand_up,low_risk,51,25,3,"(51, 25, 3)",C:\Users\VICTUS\Downloads\Research\outputs\NTU_Pose_Output\A009\S005C003P010R002A009.npy
S005C003P010R002A042,NTU,A042,staggering,moderate_risk,108,25,3,"(108, 25, 3)",C:\Users\VICTUS\Downloads\Research\outputs\NTU_Pose_Output\A042\S005C003P010R002A042.npy
S005C003P010R002A043,NTU,A043,falling_down,high_risk,59,25,3,"(59, 25, 3)",C:\Users\VICTUS\Downloads\Research\outputs\NTU_Pose_Output\A043\S005C003P010R002A043.npy
S005C003P013R001A008,NTU,A008,sit_down,low_risk,71,25,3,"(71, 25, 3)",C:\Users\VICTUS\Downloads\Research\outputs\NTU_Pose_Output\A008\S005C003P013R001A008.npy
S005C003P013R001A009,NTU,A009,stand_up,low_risk,74,25,3,"(74, 25, 3)",C:\Users\VICTUS\Downloads\Research\outputs\NTU_Pose_Output\A009\S005C003P013R001A009.npy
S005C003P013R001A042,NTU,A042,staggering,moderate_risk,79,25,3,"(79, 25, 3)",C:\Users\VICTUS\Downloads\Research\outputs\NTU_Pose_Output\A042\S005C003P013R001A042.npy
S005C003P013R001A043,NTU,A043,falling_down,high_risk,50,25,3,"(50, 25, 3)",C:\Users\VICTUS\Downloads\Research\outputs\NTU_Pose_Output\A043\S005C003P013R001A043.npy
S005C003P013R002A008,NTU,A008,sit_down,low_risk,48,25,3,"(48, 25, 3)",C:\Users\VICTUS\Downloads\Research\outputs\NTU_Pose_Output\A008\S005C003P013R002A008.npy
S005C003P013R002A009,NTU,A009,stand_up,low_risk,56,25,3,"(56, 25, 3)",C:\Users\VICTUS\Downloads\Research\outputs\NTU_Pose_Output\A009\S005C003P013R002A009.npy
S005C003P013R002A042,NTU,A042,staggering,moderate_risk,80,25,3,"(80, 25, 3)",C:\Users\VICTUS\Downloads\Research\outputs\NTU_Pose_Output\A042\S005C003P013R002A042.npy
S005C003P013R002A043,NTU,A043,falling_down,high_risk,43,25,3,"(43, 25, 3)",C:\Users\VICTUS\Downloads\Research\outputs\NTU_Pose_Output\A043\S005C003P013R002A043.npy
S005C003P015R001A008,NTU,A008,sit_down,low_risk,66,25,3,"(66, 25, 3)",C:\Users\VICTUS\Downloads\Research\outputs\NTU_Pose_Output\A008\S005C003P015R001A008.npy
S005C003P015R001A009,NTU,A009,stand_up,low_risk,59,25,3,"(59, 25, 3)",C:\Users\VICTUS\Downloads\Research\outputs\NTU_Pose_Output\A009\S005C003P015R001A009.npy
S005C003P015R001A042,NTU,A042,staggering,moderate_risk,86,25,3,"(86, 25, 3)",C:\Users\VICTUS\Downloads\Research\outputs\NTU_Pose_Output\A042\S005C003P015R001A042.npy
S005C003P015R001A043,NTU,A043,falling_down,high_risk,53,25,3,"(53, 25, 3)",C:\Users\VICTUS\Downloads\Research\outputs\NTU_Pose_Output\A043\S005C003P015R001A043.npy
S005C003P015R002A008,NTU,A008,sit_down,low_risk,54,25,3,"(54, 25, 3)",C:\Users\VICTUS\Downloads\Research\outputs\NTU_Pose_Output\A008\S005C003P015R002A008.npy
S005C003P015R002A009,NTU,A009,stand_up,low_risk,59,25,3,"(59, 25, 3)",C:\Users\VICTUS\Downloads\Research\outputs\NTU_Pose_Output\A009\S005C003P015R002A009.npy
S005C003P015R002A042,NTU,A042,staggering,moderate_risk,76,25,3,"(76, 25, 3)",C:\Users\VICTUS\Downloads\Research\outputs\NTU_Pose_Output\A042\S005C003P015R002A042.npy
S005C003P015R002A043,NTU,A043,falling_down,high_risk,56,25,3,"(56, 25, 3)",C:\Users\VICTUS\Downloads\Research\outputs\NTU_Pose_Output\A043\S005C003P015R002A043.npy
S005C003P016R001A008,NTU,A008,sit_down,low_risk,78,25,3,"(78, 25, 3)",C:\Users\VICTUS\Downloads\Research\outputs\NTU_Pose_Output\A008\S005C003P016R001A008.npy
S005C003P016R001A009,NTU,A009,stand_up,low_risk,70,25,3,"(70, 25, 3)",C:\Users\VICTUS\Downloads\Research\outputs\NTU_Pose_Output\A009\S005C003P016R001A009.npy
S005C003P016R001A042,NTU,A042,staggering,moderate_risk,89,25,3,"(89, 25, 3)",C:\Users\VICTUS\Downloads\Research\outputs\NTU_Pose_Output\A042\S005C003P016R001A042.npy
S005C003P016R001A043,NTU,A043,falling_down,high_risk,66,25,3,"(66, 25, 3)",C:\Users\VICTUS\Downloads\Research\outputs\NTU_Pose_Output\A043\S005C003P016R001A043.npy
S005C003P016R002A008,NTU,A008,sit_down,low_risk,75,25,3,"(75, 25, 3)",C:\Users\VICTUS\Downloads\Research\outputs\NTU_Pose_Output\A008\S005C003P016R002A008.npy
S005C003P016R002A009,NTU,A009,stand_up,low_risk,69,25,3,"(69, 25, 3)",C:\Users\VICTUS\Downloads\Research\outputs\NTU_Pose_Output\A009\S005C003P016R002A009.npy
S005C003P016R002A042,NTU,A042,staggering,moderate_risk,116,25,3,"(116, 25, 3)",C:\Users\VICTUS\Downloads\Research\outputs\NTU_Pose_Output\A042\S005C003P016R002A042.npy
S005C003P016R002A043,NTU,A043,falling_down,high_risk,69,25,3,"(69, 25, 3)",C:\Users\VICTUS\Downloads\Research\outputs\NTU_Pose_Output\A043\S005C003P016R002A043.npy
S005C003P017R001A008,NTU,A008,sit_down,low_risk,79,25,3,"(79, 25, 3)",C:\Users\VICTUS\Downloads\Research\outputs\NTU_Pose_Output\A008\S005C003P017R001A008.npy
S005C003P017R001A009,NTU,A009,stand_up,low_risk,59,25,3,"(59, 25, 3)",C:\Users\VICTUS\Downloads\Research\outputs\NTU_Pose_Output\A009\S005C003P017R001A009.npy
S005C003P017R001A042,NTU,A042,staggering,moderate_risk,99,25,3,"(99, 25, 3)",C:\Users\VICTUS\Downloads\Research\outputs\NTU_Pose_Output\A042\S005C003P017R001A042.npy
S005C003P017R001A043,NTU,A043,falling_down,high_risk,46,25,3,"(46, 25, 3)",C:\Users\VICTUS\Downloads\Research\outputs\NTU_Pose_Output\A043\S005C003P017R001A043.npy
S005C003P017R002A008,NTU,A008,sit_down,low_risk,87,25,3,"(87, 25, 3)",C:\Users\VICTUS\Downloads\Research\outputs\NTU_Pose_Output\A008\S005C003P017R002A008.npy
S005C003P017R002A009,NTU,A009,stand_up,low_risk,68,25,3,"(68, 25, 3)",C:\Users\VICTUS\Downloads\Research\outputs\NTU_Pose_Output\A009\S005C003P017R002A009.npy
S005C003P017R002A042,NTU,A042,staggering,moderate_risk,102,25,3,"(102, 25, 3)",C:\Users\VICTUS\Downloads\Research\outputs\NTU_Pose_Output\A042\S005C003P017R002A042.npy
S005C003P017R002A043,NTU,A043,falling_down,high_risk,59,25,3,"(59, 25, 3)",C:\Users\VICTUS\Downloads\Research\outputs\NTU_Pose_Output\A043\S005C003P017R002A043.npy
S005C003P018R001A008,NTU,A008,sit_down,low_risk,69,25,3,"(69, 25, 3)",C:\Users\VICTUS\Downloads\Research\outputs\NTU_Pose_Output\A008\S005C003P018R001A008.npy
S005C003P018R001A009,NTU,A009,stand_up,low_risk,53,25,3,"(53, 25, 3)",C:\Users\VICTUS\Downloads\Research\outputs\NTU_Pose_Output\A009\S005C003P018R001A009.npy
S005C003P018R001A042,NTU,A042,staggering,moderate_risk,84,25,3,"(84, 25, 3)",C:\Users\VICTUS\Downloads\Research\outputs\NTU_Pose_Output\A042\S005C003P018R001A042.npy
S005C003P018R001A043,NTU,A043,falling_down,high_risk,60,25,3,"(60, 25, 3)",C:\Users\VICTUS\Downloads\Research\outputs\NTU_Pose_Output\A043\S005C003P018R001A043.npy
S005C003P018R002A008,NTU,A008,sit_down,low_risk,57,25,3,"(57, 25, 3)",C:\Users\VICTUS\Downloads\Research\outputs\NTU_Pose_Output\A008\S005C003P018R002A008.npy
S005C003P018R002A009,NTU,A009,stand_up,low_risk,51,25,3,"(51, 25, 3)",C:\Users\VICTUS\Downloads\Research\outputs\NTU_Pose_Output\A009\S005C003P018R002A009.npy
S005C003P018R002A042,NTU,A042,staggering,moderate_risk,88,25,3,"(88, 25, 3)",C:\Users\VICTUS\Downloads\Research\outputs\NTU_Pose_Output\A042\S005C003P018R002A042.npy
S005C003P018R002A043,NTU,A043,falling_down,high_risk,59,25,3,"(59, 25, 3)",C:\Users\VICTUS\Downloads\Research\outputs\NTU_Pose_Output\A043\S005C003P018R002A043.npy
S005C003P021R001A008,NTU,A008,sit_down,low_risk,86,25,3,"(86, 25, 3)",C:\Users\VICTUS\Downloads\Research\outputs\NTU_Pose_Output\A008\S005C003P021R001A008.npy
S005C003P021R001A009,NTU,A009,stand_up,low_risk,76,25,3,"(76, 25, 3)",C:\Users\VICTUS\Downloads\Research\outputs\NTU_Pose_Output\A009\S005C003P021R001A009.npy
S005C003P021R001A042,NTU,A042,staggering,moderate_risk,97,25,3,"(97, 25, 3)",C:\Users\VICTUS\Downloads\Research\outputs\NTU_Pose_Output\A042\S005C003P021R001A042.npy
S005C003P021R001A043,NTU,A043,falling_down,high_risk,83,25,3,"(83, 25, 3)",C:\Users\VICTUS\Downloads\Research\outputs\NTU_Pose_Output\A043\S005C003P021R001A043.npy
S005C003P021R002A008,NTU,A008,sit_down,low_risk,101,25,3,"(101, 25, 3)",C:\Users\VICTUS\Downloads\Research\outputs\NTU_Pose_Output\A008\S005C003P021R002A008.npy
S005C003P021R002A009,NTU,A009,stand_up,low_risk,78,25,3,"(78, 25, 3)",C:\Users\VICTUS\Downloads\Research\outputs\NTU_Pose_Output\A009\S005C003P021R002A009.npy
S005C003P021R002A042,NTU,A042,staggering,moderate_risk,116,25,3,"(116, 25, 3)",C:\Users\VICTUS\Downloads\Research\outputs\NTU_Pose_Output\A042\S005C003P021R002A042.npy
S005C003P021R002A043,NTU,A043,falling_down,high_risk,88,25,3,"(88, 25, 3)",C:\Users\VICTUS\Downloads\Research\outputs\NTU_Pose_Output\A043\S005C003P021R002A043.npy
S006C001P001R001A008,NTU,A008,sit_down,low_risk,67,25,3,"(67, 25, 3)",C:\Users\VICTUS\Downloads\Research\outputs\NTU_Pose_Output\A008\S006C001P001R001A008.npy
S006C001P001R001A009,NTU,A009,stand_up,low_risk,51,25,3,"(51, 25, 3)",C:\Users\VICTUS\Downloads\Research\outputs\NTU_Pose_Output\A009\S006C001P001R001A009.npy
S006C001P001R001A042,NTU,A042,staggering,moderate_risk,102,25,3,"(102, 25, 3)",C:\Users\VICTUS\Downloads\Research\outputs\NTU_Pose_Output\A042\S006C001P001R001A042.npy
S006C001P001R001A043,NTU,A043,falling_down,high_risk,49,25,3,"(49, 25, 3)",C:\Users\VICTUS\Downloads\Research\outputs\NTU_Pose_Output\A043\S006C001P001R001A043.npy
S006C001P001R002A008,NTU,A008,sit_down,low_risk,70,25,3,"(70, 25, 3)",C:\Users\VICTUS\Downloads\Research\outputs\NTU_Pose_Output\A008\S006C001P001R002A008.npy
S006C001P001R002A009,NTU,A009,stand_up,low_risk,48,25,3,"(48, 25, 3)",C:\Users\VICTUS\Downloads\Research\outputs\NTU_Pose_Output\A009\S006C001P001R002A009.npy
S006C001P001R002A042,NTU,A042,staggering,moderate_risk,104,25,3,"(104, 25, 3)",C:\Users\VICTUS\Downloads\Research\outputs\NTU_Pose_Output\A042\S006C001P001R002A042.npy
S006C001P001R002A043,NTU,A043,falling_down,high_risk,46,25,3,"(46, 25, 3)",C:\Users\VICTUS\Downloads\Research\outputs\NTU_Pose_Output\A043\S006C001P001R002A043.npy
S006C001P007R001A008,NTU,A008,sit_down,low_risk,82,25,3,"(82, 25, 3)",C:\Users\VICTUS\Downloads\Research\outputs\NTU_Pose_Output\A008\S006C001P007R001A008.npy
S006C001P007R001A009,NTU,A009,stand_up,low_risk,79,25,3,"(79, 25, 3)",C:\Users\VICTUS\Downloads\Research\outputs\NTU_Pose_Output\A009\S006C001P007R001A009.npy
S006C001P007R001A042,NTU,A042,staggering,moderate_risk,99,25,3,"(99, 25, 3)",C:\Users\VICTUS\Downloads\Research\outputs\NTU_Pose_Output\A042\S006C001P007R001A042.npy
S006C001P007R001A043,NTU,A043,falling_down,high_risk,80,25,3,"(80, 25, 3)",C:\Users\VICTUS\Downloads\Research\outputs\NTU_Pose_Output\A043\S006C001P007R001A043.npy
S006C001P007R002A008,NTU,A008,sit_down,low_risk,65,25,3,"(65, 25, 3)",C:\Users\VICTUS\Downloads\Research\outputs\NTU_Pose_Output\A008\S006C001P007R002A008.npy
S006C001P007R002A009,NTU,A009,stand_up,low_risk,67,25,3,"(67, 25, 3)",C:\Users\VICTUS\Downloads\Research\outputs\NTU_Pose_Output\A009\S006C001P007R002A009.npy
S006C001P007R002A042,NTU,A042,staggering,moderate_risk,94,25,3,"(94, 25, 3)",C:\Users\VICTUS\Downloads\Research\outputs\NTU_Pose_Output\A042\S006C001P007R002A042.npy
S006C001P007R002A043,NTU,A043,falling_down,high_risk,71,25,3,"(71, 25, 3)",C:\Users\VICTUS\Downloads\Research\outputs\NTU_Pose_Output\A043\S006C001P007R002A043.npy
S006C001P008R001A008,NTU,A008,sit_down,low_risk,74,25,3,"(74, 25, 3)",C:\Users\VICTUS\Downloads\Research\outputs\NTU_Pose_Output\A008\S006C001P008R001A008.npy
S006C001P008R001A009,NTU,A009,stand_up,low_risk,58,25,3,"(58, 25, 3)",C:\Users\VICTUS\Downloads\Research\outputs\NTU_Pose_Output\A009\S006C001P008R001A009.npy
S006C001P008R001A042,NTU,A042,staggering,moderate_risk,93,25,3,"(93, 25, 3)",C:\Users\VICTUS\Downloads\Research\outputs\NTU_Pose_Output\A042\S006C001P008R001A042.npy
S006C001P008R001A043,NTU,A043,falling_down,high_risk,46,25,3,"(46, 25, 3)",C:\Users\VICTUS\Downloads\Research\outputs\NTU_Pose_Output\A043\S006C001P008R001A043.npy
S006C001P008R002A008,NTU,A008,sit_down,low_risk,77,25,3,"(77, 25, 3)",C:\Users\VICTUS\Downloads\Research\outputs\NTU_Pose_Output\A008\S006C001P008R002A008.npy
S006C001P008R002A009,NTU,A009,stand_up,low_risk,63,25,3,"(63, 25, 3)",C:\Users\VICTUS\Downloads\Research\outputs\NTU_Pose_Output\A009\S006C001P008R002A009.npy
S006C001P008R002A042,NTU,A042,staggering,moderate_risk,105,25,3,"(105, 25, 3)",C:\Users\VICTUS\Downloads\Research\outputs\NTU_Pose_Output\A042\S006C001P008R002A042.npy
S006C001P008R002A043,NTU,A043,falling_down,high_risk,63,25,3,"(63, 25, 3)",C:\Users\VICTUS\Downloads\Research\outputs\NTU_Pose_Output\A043\S006C001P008R002A043.npy
S006C001P015R001A008,NTU,A008,sit_down,low_risk,62,25,3,"(62, 25, 3)",C:\Users\VICTUS\Downloads\Research\outputs\NTU_Pose_Output\A008\S006C001P015R001A008.npy
S006C001P015R001A009,NTU,A009,stand_up,low_risk,50,25,3,"(50, 25, 3)",C:\Users\VICTUS\Downloads\Research\outputs\NTU_Pose_Output\A009\S006C001P015R001A009.npy
S006C001P015R001A042,NTU,A042,staggering,moderate_risk,104,25,3,"(104, 25, 3)",C:\Users\VICTUS\Downloads\Research\outputs\NTU_Pose_Output\A042\S006C001P015R001A042.npy
S006C001P015R001A043,NTU,A043,falling_down,high_risk,50,25,3,"(50, 25, 3)",C:\Users\VICTUS\Downloads\Research\outputs\NTU_Pose_Output\A043\S006C001P015R001A043.npy
S006C001P015R002A008,NTU,A008,sit_down,low_risk,65,25,3,"(65, 25, 3)",C:\Users\VICTUS\Downloads\Research\outputs\NTU_Pose_Output\A008\S006C001P015R002A008.npy
S006C001P015R002A009,NTU,A009,stand_up,low_risk,52,25,3,"(52, 25, 3)",C:\Users\VICTUS\Downloads\Research\outputs\NTU_Pose_Output\A009\S006C001P015R002A009.npy
S006C001P015R002A042,NTU,A042,staggering,moderate_risk,85,25,3,"(85, 25, 3)",C:\Users\VICTUS\Downloads\Research\outputs\NTU_Pose_Output\A042\S006C001P015R002A042.npy
S006C001P015R002A043,NTU,A043,falling_down,high_risk,56,25,3,"(56, 25, 3)",C:\Users\VICTUS\Downloads\Research\outputs\NTU_Pose_Output\A043\S006C001P015R002A043.npy
S006C001P016R001A008,NTU,A008,sit_down,low_risk,83,25,3,"(83, 25, 3)",C:\Users\VICTUS\Downloads\Research\outputs\NTU_Pose_Output\A008\S006C001P016R001A008.npy
S006C001P016R001A009,NTU,A009,stand_up,low_risk,93,25,3,"(93, 25, 3)",C:\Users\VICTUS\Downloads\Research\outputs\NTU_Pose_Output\A009\S006C001P016R001A009.npy
S006C001P016R001A042,NTU,A042,staggering,moderate_risk,112,25,3,"(112, 25, 3)",C:\Users\VICTUS\Downloads\Research\outputs\NTU_Pose_Output\A042\S006C001P016R001A042.npy
S006C001P016R001A043,NTU,A043,falling_down,high_risk,67,25,3,"(67, 25, 3)",C:\Users\VICTUS\Downloads\Research\outputs\NTU_Pose_Output\A043\S006C001P016R001A043.npy
S006C001P016R002A008,NTU,A008,sit_down,low_risk,90,25,3,"(90, 25, 3)",C:\Users\VICTUS\Downloads\Research\outputs\NTU_Pose_Output\A008\S006C001P016R002A008.npy
S006C001P016R002A009,NTU,A009,stand_up,low_risk,73,25,3,"(73, 25, 3)",C:\Users\VICTUS\Downloads\Research\outputs\NTU_Pose_Output\A009\S006C001P016R002A009.npy
S006C001P016R002A042,NTU,A042,staggering,moderate_risk,110,25,3,"(110, 25, 3)",C:\Users\VICTUS\Downloads\Research\outputs\NTU_Pose_Output\A042\S006C001P016R002A042.npy
S006C001P016R002A043,NTU,A043,falling_down,high_risk,57,25,3,"(57, 25, 3)",C:\Users\VICTUS\Downloads\Research\outputs\NTU_Pose_Output\A043\S006C001P016R002A043.npy
S006C001P017R001A008,NTU,A008,sit_down,low_risk,74,25,3,"(74, 25, 3)",C:\Users\VICTUS\Downloads\Research\outputs\NTU_Pose_Output\A008\S006C001P017R001A008.npy
S006C001P017R001A009,NTU,A009,stand_up,low_risk,69,25,3,"(69, 25, 3)",C:\Users\VICTUS\Downloads\Research\outputs\NTU_Pose_Output\A009\S006C001P017R001A009.npy
S006C001P017R001A042,NTU,A042,staggering,moderate_risk,103,25,3,"(103, 25, 3)",C:\Users\VICTUS\Downloads\Research\outputs\NTU_Pose_Output\A042\S006C001P017R001A042.npy
S006C001P017R001A043,NTU,A043,falling_down,high_risk,69,25,3,"(69, 25, 3)",C:\Users\VICTUS\Downloads\Research\outputs\NTU_Pose_Output\A043\S006C001P017R001A043.npy
S006C001P017R002A008,NTU,A008,sit_down,low_risk,80,25,3,"(80, 25, 3)",C:\Users\VICTUS\Downloads\Research\outputs\NTU_Pose_Output\A008\S006C001P017R002A008.npy
S006C001P017R002A009,NTU,A009,stand_up,low_risk,65,25,3,"(65, 25, 3)",C:\Users\VICTUS\Downloads\Research\outputs\NTU_Pose_Output\A009\S006C001P017R002A009.npy
S006C001P017R002A042,NTU,A042,staggering,moderate_risk,121,25,3,"(121, 25, 3)",C:\Users\VICTUS\Downloads\Research\outputs\NTU_Pose_Output\A042\S006C001P017R002A042.npy
S006C001P017R002A043,NTU,A043,falling_down,high_risk,60,25,3,"(60, 25, 3)",C:\Users\VICTUS\Downloads\Research\outputs\NTU_Pose_Output\A043\S006C001P017R002A043.npy
S006C001P019R001A008,NTU,A008,sit_down,low_risk,84,25,3,"(84, 25, 3)",C:\Users\VICTUS\Downloads\Research\outputs\NTU_Pose_Output\A008\S006C001P019R001A008.npy
S006C001P019R001A009,NTU,A009,stand_up,low_risk,71,25,3,"(71, 25, 3)",C:\Users\VICTUS\Downloads\Research\outputs\NTU_Pose_Output\A009\S006C001P019R001A009.npy
S006C001P019R001A042,NTU,A042,staggering,moderate_risk,82,25,3,"(82, 25, 3)",C:\Users\VICTUS\Downloads\Research\outputs\NTU_Pose_Output\A042\S006C001P019R001A042.npy
S006C001P019R001A043,NTU,A043,falling_down,high_risk,69,25,3,"(69, 25, 3)",C:\Users\VICTUS\Downloads\Research\outputs\NTU_Pose_Output\A043\S006C001P019R001A043.npy
S006C001P019R002A008,NTU,A008,sit_down,low_risk,91,25,3,"(91, 25, 3)",C:\Users\VICTUS\Downloads\Research\outputs\NTU_Pose_Output\A008\S006C001P019R002A008.npy
S006C001P019R002A009,NTU,A009,stand_up,low_risk,64,25,3,"(64, 25, 3)",C:\Users\VICTUS\Downloads\Research\outputs\NTU_Pose_Output\A009\S006C001P019R002A009.npy
S006C001P019R002A042,NTU,A042,staggering,moderate_risk,88,25,3,"(88, 25, 3)",C:\Users\VICTUS\Downloads\Research\outputs\NTU_Pose_Output\A042\S006C001P019R002A042.npy
S006C001P019R002A043,NTU,A043,falling_down,high_risk,69,25,3,"(69, 25, 3)",C:\Users\VICTUS\Downloads\Research\outputs\NTU_Pose_Output\A043\S006C001P019R002A043.npy
S006C001P022R001A008,NTU,A008,sit_down,low_risk,75,25,3,"(75, 25, 3)",C:\Users\VICTUS\Downloads\Research\outputs\NTU_Pose_Output\A008\S006C001P022R001A008.npy
S006C001P022R001A009,NTU,A009,stand_up,low_risk,83,25,3,"(83, 25, 3)",C:\Users\VICTUS\Downloads\Research\outputs\NTU_Pose_Output\A009\S006C001P022R001A009.npy
S006C001P022R001A042,NTU,A042,staggering,moderate_risk,148,25,3,"(148, 25, 3)",C:\Users\VICTUS\Downloads\Research\outputs\NTU_Pose_Output\A042\S006C001P022R001A042.npy
S006C001P022R001A043,NTU,A043,falling_down,high_risk,77,25,3,"(77, 25, 3)",C:\Users\VICTUS\Downloads\Research\outputs\NTU_Pose_Output\A043\S006C001P022R001A043.npy
S006C001P022R002A008,NTU,A008,sit_down,low_risk,69,25,3,"(69, 25, 3)",C:\Users\VICTUS\Downloads\Research\outputs\NTU_Pose_Output\A008\S006C001P022R002A008.npy
S006C001P022R002A009,NTU,A009,stand_up,low_risk,70,25,3,"(70, 25, 3)",C:\Users\VICTUS\Downloads\Research\outputs\NTU_Pose_Output\A009\S006C001P022R002A009.npy
S006C001P022R002A042,NTU,A042,staggering,moderate_risk,131,25,3,"(131, 25, 3)",C:\Users\VICTUS\Downloads\Research\outputs\NTU_Pose_Output\A042\S006C001P022R002A042.npy
S006C001P022R002A043,NTU,A043,falling_down,high_risk,84,25,3,"(84, 25, 3)",C:\Users\VICTUS\Downloads\Research\outputs\NTU_Pose_Output\A043\S006C001P022R002A043.npy
S006C001P023R001A008,NTU,A008,sit_down,low_risk,81,25,3,"(81, 25, 3)",C:\Users\VICTUS\Downloads\Research\outputs\NTU_Pose_Output\A008\S006C001P023R001A008.npy
S006C001P023R001A009,NTU,A009,stand_up,low_risk,77,25,3,"(77, 25, 3)",C:\Users\VICTUS\Downloads\Research\outputs\NTU_Pose_Output\A009\S006C001P023R001A009.npy
S006C001P023R001A042,NTU,A042,staggering,moderate_risk,95,25,3,"(95, 25, 3)",C:\Users\VICTUS\Downloads\Research\outputs\NTU_Pose_Output\A042\S006C001P023R001A042.npy
S006C001P023R001A043,NTU,A043,falling_down,high_risk,69,25,3,"(69, 25, 3)",C:\Users\VICTUS\Downloads\Research\outputs\NTU_Pose_Output\A043\S006C001P023R001A043.npy
S006C001P023R002A008,NTU,A008,sit_down,low_risk,59,25,3,"(59, 25, 3)",C:\Users\VICTUS\Downloads\Research\outputs\NTU_Pose_Output\A008\S006C001P023R002A008.npy
S006C001P023R002A009,NTU,A009,stand_up,low_risk,69,25,3,"(69, 25, 3)",C:\Users\VICTUS\Downloads\Research\outputs\NTU_Pose_Output\A009\S006C001P023R002A009.npy
S006C001P023R002A042,NTU,A042,staggering,moderate_risk,88,25,3,"(88, 25, 3)",C:\Users\VICTUS\Downloads\Research\outputs\NTU_Pose_Output\A042\S006C001P023R002A042.npy
S006C001P023R002A043,NTU,A043,falling_down,high_risk,72,25,3,"(72, 25, 3)",C:\Users\VICTUS\Downloads\Research\outputs\NTU_Pose_Output\A043\S006C001P023R002A043.npy
S006C001P024R001A008,NTU,A008,sit_down,low_risk,68,25,3,"(68, 25, 3)",C:\Users\VICTUS\Downloads\Research\outputs\NTU_Pose_Output\A008\S006C001P024R001A008.npy
S006C001P024R001A009,NTU,A009,stand_up,low_risk,61,25,3,"(61, 25, 3)",C:\Users\VICTUS\Downloads\Research\outputs\NTU_Pose_Output\A009\S006C001P024R001A009.npy
S006C001P024R001A042,NTU,A042,staggering,moderate_risk,90,25,3,"(90, 25, 3)",C:\Users\VICTUS\Downloads\Research\outputs\NTU_Pose_Output\A042\S006C001P024R001A042.npy
S006C001P024R001A043,NTU,A043,falling_down,high_risk,82,25,3,"(82, 25, 3)",C:\Users\VICTUS\Downloads\Research\outputs\NTU_Pose_Output\A043\S006C001P024R001A043.npy
S006C001P024R002A008,NTU,A008,sit_down,low_risk,77,25,3,"(77, 25, 3)",C:\Users\VICTUS\Downloads\Research\outputs\NTU_Pose_Output\A008\S006C001P024R002A008.npy
S006C001P024R002A009,NTU,A009,stand_up,low_risk,66,25,3,"(66, 25, 3)",C:\Users\VICTUS\Downloads\Research\outputs\NTU_Pose_Output\A009\S006C001P024R002A009.npy
S006C001P024R002A042,NTU,A042,staggering,moderate_risk,85,25,3,"(85, 25, 3)",C:\Users\VICTUS\Downloads\Research\outputs\NTU_Pose_Output\A042\S006C001P024R002A042.npy
S006C001P024R002A043,NTU,A043,falling_down,high_risk,86,25,3,"(86, 25, 3)",C:\Users\VICTUS\Downloads\Research\outputs\NTU_Pose_Output\A043\S006C001P024R002A043.npy
S006C002P001R001A008,NTU,A008,sit_down,low_risk,68,25,3,"(68, 25, 3)",C:\Users\VICTUS\Downloads\Research\outputs\NTU_Pose_Output\A008\S006C002P001R001A008.npy
S006C002P001R001A009,NTU,A009,stand_up,low_risk,51,25,3,"(51, 25, 3)",C:\Users\VICTUS\Downloads\Research\outputs\NTU_Pose_Output\A009\S006C002P001R001A009.npy
S006C002P001R001A042,NTU,A042,staggering,moderate_risk,102,25,3,"(102, 25, 3)",C:\Users\VICTUS\Downloads\Research\outputs\NTU_Pose_Output\A042\S006C002P001R001A042.npy
S006C002P001R001A043,NTU,A043,falling_down,high_risk,50,25,3,"(50, 25, 3)",C:\Users\VICTUS\Downloads\Research\outputs\NTU_Pose_Output\A043\S006C002P001R001A043.npy
S006C002P001R002A008,NTU,A008,sit_down,low_risk,69,25,3,"(69, 25, 3)",C:\Users\VICTUS\Downloads\Research\outputs\NTU_Pose_Output\A008\S006C002P001R002A008.npy
S006C002P001R002A009,NTU,A009,stand_up,low_risk,48,25,3,"(48, 25, 3)",C:\Users\VICTUS\Downloads\Research\outputs\NTU_Pose_Output\A009\S006C002P001R002A009.npy
S006C002P001R002A042,NTU,A042,staggering,moderate_risk,104,25,3,"(104, 25, 3)",C:\Users\VICTUS\Downloads\Research\outputs\NTU_Pose_Output\A042\S006C002P001R002A042.npy
S006C002P001R002A043,NTU,A043,falling_down,high_risk,46,25,3,"(46, 25, 3)",C:\Users\VICTUS\Downloads\Research\outputs\NTU_Pose_Output\A043\S006C002P001R002A043.npy
S006C002P007R001A008,NTU,A008,sit_down,low_risk,82,25,3,"(82, 25, 3)",C:\Users\VICTUS\Downloads\Research\outputs\NTU_Pose_Output\A008\S006C002P007R001A008.npy
S006C002P007R001A009,NTU,A009,stand_up,low_risk,78,25,3,"(78, 25, 3)",C:\Users\VICTUS\Downloads\Research\outputs\NTU_Pose_Output\A009\S006C002P007R001A009.npy
S006C002P007R001A042,NTU,A042,staggering,moderate_risk,99,25,3,"(99, 25, 3)",C:\Users\VICTUS\Downloads\Research\outputs\NTU_Pose_Output\A042\S006C002P007R001A042.npy
S006C002P007R001A043,NTU,A043,falling_down,high_risk,79,25,3,"(79, 25, 3)",C:\Users\VICTUS\Downloads\Research\outputs\NTU_Pose_Output\A043\S006C002P007R001A043.npy
S006C002P007R002A008,NTU,A008,sit_down,low_risk,65,25,3,"(65, 25, 3)",C:\Users\VICTUS\Downloads\Research\outputs\NTU_Pose_Output\A008\S006C002P007R002A008.npy
S006C002P007R002A009,NTU,A009,stand_up,low_risk,67,25,3,"(67, 25, 3)",C:\Users\VICTUS\Downloads\Research\outputs\NTU_Pose_Output\A009\S006C002P007R002A009.npy
S006C002P007R002A042,NTU,A042,staggering,moderate_risk,94,25,3,"(94, 25, 3)",C:\Users\VICTUS\Downloads\Research\outputs\NTU_Pose_Output\A042\S006C002P007R002A042.npy
S006C002P007R002A043,NTU,A043,falling_down,high_risk,72,25,3,"(72, 25, 3)",C:\Users\VICTUS\Downloads\Research\outputs\NTU_Pose_Output\A043\S006C002P007R002A043.npy
S006C002P008R001A008,NTU,A008,sit_down,low_risk,75,25,3,"(75, 25, 3)",C:\Users\VICTUS\Downloads\Research\outputs\NTU_Pose_Output\A008\S006C002P008R001A008.npy
S006C002P008R001A009,NTU,A009,stand_up,low_risk,58,25,3,"(58, 25, 3)",C:\Users\VICTUS\Downloads\Research\outputs\NTU_Pose_Output\A009\S006C002P008R001A009.npy
S006C002P008R001A042,NTU,A042,staggering,moderate_risk,93,25,3,"(93, 25, 3)",C:\Users\VICTUS\Downloads\Research\outputs\NTU_Pose_Output\A042\S006C002P008R001A042.npy
S006C002P008R001A043,NTU,A043,falling_down,high_risk,46,25,3,"(46, 25, 3)",C:\Users\VICTUS\Downloads\Research\outputs\NTU_Pose_Output\A043\S006C002P008R001A043.npy
S006C002P008R002A008,NTU,A008,sit_down,low_risk,77,25,3,"(77, 25, 3)",C:\Users\VICTUS\Downloads\Research\outputs\NTU_Pose_Output\A008\S006C002P008R002A008.npy
S006C002P008R002A009,NTU,A009,stand_up,low_risk,63,25,3,"(63, 25, 3)",C:\Users\VICTUS\Downloads\Research\outputs\NTU_Pose_Output\A009\S006C002P008R002A009.npy
S006C002P008R002A042,NTU,A042,staggering,moderate_risk,104,25,3,"(104, 25, 3)",C:\Users\VICTUS\Downloads\Research\outputs\NTU_Pose_Output\A042\S006C002P008R002A042.npy
S006C002P008R002A043,NTU,A043,falling_down,high_risk,63,25,3,"(63, 25, 3)",C:\Users\VICTUS\Downloads\Research\outputs\NTU_Pose_Output\A043\S006C002P008R002A043.npy
S006C002P015R001A008,NTU,A008,sit_down,low_risk,62,25,3,"(62, 25, 3)",C:\Users\VICTUS\Downloads\Research\outputs\NTU_Pose_Output\A008\S006C002P015R001A008.npy
S006C002P015R001A009,NTU,A009,stand_up,low_risk,50,25,3,"(50, 25, 3)",C:\Users\VICTUS\Downloads\Research\outputs\NTU_Pose_Output\A009\S006C002P015R001A009.npy
S006C002P015R001A042,NTU,A042,staggering,moderate_risk,104,25,3,"(104, 25, 3)",C:\Users\VICTUS\Downloads\Research\outputs\NTU_Pose_Output\A042\S006C002P015R001A042.npy
S006C002P015R001A043,NTU,A043,falling_down,high_risk,50,25,3,"(50, 25, 3)",C:\Users\VICTUS\Downloads\Research\outputs\NTU_Pose_Output\A043\S006C002P015R001A043.npy
S006C002P015R002A008,NTU,A008,sit_down,low_risk,65,25,3,"(65, 25, 3)",C:\Users\VICTUS\Downloads\Research\outputs\NTU_Pose_Output\A008\S006C002P015R002A008.npy
S006C002P015R002A009,NTU,A009,stand_up,low_risk,52,25,3,"(52, 25, 3)",C:\Users\VICTUS\Downloads\Research\outputs\NTU_Pose_Output\A009\S006C002P015R002A009.npy
S006C002P015R002A042,NTU,A042,staggering,moderate_risk,85,25,3,"(85, 25, 3)",C:\Users\VICTUS\Downloads\Research\outputs\NTU_Pose_Output\A042\S006C002P015R002A042.npy
S006C002P015R002A043,NTU,A043,falling_down,high_risk,56,25,3,"(56, 25, 3)",C:\Users\VICTUS\Downloads\Research\outputs\NTU_Pose_Output\A043\S006C002P015R002A043.npy
S006C002P016R001A008,NTU,A008,sit_down,low_risk,83,25,3,"(83, 25, 3)",C:\Users\VICTUS\Downloads\Research\outputs\NTU_Pose_Output\A008\S006C002P016R001A008.npy
S006C002P016R001A009,NTU,A009,stand_up,low_risk,93,25,3,"(93, 25, 3)",C:\Users\VICTUS\Downloads\Research\outputs\NTU_Pose_Output\A009\S006C002P016R001A009.npy
S006C002P016R001A042,NTU,A042,staggering,moderate_risk,112,25,3,"(112, 25, 3)",C:\Users\VICTUS\Downloads\Research\outputs\NTU_Pose_Output\A042\S006C002P016R001A042.npy
S006C002P016R001A043,NTU,A043,falling_down,high_risk,70,25,3,"(70, 25, 3)",C:\Users\VICTUS\Downloads\Research\outputs\NTU_Pose_Output\A043\S006C002P016R001A043.npy
S006C002P016R002A008,NTU,A008,sit_down,low_risk,90,25,3,"(90, 25, 3)",C:\Users\VICTUS\Downloads\Research\outputs\NTU_Pose_Output\A008\S006C002P016R002A008.npy
S006C002P016R002A009,NTU,A009,stand_up,low_risk,72,25,3,"(72, 25, 3)",C:\Users\VICTUS\Downloads\Research\outputs\NTU_Pose_Output\A009\S006C002P016R002A009.npy
S006C002P016R002A042,NTU,A042,staggering,moderate_risk,110,25,3,"(110, 25, 3)",C:\Users\VICTUS\Downloads\Research\outputs\NTU_Pose_Output\A042\S006C002P016R002A042.npy
S006C002P016R002A043,NTU,A043,falling_down,high_risk,56,25,3,"(56, 25, 3)",C:\Users\VICTUS\Downloads\Research\outputs\NTU_Pose_Output\A043\S006C002P016R002A043.npy
S006C002P017R001A008,NTU,A008,sit_down,low_risk,73,25,3,"(73, 25, 3)",C:\Users\VICTUS\Downloads\Research\outputs\NTU_Pose_Output\A008\S006C002P017R001A008.npy
S006C002P017R001A009,NTU,A009,stand_up,low_risk,70,25,3,"(70, 25, 3)",C:\Users\VICTUS\Downloads\Research\outputs\NTU_Pose_Output\A009\S006C002P017R001A009.npy
S006C002P017R001A042,NTU,A042,staggering,moderate_risk,104,25,3,"(104, 25, 3)",C:\Users\VICTUS\Downloads\Research\outputs\NTU_Pose_Output\A042\S006C002P017R001A042.npy
S006C002P017R001A043,NTU,A043,falling_down,high_risk,69,25,3,"(69, 25, 3)",C:\Users\VICTUS\Downloads\Research\outputs\NTU_Pose_Output\A043\S006C002P017R001A043.npy
S006C002P017R002A008,NTU,A008,sit_down,low_risk,80,25,3,"(80, 25, 3)",C:\Users\VICTUS\Downloads\Research\outputs\NTU_Pose_Output\A008\S006C002P017R002A008.npy
S006C002P017R002A009,NTU,A009,stand_up,low_risk,65,25,3,"(65, 25, 3)",C:\Users\VICTUS\Downloads\Research\outputs\NTU_Pose_Output\A009\S006C002P017R002A009.npy
S006C002P017R002A042,NTU,A042,staggering,moderate_risk,121,25,3,"(121, 25, 3)",C:\Users\VICTUS\Downloads\Research\outputs\NTU_Pose_Output\A042\S006C002P017R002A042.npy
S006C002P017R002A043,NTU,A043,falling_down,high_risk,59,25,3,"(59, 25, 3)",C:\Users\VICTUS\Downloads\Research\outputs\NTU_Pose_Output\A043\S006C002P017R002A043.npy
S006C002P019R001A008,NTU,A008,sit_down,low_risk,84,25,3,"(84, 25, 3)",C:\Users\VICTUS\Downloads\Research\outputs\NTU_Pose_Output\A008\S006C002P019R001A008.npy
S006C002P019R001A009,NTU,A009,stand_up,low_risk,70,25,3,"(70, 25, 3)",C:\Users\VICTUS\Downloads\Research\outputs\NTU_Pose_Output\A009\S006C002P019R001A009.npy
S006C002P019R001A042,NTU,A042,staggering,moderate_risk,81,25,3,"(81, 25, 3)",C:\Users\VICTUS\Downloads\Research\outputs\NTU_Pose_Output\A042\S006C002P019R001A042.npy
S006C002P019R001A043,NTU,A043,falling_down,high_risk,68,25,3,"(68, 25, 3)",C:\Users\VICTUS\Downloads\Research\outputs\NTU_Pose_Output\A043\S006C002P019R001A043.npy
S006C002P019R002A008,NTU,A008,sit_down,low_risk,91,25,3,"(91, 25, 3)",C:\Users\VICTUS\Downloads\Research\outputs\NTU_Pose_Output\A008\S006C002P019R002A008.npy
S006C002P019R002A009,NTU,A009,stand_up,low_risk,63,25,3,"(63, 25, 3)",C:\Users\VICTUS\Downloads\Research\outputs\NTU_Pose_Output\A009\S006C002P019R002A009.npy
S006C002P019R002A042,NTU,A042,staggering,moderate_risk,89,25,3,"(89, 25, 3)",C:\Users\VICTUS\Downloads\Research\outputs\NTU_Pose_Output\A042\S006C002P019R002A042.npy
S006C002P019R002A043,NTU,A043,falling_down,high_risk,70,25,3,"(70, 25, 3)",C:\Users\VICTUS\Downloads\Research\outputs\NTU_Pose_Output\A043\S006C002P019R002A043.npy
S006C002P022R001A008,NTU,A008,sit_down,low_risk,76,25,3,"(76, 25, 3)",C:\Users\VICTUS\Downloads\Research\outputs\NTU_Pose_Output\A008\S006C002P022R001A008.npy
S006C002P022R001A009,NTU,A009,stand_up,low_risk,83,25,3,"(83, 25, 3)",C:\Users\VICTUS\Downloads\Research\outputs\NTU_Pose_Output\A009\S006C002P022R001A009.npy
S006C002P022R001A042,NTU,A042,staggering,moderate_risk,148,25,3,"(148, 25, 3)",C:\Users\VICTUS\Downloads\Research\outputs\NTU_Pose_Output\A042\S006C002P022R001A042.npy
S006C002P022R001A043,NTU,A043,falling_down,high_risk,77,25,3,"(77, 25, 3)",C:\Users\VICTUS\Downloads\Research\outputs\NTU_Pose_Output\A043\S006C002P022R001A043.npy
S006C002P022R002A008,NTU,A008,sit_down,low_risk,69,25,3,"(69, 25, 3)",C:\Users\VICTUS\Downloads\Research\outputs\NTU_Pose_Output\A008\S006C002P022R002A008.npy
S006C002P022R002A009,NTU,A009,stand_up,low_risk,71,25,3,"(71, 25, 3)",C:\Users\VICTUS\Downloads\Research\outputs\NTU_Pose_Output\A009\S006C002P022R002A009.npy
S006C002P022R002A042,NTU,A042,staggering,moderate_risk,132,25,3,"(132, 25, 3)",C:\Users\VICTUS\Downloads\Research\outputs\NTU_Pose_Output\A042\S006C002P022R002A042.npy
S006C002P022R002A043,NTU,A043,falling_down,high_risk,84,25,3,"(84, 25, 3)",C:\Users\VICTUS\Downloads\Research\outputs\NTU_Pose_Output\A043\S006C002P022R002A043.npy
S006C002P023R001A008,NTU,A008,sit_down,low_risk,80,25,3,"(80, 25, 3)",C:\Users\VICTUS\Downloads\Research\outputs\NTU_Pose_Output\A008\S006C002P023R001A008.npy
S006C002P023R001A009,NTU,A009,stand_up,low_risk,77,25,3,"(77, 25, 3)",C:\Users\VICTUS\Downloads\Research\outputs\NTU_Pose_Output\A009\S006C002P023R001A009.npy
S006C002P023R001A042,NTU,A042,staggering,moderate_risk,96,25,3,"(96, 25, 3)",C:\Users\VICTUS\Downloads\Research\outputs\NTU_Pose_Output\A042\S006C002P023R001A042.npy
S006C002P023R001A043,NTU,A043,falling_down,high_risk,69,25,3,"(69, 25, 3)",C:\Users\VICTUS\Downloads\Research\outputs\NTU_Pose_Output\A043\S006C002P023R001A043.npy
S006C002P023R002A008,NTU,A008,sit_down,low_risk,59,25,3,"(59, 25, 3)",C:\Users\VICTUS\Downloads\Research\outputs\NTU_Pose_Output\A008\S006C002P023R002A008.npy
S006C002P023R002A009,NTU,A009,stand_up,low_risk,69,25,3,"(69, 25, 3)",C:\Users\VICTUS\Downloads\Research\outputs\NTU_Pose_Output\A009\S006C002P023R002A009.npy
S006C002P023R002A042,NTU,A042,staggering,moderate_risk,88,25,3,"(88, 25, 3)",C:\Users\VICTUS\Downloads\Research\outputs\NTU_Pose_Output\A042\S006C002P023R002A042.npy
S006C002P023R002A043,NTU,A043,falling_down,high_risk,72,25,3,"(72, 25, 3)",C:\Users\VICTUS\Downloads\Research\outputs\NTU_Pose_Output\A043\S006C002P023R002A043.npy
S006C002P024R001A008,NTU,A008,sit_down,low_risk,67,25,3,"(67, 25, 3)",C:\Users\VICTUS\Downloads\Research\outputs\NTU_Pose_Output\A008\S006C002P024R001A008.npy
S006C002P024R001A009,NTU,A009,stand_up,low_risk,61,25,3,"(61, 25, 3)",C:\Users\VICTUS\Downloads\Research\outputs\NTU_Pose_Output\A009\S006C002P024R001A009.npy
S006C002P024R001A042,NTU,A042,staggering,moderate_risk,90,25,3,"(90, 25, 3)",C:\Users\VICTUS\Downloads\Research\outputs\NTU_Pose_Output\A042\S006C002P024R001A042.npy
S006C002P024R001A043,NTU,A043,falling_down,high_risk,81,25,3,"(81, 25, 3)",C:\Users\VICTUS\Downloads\Research\outputs\NTU_Pose_Output\A043\S006C002P024R001A043.npy
S006C002P024R002A008,NTU,A008,sit_down,low_risk,77,25,3,"(77, 25, 3)",C:\Users\VICTUS\Downloads\Research\outputs\NTU_Pose_Output\A008\S006C002P024R002A008.npy
S006C002P024R002A009,NTU,A009,stand_up,low_risk,66,25,3,"(66, 25, 3)",C:\Users\VICTUS\Downloads\Research\outputs\NTU_Pose_Output\A009\S006C002P024R002A009.npy
S006C002P024R002A042,NTU,A042,staggering,moderate_risk,85,25,3,"(85, 25, 3)",C:\Users\VICTUS\Downloads\Research\outputs\NTU_Pose_Output\A042\S006C002P024R002A042.npy
S006C002P024R002A043,NTU,A043,falling_down,high_risk,86,25,3,"(86, 25, 3)",C:\Users\VICTUS\Downloads\Research\outputs\NTU_Pose_Output\A043\S006C002P024R002A043.npy
S006C003P001R001A008,NTU,A008,sit_down,low_risk,67,25,3,"(67, 25, 3)",C:\Users\VICTUS\Downloads\Research\outputs\NTU_Pose_Output\A008\S006C003P001R001A008.npy
S006C003P001R001A009,NTU,A009,stand_up,low_risk,51,25,3,"(51, 25, 3)",C:\Users\VICTUS\Downloads\Research\outputs\NTU_Pose_Output\A009\S006C003P001R001A009.npy
S006C003P001R001A042,NTU,A042,staggering,moderate_risk,102,25,3,"(102, 25, 3)",C:\Users\VICTUS\Downloads\Research\outputs\NTU_Pose_Output\A042\S006C003P001R001A042.npy
S006C003P001R001A043,NTU,A043,falling_down,high_risk,49,25,3,"(49, 25, 3)",C:\Users\VICTUS\Downloads\Research\outputs\NTU_Pose_Output\A043\S006C003P001R001A043.npy
S006C003P001R002A008,NTU,A008,sit_down,low_risk,69,25,3,"(69, 25, 3)",C:\Users\VICTUS\Downloads\Research\outputs\NTU_Pose_Output\A008\S006C003P001R002A008.npy
S006C003P001R002A009,NTU,A009,stand_up,low_risk,48,25,3,"(48, 25, 3)",C:\Users\VICTUS\Downloads\Research\outputs\NTU_Pose_Output\A009\S006C003P001R002A009.npy
S006C003P001R002A042,NTU,A042,staggering,moderate_risk,104,25,3,"(104, 25, 3)",C:\Users\VICTUS\Downloads\Research\outputs\NTU_Pose_Output\A042\S006C003P001R002A042.npy
S006C003P001R002A043,NTU,A043,falling_down,high_risk,46,25,3,"(46, 25, 3)",C:\Users\VICTUS\Downloads\Research\outputs\NTU_Pose_Output\A043\S006C003P001R002A043.npy
S006C003P007R001A008,NTU,A008,sit_down,low_risk,82,25,3,"(82, 25, 3)",C:\Users\VICTUS\Downloads\Research\outputs\NTU_Pose_Output\A008\S006C003P007R001A008.npy
S006C003P007R001A009,NTU,A009,stand_up,low_risk,79,25,3,"(79, 25, 3)",C:\Users\VICTUS\Downloads\Research\outputs\NTU_Pose_Output\A009\S006C003P007R001A009.npy
S006C003P007R001A042,NTU,A042,staggering,moderate_risk,99,25,3,"(99, 25, 3)",C:\Users\VICTUS\Downloads\Research\outputs\NTU_Pose_Output\A042\S006C003P007R001A042.npy
S006C003P007R001A043,NTU,A043,falling_down,high_risk,79,25,3,"(79, 25, 3)",C:\Users\VICTUS\Downloads\Research\outputs\NTU_Pose_Output\A043\S006C003P007R001A043.npy
S006C003P007R002A008,NTU,A008,sit_down,low_risk,65,25,3,"(65, 25, 3)",C:\Users\VICTUS\Downloads\Research\outputs\NTU_Pose_Output\A008\S006C003P007R002A008.npy
S006C003P007R002A009,NTU,A009,stand_up,low_risk,67,25,3,"(67, 25, 3)",C:\Users\VICTUS\Downloads\Research\outputs\NTU_Pose_Output\A009\S006C003P007R002A009.npy
S006C003P007R002A042,NTU,A042,staggering,moderate_risk,94,25,3,"(94, 25, 3)",C:\Users\VICTUS\Downloads\Research\outputs\NTU_Pose_Output\A042\S006C003P007R002A042.npy
S006C003P007R002A043,NTU,A043,falling_down,high_risk,71,25,3,"(71, 25, 3)",C:\Users\VICTUS\Downloads\Research\outputs\NTU_Pose_Output\A043\S006C003P007R002A043.npy
S006C003P008R001A008,NTU,A008,sit_down,low_risk,74,25,3,"(74, 25, 3)",C:\Users\VICTUS\Downloads\Research\outputs\NTU_Pose_Output\A008\S006C003P008R001A008.npy
S006C003P008R001A009,NTU,A009,stand_up,low_risk,57,25,3,"(57, 25, 3)",C:\Users\VICTUS\Downloads\Research\outputs\NTU_Pose_Output\A009\S006C003P008R001A009.npy
S006C003P008R001A042,NTU,A042,staggering,moderate_risk,93,25,3,"(93, 25, 3)",C:\Users\VICTUS\Downloads\Research\outputs\NTU_Pose_Output\A042\S006C003P008R001A042.npy
S006C003P008R001A043,NTU,A043,falling_down,high_risk,46,25,3,"(46, 25, 3)",C:\Users\VICTUS\Downloads\Research\outputs\NTU_Pose_Output\A043\S006C003P008R001A043.npy
S006C003P008R002A008,NTU,A008,sit_down,low_risk,77,25,3,"(77, 25, 3)",C:\Users\VICTUS\Downloads\Research\outputs\NTU_Pose_Output\A008\S006C003P008R002A008.npy
S006C003P008R002A009,NTU,A009,stand_up,low_risk,63,25,3,"(63, 25, 3)",C:\Users\VICTUS\Downloads\Research\outputs\NTU_Pose_Output\A009\S006C003P008R002A009.npy
S006C003P008R002A042,NTU,A042,staggering,moderate_risk,105,25,3,"(105, 25, 3)",C:\Users\VICTUS\Downloads\Research\outputs\NTU_Pose_Output\A042\S006C003P008R002A042.npy
S006C003P008R002A043,NTU,A043,falling_down,high_risk,63,25,3,"(63, 25, 3)",C:\Users\VICTUS\Downloads\Research\outputs\NTU_Pose_Output\A043\S006C003P008R002A043.npy
S006C003P015R001A008,NTU,A008,sit_down,low_risk,62,25,3,"(62, 25, 3)",C:\Users\VICTUS\Downloads\Research\outputs\NTU_Pose_Output\A008\S006C003P015R001A008.npy
S006C003P015R001A009,NTU,A009,stand_up,low_risk,50,25,3,"(50, 25, 3)",C:\Users\VICTUS\Downloads\Research\outputs\NTU_Pose_Output\A009\S006C003P015R001A009.npy
S006C003P015R001A042,NTU,A042,staggering,moderate_risk,104,25,3,"(104, 25, 3)",C:\Users\VICTUS\Downloads\Research\outputs\NTU_Pose_Output\A042\S006C003P015R001A042.npy
S006C003P015R001A043,NTU,A043,falling_down,high_risk,49,25,3,"(49, 25, 3)",C:\Users\VICTUS\Downloads\Research\outputs\NTU_Pose_Output\A043\S006C003P015R001A043.npy
S006C003P015R002A008,NTU,A008,sit_down,low_risk,65,25,3,"(65, 25, 3)",C:\Users\VICTUS\Downloads\Research\outputs\NTU_Pose_Output\A008\S006C003P015R002A008.npy
S006C003P015R002A009,NTU,A009,stand_up,low_risk,52,25,3,"(52, 25, 3)",C:\Users\VICTUS\Downloads\Research\outputs\NTU_Pose_Output\A009\S006C003P015R002A009.npy
S006C003P015R002A042,NTU,A042,staggering,moderate_risk,85,25,3,"(85, 25, 3)",C:\Users\VICTUS\Downloads\Research\outputs\NTU_Pose_Output\A042\S006C003P015R002A042.npy
S006C003P015R002A043,NTU,A043,falling_down,high_risk,56,25,3,"(56, 25, 3)",C:\Users\VICTUS\Downloads\Research\outputs\NTU_Pose_Output\A043\S006C003P015R002A043.npy
S006C003P016R001A008,NTU,A008,sit_down,low_risk,83,25,3,"(83, 25, 3)",C:\Users\VICTUS\Downloads\Research\outputs\NTU_Pose_Output\A008\S006C003P016R001A008.npy
S006C003P016R001A009,NTU,A009,stand_up,low_risk,93,25,3,"(93, 25, 3)",C:\Users\VICTUS\Downloads\Research\outputs\NTU_Pose_Output\A009\S006C003P016R001A009.npy
S006C003P016R001A042,NTU,A042,staggering,moderate_risk,112,25,3,"(112, 25, 3)",C:\Users\VICTUS\Downloads\Research\outputs\NTU_Pose_Output\A042\S006C003P016R001A042.npy
S006C003P016R001A043,NTU,A043,falling_down,high_risk,70,25,3,"(70, 25, 3)",C:\Users\VICTUS\Downloads\Research\outputs\NTU_Pose_Output\A043\S006C003P016R001A043.npy
S006C003P016R002A008,NTU,A008,sit_down,low_risk,90,25,3,"(90, 25, 3)",C:\Users\VICTUS\Downloads\Research\outputs\NTU_Pose_Output\A008\S006C003P016R002A008.npy
S006C003P016R002A009,NTU,A009,stand_up,low_risk,73,25,3,"(73, 25, 3)",C:\Users\VICTUS\Downloads\Research\outputs\NTU_Pose_Output\A009\S006C003P016R002A009.npy
S006C003P016R002A042,NTU,A042,staggering,moderate_risk,110,25,3,"(110, 25, 3)",C:\Users\VICTUS\Downloads\Research\outputs\NTU_Pose_Output\A042\S006C003P016R002A042.npy
S006C003P016R002A043,NTU,A043,falling_down,high_risk,56,25,3,"(56, 25, 3)",C:\Users\VICTUS\Downloads\Research\outputs\NTU_Pose_Output\A043\S006C003P016R002A043.npy
S006C003P017R001A008,NTU,A008,sit_down,low_risk,73,25,3,"(73, 25, 3)",C:\Users\VICTUS\Downloads\Research\outputs\NTU_Pose_Output\A008\S006C003P017R001A008.npy
S006C003P017R001A009,NTU,A009,stand_up,low_risk,70,25,3,"(70, 25, 3)",C:\Users\VICTUS\Downloads\Research\outputs\NTU_Pose_Output\A009\S006C003P017R001A009.npy
S006C003P017R001A042,NTU,A042,staggering,moderate_risk,104,25,3,"(104, 25, 3)",C:\Users\VICTUS\Downloads\Research\outputs\NTU_Pose_Output\A042\S006C003P017R001A042.npy
S006C003P017R001A043,NTU,A043,falling_down,high_risk,69,25,3,"(69, 25, 3)",C:\Users\VICTUS\Downloads\Research\outputs\NTU_Pose_Output\A043\S006C003P017R001A043.npy
S006C003P017R002A008,NTU,A008,sit_down,low_risk,79,25,3,"(79, 25, 3)",C:\Users\VICTUS\Downloads\Research\outputs\NTU_Pose_Output\A008\S006C003P017R002A008.npy
S006C003P017R002A009,NTU,A009,stand_up,low_risk,64,25,3,"(64, 25, 3)",C:\Users\VICTUS\Downloads\Research\outputs\NTU_Pose_Output\A009\S006C003P017R002A009.npy
S006C003P017R002A042,NTU,A042,staggering,moderate_risk,120,25,3,"(120, 25, 3)",C:\Users\VICTUS\Downloads\Research\outputs\NTU_Pose_Output\A042\S006C003P017R002A042.npy
S006C003P017R002A043,NTU,A043,falling_down,high_risk,60,25,3,"(60, 25, 3)",C:\Users\VICTUS\Downloads\Research\outputs\NTU_Pose_Output\A043\S006C003P017R002A043.npy
S006C003P019R001A008,NTU,A008,sit_down,low_risk,84,25,3,"(84, 25, 3)",C:\Users\VICTUS\Downloads\Research\outputs\NTU_Pose_Output\A008\S006C003P019R001A008.npy
S006C003P019R001A009,NTU,A009,stand_up,low_risk,71,25,3,"(71, 25, 3)",C:\Users\VICTUS\Downloads\Research\outputs\NTU_Pose_Output\A009\S006C003P019R001A009.npy
S006C003P019R001A042,NTU,A042,staggering,moderate_risk,82,25,3,"(82, 25, 3)",C:\Users\VICTUS\Downloads\Research\outputs\NTU_Pose_Output\A042\S006C003P019R001A042.npy
S006C003P019R001A043,NTU,A043,falling_down,high_risk,68,25,3,"(68, 25, 3)",C:\Users\VICTUS\Downloads\Research\outputs\NTU_Pose_Output\A043\S006C003P019R001A043.npy
S006C003P019R002A008,NTU,A008,sit_down,low_risk,90,25,3,"(90, 25, 3)",C:\Users\VICTUS\Downloads\Research\outputs\NTU_Pose_Output\A008\S006C003P019R002A008.npy
S006C003P019R002A009,NTU,A009,stand_up,low_risk,63,25,3,"(63, 25, 3)",C:\Users\VICTUS\Downloads\Research\outputs\NTU_Pose_Output\A009\S006C003P019R002A009.npy
S006C003P019R002A042,NTU,A042,staggering,moderate_risk,89,25,3,"(89, 25, 3)",C:\Users\VICTUS\Downloads\Research\outputs\NTU_Pose_Output\A042\S006C003P019R002A042.npy
S006C003P019R002A043,NTU,A043,falling_down,high_risk,69,25,3,"(69, 25, 3)",C:\Users\VICTUS\Downloads\Research\outputs\NTU_Pose_Output\A043\S006C003P019R002A043.npy
S006C003P022R001A008,NTU,A008,sit_down,low_risk,75,25,3,"(75, 25, 3)",C:\Users\VICTUS\Downloads\Research\outputs\NTU_Pose_Output\A008\S006C003P022R001A008.npy
S006C003P022R001A009,NTU,A009,stand_up,low_risk,83,25,3,"(83, 25, 3)",C:\Users\VICTUS\Downloads\Research\outputs\NTU_Pose_Output\A009\S006C003P022R001A009.npy
S006C003P022R001A042,NTU,A042,staggering,moderate_risk,149,25,3,"(149, 25, 3)",C:\Users\VICTUS\Downloads\Research\outputs\NTU_Pose_Output\A042\S006C003P022R001A042.npy
S006C003P022R001A043,NTU,A043,falling_down,high_risk,77,25,3,"(77, 25, 3)",C:\Users\VICTUS\Downloads\Research\outputs\NTU_Pose_Output\A043\S006C003P022R001A043.npy
S006C003P022R002A008,NTU,A008,sit_down,low_risk,69,25,3,"(69, 25, 3)",C:\Users\VICTUS\Downloads\Research\outputs\NTU_Pose_Output\A008\S006C003P022R002A008.npy
S006C003P022R002A009,NTU,A009,stand_up,low_risk,71,25,3,"(71, 25, 3)",C:\Users\VICTUS\Downloads\Research\outputs\NTU_Pose_Output\A009\S006C003P022R002A009.npy
S006C003P022R002A042,NTU,A042,staggering,moderate_risk,132,25,3,"(132, 25, 3)",C:\Users\VICTUS\Downloads\Research\outputs\NTU_Pose_Output\A042\S006C003P022R002A042.npy
S006C003P022R002A043,NTU,A043,falling_down,high_risk,84,25,3,"(84, 25, 3)",C:\Users\VICTUS\Downloads\Research\outputs\NTU_Pose_Output\A043\S006C003P022R002A043.npy
S006C003P023R001A008,NTU,A008,sit_down,low_risk,81,25,3,"(81, 25, 3)",C:\Users\VICTUS\Downloads\Research\outputs\NTU_Pose_Output\A008\S006C003P023R001A008.npy
S006C003P023R001A009,NTU,A009,stand_up,low_risk,77,25,3,"(77, 25, 3)",C:\Users\VICTUS\Downloads\Research\outputs\NTU_Pose_Output\A009\S006C003P023R001A009.npy
S006C003P023R001A042,NTU,A042,staggering,moderate_risk,96,25,3,"(96, 25, 3)",C:\Users\VICTUS\Downloads\Research\outputs\NTU_Pose_Output\A042\S006C003P023R001A042.npy
S006C003P023R001A043,NTU,A043,falling_down,high_risk,69,25,3,"(69, 25, 3)",C:\Users\VICTUS\Downloads\Research\outputs\NTU_Pose_Output\A043\S006C003P023R001A043.npy
S006C003P023R002A008,NTU,A008,sit_down,low_risk,59,25,3,"(59, 25, 3)",C:\Users\VICTUS\Downloads\Research\outputs\NTU_Pose_Output\A008\S006C003P023R002A008.npy
S006C003P023R002A009,NTU,A009,stand_up,low_risk,69,25,3,"(69, 25, 3)",C:\Users\VICTUS\Downloads\Research\outputs\NTU_Pose_Output\A009\S006C003P023R002A009.npy
S006C003P023R002A042,NTU,A042,staggering,moderate_risk,88,25,3,"(88, 25, 3)",C:\Users\VICTUS\Downloads\Research\outputs\NTU_Pose_Output\A042\S006C003P023R002A042.npy
S006C003P023R002A043,NTU,A043,falling_down,high_risk,73,25,3,"(73, 25, 3)",C:\Users\VICTUS\Downloads\Research\outputs\NTU_Pose_Output\A043\S006C003P023R002A043.npy
S006C003P024R001A008,NTU,A008,sit_down,low_risk,68,25,3,"(68, 25, 3)",C:\Users\VICTUS\Downloads\Research\outputs\NTU_Pose_Output\A008\S006C003P024R001A008.npy
S006C003P024R001A009,NTU,A009,stand_up,low_risk,61,25,3,"(61, 25, 3)",C:\Users\VICTUS\Downloads\Research\outputs\NTU_Pose_Output\A009\S006C003P024R001A009.npy
S006C003P024R001A042,NTU,A042,staggering,moderate_risk,89,25,3,"(89, 25, 3)",C:\Users\VICTUS\Downloads\Research\outputs\NTU_Pose_Output\A042\S006C003P024R001A042.npy
S006C003P024R001A043,NTU,A043,falling_down,high_risk,81,25,3,"(81, 25, 3)",C:\Users\VICTUS\Downloads\Research\outputs\NTU_Pose_Output\A043\S006C003P024R001A043.npy
S006C003P024R002A008,NTU,A008,sit_down,low_risk,77,25,3,"(77, 25, 3)",C:\Users\VICTUS\Downloads\Research\outputs\NTU_Pose_Output\A008\S006C003P024R002A008.npy
S006C003P024R002A009,NTU,A009,stand_up,low_risk,65,25,3,"(65, 25, 3)",C:\Users\VICTUS\Downloads\Research\outputs\NTU_Pose_Output\A009\S006C003P024R002A009.npy
S006C003P024R002A042,NTU,A042,staggering,moderate_risk,85,25,3,"(85, 25, 3)",C:\Users\VICTUS\Downloads\Research\outputs\NTU_Pose_Output\A042\S006C003P024R002A042.npy
S006C003P024R002A043,NTU,A043,falling_down,high_risk,86,25,3,"(86, 25, 3)",C:\Users\VICTUS\Downloads\Research\outputs\NTU_Pose_Output\A043\S006C003P024R002A043.npy
S007C001P001R001A008,NTU,A008,sit_down,low_risk,57,25,3,"(57, 25, 3)",C:\Users\VICTUS\Downloads\Research\outputs\NTU_Pose_Output\A008\S007C001P001R001A008.npy
S007C001P001R001A009,NTU,A009,stand_up,low_risk,59,25,3,"(59, 25, 3)",C:\Users\VICTUS\Downloads\Research\outputs\NTU_Pose_Output\A009\S007C001P001R001A009.npy
S007C001P001R001A042,NTU,A042,staggering,moderate_risk,108,25,3,"(108, 25, 3)",C:\Users\VICTUS\Downloads\Research\outputs\NTU_Pose_Output\A042\S007C001P001R001A042.npy
S007C001P001R001A043,NTU,A043,falling_down,high_risk,50,25,3,"(50, 25, 3)",C:\Users\VICTUS\Downloads\Research\outputs\NTU_Pose_Output\A043\S007C001P001R001A043.npy
S007C001P001R002A008,NTU,A008,sit_down,low_risk,58,25,3,"(58, 25, 3)",C:\Users\VICTUS\Downloads\Research\outputs\NTU_Pose_Output\A008\S007C001P001R002A008.npy
S007C001P001R002A009,NTU,A009,stand_up,low_risk,53,25,3,"(53, 25, 3)",C:\Users\VICTUS\Downloads\Research\outputs\NTU_Pose_Output\A009\S007C001P001R002A009.npy
S007C001P001R002A042,NTU,A042,staggering,moderate_risk,116,25,3,"(116, 25, 3)",C:\Users\VICTUS\Downloads\Research\outputs\NTU_Pose_Output\A042\S007C001P001R002A042.npy
S007C001P001R002A043,NTU,A043,falling_down,high_risk,54,25,3,"(54, 25, 3)",C:\Users\VICTUS\Downloads\Research\outputs\NTU_Pose_Output\A043\S007C001P001R002A043.npy
S007C001P007R001A008,NTU,A008,sit_down,low_risk,60,25,3,"(60, 25, 3)",C:\Users\VICTUS\Downloads\Research\outputs\NTU_Pose_Output\A008\S007C001P007R001A008.npy
S007C001P007R001A009,NTU,A009,stand_up,low_risk,50,25,3,"(50, 25, 3)",C:\Users\VICTUS\Downloads\Research\outputs\NTU_Pose_Output\A009\S007C001P007R001A009.npy
S007C001P007R001A042,NTU,A042,staggering,moderate_risk,97,25,3,"(97, 25, 3)",C:\Users\VICTUS\Downloads\Research\outputs\NTU_Pose_Output\A042\S007C001P007R001A042.npy
S007C001P007R001A043,NTU,A043,falling_down,high_risk,57,25,3,"(57, 25, 3)",C:\Users\VICTUS\Downloads\Research\outputs\NTU_Pose_Output\A043\S007C001P007R001A043.npy
S007C001P007R002A008,NTU,A008,sit_down,low_risk,52,25,3,"(52, 25, 3)",C:\Users\VICTUS\Downloads\Research\outputs\NTU_Pose_Output\A008\S007C001P007R002A008.npy
S007C001P007R002A009,NTU,A009,stand_up,low_risk,56,25,3,"(56, 25, 3)",C:\Users\VICTUS\Downloads\Research\outputs\NTU_Pose_Output\A009\S007C001P007R002A009.npy
S007C001P007R002A042,NTU,A042,staggering,moderate_risk,97,25,3,"(97, 25, 3)",C:\Users\VICTUS\Downloads\Research\outputs\NTU_Pose_Output\A042\S007C001P007R002A042.npy
S007C001P007R002A043,NTU,A043,falling_down,high_risk,67,25,3,"(67, 25, 3)",C:\Users\VICTUS\Downloads\Research\outputs\NTU_Pose_Output\A043\S007C001P007R002A043.npy
S007C001P008R001A008,NTU,A008,sit_down,low_risk,77,25,3,"(77, 25, 3)",C:\Users\VICTUS\Downloads\Research\outputs\NTU_Pose_Output\A008\S007C001P008R001A008.npy
S007C001P008R001A009,NTU,A009,stand_up,low_risk,67,25,3,"(67, 25, 3)",C:\Users\VICTUS\Downloads\Research\outputs\NTU_Pose_Output\A009\S007C001P008R001A009.npy
S007C001P008R001A042,NTU,A042,staggering,moderate_risk,107,25,3,"(107, 25, 3)",C:\Users\VICTUS\Downloads\Research\outputs\NTU_Pose_Output\A042\S007C001P008R001A042.npy
S007C001P008R001A043,NTU,A043,falling_down,high_risk,75,25,3,"(75, 25, 3)",C:\Users\VICTUS\Downloads\Research\outputs\NTU_Pose_Output\A043\S007C001P008R001A043.npy
S007C001P008R002A008,NTU,A008,sit_down,low_risk,92,25,3,"(92, 25, 3)",C:\Users\VICTUS\Downloads\Research\outputs\NTU_Pose_Output\A008\S007C001P008R002A008.npy
S007C001P008R002A009,NTU,A009,stand_up,low_risk,65,25,3,"(65, 25, 3)",C:\Users\VICTUS\Downloads\Research\outputs\NTU_Pose_Output\A009\S007C001P008R002A009.npy
S007C001P008R002A042,NTU,A042,staggering,moderate_risk,117,25,3,"(117, 25, 3)",C:\Users\VICTUS\Downloads\Research\outputs\NTU_Pose_Output\A042\S007C001P008R002A042.npy
S007C001P008R002A043,NTU,A043,falling_down,high_risk,58,25,3,"(58, 25, 3)",C:\Users\VICTUS\Downloads\Research\outputs\NTU_Pose_Output\A043\S007C001P008R002A043.npy
S007C001P015R001A008,NTU,A008,sit_down,low_risk,65,25,3,"(65, 25, 3)",C:\Users\VICTUS\Downloads\Research\outputs\NTU_Pose_Output\A008\S007C001P015R001A008.npy
S007C001P015R001A009,NTU,A009,stand_up,low_risk,65,25,3,"(65, 25, 3)",C:\Users\VICTUS\Downloads\Research\outputs\NTU_Pose_Output\A009\S007C001P015R001A009.npy
S007C001P015R001A042,NTU,A042,staggering,moderate_risk,99,25,3,"(99, 25, 3)",C:\Users\VICTUS\Downloads\Research\outputs\NTU_Pose_Output\A042\S007C001P015R001A042.npy
S007C001P015R001A043,NTU,A043,falling_down,high_risk,45,25,3,"(45, 25, 3)",C:\Users\VICTUS\Downloads\Research\outputs\NTU_Pose_Output\A043\S007C001P015R001A043.npy
S007C001P015R002A008,NTU,A008,sit_down,low_risk,65,25,3,"(65, 25, 3)",C:\Users\VICTUS\Downloads\Research\outputs\NTU_Pose_Output\A008\S007C001P015R002A008.npy
S007C001P015R002A009,NTU,A009,stand_up,low_risk,68,25,3,"(68, 25, 3)",C:\Users\VICTUS\Downloads\Research\outputs\NTU_Pose_Output\A009\S007C001P015R002A009.npy
S007C001P015R002A042,NTU,A042,staggering,moderate_risk,93,25,3,"(93, 25, 3)",C:\Users\VICTUS\Downloads\Research\outputs\NTU_Pose_Output\A042\S007C001P015R002A042.npy
S007C001P015R002A043,NTU,A043,falling_down,high_risk,52,25,3,"(52, 25, 3)",C:\Users\VICTUS\Downloads\Research\outputs\NTU_Pose_Output\A043\S007C001P015R002A043.npy
S007C001P016R001A008,NTU,A008,sit_down,low_risk,87,25,3,"(87, 25, 3)",C:\Users\VICTUS\Downloads\Research\outputs\NTU_Pose_Output\A008\S007C001P016R001A008.npy
S007C001P016R001A009,NTU,A009,stand_up,low_risk,71,25,3,"(71, 25, 3)",C:\Users\VICTUS\Downloads\Research\outputs\NTU_Pose_Output\A009\S007C001P016R001A009.npy
S007C001P016R001A042,NTU,A042,staggering,moderate_risk,94,25,3,"(94, 25, 3)",C:\Users\VICTUS\Downloads\Research\outputs\NTU_Pose_Output\A042\S007C001P016R001A042.npy
S007C001P016R001A043,NTU,A043,falling_down,high_risk,68,25,3,"(68, 25, 3)",C:\Users\VICTUS\Downloads\Research\outputs\NTU_Pose_Output\A043\S007C001P016R001A043.npy
S007C001P016R002A008,NTU,A008,sit_down,low_risk,56,25,3,"(56, 25, 3)",C:\Users\VICTUS\Downloads\Research\outputs\NTU_Pose_Output\A008\S007C001P016R002A008.npy
S007C001P016R002A009,NTU,A009,stand_up,low_risk,70,25,3,"(70, 25, 3)",C:\Users\VICTUS\Downloads\Research\outputs\NTU_Pose_Output\A009\S007C001P016R002A009.npy
S007C001P016R002A042,NTU,A042,staggering,moderate_risk,104,25,3,"(104, 25, 3)",C:\Users\VICTUS\Downloads\Research\outputs\NTU_Pose_Output\A042\S007C001P016R002A042.npy
S007C001P016R002A043,NTU,A043,falling_down,high_risk,63,25,3,"(63, 25, 3)",C:\Users\VICTUS\Downloads\Research\outputs\NTU_Pose_Output\A043\S007C001P016R002A043.npy
S007C001P017R001A008,NTU,A008,sit_down,low_risk,83,25,3,"(83, 25, 3)",C:\Users\VICTUS\Downloads\Research\outputs\NTU_Pose_Output\A008\S007C001P017R001A008.npy
S007C001P017R001A009,NTU,A009,stand_up,low_risk,78,25,3,"(78, 25, 3)",C:\Users\VICTUS\Downloads\Research\outputs\NTU_Pose_Output\A009\S007C001P017R001A009.npy
S007C001P017R001A042,NTU,A042,staggering,moderate_risk,102,25,3,"(102, 25, 3)",C:\Users\VICTUS\Downloads\Research\outputs\NTU_Pose_Output\A042\S007C001P017R001A042.npy
S007C001P017R001A043,NTU,A043,falling_down,high_risk,59,25,3,"(59, 25, 3)",C:\Users\VICTUS\Downloads\Research\outputs\NTU_Pose_Output\A043\S007C001P017R001A043.npy
S007C001P017R002A008,NTU,A008,sit_down,low_risk,83,25,3,"(83, 25, 3)",C:\Users\VICTUS\Downloads\Research\outputs\NTU_Pose_Output\A008\S007C001P017R002A008.npy
S007C001P017R002A009,NTU,A009,stand_up,low_risk,67,25,3,"(67, 25, 3)",C:\Users\VICTUS\Downloads\Research\outputs\NTU_Pose_Output\A009\S007C001P017R002A009.npy
S007C001P017R002A042,NTU,A042,staggering,moderate_risk,112,25,3,"(112, 25, 3)",C:\Users\VICTUS\Downloads\Research\outputs\NTU_Pose_Output\A042\S007C001P017R002A042.npy
S007C001P017R002A043,NTU,A043,falling_down,high_risk,50,25,3,"(50, 25, 3)",C:\Users\VICTUS\Downloads\Research\outputs\NTU_Pose_Output\A043\S007C001P017R002A043.npy
S007C001P018R001A008,NTU,A008,sit_down,low_risk,64,25,3,"(64, 25, 3)",C:\Users\VICTUS\Downloads\Research\outputs\NTU_Pose_Output\A008\S007C001P018R001A008.npy
S007C001P018R001A009,NTU,A009,stand_up,low_risk,66,25,3,"(66, 25, 3)",C:\Users\VICTUS\Downloads\Research\outputs\NTU_Pose_Output\A009\S007C001P018R001A009.npy
S007C001P018R001A042,NTU,A042,staggering,moderate_risk,92,25,3,"(92, 25, 3)",C:\Users\VICTUS\Downloads\Research\outputs\NTU_Pose_Output\A042\S007C001P018R001A042.npy
S007C001P018R001A043,NTU,A043,falling_down,high_risk,62,25,3,"(62, 25, 3)",C:\Users\VICTUS\Downloads\Research\outputs\NTU_Pose_Output\A043\S007C001P018R001A043.npy
S007C001P018R002A008,NTU,A008,sit_down,low_risk,74,25,3,"(74, 25, 3)",C:\Users\VICTUS\Downloads\Research\outputs\NTU_Pose_Output\A008\S007C001P018R002A008.npy
S007C001P018R002A009,NTU,A009,stand_up,low_risk,57,25,3,"(57, 25, 3)",C:\Users\VICTUS\Downloads\Research\outputs\NTU_Pose_Output\A009\S007C001P018R002A009.npy
S007C001P018R002A042,NTU,A042,staggering,moderate_risk,84,25,3,"(84, 25, 3)",C:\Users\VICTUS\Downloads\Research\outputs\NTU_Pose_Output\A042\S007C001P018R002A042.npy
S007C001P018R002A043,NTU,A043,falling_down,high_risk,45,25,3,"(45, 25, 3)",C:\Users\VICTUS\Downloads\Research\outputs\NTU_Pose_Output\A043\S007C001P018R002A043.npy
S007C001P019R001A008,NTU,A008,sit_down,low_risk,70,25,3,"(70, 25, 3)",C:\Users\VICTUS\Downloads\Research\outputs\NTU_Pose_Output\A008\S007C001P019R001A008.npy
S007C001P019R001A009,NTU,A009,stand_up,low_risk,71,25,3,"(71, 25, 3)",C:\Users\VICTUS\Downloads\Research\outputs\NTU_Pose_Output\A009\S007C001P019R001A009.npy
S007C001P019R001A042,NTU,A042,staggering,moderate_risk,98,25,3,"(98, 25, 3)",C:\Users\VICTUS\Downloads\Research\outputs\NTU_Pose_Output\A042\S007C001P019R001A042.npy
S007C001P019R001A043,NTU,A043,falling_down,high_risk,66,25,3,"(66, 25, 3)",C:\Users\VICTUS\Downloads\Research\outputs\NTU_Pose_Output\A043\S007C001P019R001A043.npy
S007C001P019R002A008,NTU,A008,sit_down,low_risk,66,25,3,"(66, 25, 3)",C:\Users\VICTUS\Downloads\Research\outputs\NTU_Pose_Output\A008\S007C001P019R002A008.npy
S007C001P019R002A009,NTU,A009,stand_up,low_risk,59,25,3,"(59, 25, 3)",C:\Users\VICTUS\Downloads\Research\outputs\NTU_Pose_Output\A009\S007C001P019R002A009.npy
S007C001P019R002A042,NTU,A042,staggering,moderate_risk,81,25,3,"(81, 25, 3)",C:\Users\VICTUS\Downloads\Research\outputs\NTU_Pose_Output\A042\S007C001P019R002A042.npy
S007C001P019R002A043,NTU,A043,falling_down,high_risk,70,25,3,"(70, 25, 3)",C:\Users\VICTUS\Downloads\Research\outputs\NTU_Pose_Output\A043\S007C001P019R002A043.npy
S007C001P025R001A008,NTU,A008,sit_down,low_risk,62,25,3,"(62, 25, 3)",C:\Users\VICTUS\Downloads\Research\outputs\NTU_Pose_Output\A008\S007C001P025R001A008.npy
S007C001P025R001A009,NTU,A009,stand_up,low_risk,50,25,3,"(50, 25, 3)",C:\Users\VICTUS\Downloads\Research\outputs\NTU_Pose_Output\A009\S007C001P025R001A009.npy
S007C001P025R001A042,NTU,A042,staggering,moderate_risk,82,25,3,"(82, 25, 3)",C:\Users\VICTUS\Downloads\Research\outputs\NTU_Pose_Output\A042\S007C001P025R001A042.npy
S007C001P025R001A043,NTU,A043,falling_down,high_risk,58,25,3,"(58, 25, 3)",C:\Users\VICTUS\Downloads\Research\outputs\NTU_Pose_Output\A043\S007C001P025R001A043.npy
S007C001P025R002A008,NTU,A008,sit_down,low_risk,63,25,3,"(63, 25, 3)",C:\Users\VICTUS\Downloads\Research\outputs\NTU_Pose_Output\A008\S007C001P025R002A008.npy
S007C001P025R002A009,NTU,A009,stand_up,low_risk,56,25,3,"(56, 25, 3)",C:\Users\VICTUS\Downloads\Research\outputs\NTU_Pose_Output\A009\S007C001P025R002A009.npy
S007C001P025R002A042,NTU,A042,staggering,moderate_risk,95,25,3,"(95, 25, 3)",C:\Users\VICTUS\Downloads\Research\outputs\NTU_Pose_Output\A042\S007C001P025R002A042.npy
S007C001P025R002A043,NTU,A043,falling_down,high_risk,61,25,3,"(61, 25, 3)",C:\Users\VICTUS\Downloads\Research\outputs\NTU_Pose_Output\A043\S007C001P025R002A043.npy
S007C001P026R001A008,NTU,A008,sit_down,low_risk,78,25,3,"(78, 25, 3)",C:\Users\VICTUS\Downloads\Research\outputs\NTU_Pose_Output\A008\S007C001P026R001A008.npy
S007C001P026R001A009,NTU,A009,stand_up,low_risk,57,25,3,"(57, 25, 3)",C:\Users\VICTUS\Downloads\Research\outputs\NTU_Pose_Output\A009\S007C001P026R001A009.npy
S007C001P026R001A042,NTU,A042,staggering,moderate_risk,104,25,3,"(104, 25, 3)",C:\Users\VICTUS\Downloads\Research\outputs\NTU_Pose_Output\A042\S007C001P026R001A042.npy
S007C001P026R001A043,NTU,A043,falling_down,high_risk,65,25,3,"(65, 25, 3)",C:\Users\VICTUS\Downloads\Research\outputs\NTU_Pose_Output\A043\S007C001P026R001A043.npy
S007C001P026R002A008,NTU,A008,sit_down,low_risk,79,25,3,"(79, 25, 3)",C:\Users\VICTUS\Downloads\Research\outputs\NTU_Pose_Output\A008\S007C001P026R002A008.npy
S007C001P026R002A009,NTU,A009,stand_up,low_risk,61,25,3,"(61, 25, 3)",C:\Users\VICTUS\Downloads\Research\outputs\NTU_Pose_Output\A009\S007C001P026R002A009.npy
S007C001P026R002A042,NTU,A042,staggering,moderate_risk,107,25,3,"(107, 25, 3)",C:\Users\VICTUS\Downloads\Research\outputs\NTU_Pose_Output\A042\S007C001P026R002A042.npy
S007C001P026R002A043,NTU,A043,falling_down,high_risk,71,25,3,"(71, 25, 3)",C:\Users\VICTUS\Downloads\Research\outputs\NTU_Pose_Output\A043\S007C001P026R002A043.npy
S007C001P027R001A008,NTU,A008,sit_down,low_risk,82,25,3,"(82, 25, 3)",C:\Users\VICTUS\Downloads\Research\outputs\NTU_Pose_Output\A008\S007C001P027R001A008.npy
S007C001P027R001A009,NTU,A009,stand_up,low_risk,65,25,3,"(65, 25, 3)",C:\Users\VICTUS\Downloads\Research\outputs\NTU_Pose_Output\A009\S007C001P027R001A009.npy
S007C001P027R001A042,NTU,A042,staggering,moderate_risk,87,25,3,"(87, 25, 3)",C:\Users\VICTUS\Downloads\Research\outputs\NTU_Pose_Output\A042\S007C001P027R001A042.npy
S007C001P027R001A043,NTU,A043,falling_down,high_risk,73,25,3,"(73, 25, 3)",C:\Users\VICTUS\Downloads\Research\outputs\NTU_Pose_Output\A043\S007C001P027R001A043.npy
S007C001P027R002A008,NTU,A008,sit_down,low_risk,85,25,3,"(85, 25, 3)",C:\Users\VICTUS\Downloads\Research\outputs\NTU_Pose_Output\A008\S007C001P027R002A008.npy
S007C001P027R002A009,NTU,A009,stand_up,low_risk,64,25,3,"(64, 25, 3)",C:\Users\VICTUS\Downloads\Research\outputs\NTU_Pose_Output\A009\S007C001P027R002A009.npy
S007C001P027R002A042,NTU,A042,staggering,moderate_risk,87,25,3,"(87, 25, 3)",C:\Users\VICTUS\Downloads\Research\outputs\NTU_Pose_Output\A042\S007C001P027R002A042.npy
S007C001P027R002A043,NTU,A043,falling_down,high_risk,105,25,3,"(105, 25, 3)",C:\Users\VICTUS\Downloads\Research\outputs\NTU_Pose_Output\A043\S007C001P027R002A043.npy
S007C001P028R001A008,NTU,A008,sit_down,low_risk,63,25,3,"(63, 25, 3)",C:\Users\VICTUS\Downloads\Research\outputs\NTU_Pose_Output\A008\S007C001P028R001A008.npy
S007C001P028R001A009,NTU,A009,stand_up,low_risk,63,25,3,"(63, 25, 3)",C:\Users\VICTUS\Downloads\Research\outputs\NTU_Pose_Output\A009\S007C001P028R001A009.npy
S007C001P028R001A042,NTU,A042,staggering,moderate_risk,85,25,3,"(85, 25, 3)",C:\Users\VICTUS\Downloads\Research\outputs\NTU_Pose_Output\A042\S007C001P028R001A042.npy
S007C001P028R001A043,NTU,A043,falling_down,high_risk,60,25,3,"(60, 25, 3)",C:\Users\VICTUS\Downloads\Research\outputs\NTU_Pose_Output\A043\S007C001P028R001A043.npy
S007C001P028R002A008,NTU,A008,sit_down,low_risk,66,25,3,"(66, 25, 3)",C:\Users\VICTUS\Downloads\Research\outputs\NTU_Pose_Output\A008\S007C001P028R002A008.npy
S007C001P028R002A009,NTU,A009,stand_up,low_risk,59,25,3,"(59, 25, 3)",C:\Users\VICTUS\Downloads\Research\outputs\NTU_Pose_Output\A009\S007C001P028R002A009.npy
S007C001P028R002A042,NTU,A042,staggering,moderate_risk,93,25,3,"(93, 25, 3)",C:\Users\VICTUS\Downloads\Research\outputs\NTU_Pose_Output\A042\S007C001P028R002A042.npy
S007C001P028R002A043,NTU,A043,falling_down,high_risk,56,25,3,"(56, 25, 3)",C:\Users\VICTUS\Downloads\Research\outputs\NTU_Pose_Output\A043\S007C001P028R002A043.npy
S007C002P001R001A008,NTU,A008,sit_down,low_risk,59,25,3,"(59, 25, 3)",C:\Users\VICTUS\Downloads\Research\outputs\NTU_Pose_Output\A008\S007C002P001R001A008.npy
S007C002P001R001A009,NTU,A009,stand_up,low_risk,60,25,3,"(60, 25, 3)",C:\Users\VICTUS\Downloads\Research\outputs\NTU_Pose_Output\A009\S007C002P001R001A009.npy
S007C002P001R001A042,NTU,A042,staggering,moderate_risk,108,25,3,"(108, 25, 3)",C:\Users\VICTUS\Downloads\Research\outputs\NTU_Pose_Output\A042\S007C002P001R001A042.npy
S007C002P001R001A043,NTU,A043,falling_down,high_risk,50,25,3,"(50, 25, 3)",C:\Users\VICTUS\Downloads\Research\outputs\NTU_Pose_Output\A043\S007C002P001R001A043.npy
S007C002P001R002A008,NTU,A008,sit_down,low_risk,59,25,3,"(59, 25, 3)",C:\Users\VICTUS\Downloads\Research\outputs\NTU_Pose_Output\A008\S007C002P001R002A008.npy
S007C002P001R002A009,NTU,A009,stand_up,low_risk,53,25,3,"(53, 25, 3)",C:\Users\VICTUS\Downloads\Research\outputs\NTU_Pose_Output\A009\S007C002P001R002A009.npy
S007C002P001R002A042,NTU,A042,staggering,moderate_risk,116,25,3,"(116, 25, 3)",C:\Users\VICTUS\Downloads\Research\outputs\NTU_Pose_Output\A042\S007C002P001R002A042.npy
S007C002P001R002A043,NTU,A043,falling_down,high_risk,53,25,3,"(53, 25, 3)",C:\Users\VICTUS\Downloads\Research\outputs\NTU_Pose_Output\A043\S007C002P001R002A043.npy
S007C002P007R001A008,NTU,A008,sit_down,low_risk,62,25,3,"(62, 25, 3)",C:\Users\VICTUS\Downloads\Research\outputs\NTU_Pose_Output\A008\S007C002P007R001A008.npy
S007C002P007R001A009,NTU,A009,stand_up,low_risk,51,25,3,"(51, 25, 3)",C:\Users\VICTUS\Downloads\Research\outputs\NTU_Pose_Output\A009\S007C002P007R001A009.npy
S007C002P007R001A042,NTU,A042,staggering,moderate_risk,97,25,3,"(97, 25, 3)",C:\Users\VICTUS\Downloads\Research\outputs\NTU_Pose_Output\A042\S007C002P007R001A042.npy
S007C002P007R001A043,NTU,A043,falling_down,high_risk,56,25,3,"(56, 25, 3)",C:\Users\VICTUS\Downloads\Research\outputs\NTU_Pose_Output\A043\S007C002P007R001A043.npy
S007C002P007R002A008,NTU,A008,sit_down,low_risk,52,25,3,"(52, 25, 3)",C:\Users\VICTUS\Downloads\Research\outputs\NTU_Pose_Output\A008\S007C002P007R002A008.npy
S007C002P007R002A009,NTU,A009,stand_up,low_risk,56,25,3,"(56, 25, 3)",C:\Users\VICTUS\Downloads\Research\outputs\NTU_Pose_Output\A009\S007C002P007R002A009.npy
S007C002P007R002A042,NTU,A042,staggering,moderate_risk,97,25,3,"(97, 25, 3)",C:\Users\VICTUS\Downloads\Research\outputs\NTU_Pose_Output\A042\S007C002P007R002A042.npy
S007C002P007R002A043,NTU,A043,falling_down,high_risk,67,25,3,"(67, 25, 3)",C:\Users\VICTUS\Downloads\Research\outputs\NTU_Pose_Output\A043\S007C002P007R002A043.npy
S007C002P008R001A008,NTU,A008,sit_down,low_risk,78,25,3,"(78, 25, 3)",C:\Users\VICTUS\Downloads\Research\outputs\NTU_Pose_Output\A008\S007C002P008R001A008.npy
S007C002P008R001A009,NTU,A009,stand_up,low_risk,68,25,3,"(68, 25, 3)",C:\Users\VICTUS\Downloads\Research\outputs\NTU_Pose_Output\A009\S007C002P008R001A009.npy
S007C002P008R001A042,NTU,A042,staggering,moderate_risk,107,25,3,"(107, 25, 3)",C:\Users\VICTUS\Downloads\Research\outputs\NTU_Pose_Output\A042\S007C002P008R001A042.npy
S007C002P008R001A043,NTU,A043,falling_down,high_risk,75,25,3,"(75, 25, 3)",C:\Users\VICTUS\Downloads\Research\outputs\NTU_Pose_Output\A043\S007C002P008R001A043.npy
S007C002P008R002A008,NTU,A008,sit_down,low_risk,93,25,3,"(93, 25, 3)",C:\Users\VICTUS\Downloads\Research\outputs\NTU_Pose_Output\A008\S007C002P008R002A008.npy
S007C002P008R002A009,NTU,A009,stand_up,low_risk,64,25,3,"(64, 25, 3)",C:\Users\VICTUS\Downloads\Research\outputs\NTU_Pose_Output\A009\S007C002P008R002A009.npy
S007C002P008R002A042,NTU,A042,staggering,moderate_risk,117,25,3,"(117, 25, 3)",C:\Users\VICTUS\Downloads\Research\outputs\NTU_Pose_Output\A042\S007C002P008R002A042.npy
S007C002P008R002A043,NTU,A043,falling_down,high_risk,58,25,3,"(58, 25, 3)",C:\Users\VICTUS\Downloads\Research\outputs\NTU_Pose_Output\A043\S007C002P008R002A043.npy
S007C002P015R001A008,NTU,A008,sit_down,low_risk,65,25,3,"(65, 25, 3)",C:\Users\VICTUS\Downloads\Research\outputs\NTU_Pose_Output\A008\S007C002P015R001A008.npy
S007C002P015R001A009,NTU,A009,stand_up,low_risk,67,25,3,"(67, 25, 3)",C:\Users\VICTUS\Downloads\Research\outputs\NTU_Pose_Output\A009\S007C002P015R001A009.npy
S007C002P015R001A042,NTU,A042,staggering,moderate_risk,98,25,3,"(98, 25, 3)",C:\Users\VICTUS\Downloads\Research\outputs\NTU_Pose_Output\A042\S007C002P015R001A042.npy
S007C002P015R001A043,NTU,A043,falling_down,high_risk,45,25,3,"(45, 25, 3)",C:\Users\VICTUS\Downloads\Research\outputs\NTU_Pose_Output\A043\S007C002P015R001A043.npy
S007C002P015R002A008,NTU,A008,sit_down,low_risk,66,25,3,"(66, 25, 3)",C:\Users\VICTUS\Downloads\Research\outputs\NTU_Pose_Output\A008\S007C002P015R002A008.npy
S007C002P015R002A009,NTU,A009,stand_up,low_risk,68,25,3,"(68, 25, 3)",C:\Users\VICTUS\Downloads\Research\outputs\NTU_Pose_Output\A009\S007C002P015R002A009.npy
S007C002P015R002A042,NTU,A042,staggering,moderate_risk,94,25,3,"(94, 25, 3)",C:\Users\VICTUS\Downloads\Research\outputs\NTU_Pose_Output\A042\S007C002P015R002A042.npy
S007C002P015R002A043,NTU,A043,falling_down,high_risk,53,25,3,"(53, 25, 3)",C:\Users\VICTUS\Downloads\Research\outputs\NTU_Pose_Output\A043\S007C002P015R002A043.npy
S007C002P016R001A008,NTU,A008,sit_down,low_risk,87,25,3,"(87, 25, 3)",C:\Users\VICTUS\Downloads\Research\outputs\NTU_Pose_Output\A008\S007C002P016R001A008.npy
S007C002P016R001A009,NTU,A009,stand_up,low_risk,71,25,3,"(71, 25, 3)",C:\Users\VICTUS\Downloads\Research\outputs\NTU_Pose_Output\A009\S007C002P016R001A009.npy
S007C002P016R001A042,NTU,A042,staggering,moderate_risk,94,25,3,"(94, 25, 3)",C:\Users\VICTUS\Downloads\Research\outputs\NTU_Pose_Output\A042\S007C002P016R001A042.npy
S007C002P016R001A043,NTU,A043,falling_down,high_risk,68,25,3,"(68, 25, 3)",C:\Users\VICTUS\Downloads\Research\outputs\NTU_Pose_Output\A043\S007C002P016R001A043.npy
S007C002P016R002A008,NTU,A008,sit_down,low_risk,57,25,3,"(57, 25, 3)",C:\Users\VICTUS\Downloads\Research\outputs\NTU_Pose_Output\A008\S007C002P016R002A008.npy
S007C002P016R002A009,NTU,A009,stand_up,low_risk,70,25,3,"(70, 25, 3)",C:\Users\VICTUS\Downloads\Research\outputs\NTU_Pose_Output\A009\S007C002P016R002A009.npy
S007C002P016R002A042,NTU,A042,staggering,moderate_risk,105,25,3,"(105, 25, 3)",C:\Users\VICTUS\Downloads\Research\outputs\NTU_Pose_Output\A042\S007C002P016R002A042.npy
S007C002P016R002A043,NTU,A043,falling_down,high_risk,65,25,3,"(65, 25, 3)",C:\Users\VICTUS\Downloads\Research\outputs\NTU_Pose_Output\A043\S007C002P016R002A043.npy
S007C002P017R001A008,NTU,A008,sit_down,low_risk,83,25,3,"(83, 25, 3)",C:\Users\VICTUS\Downloads\Research\outputs\NTU_Pose_Output\A008\S007C002P017R001A008.npy
S007C002P017R001A009,NTU,A009,stand_up,low_risk,78,25,3,"(78, 25, 3)",C:\Users\VICTUS\Downloads\Research\outputs\NTU_Pose_Output\A009\S007C002P017R001A009.npy
S007C002P017R001A042,NTU,A042,staggering,moderate_risk,105,25,3,"(105, 25, 3)",C:\Users\VICTUS\Downloads\Research\outputs\NTU_Pose_Output\A042\S007C002P017R001A042.npy
S007C002P017R001A043,NTU,A043,falling_down,high_risk,60,25,3,"(60, 25, 3)",C:\Users\VICTUS\Downloads\Research\outputs\NTU_Pose_Output\A043\S007C002P017R001A043.npy
S007C002P017R002A008,NTU,A008,sit_down,low_risk,84,25,3,"(84, 25, 3)",C:\Users\VICTUS\Downloads\Research\outputs\NTU_Pose_Output\A008\S007C002P017R002A008.npy
S007C002P017R002A009,NTU,A009,stand_up,low_risk,68,25,3,"(68, 25, 3)",C:\Users\VICTUS\Downloads\Research\outputs\NTU_Pose_Output\A009\S007C002P017R002A009.npy
S007C002P017R002A042,NTU,A042,staggering,moderate_risk,112,25,3,"(112, 25, 3)",C:\Users\VICTUS\Downloads\Research\outputs\NTU_Pose_Output\A042\S007C002P017R002A042.npy
S007C002P017R002A043,NTU,A043,falling_down,high_risk,51,25,3,"(51, 25, 3)",C:\Users\VICTUS\Downloads\Research\outputs\NTU_Pose_Output\A043\S007C002P017R002A043.npy
S007C002P018R001A008,NTU,A008,sit_down,low_risk,64,25,3,"(64, 25, 3)",C:\Users\VICTUS\Downloads\Research\outputs\NTU_Pose_Output\A008\S007C002P018R001A008.npy
S007C002P018R001A009,NTU,A009,stand_up,low_risk,65,25,3,"(65, 25, 3)",C:\Users\VICTUS\Downloads\Research\outputs\NTU_Pose_Output\A009\S007C002P018R001A009.npy
S007C002P018R001A042,NTU,A042,staggering,moderate_risk,91,25,3,"(91, 25, 3)",C:\Users\VICTUS\Downloads\Research\outputs\NTU_Pose_Output\A042\S007C002P018R001A042.npy
S007C002P018R001A043,NTU,A043,falling_down,high_risk,64,25,3,"(64, 25, 3)",C:\Users\VICTUS\Downloads\Research\outputs\NTU_Pose_Output\A043\S007C002P018R001A043.npy
S007C002P018R002A008,NTU,A008,sit_down,low_risk,75,25,3,"(75, 25, 3)",C:\Users\VICTUS\Downloads\Research\outputs\NTU_Pose_Output\A008\S007C002P018R002A008.npy
S007C002P018R002A009,NTU,A009,stand_up,low_risk,57,25,3,"(57, 25, 3)",C:\Users\VICTUS\Downloads\Research\outputs\NTU_Pose_Output\A009\S007C002P018R002A009.npy
S007C002P018R002A042,NTU,A042,staggering,moderate_risk,84,25,3,"(84, 25, 3)",C:\Users\VICTUS\Downloads\Research\outputs\NTU_Pose_Output\A042\S007C002P018R002A042.npy
S007C002P018R002A043,NTU,A043,falling_down,high_risk,46,25,3,"(46, 25, 3)",C:\Users\VICTUS\Downloads\Research\outputs\NTU_Pose_Output\A043\S007C002P018R002A043.npy
S007C002P019R001A008,NTU,A008,sit_down,low_risk,70,25,3,"(70, 25, 3)",C:\Users\VICTUS\Downloads\Research\outputs\NTU_Pose_Output\A008\S007C002P019R001A008.npy
S007C002P019R001A009,NTU,A009,stand_up,low_risk,70,25,3,"(70, 25, 3)",C:\Users\VICTUS\Downloads\Research\outputs\NTU_Pose_Output\A009\S007C002P019R001A009.npy
S007C002P019R001A042,NTU,A042,staggering,moderate_risk,98,25,3,"(98, 25, 3)",C:\Users\VICTUS\Downloads\Research\outputs\NTU_Pose_Output\A042\S007C002P019R001A042.npy
S007C002P019R001A043,NTU,A043,falling_down,high_risk,65,25,3,"(65, 25, 3)",C:\Users\VICTUS\Downloads\Research\outputs\NTU_Pose_Output\A043\S007C002P019R001A043.npy
S007C002P019R002A008,NTU,A008,sit_down,low_risk,67,25,3,"(67, 25, 3)",C:\Users\VICTUS\Downloads\Research\outputs\NTU_Pose_Output\A008\S007C002P019R002A008.npy
S007C002P019R002A009,NTU,A009,stand_up,low_risk,58,25,3,"(58, 25, 3)",C:\Users\VICTUS\Downloads\Research\outputs\NTU_Pose_Output\A009\S007C002P019R002A009.npy
S007C002P019R002A042,NTU,A042,staggering,moderate_risk,81,25,3,"(81, 25, 3)",C:\Users\VICTUS\Downloads\Research\outputs\NTU_Pose_Output\A042\S007C002P019R002A042.npy
S007C002P019R002A043,NTU,A043,falling_down,high_risk,70,25,3,"(70, 25, 3)",C:\Users\VICTUS\Downloads\Research\outputs\NTU_Pose_Output\A043\S007C002P019R002A043.npy
S007C002P025R001A008,NTU,A008,sit_down,low_risk,61,25,3,"(61, 25, 3)",C:\Users\VICTUS\Downloads\Research\outputs\NTU_Pose_Output\A008\S007C002P025R001A008.npy
S007C002P025R001A009,NTU,A009,stand_up,low_risk,50,25,3,"(50, 25, 3)",C:\Users\VICTUS\Downloads\Research\outputs\NTU_Pose_Output\A009\S007C002P025R001A009.npy
S007C002P025R001A042,NTU,A042,staggering,moderate_risk,83,25,3,"(83, 25, 3)",C:\Users\VICTUS\Downloads\Research\outputs\NTU_Pose_Output\A042\S007C002P025R001A042.npy
S007C002P025R001A043,NTU,A043,falling_down,high_risk,58,25,3,"(58, 25, 3)",C:\Users\VICTUS\Downloads\Research\outputs\NTU_Pose_Output\A043\S007C002P025R001A043.npy
S007C002P025R002A008,NTU,A008,sit_down,low_risk,63,25,3,"(63, 25, 3)",C:\Users\VICTUS\Downloads\Research\outputs\NTU_Pose_Output\A008\S007C002P025R002A008.npy
S007C002P025R002A009,NTU,A009,stand_up,low_risk,57,25,3,"(57, 25, 3)",C:\Users\VICTUS\Downloads\Research\outputs\NTU_Pose_Output\A009\S007C002P025R002A009.npy
S007C002P025R002A042,NTU,A042,staggering,moderate_risk,98,25,3,"(98, 25, 3)",C:\Users\VICTUS\Downloads\Research\outputs\NTU_Pose_Output\A042\S007C002P025R002A042.npy
S007C002P025R002A043,NTU,A043,falling_down,high_risk,61,25,3,"(61, 25, 3)",C:\Users\VICTUS\Downloads\Research\outputs\NTU_Pose_Output\A043\S007C002P025R002A043.npy
S007C002P026R001A008,NTU,A008,sit_down,low_risk,80,25,3,"(80, 25, 3)",C:\Users\VICTUS\Downloads\Research\outputs\NTU_Pose_Output\A008\S007C002P026R001A008.npy
S007C002P026R001A009,NTU,A009,stand_up,low_risk,59,25,3,"(59, 25, 3)",C:\Users\VICTUS\Downloads\Research\outputs\NTU_Pose_Output\A009\S007C002P026R001A009.npy
S007C002P026R001A042,NTU,A042,staggering,moderate_risk,105,25,3,"(105, 25, 3)",C:\Users\VICTUS\Downloads\Research\outputs\NTU_Pose_Output\A042\S007C002P026R001A042.npy
S007C002P026R001A043,NTU,A043,falling_down,high_risk,64,25,3,"(64, 25, 3)",C:\Users\VICTUS\Downloads\Research\outputs\NTU_Pose_Output\A043\S007C002P026R001A043.npy
S007C002P026R002A008,NTU,A008,sit_down,low_risk,80,25,3,"(80, 25, 3)",C:\Users\VICTUS\Downloads\Research\outputs\NTU_Pose_Output\A008\S007C002P026R002A008.npy
S007C002P026R002A009,NTU,A009,stand_up,low_risk,61,25,3,"(61, 25, 3)",C:\Users\VICTUS\Downloads\Research\outputs\NTU_Pose_Output\A009\S007C002P026R002A009.npy
S007C002P026R002A042,NTU,A042,staggering,moderate_risk,108,25,3,"(108, 25, 3)",C:\Users\VICTUS\Downloads\Research\outputs\NTU_Pose_Output\A042\S007C002P026R002A042.npy
S007C002P026R002A043,NTU,A043,falling_down,high_risk,71,25,3,"(71, 25, 3)",C:\Users\VICTUS\Downloads\Research\outputs\NTU_Pose_Output\A043\S007C002P026R002A043.npy
S007C002P027R001A008,NTU,A008,sit_down,low_risk,83,25,3,"(83, 25, 3)",C:\Users\VICTUS\Downloads\Research\outputs\NTU_Pose_Output\A008\S007C002P027R001A008.npy
S007C002P027R001A009,NTU,A009,stand_up,low_risk,66,25,3,"(66, 25, 3)",C:\Users\VICTUS\Downloads\Research\outputs\NTU_Pose_Output\A009\S007C002P027R001A009.npy
S007C002P027R001A042,NTU,A042,staggering,moderate_risk,88,25,3,"(88, 25, 3)",C:\Users\VICTUS\Downloads\Research\outputs\NTU_Pose_Output\A042\S007C002P027R001A042.npy
S007C002P027R001A043,NTU,A043,falling_down,high_risk,74,25,3,"(74, 25, 3)",C:\Users\VICTUS\Downloads\Research\outputs\NTU_Pose_Output\A043\S007C002P027R001A043.npy
S007C002P027R002A008,NTU,A008,sit_down,low_risk,85,25,3,"(85, 25, 3)",C:\Users\VICTUS\Downloads\Research\outputs\NTU_Pose_Output\A008\S007C002P027R002A008.npy
S007C002P027R002A009,NTU,A009,stand_up,low_risk,64,25,3,"(64, 25, 3)",C:\Users\VICTUS\Downloads\Research\outputs\NTU_Pose_Output\A009\S007C002P027R002A009.npy
S007C002P027R002A042,NTU,A042,staggering,moderate_risk,87,25,3,"(87, 25, 3)",C:\Users\VICTUS\Downloads\Research\outputs\NTU_Pose_Output\A042\S007C002P027R002A042.npy
S007C002P027R002A043,NTU,A043,falling_down,high_risk,105,25,3,"(105, 25, 3)",C:\Users\VICTUS\Downloads\Research\outputs\NTU_Pose_Output\A043\S007C002P027R002A043.npy
S007C002P028R001A008,NTU,A008,sit_down,low_risk,63,25,3,"(63, 25, 3)",C:\Users\VICTUS\Downloads\Research\outputs\NTU_Pose_Output\A008\S007C002P028R001A008.npy
S007C002P028R001A009,NTU,A009,stand_up,low_risk,63,25,3,"(63, 25, 3)",C:\Users\VICTUS\Downloads\Research\outputs\NTU_Pose_Output\A009\S007C002P028R001A009.npy
S007C002P028R001A042,NTU,A042,staggering,moderate_risk,85,25,3,"(85, 25, 3)",C:\Users\VICTUS\Downloads\Research\outputs\NTU_Pose_Output\A042\S007C002P028R001A042.npy
S007C002P028R001A043,NTU,A043,falling_down,high_risk,61,25,3,"(61, 25, 3)",C:\Users\VICTUS\Downloads\Research\outputs\NTU_Pose_Output\A043\S007C002P028R001A043.npy
S007C002P028R002A008,NTU,A008,sit_down,low_risk,67,25,3,"(67, 25, 3)",C:\Users\VICTUS\Downloads\Research\outputs\NTU_Pose_Output\A008\S007C002P028R002A008.npy
S007C002P028R002A009,NTU,A009,stand_up,low_risk,59,25,3,"(59, 25, 3)",C:\Users\VICTUS\Downloads\Research\outputs\NTU_Pose_Output\A009\S007C002P028R002A009.npy
S007C002P028R002A042,NTU,A042,staggering,moderate_risk,94,25,3,"(94, 25, 3)",C:\Users\VICTUS\Downloads\Research\outputs\NTU_Pose_Output\A042\S007C002P028R002A042.npy
S007C002P028R002A043,NTU,A043,falling_down,high_risk,56,25,3,"(56, 25, 3)",C:\Users\VICTUS\Downloads\Research\outputs\NTU_Pose_Output\A043\S007C002P028R002A043.npy
S007C003P001R001A008,NTU,A008,sit_down,low_risk,58,25,3,"(58, 25, 3)",C:\Users\VICTUS\Downloads\Research\outputs\NTU_Pose_Output\A008\S007C003P001R001A008.npy
S007C003P001R001A009,NTU,A009,stand_up,low_risk,60,25,3,"(60, 25, 3)",C:\Users\VICTUS\Downloads\Research\outputs\NTU_Pose_Output\A009\S007C003P001R001A009.npy
S007C003P001R001A042,NTU,A042,staggering,moderate_risk,108,25,3,"(108, 25, 3)",C:\Users\VICTUS\Downloads\Research\outputs\NTU_Pose_Output\A042\S007C003P001R001A042.npy
S007C003P001R001A043,NTU,A043,falling_down,high_risk,50,25,3,"(50, 25, 3)",C:\Users\VICTUS\Downloads\Research\outputs\NTU_Pose_Output\A043\S007C003P001R001A043.npy
S007C003P001R002A008,NTU,A008,sit_down,low_risk,59,25,3,"(59, 25, 3)",C:\Users\VICTUS\Downloads\Research\outputs\NTU_Pose_Output\A008\S007C003P001R002A008.npy
S007C003P001R002A009,NTU,A009,stand_up,low_risk,53,25,3,"(53, 25, 3)",C:\Users\VICTUS\Downloads\Research\outputs\NTU_Pose_Output\A009\S007C003P001R002A009.npy
S007C003P001R002A042,NTU,A042,staggering,moderate_risk,116,25,3,"(116, 25, 3)",C:\Users\VICTUS\Downloads\Research\outputs\NTU_Pose_Output\A042\S007C003P001R002A042.npy
S007C003P001R002A043,NTU,A043,falling_down,high_risk,54,25,3,"(54, 25, 3)",C:\Users\VICTUS\Downloads\Research\outputs\NTU_Pose_Output\A043\S007C003P001R002A043.npy
S007C003P007R001A008,NTU,A008,sit_down,low_risk,62,25,3,"(62, 25, 3)",C:\Users\VICTUS\Downloads\Research\outputs\NTU_Pose_Output\A008\S007C003P007R001A008.npy
S007C003P007R001A009,NTU,A009,stand_up,low_risk,51,25,3,"(51, 25, 3)",C:\Users\VICTUS\Downloads\Research\outputs\NTU_Pose_Output\A009\S007C003P007R001A009.npy
S007C003P007R001A042,NTU,A042,staggering,moderate_risk,97,25,3,"(97, 25, 3)",C:\Users\VICTUS\Downloads\Research\outputs\NTU_Pose_Output\A042\S007C003P007R001A042.npy
S007C003P007R001A043,NTU,A043,falling_down,high_risk,57,25,3,"(57, 25, 3)",C:\Users\VICTUS\Downloads\Research\outputs\NTU_Pose_Output\A043\S007C003P007R001A043.npy
S007C003P007R002A008,NTU,A008,sit_down,low_risk,52,25,3,"(52, 25, 3)",C:\Users\VICTUS\Downloads\Research\outputs\NTU_Pose_Output\A008\S007C003P007R002A008.npy
S007C003P007R002A009,NTU,A009,stand_up,low_risk,56,25,3,"(56, 25, 3)",C:\Users\VICTUS\Downloads\Research\outputs\NTU_Pose_Output\A009\S007C003P007R002A009.npy
S007C003P007R002A042,NTU,A042,staggering,moderate_risk,97,25,3,"(97, 25, 3)",C:\Users\VICTUS\Downloads\Research\outputs\NTU_Pose_Output\A042\S007C003P007R002A042.npy
S007C003P007R002A043,NTU,A043,falling_down,high_risk,68,25,3,"(68, 25, 3)",C:\Users\VICTUS\Downloads\Research\outputs\NTU_Pose_Output\A043\S007C003P007R002A043.npy
S007C003P008R001A008,NTU,A008,sit_down,low_risk,77,25,3,"(77, 25, 3)",C:\Users\VICTUS\Downloads\Research\outputs\NTU_Pose_Output\A008\S007C003P008R001A008.npy
S007C003P008R001A009,NTU,A009,stand_up,low_risk,68,25,3,"(68, 25, 3)",C:\Users\VICTUS\Downloads\Research\outputs\NTU_Pose_Output\A009\S007C003P008R001A009.npy
S007C003P008R001A042,NTU,A042,staggering,moderate_risk,108,25,3,"(108, 25, 3)",C:\Users\VICTUS\Downloads\Research\outputs\NTU_Pose_Output\A042\S007C003P008R001A042.npy
S007C003P008R001A043,NTU,A043,falling_down,high_risk,75,25,3,"(75, 25, 3)",C:\Users\VICTUS\Downloads\Research\outputs\NTU_Pose_Output\A043\S007C003P008R001A043.npy
S007C003P008R002A008,NTU,A008,sit_down,low_risk,93,25,3,"(93, 25, 3)",C:\Users\VICTUS\Downloads\Research\outputs\NTU_Pose_Output\A008\S007C003P008R002A008.npy
S007C003P008R002A009,NTU,A009,stand_up,low_risk,64,25,3,"(64, 25, 3)",C:\Users\VICTUS\Downloads\Research\outputs\NTU_Pose_Output\A009\S007C003P008R002A009.npy
S007C003P008R002A042,NTU,A042,staggering,moderate_risk,117,25,3,"(117, 25, 3)",C:\Users\VICTUS\Downloads\Research\outputs\NTU_Pose_Output\A042\S007C003P008R002A042.npy
S007C003P008R002A043,NTU,A043,falling_down,high_risk,59,25,3,"(59, 25, 3)",C:\Users\VICTUS\Downloads\Research\outputs\NTU_Pose_Output\A043\S007C003P008R002A043.npy
S007C003P015R001A008,NTU,A008,sit_down,low_risk,65,25,3,"(65, 25, 3)",C:\Users\VICTUS\Downloads\Research\outputs\NTU_Pose_Output\A008\S007C003P015R001A008.npy
S007C003P015R001A009,NTU,A009,stand_up,low_risk,66,25,3,"(66, 25, 3)",C:\Users\VICTUS\Downloads\Research\outputs\NTU_Pose_Output\A009\S007C003P015R001A009.npy
S007C003P015R001A042,NTU,A042,staggering,moderate_risk,99,25,3,"(99, 25, 3)",C:\Users\VICTUS\Downloads\Research\outputs\NTU_Pose_Output\A042\S007C003P015R001A042.npy
S007C003P015R001A043,NTU,A043,falling_down,high_risk,44,25,3,"(44, 25, 3)",C:\Users\VICTUS\Downloads\Research\outputs\NTU_Pose_Output\A043\S007C003P015R001A043.npy
S007C003P015R002A008,NTU,A008,sit_down,low_risk,66,25,3,"(66, 25, 3)",C:\Users\VICTUS\Downloads\Research\outputs\NTU_Pose_Output\A008\S007C003P015R002A008.npy
S007C003P015R002A009,NTU,A009,stand_up,low_risk,69,25,3,"(69, 25, 3)",C:\Users\VICTUS\Downloads\Research\outputs\NTU_Pose_Output\A009\S007C003P015R002A009.npy
S007C003P015R002A042,NTU,A042,staggering,moderate_risk,94,25,3,"(94, 25, 3)",C:\Users\VICTUS\Downloads\Research\outputs\NTU_Pose_Output\A042\S007C003P015R002A042.npy
S007C003P015R002A043,NTU,A043,falling_down,high_risk,53,25,3,"(53, 25, 3)",C:\Users\VICTUS\Downloads\Research\outputs\NTU_Pose_Output\A043\S007C003P015R002A043.npy
S007C003P016R001A008,NTU,A008,sit_down,low_risk,88,25,3,"(88, 25, 3)",C:\Users\VICTUS\Downloads\Research\outputs\NTU_Pose_Output\A008\S007C003P016R001A008.npy
S007C003P016R001A009,NTU,A009,stand_up,low_risk,72,25,3,"(72, 25, 3)",C:\Users\VICTUS\Downloads\Research\outputs\NTU_Pose_Output\A009\S007C003P016R001A009.npy
S007C003P016R001A042,NTU,A042,staggering,moderate_risk,95,25,3,"(95, 25, 3)",C:\Users\VICTUS\Downloads\Research\outputs\NTU_Pose_Output\A042\S007C003P016R001A042.npy
S007C003P016R001A043,NTU,A043,falling_down,high_risk,69,25,3,"(69, 25, 3)",C:\Users\VICTUS\Downloads\Research\outputs\NTU_Pose_Output\A043\S007C003P016R001A043.npy
S007C003P016R002A008,NTU,A008,sit_down,low_risk,57,25,3,"(57, 25, 3)",C:\Users\VICTUS\Downloads\Research\outputs\NTU_Pose_Output\A008\S007C003P016R002A008.npy
S007C003P016R002A009,NTU,A009,stand_up,low_risk,69,25,3,"(69, 25, 3)",C:\Users\VICTUS\Downloads\Research\outputs\NTU_Pose_Output\A009\S007C003P016R002A009.npy
S007C003P016R002A042,NTU,A042,staggering,moderate_risk,105,25,3,"(105, 25, 3)",C:\Users\VICTUS\Downloads\Research\outputs\NTU_Pose_Output\A042\S007C003P016R002A042.npy
S007C003P016R002A043,NTU,A043,falling_down,high_risk,65,25,3,"(65, 25, 3)",C:\Users\VICTUS\Downloads\Research\outputs\NTU_Pose_Output\A043\S007C003P016R002A043.npy
S007C003P017R001A008,NTU,A008,sit_down,low_risk,83,25,3,"(83, 25, 3)",C:\Users\VICTUS\Downloads\Research\outputs\NTU_Pose_Output\A008\S007C003P017R001A008.npy
S007C003P017R001A009,NTU,A009,stand_up,low_risk,78,25,3,"(78, 25, 3)",C:\Users\VICTUS\Downloads\Research\outputs\NTU_Pose_Output\A009\S007C003P017R001A009.npy
S007C003P017R001A042,NTU,A042,staggering,moderate_risk,104,25,3,"(104, 25, 3)",C:\Users\VICTUS\Downloads\Research\outputs\NTU_Pose_Output\A042\S007C003P017R001A042.npy
S007C003P017R001A043,NTU,A043,falling_down,high_risk,59,25,3,"(59, 25, 3)",C:\Users\VICTUS\Downloads\Research\outputs\NTU_Pose_Output\A043\S007C003P017R001A043.npy
S007C003P017R002A008,NTU,A008,sit_down,low_risk,84,25,3,"(84, 25, 3)",C:\Users\VICTUS\Downloads\Research\outputs\NTU_Pose_Output\A008\S007C003P017R002A008.npy
S007C003P017R002A009,NTU,A009,stand_up,low_risk,68,25,3,"(68, 25, 3)",C:\Users\VICTUS\Downloads\Research\outputs\NTU_Pose_Output\A009\S007C003P017R002A009.npy
S007C003P017R002A042,NTU,A042,staggering,moderate_risk,112,25,3,"(112, 25, 3)",C:\Users\VICTUS\Downloads\Research\outputs\NTU_Pose_Output\A042\S007C003P017R002A042.npy
S007C003P017R002A043,NTU,A043,falling_down,high_risk,50,25,3,"(50, 25, 3)",C:\Users\VICTUS\Downloads\Research\outputs\NTU_Pose_Output\A043\S007C003P017R002A043.npy
S007C003P018R001A008,NTU,A008,sit_down,low_risk,65,25,3,"(65, 25, 3)",C:\Users\VICTUS\Downloads\Research\outputs\NTU_Pose_Output\A008\S007C003P018R001A008.npy
S007C003P018R001A009,NTU,A009,stand_up,low_risk,66,25,3,"(66, 25, 3)",C:\Users\VICTUS\Downloads\Research\outputs\NTU_Pose_Output\A009\S007C003P018R001A009.npy
S007C003P018R001A042,NTU,A042,staggering,moderate_risk,92,25,3,"(92, 25, 3)",C:\Users\VICTUS\Downloads\Research\outputs\NTU_Pose_Output\A042\S007C003P018R001A042.npy
S007C003P018R001A043,NTU,A043,falling_down,high_risk,64,25,3,"(64, 25, 3)",C:\Users\VICTUS\Downloads\Research\outputs\NTU_Pose_Output\A043\S007C003P018R001A043.npy
S007C003P018R002A008,NTU,A008,sit_down,low_risk,74,25,3,"(74, 25, 3)",C:\Users\VICTUS\Downloads\Research\outputs\NTU_Pose_Output\A008\S007C003P018R002A008.npy
S007C003P018R002A009,NTU,A009,stand_up,low_risk,57,25,3,"(57, 25, 3)",C:\Users\VICTUS\Downloads\Research\outputs\NTU_Pose_Output\A009\S007C003P018R002A009.npy
S007C003P018R002A042,NTU,A042,staggering,moderate_risk,84,25,3,"(84, 25, 3)",C:\Users\VICTUS\Downloads\Research\outputs\NTU_Pose_Output\A042\S007C003P018R002A042.npy
S007C003P018R002A043,NTU,A043,falling_down,high_risk,46,25,3,"(46, 25, 3)",C:\Users\VICTUS\Downloads\Research\outputs\NTU_Pose_Output\A043\S007C003P018R002A043.npy
S007C003P019R001A008,NTU,A008,sit_down,low_risk,70,25,3,"(70, 25, 3)",C:\Users\VICTUS\Downloads\Research\outputs\NTU_Pose_Output\A008\S007C003P019R001A008.npy
S007C003P019R001A009,NTU,A009,stand_up,low_risk,70,25,3,"(70, 25, 3)",C:\Users\VICTUS\Downloads\Research\outputs\NTU_Pose_Output\A009\S007C003P019R001A009.npy
S007C003P019R001A042,NTU,A042,staggering,moderate_risk,98,25,3,"(98, 25, 3)",C:\Users\VICTUS\Downloads\Research\outputs\NTU_Pose_Output\A042\S007C003P019R001A042.npy
S007C003P019R001A043,NTU,A043,falling_down,high_risk,66,25,3,"(66, 25, 3)",C:\Users\VICTUS\Downloads\Research\outputs\NTU_Pose_Output\A043\S007C003P019R001A043.npy
S007C003P019R002A008,NTU,A008,sit_down,low_risk,66,25,3,"(66, 25, 3)",C:\Users\VICTUS\Downloads\Research\outputs\NTU_Pose_Output\A008\S007C003P019R002A008.npy
S007C003P019R002A009,NTU,A009,stand_up,low_risk,58,25,3,"(58, 25, 3)",C:\Users\VICTUS\Downloads\Research\outputs\NTU_Pose_Output\A009\S007C003P019R002A009.npy
S007C003P019R002A042,NTU,A042,staggering,moderate_risk,81,25,3,"(81, 25, 3)",C:\Users\VICTUS\Downloads\Research\outputs\NTU_Pose_Output\A042\S007C003P019R002A042.npy
S007C003P019R002A043,NTU,A043,falling_down,high_risk,69,25,3,"(69, 25, 3)",C:\Users\VICTUS\Downloads\Research\outputs\NTU_Pose_Output\A043\S007C003P019R002A043.npy
S007C003P025R001A008,NTU,A008,sit_down,low_risk,62,25,3,"(62, 25, 3)",C:\Users\VICTUS\Downloads\Research\outputs\NTU_Pose_Output\A008\S007C003P025R001A008.npy
S007C003P025R001A009,NTU,A009,stand_up,low_risk,50,25,3,"(50, 25, 3)",C:\Users\VICTUS\Downloads\Research\outputs\NTU_Pose_Output\A009\S007C003P025R001A009.npy
S007C003P025R001A042,NTU,A042,staggering,moderate_risk,83,25,3,"(83, 25, 3)",C:\Users\VICTUS\Downloads\Research\outputs\NTU_Pose_Output\A042\S007C003P025R001A042.npy
S007C003P025R001A043,NTU,A043,falling_down,high_risk,59,25,3,"(59, 25, 3)",C:\Users\VICTUS\Downloads\Research\outputs\NTU_Pose_Output\A043\S007C003P025R001A043.npy
S007C003P025R002A008,NTU,A008,sit_down,low_risk,63,25,3,"(63, 25, 3)",C:\Users\VICTUS\Downloads\Research\outputs\NTU_Pose_Output\A008\S007C003P025R002A008.npy
S007C003P025R002A009,NTU,A009,stand_up,low_risk,57,25,3,"(57, 25, 3)",C:\Users\VICTUS\Downloads\Research\outputs\NTU_Pose_Output\A009\S007C003P025R002A009.npy
S007C003P025R002A042,NTU,A042,staggering,moderate_risk,98,25,3,"(98, 25, 3)",C:\Users\VICTUS\Downloads\Research\outputs\NTU_Pose_Output\A042\S007C003P025R002A042.npy
S007C003P025R002A043,NTU,A043,falling_down,high_risk,61,25,3,"(61, 25, 3)",C:\Users\VICTUS\Downloads\Research\outputs\NTU_Pose_Output\A043\S007C003P025R002A043.npy
S007C003P026R001A008,NTU,A008,sit_down,low_risk,80,25,3,"(80, 25, 3)",C:\Users\VICTUS\Downloads\Research\outputs\NTU_Pose_Output\A008\S007C003P026R001A008.npy
S007C003P026R001A009,NTU,A009,stand_up,low_risk,59,25,3,"(59, 25, 3)",C:\Users\VICTUS\Downloads\Research\outputs\NTU_Pose_Output\A009\S007C003P026R001A009.npy
S007C003P026R001A042,NTU,A042,staggering,moderate_risk,105,25,3,"(105, 25, 3)",C:\Users\VICTUS\Downloads\Research\outputs\NTU_Pose_Output\A042\S007C003P026R001A042.npy
S007C003P026R001A043,NTU,A043,falling_down,high_risk,64,25,3,"(64, 25, 3)",C:\Users\VICTUS\Downloads\Research\outputs\NTU_Pose_Output\A043\S007C003P026R001A043.npy
S007C003P026R002A008,NTU,A008,sit_down,low_risk,80,25,3,"(80, 25, 3)",C:\Users\VICTUS\Downloads\Research\outputs\NTU_Pose_Output\A008\S007C003P026R002A008.npy
S007C003P026R002A009,NTU,A009,stand_up,low_risk,61,25,3,"(61, 25, 3)",C:\Users\VICTUS\Downloads\Research\outputs\NTU_Pose_Output\A009\S007C003P026R002A009.npy
S007C003P026R002A042,NTU,A042,staggering,moderate_risk,109,25,3,"(109, 25, 3)",C:\Users\VICTUS\Downloads\Research\outputs\NTU_Pose_Output\A042\S007C003P026R002A042.npy
S007C003P026R002A043,NTU,A043,falling_down,high_risk,71,25,3,"(71, 25, 3)",C:\Users\VICTUS\Downloads\Research\outputs\NTU_Pose_Output\A043\S007C003P026R002A043.npy
S007C003P027R001A008,NTU,A008,sit_down,low_risk,82,25,3,"(82, 25, 3)",C:\Users\VICTUS\Downloads\Research\outputs\NTU_Pose_Output\A008\S007C003P027R001A008.npy
S007C003P027R001A009,NTU,A009,stand_up,low_risk,66,25,3,"(66, 25, 3)",C:\Users\VICTUS\Downloads\Research\outputs\NTU_Pose_Output\A009\S007C003P027R001A009.npy
S007C003P027R001A042,NTU,A042,staggering,moderate_risk,88,25,3,"(88, 25, 3)",C:\Users\VICTUS\Downloads\Research\outputs\NTU_Pose_Output\A042\S007C003P027R001A042.npy
S007C003P027R001A043,NTU,A043,falling_down,high_risk,74,25,3,"(74, 25, 3)",C:\Users\VICTUS\Downloads\Research\outputs\NTU_Pose_Output\A043\S007C003P027R001A043.npy
S007C003P027R002A008,NTU,A008,sit_down,low_risk,85,25,3,"(85, 25, 3)",C:\Users\VICTUS\Downloads\Research\outputs\NTU_Pose_Output\A008\S007C003P027R002A008.npy
S007C003P027R002A009,NTU,A009,stand_up,low_risk,64,25,3,"(64, 25, 3)",C:\Users\VICTUS\Downloads\Research\outputs\NTU_Pose_Output\A009\S007C003P027R002A009.npy
S007C003P027R002A042,NTU,A042,staggering,moderate_risk,88,25,3,"(88, 25, 3)",C:\Users\VICTUS\Downloads\Research\outputs\NTU_Pose_Output\A042\S007C003P027R002A042.npy
S007C003P027R002A043,NTU,A043,falling_down,high_risk,104,25,3,"(104, 25, 3)",C:\Users\VICTUS\Downloads\Research\outputs\NTU_Pose_Output\A043\S007C003P027R002A043.npy
S007C003P028R001A008,NTU,A008,sit_down,low_risk,63,25,3,"(63, 25, 3)",C:\Users\VICTUS\Downloads\Research\outputs\NTU_Pose_Output\A008\S007C003P028R001A008.npy
S007C003P028R001A009,NTU,A009,stand_up,low_risk,63,25,3,"(63, 25, 3)",C:\Users\VICTUS\Downloads\Research\outputs\NTU_Pose_Output\A009\S007C003P028R001A009.npy
S007C003P028R001A042,NTU,A042,staggering,moderate_risk,85,25,3,"(85, 25, 3)",C:\Users\VICTUS\Downloads\Research\outputs\NTU_Pose_Output\A042\S007C003P028R001A042.npy
S007C003P028R001A043,NTU,A043,falling_down,high_risk,60,25,3,"(60, 25, 3)",C:\Users\VICTUS\Downloads\Research\outputs\NTU_Pose_Output\A043\S007C003P028R001A043.npy
S007C003P028R002A008,NTU,A008,sit_down,low_risk,67,25,3,"(67, 25, 3)",C:\Users\VICTUS\Downloads\Research\outputs\NTU_Pose_Output\A008\S007C003P028R002A008.npy
S007C003P028R002A009,NTU,A009,stand_up,low_risk,59,25,3,"(59, 25, 3)",C:\Users\VICTUS\Downloads\Research\outputs\NTU_Pose_Output\A009\S007C003P028R002A009.npy
S007C003P028R002A042,NTU,A042,staggering,moderate_risk,93,25,3,"(93, 25, 3)",C:\Users\VICTUS\Downloads\Research\outputs\NTU_Pose_Output\A042\S007C003P028R002A042.npy
S007C003P028R002A043,NTU,A043,falling_down,high_risk,57,25,3,"(57, 25, 3)",C:\Users\VICTUS\Downloads\Research\outputs\NTU_Pose_Output\A043\S007C003P028R002A043.npy
S008C001P001R001A008,NTU,A008,sit_down,low_risk,47,25,3,"(47, 25, 3)",C:\Users\VICTUS\Downloads\Research\outputs\NTU_Pose_Output\A008\S008C001P001R001A008.npy
S008C001P001R001A009,NTU,A009,stand_up,low_risk,42,25,3,"(42, 25, 3)",C:\Users\VICTUS\Downloads\Research\outputs\NTU_Pose_Output\A009\S008C001P001R001A009.npy
S008C001P001R001A042,NTU,A042,staggering,moderate_risk,81,25,3,"(81, 25, 3)",C:\Users\VICTUS\Downloads\Research\outputs\NTU_Pose_Output\A042\S008C001P001R001A042.npy
S008C001P001R001A043,NTU,A043,falling_down,high_risk,47,25,3,"(47, 25, 3)",C:\Users\VICTUS\Downloads\Research\outputs\NTU_Pose_Output\A043\S008C001P001R001A043.npy
S008C001P001R002A008,NTU,A008,sit_down,low_risk,53,25,3,"(53, 25, 3)",C:\Users\VICTUS\Downloads\Research\outputs\NTU_Pose_Output\A008\S008C001P001R002A008.npy
S008C001P001R002A009,NTU,A009,stand_up,low_risk,53,25,3,"(53, 25, 3)",C:\Users\VICTUS\Downloads\Research\outputs\NTU_Pose_Output\A009\S008C001P001R002A009.npy
S008C001P001R002A042,NTU,A042,staggering,moderate_risk,76,25,3,"(76, 25, 3)",C:\Users\VICTUS\Downloads\Research\outputs\NTU_Pose_Output\A042\S008C001P001R002A042.npy
S008C001P001R002A043,NTU,A043,falling_down,high_risk,53,25,3,"(53, 25, 3)",C:\Users\VICTUS\Downloads\Research\outputs\NTU_Pose_Output\A043\S008C001P001R002A043.npy
S008C001P007R001A008,NTU,A008,sit_down,low_risk,66,25,3,"(66, 25, 3)",C:\Users\VICTUS\Downloads\Research\outputs\NTU_Pose_Output\A008\S008C001P007R001A008.npy
S008C001P007R001A009,NTU,A009,stand_up,low_risk,49,25,3,"(49, 25, 3)",C:\Users\VICTUS\Downloads\Research\outputs\NTU_Pose_Output\A009\S008C001P007R001A009.npy
S008C001P007R001A042,NTU,A042,staggering,moderate_risk,85,25,3,"(85, 25, 3)",C:\Users\VICTUS\Downloads\Research\outputs\NTU_Pose_Output\A042\S008C001P007R001A042.npy
S008C001P007R001A043,NTU,A043,falling_down,high_risk,61,25,3,"(61, 25, 3)",C:\Users\VICTUS\Downloads\Research\outputs\NTU_Pose_Output\A043\S008C001P007R001A043.npy
S008C001P007R002A008,NTU,A008,sit_down,low_risk,53,25,3,"(53, 25, 3)",C:\Users\VICTUS\Downloads\Research\outputs\NTU_Pose_Output\A008\S008C001P007R002A008.npy
S008C001P007R002A009,NTU,A009,stand_up,low_risk,51,25,3,"(51, 25, 3)",C:\Users\VICTUS\Downloads\Research\outputs\NTU_Pose_Output\A009\S008C001P007R002A009.npy
S008C001P007R002A042,NTU,A042,staggering,moderate_risk,82,25,3,"(82, 25, 3)",C:\Users\VICTUS\Downloads\Research\outputs\NTU_Pose_Output\A042\S008C001P007R002A042.npy
S008C001P007R002A043,NTU,A043,falling_down,high_risk,67,25,3,"(67, 25, 3)",C:\Users\VICTUS\Downloads\Research\outputs\NTU_Pose_Output\A043\S008C001P007R002A043.npy
S008C001P008R001A008,NTU,A008,sit_down,low_risk,68,25,3,"(68, 25, 3)",C:\Users\VICTUS\Downloads\Research\outputs\NTU_Pose_Output\A008\S008C001P008R001A008.npy
S008C001P008R001A009,NTU,A009,stand_up,low_risk,62,25,3,"(62, 25, 3)",C:\Users\VICTUS\Downloads\Research\outputs\NTU_Pose_Output\A009\S008C001P008R001A009.npy
S008C001P008R001A042,NTU,A042,staggering,moderate_risk,111,25,3,"(111, 25, 3)",C:\Users\VICTUS\Downloads\Research\outputs\NTU_Pose_Output\A042\S008C001P008R001A042.npy
S008C001P008R001A043,NTU,A043,falling_down,high_risk,71,25,3,"(71, 25, 3)",C:\Users\VICTUS\Downloads\Research\outputs\NTU_Pose_Output\A043\S008C001P008R001A043.npy
S008C001P008R002A008,NTU,A008,sit_down,low_risk,70,25,3,"(70, 25, 3)",C:\Users\VICTUS\Downloads\Research\outputs\NTU_Pose_Output\A008\S008C001P008R002A008.npy
S008C001P008R002A009,NTU,A009,stand_up,low_risk,61,25,3,"(61, 25, 3)",C:\Users\VICTUS\Downloads\Research\outputs\NTU_Pose_Output\A009\S008C001P008R002A009.npy
S008C001P008R002A042,NTU,A042,staggering,moderate_risk,121,25,3,"(121, 25, 3)",C:\Users\VICTUS\Downloads\Research\outputs\NTU_Pose_Output\A042\S008C001P008R002A042.npy
S008C001P008R002A043,NTU,A043,falling_down,high_risk,67,25,3,"(67, 25, 3)",C:\Users\VICTUS\Downloads\Research\outputs\NTU_Pose_Output\A043\S008C001P008R002A043.npy
S008C001P015R001A008,NTU,A008,sit_down,low_risk,50,25,3,"(50, 25, 3)",C:\Users\VICTUS\Downloads\Research\outputs\NTU_Pose_Output\A008\S008C001P015R001A008.npy
S008C001P015R001A009,NTU,A009,stand_up,low_risk,60,25,3,"(60, 25, 3)",C:\Users\VICTUS\Downloads\Research\outputs\NTU_Pose_Output\A009\S008C001P015R001A009.npy
S008C001P015R001A042,NTU,A042,staggering,moderate_risk,82,25,3,"(82, 25, 3)",C:\Users\VICTUS\Downloads\Research\outputs\NTU_Pose_Output\A042\S008C001P015R001A042.npy
S008C001P015R001A043,NTU,A043,falling_down,high_risk,59,25,3,"(59, 25, 3)",C:\Users\VICTUS\Downloads\Research\outputs\NTU_Pose_Output\A043\S008C001P015R001A043.npy
S008C001P015R002A008,NTU,A008,sit_down,low_risk,69,25,3,"(69, 25, 3)",C:\Users\VICTUS\Downloads\Research\outputs\NTU_Pose_Output\A008\S008C001P015R002A008.npy
S008C001P015R002A009,NTU,A009,stand_up,low_risk,59,25,3,"(59, 25, 3)",C:\Users\VICTUS\Downloads\Research\outputs\NTU_Pose_Output\A009\S008C001P015R002A009.npy
S008C001P015R002A042,NTU,A042,staggering,moderate_risk,85,25,3,"(85, 25, 3)",C:\Users\VICTUS\Downloads\Research\outputs\NTU_Pose_Output\A042\S008C001P015R002A042.npy
S008C001P015R002A043,NTU,A043,falling_down,high_risk,60,25,3,"(60, 25, 3)",C:\Users\VICTUS\Downloads\Research\outputs\NTU_Pose_Output\A043\S008C001P015R002A043.npy
S008C001P019R001A008,NTU,A008,sit_down,low_risk,88,25,3,"(88, 25, 3)",C:\Users\VICTUS\Downloads\Research\outputs\NTU_Pose_Output\A008\S008C001P019R001A008.npy
S008C001P019R001A009,NTU,A009,stand_up,low_risk,71,25,3,"(71, 25, 3)",C:\Users\VICTUS\Downloads\Research\outputs\NTU_Pose_Output\A009\S008C001P019R001A009.npy
S008C001P019R001A042,NTU,A042,staggering,moderate_risk,92,25,3,"(92, 25, 3)",C:\Users\VICTUS\Downloads\Research\outputs\NTU_Pose_Output\A042\S008C001P019R001A042.npy
S008C001P019R001A043,NTU,A043,falling_down,high_risk,83,25,3,"(83, 25, 3)",C:\Users\VICTUS\Downloads\Research\outputs\NTU_Pose_Output\A043\S008C001P019R001A043.npy
S008C001P019R002A008,NTU,A008,sit_down,low_risk,91,25,3,"(91, 25, 3)",C:\Users\VICTUS\Downloads\Research\outputs\NTU_Pose_Output\A008\S008C001P019R002A008.npy
S008C001P019R002A009,NTU,A009,stand_up,low_risk,53,25,3,"(53, 25, 3)",C:\Users\VICTUS\Downloads\Research\outputs\NTU_Pose_Output\A009\S008C001P019R002A009.npy
S008C001P019R002A042,NTU,A042,staggering,moderate_risk,83,25,3,"(83, 25, 3)",C:\Users\VICTUS\Downloads\Research\outputs\NTU_Pose_Output\A042\S008C001P019R002A042.npy
S008C001P019R002A043,NTU,A043,falling_down,high_risk,79,25,3,"(79, 25, 3)",C:\Users\VICTUS\Downloads\Research\outputs\NTU_Pose_Output\A043\S008C001P019R002A043.npy
S008C001P025R001A008,NTU,A008,sit_down,low_risk,73,25,3,"(73, 25, 3)",C:\Users\VICTUS\Downloads\Research\outputs\NTU_Pose_Output\A008\S008C001P025R001A008.npy
S008C001P025R001A009,NTU,A009,stand_up,low_risk,63,25,3,"(63, 25, 3)",C:\Users\VICTUS\Downloads\Research\outputs\NTU_Pose_Output\A009\S008C001P025R001A009.npy
S008C001P025R001A042,NTU,A042,staggering,moderate_risk,67,25,3,"(67, 25, 3)",C:\Users\VICTUS\Downloads\Research\outputs\NTU_Pose_Output\A042\S008C001P025R001A042.npy
S008C001P025R001A043,NTU,A043,falling_down,high_risk,64,25,3,"(64, 25, 3)",C:\Users\VICTUS\Downloads\Research\outputs\NTU_Pose_Output\A043\S008C001P025R001A043.npy
S008C001P025R002A008,NTU,A008,sit_down,low_risk,71,25,3,"(71, 25, 3)",C:\Users\VICTUS\Downloads\Research\outputs\NTU_Pose_Output\A008\S008C001P025R002A008.npy
S008C001P025R002A009,NTU,A009,stand_up,low_risk,63,25,3,"(63, 25, 3)",C:\Users\VICTUS\Downloads\Research\outputs\NTU_Pose_Output\A009\S008C001P025R002A009.npy
S008C001P025R002A042,NTU,A042,staggering,moderate_risk,105,25,3,"(105, 25, 3)",C:\Users\VICTUS\Downloads\Research\outputs\NTU_Pose_Output\A042\S008C001P025R002A042.npy
S008C001P025R002A043,NTU,A043,falling_down,high_risk,77,25,3,"(77, 25, 3)",C:\Users\VICTUS\Downloads\Research\outputs\NTU_Pose_Output\A043\S008C001P025R002A043.npy
S008C001P029R001A008,NTU,A008,sit_down,low_risk,84,25,3,"(84, 25, 3)",C:\Users\VICTUS\Downloads\Research\outputs\NTU_Pose_Output\A008\S008C001P029R001A008.npy
S008C001P029R001A009,NTU,A009,stand_up,low_risk,59,25,3,"(59, 25, 3)",C:\Users\VICTUS\Downloads\Research\outputs\NTU_Pose_Output\A009\S008C001P029R001A009.npy
S008C001P029R001A042,NTU,A042,staggering,moderate_risk,96,25,3,"(96, 25, 3)",C:\Users\VICTUS\Downloads\Research\outputs\NTU_Pose_Output\A042\S008C001P029R001A042.npy
S008C001P029R001A043,NTU,A043,falling_down,high_risk,85,25,3,"(85, 25, 3)",C:\Users\VICTUS\Downloads\Research\outputs\NTU_Pose_Output\A043\S008C001P029R001A043.npy
S008C001P029R002A008,NTU,A008,sit_down,low_risk,87,25,3,"(87, 25, 3)",C:\Users\VICTUS\Downloads\Research\outputs\NTU_Pose_Output\A008\S008C001P029R002A008.npy
S008C001P029R002A009,NTU,A009,stand_up,low_risk,73,25,3,"(73, 25, 3)",C:\Users\VICTUS\Downloads\Research\outputs\NTU_Pose_Output\A009\S008C001P029R002A009.npy
S008C001P029R002A042,NTU,A042,staggering,moderate_risk,96,25,3,"(96, 25, 3)",C:\Users\VICTUS\Downloads\Research\outputs\NTU_Pose_Output\A042\S008C001P029R002A042.npy
S008C001P029R002A043,NTU,A043,falling_down,high_risk,68,25,3,"(68, 25, 3)",C:\Users\VICTUS\Downloads\Research\outputs\NTU_Pose_Output\A043\S008C001P029R002A043.npy
S008C001P030R001A008,NTU,A008,sit_down,low_risk,62,25,3,"(62, 25, 3)",C:\Users\VICTUS\Downloads\Research\outputs\NTU_Pose_Output\A008\S008C001P030R001A008.npy
S008C001P030R001A009,NTU,A009,stand_up,low_risk,68,25,3,"(68, 25, 3)",C:\Users\VICTUS\Downloads\Research\outputs\NTU_Pose_Output\A009\S008C001P030R001A009.npy
S008C001P030R001A042,NTU,A042,staggering,moderate_risk,77,25,3,"(77, 25, 3)",C:\Users\VICTUS\Downloads\Research\outputs\NTU_Pose_Output\A042\S008C001P030R001A042.npy
S008C001P030R001A043,NTU,A043,falling_down,high_risk,50,25,3,"(50, 25, 3)",C:\Users\VICTUS\Downloads\Research\outputs\NTU_Pose_Output\A043\S008C001P030R001A043.npy
S008C001P030R002A008,NTU,A008,sit_down,low_risk,61,25,3,"(61, 25, 3)",C:\Users\VICTUS\Downloads\Research\outputs\NTU_Pose_Output\A008\S008C001P030R002A008.npy
S008C001P030R002A009,NTU,A009,stand_up,low_risk,69,25,3,"(69, 25, 3)",C:\Users\VICTUS\Downloads\Research\outputs\NTU_Pose_Output\A009\S008C001P030R002A009.npy
S008C001P030R002A042,NTU,A042,staggering,moderate_risk,86,25,3,"(86, 25, 3)",C:\Users\VICTUS\Downloads\Research\outputs\NTU_Pose_Output\A042\S008C001P030R002A042.npy
S008C001P030R002A043,NTU,A043,falling_down,high_risk,90,25,3,"(90, 25, 3)",C:\Users\VICTUS\Downloads\Research\outputs\NTU_Pose_Output\A043\S008C001P030R002A043.npy
S008C001P031R001A008,NTU,A008,sit_down,low_risk,74,25,3,"(74, 25, 3)",C:\Users\VICTUS\Downloads\Research\outputs\NTU_Pose_Output\A008\S008C001P031R001A008.npy
S008C001P031R001A009,NTU,A009,stand_up,low_risk,53,25,3,"(53, 25, 3)",C:\Users\VICTUS\Downloads\Research\outputs\NTU_Pose_Output\A009\S008C001P031R001A009.npy
S008C001P031R001A042,NTU,A042,staggering,moderate_risk,95,25,3,"(95, 25, 3)",C:\Users\VICTUS\Downloads\Research\outputs\NTU_Pose_Output\A042\S008C001P031R001A042.npy
S008C001P031R001A043,NTU,A043,falling_down,high_risk,66,25,3,"(66, 25, 3)",C:\Users\VICTUS\Downloads\Research\outputs\NTU_Pose_Output\A043\S008C001P031R001A043.npy
S008C001P031R002A008,NTU,A008,sit_down,low_risk,85,25,3,"(85, 25, 3)",C:\Users\VICTUS\Downloads\Research\outputs\NTU_Pose_Output\A008\S008C001P031R002A008.npy
S008C001P031R002A009,NTU,A009,stand_up,low_risk,50,25,3,"(50, 25, 3)",C:\Users\VICTUS\Downloads\Research\outputs\NTU_Pose_Output\A009\S008C001P031R002A009.npy
S008C001P031R002A042,NTU,A042,staggering,moderate_risk,91,25,3,"(91, 25, 3)",C:\Users\VICTUS\Downloads\Research\outputs\NTU_Pose_Output\A042\S008C001P031R002A042.npy
S008C001P031R002A043,NTU,A043,falling_down,high_risk,90,25,3,"(90, 25, 3)",C:\Users\VICTUS\Downloads\Research\outputs\NTU_Pose_Output\A043\S008C001P031R002A043.npy
S008C001P032R001A008,NTU,A008,sit_down,low_risk,61,25,3,"(61, 25, 3)",C:\Users\VICTUS\Downloads\Research\outputs\NTU_Pose_Output\A008\S008C001P032R001A008.npy
S008C001P032R001A009,NTU,A009,stand_up,low_risk,64,25,3,"(64, 25, 3)",C:\Users\VICTUS\Downloads\Research\outputs\NTU_Pose_Output\A009\S008C001P032R001A009.npy
S008C001P032R001A042,NTU,A042,staggering,moderate_risk,88,25,3,"(88, 25, 3)",C:\Users\VICTUS\Downloads\Research\outputs\NTU_Pose_Output\A042\S008C001P032R001A042.npy
S008C001P032R001A043,NTU,A043,falling_down,high_risk,76,25,3,"(76, 25, 3)",C:\Users\VICTUS\Downloads\Research\outputs\NTU_Pose_Output\A043\S008C001P032R001A043.npy
S008C001P032R002A008,NTU,A008,sit_down,low_risk,64,25,3,"(64, 25, 3)",C:\Users\VICTUS\Downloads\Research\outputs\NTU_Pose_Output\A008\S008C001P032R002A008.npy
S008C001P032R002A009,NTU,A009,stand_up,low_risk,78,25,3,"(78, 25, 3)",C:\Users\VICTUS\Downloads\Research\outputs\NTU_Pose_Output\A009\S008C001P032R002A009.npy
S008C001P032R002A042,NTU,A042,staggering,moderate_risk,103,25,3,"(103, 25, 3)",C:\Users\VICTUS\Downloads\Research\outputs\NTU_Pose_Output\A042\S008C001P032R002A042.npy
S008C001P032R002A043,NTU,A043,falling_down,high_risk,97,25,3,"(97, 25, 3)",C:\Users\VICTUS\Downloads\Research\outputs\NTU_Pose_Output\A043\S008C001P032R002A043.npy
S008C001P033R001A008,NTU,A008,sit_down,low_risk,75,25,3,"(75, 25, 3)",C:\Users\VICTUS\Downloads\Research\outputs\NTU_Pose_Output\A008\S008C001P033R001A008.npy
S008C001P033R001A009,NTU,A009,stand_up,low_risk,66,25,3,"(66, 25, 3)",C:\Users\VICTUS\Downloads\Research\outputs\NTU_Pose_Output\A009\S008C001P033R001A009.npy
S008C001P033R001A042,NTU,A042,staggering,moderate_risk,83,25,3,"(83, 25, 3)",C:\Users\VICTUS\Downloads\Research\outputs\NTU_Pose_Output\A042\S008C001P033R001A042.npy
S008C001P033R001A043,NTU,A043,falling_down,high_risk,74,25,3,"(74, 25, 3)",C:\Users\VICTUS\Downloads\Research\outputs\NTU_Pose_Output\A043\S008C001P033R001A043.npy
S008C001P033R002A008,NTU,A008,sit_down,low_risk,66,25,3,"(66, 25, 3)",C:\Users\VICTUS\Downloads\Research\outputs\NTU_Pose_Output\A008\S008C001P033R002A008.npy
S008C001P033R002A009,NTU,A009,stand_up,low_risk,59,25,3,"(59, 25, 3)",C:\Users\VICTUS\Downloads\Research\outputs\NTU_Pose_Output\A009\S008C001P033R002A009.npy
S008C001P033R002A042,NTU,A042,staggering,moderate_risk,93,25,3,"(93, 25, 3)",C:\Users\VICTUS\Downloads\Research\outputs\NTU_Pose_Output\A042\S008C001P033R002A042.npy
S008C001P033R002A043,NTU,A043,falling_down,high_risk,85,25,3,"(85, 25, 3)",C:\Users\VICTUS\Downloads\Research\outputs\NTU_Pose_Output\A043\S008C001P033R002A043.npy
S008C001P034R001A008,NTU,A008,sit_down,low_risk,94,25,3,"(94, 25, 3)",C:\Users\VICTUS\Downloads\Research\outputs\NTU_Pose_Output\A008\S008C001P034R001A008.npy
S008C001P034R001A009,NTU,A009,stand_up,low_risk,65,25,3,"(65, 25, 3)",C:\Users\VICTUS\Downloads\Research\outputs\NTU_Pose_Output\A009\S008C001P034R001A009.npy
S008C001P034R001A042,NTU,A042,staggering,moderate_risk,116,25,3,"(116, 25, 3)",C:\Users\VICTUS\Downloads\Research\outputs\NTU_Pose_Output\A042\S008C001P034R001A042.npy
S008C001P034R001A043,NTU,A043,falling_down,high_risk,66,25,3,"(66, 25, 3)",C:\Users\VICTUS\Downloads\Research\outputs\NTU_Pose_Output\A043\S008C001P034R001A043.npy
S008C001P034R002A008,NTU,A008,sit_down,low_risk,64,25,3,"(64, 25, 3)",C:\Users\VICTUS\Downloads\Research\outputs\NTU_Pose_Output\A008\S008C001P034R002A008.npy
S008C001P034R002A009,NTU,A009,stand_up,low_risk,58,25,3,"(58, 25, 3)",C:\Users\VICTUS\Downloads\Research\outputs\NTU_Pose_Output\A009\S008C001P034R002A009.npy
S008C001P034R002A042,NTU,A042,staggering,moderate_risk,92,25,3,"(92, 25, 3)",C:\Users\VICTUS\Downloads\Research\outputs\NTU_Pose_Output\A042\S008C001P034R002A042.npy
S008C001P034R002A043,NTU,A043,falling_down,high_risk,81,25,3,"(81, 25, 3)",C:\Users\VICTUS\Downloads\Research\outputs\NTU_Pose_Output\A043\S008C001P034R002A043.npy
S008C001P035R001A008,NTU,A008,sit_down,low_risk,62,25,3,"(62, 25, 3)",C:\Users\VICTUS\Downloads\Research\outputs\NTU_Pose_Output\A008\S008C001P035R001A008.npy
S008C001P035R001A009,NTU,A009,stand_up,low_risk,74,25,3,"(74, 25, 3)",C:\Users\VICTUS\Downloads\Research\outputs\NTU_Pose_Output\A009\S008C001P035R001A009.npy
S008C001P035R001A042,NTU,A042,staggering,moderate_risk,77,25,3,"(77, 25, 3)",C:\Users\VICTUS\Downloads\Research\outputs\NTU_Pose_Output\A042\S008C001P035R001A042.npy
S008C001P035R001A043,NTU,A043,falling_down,high_risk,57,25,3,"(57, 25, 3)",C:\Users\VICTUS\Downloads\Research\outputs\NTU_Pose_Output\A043\S008C001P035R001A043.npy
S008C001P035R002A008,NTU,A008,sit_down,low_risk,67,25,3,"(67, 25, 3)",C:\Users\VICTUS\Downloads\Research\outputs\NTU_Pose_Output\A008\S008C001P035R002A008.npy
S008C001P035R002A009,NTU,A009,stand_up,low_risk,65,25,3,"(65, 25, 3)",C:\Users\VICTUS\Downloads\Research\outputs\NTU_Pose_Output\A009\S008C001P035R002A009.npy
S008C001P035R002A042,NTU,A042,staggering,moderate_risk,82,25,3,"(82, 25, 3)",C:\Users\VICTUS\Downloads\Research\outputs\NTU_Pose_Output\A042\S008C001P035R002A042.npy
S008C001P035R002A043,NTU,A043,falling_down,high_risk,57,25,3,"(57, 25, 3)",C:\Users\VICTUS\Downloads\Research\outputs\NTU_Pose_Output\A043\S008C001P035R002A043.npy
S008C001P036R001A008,NTU,A008,sit_down,low_risk,67,25,3,"(67, 25, 3)",C:\Users\VICTUS\Downloads\Research\outputs\NTU_Pose_Output\A008\S008C001P036R001A008.npy
S008C001P036R001A009,NTU,A009,stand_up,low_risk,50,25,3,"(50, 25, 3)",C:\Users\VICTUS\Downloads\Research\outputs\NTU_Pose_Output\A009\S008C001P036R001A009.npy
S008C001P036R001A042,NTU,A042,staggering,moderate_risk,96,25,3,"(96, 25, 3)",C:\Users\VICTUS\Downloads\Research\outputs\NTU_Pose_Output\A042\S008C001P036R001A042.npy
S008C001P036R001A043,NTU,A043,falling_down,high_risk,57,25,3,"(57, 25, 3)",C:\Users\VICTUS\Downloads\Research\outputs\NTU_Pose_Output\A043\S008C001P036R001A043.npy
S008C001P036R002A008,NTU,A008,sit_down,low_risk,77,25,3,"(77, 25, 3)",C:\Users\VICTUS\Downloads\Research\outputs\NTU_Pose_Output\A008\S008C001P036R002A008.npy
S008C001P036R002A009,NTU,A009,stand_up,low_risk,50,25,3,"(50, 25, 3)",C:\Users\VICTUS\Downloads\Research\outputs\NTU_Pose_Output\A009\S008C001P036R002A009.npy
S008C001P036R002A042,NTU,A042,staggering,moderate_risk,105,25,3,"(105, 25, 3)",C:\Users\VICTUS\Downloads\Research\outputs\NTU_Pose_Output\A042\S008C001P036R002A042.npy
S008C001P036R002A043,NTU,A043,falling_down,high_risk,69,25,3,"(69, 25, 3)",C:\Users\VICTUS\Downloads\Research\outputs\NTU_Pose_Output\A043\S008C001P036R002A043.npy
S008C002P001R001A008,NTU,A008,sit_down,low_risk,47,25,3,"(47, 25, 3)",C:\Users\VICTUS\Downloads\Research\outputs\NTU_Pose_Output\A008\S008C002P001R001A008.npy
S008C002P001R001A009,NTU,A009,stand_up,low_risk,43,25,3,"(43, 25, 3)",C:\Users\VICTUS\Downloads\Research\outputs\NTU_Pose_Output\A009\S008C002P001R001A009.npy
S008C002P001R001A042,NTU,A042,staggering,moderate_risk,80,25,3,"(80, 25, 3)",C:\Users\VICTUS\Downloads\Research\outputs\NTU_Pose_Output\A042\S008C002P001R001A042.npy
S008C002P001R001A043,NTU,A043,falling_down,high_risk,46,25,3,"(46, 25, 3)",C:\Users\VICTUS\Downloads\Research\outputs\NTU_Pose_Output\A043\S008C002P001R001A043.npy
S008C002P001R002A008,NTU,A008,sit_down,low_risk,52,25,3,"(52, 25, 3)",C:\Users\VICTUS\Downloads\Research\outputs\NTU_Pose_Output\A008\S008C002P001R002A008.npy
S008C002P001R002A009,NTU,A009,stand_up,low_risk,53,25,3,"(53, 25, 3)",C:\Users\VICTUS\Downloads\Research\outputs\NTU_Pose_Output\A009\S008C002P001R002A009.npy
S008C002P001R002A042,NTU,A042,staggering,moderate_risk,76,25,3,"(76, 25, 3)",C:\Users\VICTUS\Downloads\Research\outputs\NTU_Pose_Output\A042\S008C002P001R002A042.npy
S008C002P001R002A043,NTU,A043,falling_down,high_risk,52,25,3,"(52, 25, 3)",C:\Users\VICTUS\Downloads\Research\outputs\NTU_Pose_Output\A043\S008C002P001R002A043.npy
S008C002P007R001A008,NTU,A008,sit_down,low_risk,66,25,3,"(66, 25, 3)",C:\Users\VICTUS\Downloads\Research\outputs\NTU_Pose_Output\A008\S008C002P007R001A008.npy
S008C002P007R001A009,NTU,A009,stand_up,low_risk,49,25,3,"(49, 25, 3)",C:\Users\VICTUS\Downloads\Research\outputs\NTU_Pose_Output\A009\S008C002P007R001A009.npy
S008C002P007R001A042,NTU,A042,staggering,moderate_risk,85,25,3,"(85, 25, 3)",C:\Users\VICTUS\Downloads\Research\outputs\NTU_Pose_Output\A042\S008C002P007R001A042.npy
S008C002P007R001A043,NTU,A043,falling_down,high_risk,61,25,3,"(61, 25, 3)",C:\Users\VICTUS\Downloads\Research\outputs\NTU_Pose_Output\A043\S008C002P007R001A043.npy
S008C002P007R002A008,NTU,A008,sit_down,low_risk,53,25,3,"(53, 25, 3)",C:\Users\VICTUS\Downloads\Research\outputs\NTU_Pose_Output\A008\S008C002P007R002A008.npy
S008C002P007R002A009,NTU,A009,stand_up,low_risk,51,25,3,"(51, 25, 3)",C:\Users\VICTUS\Downloads\Research\outputs\NTU_Pose_Output\A009\S008C002P007R002A009.npy
S008C002P007R002A042,NTU,A042,staggering,moderate_risk,83,25,3,"(83, 25, 3)",C:\Users\VICTUS\Downloads\Research\outputs\NTU_Pose_Output\A042\S008C002P007R002A042.npy
S008C002P007R002A043,NTU,A043,falling_down,high_risk,66,25,3,"(66, 25, 3)",C:\Users\VICTUS\Downloads\Research\outputs\NTU_Pose_Output\A043\S008C002P007R002A043.npy
S008C002P008R001A008,NTU,A008,sit_down,low_risk,67,25,3,"(67, 25, 3)",C:\Users\VICTUS\Downloads\Research\outputs\NTU_Pose_Output\A008\S008C002P008R001A008.npy
S008C002P008R001A009,NTU,A009,stand_up,low_risk,62,25,3,"(62, 25, 3)",C:\Users\VICTUS\Downloads\Research\outputs\NTU_Pose_Output\A009\S008C002P008R001A009.npy
S008C002P008R001A042,NTU,A042,staggering,moderate_risk,111,25,3,"(111, 25, 3)",C:\Users\VICTUS\Downloads\Research\outputs\NTU_Pose_Output\A042\S008C002P008R001A042.npy
S008C002P008R001A043,NTU,A043,falling_down,high_risk,72,25,3,"(72, 25, 3)",C:\Users\VICTUS\Downloads\Research\outputs\NTU_Pose_Output\A043\S008C002P008R001A043.npy
S008C002P008R002A008,NTU,A008,sit_down,low_risk,71,25,3,"(71, 25, 3)",C:\Users\VICTUS\Downloads\Research\outputs\NTU_Pose_Output\A008\S008C002P008R002A008.npy
S008C002P008R002A009,NTU,A009,stand_up,low_risk,61,25,3,"(61, 25, 3)",C:\Users\VICTUS\Downloads\Research\outputs\NTU_Pose_Output\A009\S008C002P008R002A009.npy
S008C002P008R002A042,NTU,A042,staggering,moderate_risk,121,25,3,"(121, 25, 3)",C:\Users\VICTUS\Downloads\Research\outputs\NTU_Pose_Output\A042\S008C002P008R002A042.npy
S008C002P008R002A043,NTU,A043,falling_down,high_risk,66,25,3,"(66, 25, 3)",C:\Users\VICTUS\Downloads\Research\outputs\NTU_Pose_Output\A043\S008C002P008R002A043.npy
S008C002P015R001A008,NTU,A008,sit_down,low_risk,50,25,3,"(50, 25, 3)",C:\Users\VICTUS\Downloads\Research\outputs\NTU_Pose_Output\A008\S008C002P015R001A008.npy
S008C002P015R001A009,NTU,A009,stand_up,low_risk,59,25,3,"(59, 25, 3)",C:\Users\VICTUS\Downloads\Research\outputs\NTU_Pose_Output\A009\S008C002P015R001A009.npy
S008C002P015R001A042,NTU,A042,staggering,moderate_risk,82,25,3,"(82, 25, 3)",C:\Users\VICTUS\Downloads\Research\outputs\NTU_Pose_Output\A042\S008C002P015R001A042.npy
S008C002P015R001A043,NTU,A043,falling_down,high_risk,58,25,3,"(58, 25, 3)",C:\Users\VICTUS\Downloads\Research\outputs\NTU_Pose_Output\A043\S008C002P015R001A043.npy
S008C002P015R002A008,NTU,A008,sit_down,low_risk,69,25,3,"(69, 25, 3)",C:\Users\VICTUS\Downloads\Research\outputs\NTU_Pose_Output\A008\S008C002P015R002A008.npy
S008C002P015R002A009,NTU,A009,stand_up,low_risk,59,25,3,"(59, 25, 3)",C:\Users\VICTUS\Downloads\Research\outputs\NTU_Pose_Output\A009\S008C002P015R002A009.npy
S008C002P015R002A042,NTU,A042,staggering,moderate_risk,84,25,3,"(84, 25, 3)",C:\Users\VICTUS\Downloads\Research\outputs\NTU_Pose_Output\A042\S008C002P015R002A042.npy
S008C002P015R002A043,NTU,A043,falling_down,high_risk,60,25,3,"(60, 25, 3)",C:\Users\VICTUS\Downloads\Research\outputs\NTU_Pose_Output\A043\S008C002P015R002A043.npy
S008C002P019R001A008,NTU,A008,sit_down,low_risk,89,25,3,"(89, 25, 3)",C:\Users\VICTUS\Downloads\Research\outputs\NTU_Pose_Output\A008\S008C002P019R001A008.npy
S008C002P019R001A009,NTU,A009,stand_up,low_risk,71,25,3,"(71, 25, 3)",C:\Users\VICTUS\Downloads\Research\outputs\NTU_Pose_Output\A009\S008C002P019R001A009.npy
S008C002P019R001A042,NTU,A042,staggering,moderate_risk,89,25,3,"(89, 25, 3)",C:\Users\VICTUS\Downloads\Research\outputs\NTU_Pose_Output\A042\S008C002P019R001A042.npy
S008C002P019R001A043,NTU,A043,falling_down,high_risk,83,25,3,"(83, 25, 3)",C:\Users\VICTUS\Downloads\Research\outputs\NTU_Pose_Output\A043\S008C002P019R001A043.npy
S008C002P019R002A008,NTU,A008,sit_down,low_risk,91,25,3,"(91, 25, 3)",C:\Users\VICTUS\Downloads\Research\outputs\NTU_Pose_Output\A008\S008C002P019R002A008.npy
S008C002P019R002A009,NTU,A009,stand_up,low_risk,53,25,3,"(53, 25, 3)",C:\Users\VICTUS\Downloads\Research\outputs\NTU_Pose_Output\A009\S008C002P019R002A009.npy
S008C002P019R002A042,NTU,A042,staggering,moderate_risk,81,25,3,"(81, 25, 3)",C:\Users\VICTUS\Downloads\Research\outputs\NTU_Pose_Output\A042\S008C002P019R002A042.npy
S008C002P019R002A043,NTU,A043,falling_down,high_risk,79,25,3,"(79, 25, 3)",C:\Users\VICTUS\Downloads\Research\outputs\NTU_Pose_Output\A043\S008C002P019R002A043.npy
S008C002P025R001A008,NTU,A008,sit_down,low_risk,74,25,3,"(74, 25, 3)",C:\Users\VICTUS\Downloads\Research\outputs\NTU_Pose_Output\A008\S008C002P025R001A008.npy
S008C002P025R001A009,NTU,A009,stand_up,low_risk,62,25,3,"(62, 25, 3)",C:\Users\VICTUS\Downloads\Research\outputs\NTU_Pose_Output\A009\S008C002P025R001A009.npy
S008C002P025R001A042,NTU,A042,staggering,moderate_risk,66,25,3,"(66, 25, 3)",C:\Users\VICTUS\Downloads\Research\outputs\NTU_Pose_Output\A042\S008C002P025R001A042.npy
S008C002P025R001A043,NTU,A043,falling_down,high_risk,65,25,3,"(65, 25, 3)",C:\Users\VICTUS\Downloads\Research\outputs\NTU_Pose_Output\A043\S008C002P025R001A043.npy
S008C002P025R002A008,NTU,A008,sit_down,low_risk,70,25,3,"(70, 25, 3)",C:\Users\VICTUS\Downloads\Research\outputs\NTU_Pose_Output\A008\S008C002P025R002A008.npy
S008C002P025R002A009,NTU,A009,stand_up,low_risk,63,25,3,"(63, 25, 3)",C:\Users\VICTUS\Downloads\Research\outputs\NTU_Pose_Output\A009\S008C002P025R002A009.npy
S008C002P025R002A042,NTU,A042,staggering,moderate_risk,105,25,3,"(105, 25, 3)",C:\Users\VICTUS\Downloads\Research\outputs\NTU_Pose_Output\A042\S008C002P025R002A042.npy
S008C002P025R002A043,NTU,A043,falling_down,high_risk,78,25,3,"(78, 25, 3)",C:\Users\VICTUS\Downloads\Research\outputs\NTU_Pose_Output\A043\S008C002P025R002A043.npy
S008C002P029R001A008,NTU,A008,sit_down,low_risk,85,25,3,"(85, 25, 3)",C:\Users\VICTUS\Downloads\Research\outputs\NTU_Pose_Output\A008\S008C002P029R001A008.npy
S008C002P029R001A009,NTU,A009,stand_up,low_risk,58,25,3,"(58, 25, 3)",C:\Users\VICTUS\Downloads\Research\outputs\NTU_Pose_Output\A009\S008C002P029R001A009.npy
S008C002P029R001A042,NTU,A042,staggering,moderate_risk,96,25,3,"(96, 25, 3)",C:\Users\VICTUS\Downloads\Research\outputs\NTU_Pose_Output\A042\S008C002P029R001A042.npy
S008C002P029R001A043,NTU,A043,falling_down,high_risk,86,25,3,"(86, 25, 3)",C:\Users\VICTUS\Downloads\Research\outputs\NTU_Pose_Output\A043\S008C002P029R001A043.npy
S008C002P029R002A008,NTU,A008,sit_down,low_risk,87,25,3,"(87, 25, 3)",C:\Users\VICTUS\Downloads\Research\outputs\NTU_Pose_Output\A008\S008C002P029R002A008.npy
S008C002P029R002A009,NTU,A009,stand_up,low_risk,73,25,3,"(73, 25, 3)",C:\Users\VICTUS\Downloads\Research\outputs\NTU_Pose_Output\A009\S008C002P029R002A009.npy
S008C002P029R002A042,NTU,A042,staggering,moderate_risk,97,25,3,"(97, 25, 3)",C:\Users\VICTUS\Downloads\Research\outputs\NTU_Pose_Output\A042\S008C002P029R002A042.npy
S008C002P029R002A043,NTU,A043,falling_down,high_risk,67,25,3,"(67, 25, 3)",C:\Users\VICTUS\Downloads\Research\outputs\NTU_Pose_Output\A043\S008C002P029R002A043.npy
S008C002P030R001A008,NTU,A008,sit_down,low_risk,62,25,3,"(62, 25, 3)",C:\Users\VICTUS\Downloads\Research\outputs\NTU_Pose_Output\A008\S008C002P030R001A008.npy
S008C002P030R001A009,NTU,A009,stand_up,low_risk,68,25,3,"(68, 25, 3)",C:\Users\VICTUS\Downloads\Research\outputs\NTU_Pose_Output\A009\S008C002P030R001A009.npy
S008C002P030R001A042,NTU,A042,staggering,moderate_risk,77,25,3,"(77, 25, 3)",C:\Users\VICTUS\Downloads\Research\outputs\NTU_Pose_Output\A042\S008C002P030R001A042.npy
S008C002P030R001A043,NTU,A043,falling_down,high_risk,51,25,3,"(51, 25, 3)",C:\Users\VICTUS\Downloads\Research\outputs\NTU_Pose_Output\A043\S008C002P030R001A043.npy
S008C002P030R002A008,NTU,A008,sit_down,low_risk,61,25,3,"(61, 25, 3)",C:\Users\VICTUS\Downloads\Research\outputs\NTU_Pose_Output\A008\S008C002P030R002A008.npy
S008C002P030R002A009,NTU,A009,stand_up,low_risk,70,25,3,"(70, 25, 3)",C:\Users\VICTUS\Downloads\Research\outputs\NTU_Pose_Output\A009\S008C002P030R002A009.npy
S008C002P030R002A042,NTU,A042,staggering,moderate_risk,86,25,3,"(86, 25, 3)",C:\Users\VICTUS\Downloads\Research\outputs\NTU_Pose_Output\A042\S008C002P030R002A042.npy
S008C002P030R002A043,NTU,A043,falling_down,high_risk,90,25,3,"(90, 25, 3)",C:\Users\VICTUS\Downloads\Research\outputs\NTU_Pose_Output\A043\S008C002P030R002A043.npy
S008C002P031R001A008,NTU,A008,sit_down,low_risk,74,25,3,"(74, 25, 3)",C:\Users\VICTUS\Downloads\Research\outputs\NTU_Pose_Output\A008\S008C002P031R001A008.npy
S008C002P031R001A009,NTU,A009,stand_up,low_risk,53,25,3,"(53, 25, 3)",C:\Users\VICTUS\Downloads\Research\outputs\NTU_Pose_Output\A009\S008C002P031R001A009.npy
S008C002P031R001A042,NTU,A042,staggering,moderate_risk,96,25,3,"(96, 25, 3)",C:\Users\VICTUS\Downloads\Research\outputs\NTU_Pose_Output\A042\S008C002P031R001A042.npy
S008C002P031R001A043,NTU,A043,falling_down,high_risk,66,25,3,"(66, 25, 3)",C:\Users\VICTUS\Downloads\Research\outputs\NTU_Pose_Output\A043\S008C002P031R001A043.npy
S008C002P031R002A008,NTU,A008,sit_down,low_risk,85,25,3,"(85, 25, 3)",C:\Users\VICTUS\Downloads\Research\outputs\NTU_Pose_Output\A008\S008C002P031R002A008.npy
S008C002P031R002A009,NTU,A009,stand_up,low_risk,50,25,3,"(50, 25, 3)",C:\Users\VICTUS\Downloads\Research\outputs\NTU_Pose_Output\A009\S008C002P031R002A009.npy
S008C002P031R002A042,NTU,A042,staggering,moderate_risk,92,25,3,"(92, 25, 3)",C:\Users\VICTUS\Downloads\Research\outputs\NTU_Pose_Output\A042\S008C002P031R002A042.npy
S008C002P031R002A043,NTU,A043,falling_down,high_risk,90,25,3,"(90, 25, 3)",C:\Users\VICTUS\Downloads\Research\outputs\NTU_Pose_Output\A043\S008C002P031R002A043.npy
S008C002P032R001A008,NTU,A008,sit_down,low_risk,62,25,3,"(62, 25, 3)",C:\Users\VICTUS\Downloads\Research\outputs\NTU_Pose_Output\A008\S008C002P032R001A008.npy
S008C002P032R001A009,NTU,A009,stand_up,low_risk,64,25,3,"(64, 25, 3)",C:\Users\VICTUS\Downloads\Research\outputs\NTU_Pose_Output\A009\S008C002P032R001A009.npy
S008C002P032R001A042,NTU,A042,staggering,moderate_risk,88,25,3,"(88, 25, 3)",C:\Users\VICTUS\Downloads\Research\outputs\NTU_Pose_Output\A042\S008C002P032R001A042.npy
S008C002P032R001A043,NTU,A043,falling_down,high_risk,75,25,3,"(75, 25, 3)",C:\Users\VICTUS\Downloads\Research\outputs\NTU_Pose_Output\A043\S008C002P032R001A043.npy
S008C002P032R002A008,NTU,A008,sit_down,low_risk,65,25,3,"(65, 25, 3)",C:\Users\VICTUS\Downloads\Research\outputs\NTU_Pose_Output\A008\S008C002P032R002A008.npy
S008C002P032R002A009,NTU,A009,stand_up,low_risk,78,25,3,"(78, 25, 3)",C:\Users\VICTUS\Downloads\Research\outputs\NTU_Pose_Output\A009\S008C002P032R002A009.npy
S008C002P032R002A042,NTU,A042,staggering,moderate_risk,102,25,3,"(102, 25, 3)",C:\Users\VICTUS\Downloads\Research\outputs\NTU_Pose_Output\A042\S008C002P032R002A042.npy
S008C002P032R002A043,NTU,A043,falling_down,high_risk,97,25,3,"(97, 25, 3)",C:\Users\VICTUS\Downloads\Research\outputs\NTU_Pose_Output\A043\S008C002P032R002A043.npy
S008C002P033R001A008,NTU,A008,sit_down,low_risk,78,25,3,"(78, 25, 3)",C:\Users\VICTUS\Downloads\Research\outputs\NTU_Pose_Output\A008\S008C002P033R001A008.npy
S008C002P033R001A009,NTU,A009,stand_up,low_risk,66,25,3,"(66, 25, 3)",C:\Users\VICTUS\Downloads\Research\outputs\NTU_Pose_Output\A009\S008C002P033R001A009.npy
S008C002P033R001A042,NTU,A042,staggering,moderate_risk,84,25,3,"(84, 25, 3)",C:\Users\VICTUS\Downloads\Research\outputs\NTU_Pose_Output\A042\S008C002P033R001A042.npy
S008C002P033R001A043,NTU,A043,falling_down,high_risk,75,25,3,"(75, 25, 3)",C:\Users\VICTUS\Downloads\Research\outputs\NTU_Pose_Output\A043\S008C002P033R001A043.npy
S008C002P033R002A008,NTU,A008,sit_down,low_risk,65,25,3,"(65, 25, 3)",C:\Users\VICTUS\Downloads\Research\outputs\NTU_Pose_Output\A008\S008C002P033R002A008.npy
S008C002P033R002A009,NTU,A009,stand_up,low_risk,59,25,3,"(59, 25, 3)",C:\Users\VICTUS\Downloads\Research\outputs\NTU_Pose_Output\A009\S008C002P033R002A009.npy
S008C002P033R002A042,NTU,A042,staggering,moderate_risk,93,25,3,"(93, 25, 3)",C:\Users\VICTUS\Downloads\Research\outputs\NTU_Pose_Output\A042\S008C002P033R002A042.npy
S008C002P033R002A043,NTU,A043,falling_down,high_risk,85,25,3,"(85, 25, 3)",C:\Users\VICTUS\Downloads\Research\outputs\NTU_Pose_Output\A043\S008C002P033R002A043.npy
S008C002P034R001A008,NTU,A008,sit_down,low_risk,94,25,3,"(94, 25, 3)",C:\Users\VICTUS\Downloads\Research\outputs\NTU_Pose_Output\A008\S008C002P034R001A008.npy
S008C002P034R001A009,NTU,A009,stand_up,low_risk,65,25,3,"(65, 25, 3)",C:\Users\VICTUS\Downloads\Research\outputs\NTU_Pose_Output\A009\S008C002P034R001A009.npy
S008C002P034R001A042,NTU,A042,staggering,moderate_risk,116,25,3,"(116, 25, 3)",C:\Users\VICTUS\Downloads\Research\outputs\NTU_Pose_Output\A042\S008C002P034R001A042.npy
S008C002P034R001A043,NTU,A043,falling_down,high_risk,66,25,3,"(66, 25, 3)",C:\Users\VICTUS\Downloads\Research\outputs\NTU_Pose_Output\A043\S008C002P034R001A043.npy
S008C002P034R002A008,NTU,A008,sit_down,low_risk,62,25,3,"(62, 25, 3)",C:\Users\VICTUS\Downloads\Research\outputs\NTU_Pose_Output\A008\S008C002P034R002A008.npy
S008C002P034R002A009,NTU,A009,stand_up,low_risk,58,25,3,"(58, 25, 3)",C:\Users\VICTUS\Downloads\Research\outputs\NTU_Pose_Output\A009\S008C002P034R002A009.npy
S008C002P034R002A042,NTU,A042,staggering,moderate_risk,92,25,3,"(92, 25, 3)",C:\Users\VICTUS\Downloads\Research\outputs\NTU_Pose_Output\A042\S008C002P034R002A042.npy
S008C002P034R002A043,NTU,A043,falling_down,high_risk,81,25,3,"(81, 25, 3)",C:\Users\VICTUS\Downloads\Research\outputs\NTU_Pose_Output\A043\S008C002P034R002A043.npy
S008C002P035R001A008,NTU,A008,sit_down,low_risk,61,25,3,"(61, 25, 3)",C:\Users\VICTUS\Downloads\Research\outputs\NTU_Pose_Output\A008\S008C002P035R001A008.npy
S008C002P035R001A009,NTU,A009,stand_up,low_risk,74,25,3,"(74, 25, 3)",C:\Users\VICTUS\Downloads\Research\outputs\NTU_Pose_Output\A009\S008C002P035R001A009.npy
S008C002P035R001A042,NTU,A042,staggering,moderate_risk,77,25,3,"(77, 25, 3)",C:\Users\VICTUS\Downloads\Research\outputs\NTU_Pose_Output\A042\S008C002P035R001A042.npy
S008C002P035R001A043,NTU,A043,falling_down,high_risk,56,25,3,"(56, 25, 3)",C:\Users\VICTUS\Downloads\Research\outputs\NTU_Pose_Output\A043\S008C002P035R001A043.npy
S008C002P035R002A008,NTU,A008,sit_down,low_risk,67,25,3,"(67, 25, 3)",C:\Users\VICTUS\Downloads\Research\outputs\NTU_Pose_Output\A008\S008C002P035R002A008.npy
S008C002P035R002A009,NTU,A009,stand_up,low_risk,65,25,3,"(65, 25, 3)",C:\Users\VICTUS\Downloads\Research\outputs\NTU_Pose_Output\A009\S008C002P035R002A009.npy
S008C002P035R002A042,NTU,A042,staggering,moderate_risk,82,25,3,"(82, 25, 3)",C:\Users\VICTUS\Downloads\Research\outputs\NTU_Pose_Output\A042\S008C002P035R002A042.npy
S008C002P035R002A043,NTU,A043,falling_down,high_risk,56,25,3,"(56, 25, 3)",C:\Users\VICTUS\Downloads\Research\outputs\NTU_Pose_Output\A043\S008C002P035R002A043.npy
S008C002P036R001A008,NTU,A008,sit_down,low_risk,67,25,3,"(67, 25, 3)",C:\Users\VICTUS\Downloads\Research\outputs\NTU_Pose_Output\A008\S008C002P036R001A008.npy
S008C002P036R001A009,NTU,A009,stand_up,low_risk,50,25,3,"(50, 25, 3)",C:\Users\VICTUS\Downloads\Research\outputs\NTU_Pose_Output\A009\S008C002P036R001A009.npy
S008C002P036R001A042,NTU,A042,staggering,moderate_risk,96,25,3,"(96, 25, 3)",C:\Users\VICTUS\Downloads\Research\outputs\NTU_Pose_Output\A042\S008C002P036R001A042.npy
S008C002P036R001A043,NTU,A043,falling_down,high_risk,57,25,3,"(57, 25, 3)",C:\Users\VICTUS\Downloads\Research\outputs\NTU_Pose_Output\A043\S008C002P036R001A043.npy
S008C002P036R002A008,NTU,A008,sit_down,low_risk,77,25,3,"(77, 25, 3)",C:\Users\VICTUS\Downloads\Research\outputs\NTU_Pose_Output\A008\S008C002P036R002A008.npy
S008C002P036R002A009,NTU,A009,stand_up,low_risk,50,25,3,"(50, 25, 3)",C:\Users\VICTUS\Downloads\Research\outputs\NTU_Pose_Output\A009\S008C002P036R002A009.npy
S008C002P036R002A042,NTU,A042,staggering,moderate_risk,105,25,3,"(105, 25, 3)",C:\Users\VICTUS\Downloads\Research\outputs\NTU_Pose_Output\A042\S008C002P036R002A042.npy
S008C002P036R002A043,NTU,A043,falling_down,high_risk,69,25,3,"(69, 25, 3)",C:\Users\VICTUS\Downloads\Research\outputs\NTU_Pose_Output\A043\S008C002P036R002A043.npy
S008C003P001R001A008,NTU,A008,sit_down,low_risk,47,25,3,"(47, 25, 3)",C:\Users\VICTUS\Downloads\Research\outputs\NTU_Pose_Output\A008\S008C003P001R001A008.npy
S008C003P001R001A009,NTU,A009,stand_up,low_risk,44,25,3,"(44, 25, 3)",C:\Users\VICTUS\Downloads\Research\outputs\NTU_Pose_Output\A009\S008C003P001R001A009.npy
S008C003P001R001A042,NTU,A042,staggering,moderate_risk,81,25,3,"(81, 25, 3)",C:\Users\VICTUS\Downloads\Research\outputs\NTU_Pose_Output\A042\S008C003P001R001A042.npy
S008C003P001R001A043,NTU,A043,falling_down,high_risk,47,25,3,"(47, 25, 3)",C:\Users\VICTUS\Downloads\Research\outputs\NTU_Pose_Output\A043\S008C003P001R001A043.npy
S008C003P001R002A008,NTU,A008,sit_down,low_risk,52,25,3,"(52, 25, 3)",C:\Users\VICTUS\Downloads\Research\outputs\NTU_Pose_Output\A008\S008C003P001R002A008.npy
S008C003P001R002A009,NTU,A009,stand_up,low_risk,53,25,3,"(53, 25, 3)",C:\Users\VICTUS\Downloads\Research\outputs\NTU_Pose_Output\A009\S008C003P001R002A009.npy
S008C003P001R002A042,NTU,A042,staggering,moderate_risk,76,25,3,"(76, 25, 3)",C:\Users\VICTUS\Downloads\Research\outputs\NTU_Pose_Output\A042\S008C003P001R002A042.npy
S008C003P001R002A043,NTU,A043,falling_down,high_risk,52,25,3,"(52, 25, 3)",C:\Users\VICTUS\Downloads\Research\outputs\NTU_Pose_Output\A043\S008C003P001R002A043.npy
S008C003P007R001A008,NTU,A008,sit_down,low_risk,67,25,3,"(67, 25, 3)",C:\Users\VICTUS\Downloads\Research\outputs\NTU_Pose_Output\A008\S008C003P007R001A008.npy
S008C003P007R001A009,NTU,A009,stand_up,low_risk,48,25,3,"(48, 25, 3)",C:\Users\VICTUS\Downloads\Research\outputs\NTU_Pose_Output\A009\S008C003P007R001A009.npy
S008C003P007R001A042,NTU,A042,staggering,moderate_risk,85,25,3,"(85, 25, 3)",C:\Users\VICTUS\Downloads\Research\outputs\NTU_Pose_Output\A042\S008C003P007R001A042.npy
S008C003P007R001A043,NTU,A043,falling_down,high_risk,62,25,3,"(62, 25, 3)",C:\Users\VICTUS\Downloads\Research\outputs\NTU_Pose_Output\A043\S008C003P007R001A043.npy
S008C003P007R002A008,NTU,A008,sit_down,low_risk,53,25,3,"(53, 25, 3)",C:\Users\VICTUS\Downloads\Research\outputs\NTU_Pose_Output\A008\S008C003P007R002A008.npy
S008C003P007R002A009,NTU,A009,stand_up,low_risk,50,25,3,"(50, 25, 3)",C:\Users\VICTUS\Downloads\Research\outputs\NTU_Pose_Output\A009\S008C003P007R002A009.npy
S008C003P007R002A042,NTU,A042,staggering,moderate_risk,82,25,3,"(82, 25, 3)",C:\Users\VICTUS\Downloads\Research\outputs\NTU_Pose_Output\A042\S008C003P007R002A042.npy
S008C003P007R002A043,NTU,A043,falling_down,high_risk,67,25,3,"(67, 25, 3)",C:\Users\VICTUS\Downloads\Research\outputs\NTU_Pose_Output\A043\S008C003P007R002A043.npy
S008C003P008R001A008,NTU,A008,sit_down,low_risk,68,25,3,"(68, 25, 3)",C:\Users\VICTUS\Downloads\Research\outputs\NTU_Pose_Output\A008\S008C003P008R001A008.npy
S008C003P008R001A009,NTU,A009,stand_up,low_risk,62,25,3,"(62, 25, 3)",C:\Users\VICTUS\Downloads\Research\outputs\NTU_Pose_Output\A009\S008C003P008R001A009.npy
S008C003P008R001A042,NTU,A042,staggering,moderate_risk,112,25,3,"(112, 25, 3)",C:\Users\VICTUS\Downloads\Research\outputs\NTU_Pose_Output\A042\S008C003P008R001A042.npy
S008C003P008R001A043,NTU,A043,falling_down,high_risk,72,25,3,"(72, 25, 3)",C:\Users\VICTUS\Downloads\Research\outputs\NTU_Pose_Output\A043\S008C003P008R001A043.npy
S008C003P008R002A008,NTU,A008,sit_down,low_risk,70,25,3,"(70, 25, 3)",C:\Users\VICTUS\Downloads\Research\outputs\NTU_Pose_Output\A008\S008C003P008R002A008.npy
S008C003P008R002A009,NTU,A009,stand_up,low_risk,61,25,3,"(61, 25, 3)",C:\Users\VICTUS\Downloads\Research\outputs\NTU_Pose_Output\A009\S008C003P008R002A009.npy
S008C003P008R002A042,NTU,A042,staggering,moderate_risk,121,25,3,"(121, 25, 3)",C:\Users\VICTUS\Downloads\Research\outputs\NTU_Pose_Output\A042\S008C003P008R002A042.npy
S008C003P008R002A043,NTU,A043,falling_down,high_risk,67,25,3,"(67, 25, 3)",C:\Users\VICTUS\Downloads\Research\outputs\NTU_Pose_Output\A043\S008C003P008R002A043.npy
S008C003P015R001A008,NTU,A008,sit_down,low_risk,49,25,3,"(49, 25, 3)",C:\Users\VICTUS\Downloads\Research\outputs\NTU_Pose_Output\A008\S008C003P015R001A008.npy
S008C003P015R001A009,NTU,A009,stand_up,low_risk,60,25,3,"(60, 25, 3)",C:\Users\VICTUS\Downloads\Research\outputs\NTU_Pose_Output\A009\S008C003P015R001A009.npy
S008C003P015R001A042,NTU,A042,staggering,moderate_risk,82,25,3,"(82, 25, 3)",C:\Users\VICTUS\Downloads\Research\outputs\NTU_Pose_Output\A042\S008C003P015R001A042.npy
S008C003P015R001A043,NTU,A043,falling_down,high_risk,59,25,3,"(59, 25, 3)",C:\Users\VICTUS\Downloads\Research\outputs\NTU_Pose_Output\A043\S008C003P015R001A043.npy
S008C003P015R002A008,NTU,A008,sit_down,low_risk,68,25,3,"(68, 25, 3)",C:\Users\VICTUS\Downloads\Research\outputs\NTU_Pose_Output\A008\S008C003P015R002A008.npy
S008C003P015R002A009,NTU,A009,stand_up,low_risk,58,25,3,"(58, 25, 3)",C:\Users\VICTUS\Downloads\Research\outputs\NTU_Pose_Output\A009\S008C003P015R002A009.npy
S008C003P015R002A042,NTU,A042,staggering,moderate_risk,85,25,3,"(85, 25, 3)",C:\Users\VICTUS\Downloads\Research\outputs\NTU_Pose_Output\A042\S008C003P015R002A042.npy
S008C003P015R002A043,NTU,A043,falling_down,high_risk,60,25,3,"(60, 25, 3)",C:\Users\VICTUS\Downloads\Research\outputs\NTU_Pose_Output\A043\S008C003P015R002A043.npy
S008C003P019R001A008,NTU,A008,sit_down,low_risk,89,25,3,"(89, 25, 3)",C:\Users\VICTUS\Downloads\Research\outputs\NTU_Pose_Output\A008\S008C003P019R001A008.npy
S008C003P019R001A009,NTU,A009,stand_up,low_risk,71,25,3,"(71, 25, 3)",C:\Users\VICTUS\Downloads\Research\outputs\NTU_Pose_Output\A009\S008C003P019R001A009.npy
S008C003P019R001A042,NTU,A042,staggering,moderate_risk,91,25,3,"(91, 25, 3)",C:\Users\VICTUS\Downloads\Research\outputs\NTU_Pose_Output\A042\S008C003P019R001A042.npy
S008C003P019R001A043,NTU,A043,falling_down,high_risk,83,25,3,"(83, 25, 3)",C:\Users\VICTUS\Downloads\Research\outputs\NTU_Pose_Output\A043\S008C003P019R001A043.npy
S008C003P019R002A008,NTU,A008,sit_down,low_risk,91,25,3,"(91, 25, 3)",C:\Users\VICTUS\Downloads\Research\outputs\NTU_Pose_Output\A008\S008C003P019R002A008.npy
S008C003P019R002A009,NTU,A009,stand_up,low_risk,53,25,3,"(53, 25, 3)",C:\Users\VICTUS\Downloads\Research\outputs\NTU_Pose_Output\A009\S008C003P019R002A009.npy
S008C003P019R002A042,NTU,A042,staggering,moderate_risk,82,25,3,"(82, 25, 3)",C:\Users\VICTUS\Downloads\Research\outputs\NTU_Pose_Output\A042\S008C003P019R002A042.npy
S008C003P019R002A043,NTU,A043,falling_down,high_risk,79,25,3,"(79, 25, 3)",C:\Users\VICTUS\Downloads\Research\outputs\NTU_Pose_Output\A043\S008C003P019R002A043.npy
S008C003P025R001A008,NTU,A008,sit_down,low_risk,74,25,3,"(74, 25, 3)",C:\Users\VICTUS\Downloads\Research\outputs\NTU_Pose_Output\A008\S008C003P025R001A008.npy
S008C003P025R001A009,NTU,A009,stand_up,low_risk,63,25,3,"(63, 25, 3)",C:\Users\VICTUS\Downloads\Research\outputs\NTU_Pose_Output\A009\S008C003P025R001A009.npy
S008C003P025R001A042,NTU,A042,staggering,moderate_risk,67,25,3,"(67, 25, 3)",C:\Users\VICTUS\Downloads\Research\outputs\NTU_Pose_Output\A042\S008C003P025R001A042.npy
S008C003P025R001A043,NTU,A043,falling_down,high_risk,64,25,3,"(64, 25, 3)",C:\Users\VICTUS\Downloads\Research\outputs\NTU_Pose_Output\A043\S008C003P025R001A043.npy
S008C003P025R002A008,NTU,A008,sit_down,low_risk,72,25,3,"(72, 25, 3)",C:\Users\VICTUS\Downloads\Research\outputs\NTU_Pose_Output\A008\S008C003P025R002A008.npy
S008C003P025R002A009,NTU,A009,stand_up,low_risk,63,25,3,"(63, 25, 3)",C:\Users\VICTUS\Downloads\Research\outputs\NTU_Pose_Output\A009\S008C003P025R002A009.npy
S008C003P025R002A042,NTU,A042,staggering,moderate_risk,105,25,3,"(105, 25, 3)",C:\Users\VICTUS\Downloads\Research\outputs\NTU_Pose_Output\A042\S008C003P025R002A042.npy
S008C003P025R002A043,NTU,A043,falling_down,high_risk,78,25,3,"(78, 25, 3)",C:\Users\VICTUS\Downloads\Research\outputs\NTU_Pose_Output\A043\S008C003P025R002A043.npy
S008C003P029R001A008,NTU,A008,sit_down,low_risk,85,25,3,"(85, 25, 3)",C:\Users\VICTUS\Downloads\Research\outputs\NTU_Pose_Output\A008\S008C003P029R001A008.npy
S008C003P029R001A009,NTU,A009,stand_up,low_risk,59,25,3,"(59, 25, 3)",C:\Users\VICTUS\Downloads\Research\outputs\NTU_Pose_Output\A009\S008C003P029R001A009.npy
S008C003P029R001A042,NTU,A042,staggering,moderate_risk,97,25,3,"(97, 25, 3)",C:\Users\VICTUS\Downloads\Research\outputs\NTU_Pose_Output\A042\S008C003P029R001A042.npy
S008C003P029R001A043,NTU,A043,falling_down,high_risk,86,25,3,"(86, 25, 3)",C:\Users\VICTUS\Downloads\Research\outputs\NTU_Pose_Output\A043\S008C003P029R001A043.npy
S008C003P029R002A008,NTU,A008,sit_down,low_risk,87,25,3,"(87, 25, 3)",C:\Users\VICTUS\Downloads\Research\outputs\NTU_Pose_Output\A008\S008C003P029R002A008.npy
S008C003P029R002A009,NTU,A009,stand_up,low_risk,72,25,3,"(72, 25, 3)",C:\Users\VICTUS\Downloads\Research\outputs\NTU_Pose_Output\A009\S008C003P029R002A009.npy
S008C003P029R002A042,NTU,A042,staggering,moderate_risk,96,25,3,"(96, 25, 3)",C:\Users\VICTUS\Downloads\Research\outputs\NTU_Pose_Output\A042\S008C003P029R002A042.npy
S008C003P029R002A043,NTU,A043,falling_down,high_risk,68,25,3,"(68, 25, 3)",C:\Users\VICTUS\Downloads\Research\outputs\NTU_Pose_Output\A043\S008C003P029R002A043.npy
S008C003P030R001A008,NTU,A008,sit_down,low_risk,62,25,3,"(62, 25, 3)",C:\Users\VICTUS\Downloads\Research\outputs\NTU_Pose_Output\A008\S008C003P030R001A008.npy
S008C003P030R001A009,NTU,A009,stand_up,low_risk,68,25,3,"(68, 25, 3)",C:\Users\VICTUS\Downloads\Research\outputs\NTU_Pose_Output\A009\S008C003P030R001A009.npy
S008C003P030R001A042,NTU,A042,staggering,moderate_risk,77,25,3,"(77, 25, 3)",C:\Users\VICTUS\Downloads\Research\outputs\NTU_Pose_Output\A042\S008C003P030R001A042.npy
S008C003P030R001A043,NTU,A043,falling_down,high_risk,51,25,3,"(51, 25, 3)",C:\Users\VICTUS\Downloads\Research\outputs\NTU_Pose_Output\A043\S008C003P030R001A043.npy
S008C003P030R002A008,NTU,A008,sit_down,low_risk,60,25,3,"(60, 25, 3)",C:\Users\VICTUS\Downloads\Research\outputs\NTU_Pose_Output\A008\S008C003P030R002A008.npy
S008C003P030R002A009,NTU,A009,stand_up,low_risk,70,25,3,"(70, 25, 3)",C:\Users\VICTUS\Downloads\Research\outputs\NTU_Pose_Output\A009\S008C003P030R002A009.npy
S008C003P030R002A042,NTU,A042,staggering,moderate_risk,86,25,3,"(86, 25, 3)",C:\Users\VICTUS\Downloads\Research\outputs\NTU_Pose_Output\A042\S008C003P030R002A042.npy
S008C003P030R002A043,NTU,A043,falling_down,high_risk,90,25,3,"(90, 25, 3)",C:\Users\VICTUS\Downloads\Research\outputs\NTU_Pose_Output\A043\S008C003P030R002A043.npy
S008C003P031R001A008,NTU,A008,sit_down,low_risk,75,25,3,"(75, 25, 3)",C:\Users\VICTUS\Downloads\Research\outputs\NTU_Pose_Output\A008\S008C003P031R001A008.npy
S008C003P031R001A009,NTU,A009,stand_up,low_risk,53,25,3,"(53, 25, 3)",C:\Users\VICTUS\Downloads\Research\outputs\NTU_Pose_Output\A009\S008C003P031R001A009.npy
S008C003P031R001A042,NTU,A042,staggering,moderate_risk,96,25,3,"(96, 25, 3)",C:\Users\VICTUS\Downloads\Research\outputs\NTU_Pose_Output\A042\S008C003P031R001A042.npy
S008C003P031R001A043,NTU,A043,falling_down,high_risk,66,25,3,"(66, 25, 3)",C:\Users\VICTUS\Downloads\Research\outputs\NTU_Pose_Output\A043\S008C003P031R001A043.npy
S008C003P031R002A008,NTU,A008,sit_down,low_risk,85,25,3,"(85, 25, 3)",C:\Users\VICTUS\Downloads\Research\outputs\NTU_Pose_Output\A008\S008C003P031R002A008.npy
S008C003P031R002A009,NTU,A009,stand_up,low_risk,50,25,3,"(50, 25, 3)",C:\Users\VICTUS\Downloads\Research\outputs\NTU_Pose_Output\A009\S008C003P031R002A009.npy
S008C003P031R002A042,NTU,A042,staggering,moderate_risk,92,25,3,"(92, 25, 3)",C:\Users\VICTUS\Downloads\Research\outputs\NTU_Pose_Output\A042\S008C003P031R002A042.npy
S008C003P031R002A043,NTU,A043,falling_down,high_risk,90,25,3,"(90, 25, 3)",C:\Users\VICTUS\Downloads\Research\outputs\NTU_Pose_Output\A043\S008C003P031R002A043.npy
S008C003P032R001A008,NTU,A008,sit_down,low_risk,61,25,3,"(61, 25, 3)",C:\Users\VICTUS\Downloads\Research\outputs\NTU_Pose_Output\A008\S008C003P032R001A008.npy
S008C003P032R001A009,NTU,A009,stand_up,low_risk,64,25,3,"(64, 25, 3)",C:\Users\VICTUS\Downloads\Research\outputs\NTU_Pose_Output\A009\S008C003P032R001A009.npy
S008C003P032R001A042,NTU,A042,staggering,moderate_risk,87,25,3,"(87, 25, 3)",C:\Users\VICTUS\Downloads\Research\outputs\NTU_Pose_Output\A042\S008C003P032R001A042.npy
S008C003P032R001A043,NTU,A043,falling_down,high_risk,76,25,3,"(76, 25, 3)",C:\Users\VICTUS\Downloads\Research\outputs\NTU_Pose_Output\A043\S008C003P032R001A043.npy
S008C003P032R002A008,NTU,A008,sit_down,low_risk,65,25,3,"(65, 25, 3)",C:\Users\VICTUS\Downloads\Research\outputs\NTU_Pose_Output\A008\S008C003P032R002A008.npy
S008C003P032R002A009,NTU,A009,stand_up,low_risk,78,25,3,"(78, 25, 3)",C:\Users\VICTUS\Downloads\Research\outputs\NTU_Pose_Output\A009\S008C003P032R002A009.npy
S008C003P032R002A042,NTU,A042,staggering,moderate_risk,103,25,3,"(103, 25, 3)",C:\Users\VICTUS\Downloads\Research\outputs\NTU_Pose_Output\A042\S008C003P032R002A042.npy
S008C003P032R002A043,NTU,A043,falling_down,high_risk,97,25,3,"(97, 25, 3)",C:\Users\VICTUS\Downloads\Research\outputs\NTU_Pose_Output\A043\S008C003P032R002A043.npy
S008C003P033R001A008,NTU,A008,sit_down,low_risk,77,25,3,"(77, 25, 3)",C:\Users\VICTUS\Downloads\Research\outputs\NTU_Pose_Output\A008\S008C003P033R001A008.npy
S008C003P033R001A009,NTU,A009,stand_up,low_risk,65,25,3,"(65, 25, 3)",C:\Users\VICTUS\Downloads\Research\outputs\NTU_Pose_Output\A009\S008C003P033R001A009.npy
S008C003P033R001A042,NTU,A042,staggering,moderate_risk,84,25,3,"(84, 25, 3)",C:\Users\VICTUS\Downloads\Research\outputs\NTU_Pose_Output\A042\S008C003P033R001A042.npy
S008C003P033R001A043,NTU,A043,falling_down,high_risk,75,25,3,"(75, 25, 3)",C:\Users\VICTUS\Downloads\Research\outputs\NTU_Pose_Output\A043\S008C003P033R001A043.npy
S008C003P033R002A008,NTU,A008,sit_down,low_risk,66,25,3,"(66, 25, 3)",C:\Users\VICTUS\Downloads\Research\outputs\NTU_Pose_Output\A008\S008C003P033R002A008.npy
S008C003P033R002A009,NTU,A009,stand_up,low_risk,60,25,3,"(60, 25, 3)",C:\Users\VICTUS\Downloads\Research\outputs\NTU_Pose_Output\A009\S008C003P033R002A009.npy
S008C003P033R002A042,NTU,A042,staggering,moderate_risk,93,25,3,"(93, 25, 3)",C:\Users\VICTUS\Downloads\Research\outputs\NTU_Pose_Output\A042\S008C003P033R002A042.npy
S008C003P033R002A043,NTU,A043,falling_down,high_risk,86,25,3,"(86, 25, 3)",C:\Users\VICTUS\Downloads\Research\outputs\NTU_Pose_Output\A043\S008C003P033R002A043.npy
S008C003P034R001A008,NTU,A008,sit_down,low_risk,94,25,3,"(94, 25, 3)",C:\Users\VICTUS\Downloads\Research\outputs\NTU_Pose_Output\A008\S008C003P034R001A008.npy
S008C003P034R001A009,NTU,A009,stand_up,low_risk,65,25,3,"(65, 25, 3)",C:\Users\VICTUS\Downloads\Research\outputs\NTU_Pose_Output\A009\S008C003P034R001A009.npy
S008C003P034R001A042,NTU,A042,staggering,moderate_risk,116,25,3,"(116, 25, 3)",C:\Users\VICTUS\Downloads\Research\outputs\NTU_Pose_Output\A042\S008C003P034R001A042.npy
S008C003P034R001A043,NTU,A043,falling_down,high_risk,66,25,3,"(66, 25, 3)",C:\Users\VICTUS\Downloads\Research\outputs\NTU_Pose_Output\A043\S008C003P034R001A043.npy
S008C003P034R002A008,NTU,A008,sit_down,low_risk,64,25,3,"(64, 25, 3)",C:\Users\VICTUS\Downloads\Research\outputs\NTU_Pose_Output\A008\S008C003P034R002A008.npy
S008C003P034R002A009,NTU,A009,stand_up,low_risk,58,25,3,"(58, 25, 3)",C:\Users\VICTUS\Downloads\Research\outputs\NTU_Pose_Output\A009\S008C003P034R002A009.npy
S008C003P034R002A042,NTU,A042,staggering,moderate_risk,92,25,3,"(92, 25, 3)",C:\Users\VICTUS\Downloads\Research\outputs\NTU_Pose_Output\A042\S008C003P034R002A042.npy
S008C003P034R002A043,NTU,A043,falling_down,high_risk,81,25,3,"(81, 25, 3)",C:\Users\VICTUS\Downloads\Research\outputs\NTU_Pose_Output\A043\S008C003P034R002A043.npy
S008C003P035R001A008,NTU,A008,sit_down,low_risk,62,25,3,"(62, 25, 3)",C:\Users\VICTUS\Downloads\Research\outputs\NTU_Pose_Output\A008\S008C003P035R001A008.npy
S008C003P035R001A009,NTU,A009,stand_up,low_risk,74,25,3,"(74, 25, 3)",C:\Users\VICTUS\Downloads\Research\outputs\NTU_Pose_Output\A009\S008C003P035R001A009.npy
S008C003P035R001A042,NTU,A042,staggering,moderate_risk,77,25,3,"(77, 25, 3)",C:\Users\VICTUS\Downloads\Research\outputs\NTU_Pose_Output\A042\S008C003P035R001A042.npy
S008C003P035R001A043,NTU,A043,falling_down,high_risk,57,25,3,"(57, 25, 3)",C:\Users\VICTUS\Downloads\Research\outputs\NTU_Pose_Output\A043\S008C003P035R001A043.npy
S008C003P035R002A008,NTU,A008,sit_down,low_risk,67,25,3,"(67, 25, 3)",C:\Users\VICTUS\Downloads\Research\outputs\NTU_Pose_Output\A008\S008C003P035R002A008.npy
S008C003P035R002A009,NTU,A009,stand_up,low_risk,66,25,3,"(66, 25, 3)",C:\Users\VICTUS\Downloads\Research\outputs\NTU_Pose_Output\A009\S008C003P035R002A009.npy
S008C003P035R002A042,NTU,A042,staggering,moderate_risk,81,25,3,"(81, 25, 3)",C:\Users\VICTUS\Downloads\Research\outputs\NTU_Pose_Output\A042\S008C003P035R002A042.npy
S008C003P035R002A043,NTU,A043,falling_down,high_risk,57,25,3,"(57, 25, 3)",C:\Users\VICTUS\Downloads\Research\outputs\NTU_Pose_Output\A043\S008C003P035R002A043.npy
S008C003P036R001A008,NTU,A008,sit_down,low_risk,67,25,3,"(67, 25, 3)",C:\Users\VICTUS\Downloads\Research\outputs\NTU_Pose_Output\A008\S008C003P036R001A008.npy
S008C003P036R001A009,NTU,A009,stand_up,low_risk,50,25,3,"(50, 25, 3)",C:\Users\VICTUS\Downloads\Research\outputs\NTU_Pose_Output\A009\S008C003P036R001A009.npy
S008C003P036R001A042,NTU,A042,staggering,moderate_risk,96,25,3,"(96, 25, 3)",C:\Users\VICTUS\Downloads\Research\outputs\NTU_Pose_Output\A042\S008C003P036R001A042.npy
S008C003P036R001A043,NTU,A043,falling_down,high_risk,57,25,3,"(57, 25, 3)",C:\Users\VICTUS\Downloads\Research\outputs\NTU_Pose_Output\A043\S008C003P036R001A043.npy
S008C003P036R002A008,NTU,A008,sit_down,low_risk,77,25,3,"(77, 25, 3)",C:\Users\VICTUS\Downloads\Research\outputs\NTU_Pose_Output\A008\S008C003P036R002A008.npy
S008C003P036R002A009,NTU,A009,stand_up,low_risk,50,25,3,"(50, 25, 3)",C:\Users\VICTUS\Downloads\Research\outputs\NTU_Pose_Output\A009\S008C003P036R002A009.npy
S008C003P036R002A042,NTU,A042,staggering,moderate_risk,103,25,3,"(103, 25, 3)",C:\Users\VICTUS\Downloads\Research\outputs\NTU_Pose_Output\A042\S008C003P036R002A042.npy
S008C003P036R002A043,NTU,A043,falling_down,high_risk,69,25,3,"(69, 25, 3)",C:\Users\VICTUS\Downloads\Research\outputs\NTU_Pose_Output\A043\S008C003P036R002A043.npy
S009C001P007R001A008,NTU,A008,sit_down,low_risk,108,25,3,"(108, 25, 3)",C:\Users\VICTUS\Downloads\Research\outputs\NTU_Pose_Output\A008\S009C001P007R001A008.npy
S009C001P007R001A009,NTU,A009,stand_up,low_risk,120,25,3,"(120, 25, 3)",C:\Users\VICTUS\Downloads\Research\outputs\NTU_Pose_Output\A009\S009C001P007R001A009.npy
S009C001P007R001A042,NTU,A042,staggering,moderate_risk,175,25,3,"(175, 25, 3)",C:\Users\VICTUS\Downloads\Research\outputs\NTU_Pose_Output\A042\S009C001P007R001A042.npy
S009C001P007R001A043,NTU,A043,falling_down,high_risk,91,25,3,"(91, 25, 3)",C:\Users\VICTUS\Downloads\Research\outputs\NTU_Pose_Output\A043\S009C001P007R001A043.npy
S009C001P007R002A008,NTU,A008,sit_down,low_risk,112,25,3,"(112, 25, 3)",C:\Users\VICTUS\Downloads\Research\outputs\NTU_Pose_Output\A008\S009C001P007R002A008.npy
S009C001P007R002A009,NTU,A009,stand_up,low_risk,75,25,3,"(75, 25, 3)",C:\Users\VICTUS\Downloads\Research\outputs\NTU_Pose_Output\A009\S009C001P007R002A009.npy
S009C001P007R002A042,NTU,A042,staggering,moderate_risk,198,25,3,"(198, 25, 3)",C:\Users\VICTUS\Downloads\Research\outputs\NTU_Pose_Output\A042\S009C001P007R002A042.npy
S009C001P007R002A043,NTU,A043,falling_down,high_risk,139,25,3,"(139, 25, 3)",C:\Users\VICTUS\Downloads\Research\outputs\NTU_Pose_Output\A043\S009C001P007R002A043.npy
S009C001P008R001A008,NTU,A008,sit_down,low_risk,99,25,3,"(99, 25, 3)",C:\Users\VICTUS\Downloads\Research\outputs\NTU_Pose_Output\A008\S009C001P008R001A008.npy
S009C001P008R001A009,NTU,A009,stand_up,low_risk,75,25,3,"(75, 25, 3)",C:\Users\VICTUS\Downloads\Research\outputs\NTU_Pose_Output\A009\S009C001P008R001A009.npy
S009C001P008R001A042,NTU,A042,staggering,moderate_risk,136,25,3,"(136, 25, 3)",C:\Users\VICTUS\Downloads\Research\outputs\NTU_Pose_Output\A042\S009C001P008R001A042.npy
S009C001P008R001A043,NTU,A043,falling_down,high_risk,72,25,3,"(72, 25, 3)",C:\Users\VICTUS\Downloads\Research\outputs\NTU_Pose_Output\A043\S009C001P008R001A043.npy
S009C001P008R002A008,NTU,A008,sit_down,low_risk,67,25,3,"(67, 25, 3)",C:\Users\VICTUS\Downloads\Research\outputs\NTU_Pose_Output\A008\S009C001P008R002A008.npy
S009C001P008R002A009,NTU,A009,stand_up,low_risk,63,25,3,"(63, 25, 3)",C:\Users\VICTUS\Downloads\Research\outputs\NTU_Pose_Output\A009\S009C001P008R002A009.npy
S009C001P008R002A042,NTU,A042,staggering,moderate_risk,114,25,3,"(114, 25, 3)",C:\Users\VICTUS\Downloads\Research\outputs\NTU_Pose_Output\A042\S009C001P008R002A042.npy
S009C001P008R002A043,NTU,A043,falling_down,high_risk,70,25,3,"(70, 25, 3)",C:\Users\VICTUS\Downloads\Research\outputs\NTU_Pose_Output\A043\S009C001P008R002A043.npy
S009C001P015R001A008,NTU,A008,sit_down,low_risk,66,25,3,"(66, 25, 3)",C:\Users\VICTUS\Downloads\Research\outputs\NTU_Pose_Output\A008\S009C001P015R001A008.npy
S009C001P015R001A009,NTU,A009,stand_up,low_risk,54,25,3,"(54, 25, 3)",C:\Users\VICTUS\Downloads\Research\outputs\NTU_Pose_Output\A009\S009C001P015R001A009.npy
S009C001P015R001A042,NTU,A042,staggering,moderate_risk,88,25,3,"(88, 25, 3)",C:\Users\VICTUS\Downloads\Research\outputs\NTU_Pose_Output\A042\S009C001P015R001A042.npy
S009C001P015R001A043,NTU,A043,falling_down,high_risk,58,25,3,"(58, 25, 3)",C:\Users\VICTUS\Downloads\Research\outputs\NTU_Pose_Output\A043\S009C001P015R001A043.npy
S009C001P015R002A008,NTU,A008,sit_down,low_risk,64,25,3,"(64, 25, 3)",C:\Users\VICTUS\Downloads\Research\outputs\NTU_Pose_Output\A008\S009C001P015R002A008.npy
S009C001P015R002A009,NTU,A009,stand_up,low_risk,58,25,3,"(58, 25, 3)",C:\Users\VICTUS\Downloads\Research\outputs\NTU_Pose_Output\A009\S009C001P015R002A009.npy
S009C001P015R002A042,NTU,A042,staggering,moderate_risk,91,25,3,"(91, 25, 3)",C:\Users\VICTUS\Downloads\Research\outputs\NTU_Pose_Output\A042\S009C001P015R002A042.npy
S009C001P015R002A043,NTU,A043,falling_down,high_risk,55,25,3,"(55, 25, 3)",C:\Users\VICTUS\Downloads\Research\outputs\NTU_Pose_Output\A043\S009C001P015R002A043.npy
S009C001P016R001A008,NTU,A008,sit_down,low_risk,79,25,3,"(79, 25, 3)",C:\Users\VICTUS\Downloads\Research\outputs\NTU_Pose_Output\A008\S009C001P016R001A008.npy
S009C001P016R001A009,NTU,A009,stand_up,low_risk,64,25,3,"(64, 25, 3)",C:\Users\VICTUS\Downloads\Research\outputs\NTU_Pose_Output\A009\S009C001P016R001A009.npy
S009C001P016R001A042,NTU,A042,staggering,moderate_risk,104,25,3,"(104, 25, 3)",C:\Users\VICTUS\Downloads\Research\outputs\NTU_Pose_Output\A042\S009C001P016R001A042.npy
S009C001P016R001A043,NTU,A043,falling_down,high_risk,64,25,3,"(64, 25, 3)",C:\Users\VICTUS\Downloads\Research\outputs\NTU_Pose_Output\A043\S009C001P016R001A043.npy
S009C001P016R002A008,NTU,A008,sit_down,low_risk,89,25,3,"(89, 25, 3)",C:\Users\VICTUS\Downloads\Research\outputs\NTU_Pose_Output\A008\S009C001P016R002A008.npy
S009C001P016R002A009,NTU,A009,stand_up,low_risk,71,25,3,"(71, 25, 3)",C:\Users\VICTUS\Downloads\Research\outputs\NTU_Pose_Output\A009\S009C001P016R002A009.npy
S009C001P016R002A042,NTU,A042,staggering,moderate_risk,129,25,3,"(129, 25, 3)",C:\Users\VICTUS\Downloads\Research\outputs\NTU_Pose_Output\A042\S009C001P016R002A042.npy
S009C001P016R002A043,NTU,A043,falling_down,high_risk,59,25,3,"(59, 25, 3)",C:\Users\VICTUS\Downloads\Research\outputs\NTU_Pose_Output\A043\S009C001P016R002A043.npy
S009C001P017R001A008,NTU,A008,sit_down,low_risk,81,25,3,"(81, 25, 3)",C:\Users\VICTUS\Downloads\Research\outputs\NTU_Pose_Output\A008\S009C001P017R001A008.npy
S009C001P017R001A009,NTU,A009,stand_up,low_risk,60,25,3,"(60, 25, 3)",C:\Users\VICTUS\Downloads\Research\outputs\NTU_Pose_Output\A009\S009C001P017R001A009.npy
S009C001P017R001A042,NTU,A042,staggering,moderate_risk,120,25,3,"(120, 25, 3)",C:\Users\VICTUS\Downloads\Research\outputs\NTU_Pose_Output\A042\S009C001P017R001A042.npy
S009C001P017R001A043,NTU,A043,falling_down,high_risk,61,25,3,"(61, 25, 3)",C:\Users\VICTUS\Downloads\Research\outputs\NTU_Pose_Output\A043\S009C001P017R001A043.npy
S009C001P017R002A008,NTU,A008,sit_down,low_risk,94,25,3,"(94, 25, 3)",C:\Users\VICTUS\Downloads\Research\outputs\NTU_Pose_Output\A008\S009C001P017R002A008.npy
S009C001P017R002A009,NTU,A009,stand_up,low_risk,63,25,3,"(63, 25, 3)",C:\Users\VICTUS\Downloads\Research\outputs\NTU_Pose_Output\A009\S009C001P017R002A009.npy
S009C001P017R002A042,NTU,A042,staggering,moderate_risk,128,25,3,"(128, 25, 3)",C:\Users\VICTUS\Downloads\Research\outputs\NTU_Pose_Output\A042\S009C001P017R002A042.npy
S009C001P017R002A043,NTU,A043,falling_down,high_risk,53,25,3,"(53, 25, 3)",C:\Users\VICTUS\Downloads\Research\outputs\NTU_Pose_Output\A043\S009C001P017R002A043.npy
S009C001P019R001A008,NTU,A008,sit_down,low_risk,60,25,3,"(60, 25, 3)",C:\Users\VICTUS\Downloads\Research\outputs\NTU_Pose_Output\A008\S009C001P019R001A008.npy
S009C001P019R001A009,NTU,A009,stand_up,low_risk,48,25,3,"(48, 25, 3)",C:\Users\VICTUS\Downloads\Research\outputs\NTU_Pose_Output\A009\S009C001P019R001A009.npy
S009C001P019R001A042,NTU,A042,staggering,moderate_risk,95,25,3,"(95, 25, 3)",C:\Users\VICTUS\Downloads\Research\outputs\NTU_Pose_Output\A042\S009C001P019R001A042.npy
S009C001P019R001A043,NTU,A043,falling_down,high_risk,66,25,3,"(66, 25, 3)",C:\Users\VICTUS\Downloads\Research\outputs\NTU_Pose_Output\A043\S009C001P019R001A043.npy
S009C001P019R002A008,NTU,A008,sit_down,low_risk,83,25,3,"(83, 25, 3)",C:\Users\VICTUS\Downloads\Research\outputs\NTU_Pose_Output\A008\S009C001P019R002A008.npy
S009C001P019R002A009,NTU,A009,stand_up,low_risk,66,25,3,"(66, 25, 3)",C:\Users\VICTUS\Downloads\Research\outputs\NTU_Pose_Output\A009\S009C001P019R002A009.npy
S009C001P019R002A042,NTU,A042,staggering,moderate_risk,81,25,3,"(81, 25, 3)",C:\Users\VICTUS\Downloads\Research\outputs\NTU_Pose_Output\A042\S009C001P019R002A042.npy
S009C001P019R002A043,NTU,A043,falling_down,high_risk,71,25,3,"(71, 25, 3)",C:\Users\VICTUS\Downloads\Research\outputs\NTU_Pose_Output\A043\S009C001P019R002A043.npy
S009C001P025R001A008,NTU,A008,sit_down,low_risk,77,25,3,"(77, 25, 3)",C:\Users\VICTUS\Downloads\Research\outputs\NTU_Pose_Output\A008\S009C001P025R001A008.npy
S009C001P025R001A009,NTU,A009,stand_up,low_risk,69,25,3,"(69, 25, 3)",C:\Users\VICTUS\Downloads\Research\outputs\NTU_Pose_Output\A009\S009C001P025R001A009.npy
S009C001P025R001A042,NTU,A042,staggering,moderate_risk,107,25,3,"(107, 25, 3)",C:\Users\VICTUS\Downloads\Research\outputs\NTU_Pose_Output\A042\S009C001P025R001A042.npy
S009C001P025R001A043,NTU,A043,falling_down,high_risk,71,25,3,"(71, 25, 3)",C:\Users\VICTUS\Downloads\Research\outputs\NTU_Pose_Output\A043\S009C001P025R001A043.npy
S009C001P025R002A008,NTU,A008,sit_down,low_risk,81,25,3,"(81, 25, 3)",C:\Users\VICTUS\Downloads\Research\outputs\NTU_Pose_Output\A008\S009C001P025R002A008.npy
S009C001P025R002A009,NTU,A009,stand_up,low_risk,85,25,3,"(85, 25, 3)",C:\Users\VICTUS\Downloads\Research\outputs\NTU_Pose_Output\A009\S009C001P025R002A009.npy
S009C001P025R002A042,NTU,A042,staggering,moderate_risk,98,25,3,"(98, 25, 3)",C:\Users\VICTUS\Downloads\Research\outputs\NTU_Pose_Output\A042\S009C001P025R002A042.npy
S009C001P025R002A043,NTU,A043,falling_down,high_risk,84,25,3,"(84, 25, 3)",C:\Users\VICTUS\Downloads\Research\outputs\NTU_Pose_Output\A043\S009C001P025R002A043.npy
S009C002P007R001A008,NTU,A008,sit_down,low_risk,108,25,3,"(108, 25, 3)",C:\Users\VICTUS\Downloads\Research\outputs\NTU_Pose_Output\A008\S009C002P007R001A008.npy
S009C002P007R001A009,NTU,A009,stand_up,low_risk,120,25,3,"(120, 25, 3)",C:\Users\VICTUS\Downloads\Research\outputs\NTU_Pose_Output\A009\S009C002P007R001A009.npy
S009C002P007R001A042,NTU,A042,staggering,moderate_risk,174,25,3,"(174, 25, 3)",C:\Users\VICTUS\Downloads\Research\outputs\NTU_Pose_Output\A042\S009C002P007R001A042.npy
S009C002P007R001A043,NTU,A043,falling_down,high_risk,92,25,3,"(92, 25, 3)",C:\Users\VICTUS\Downloads\Research\outputs\NTU_Pose_Output\A043\S009C002P007R001A043.npy
S009C002P007R002A008,NTU,A008,sit_down,low_risk,112,25,3,"(112, 25, 3)",C:\Users\VICTUS\Downloads\Research\outputs\NTU_Pose_Output\A008\S009C002P007R002A008.npy
S009C002P007R002A009,NTU,A009,stand_up,low_risk,75,25,3,"(75, 25, 3)",C:\Users\VICTUS\Downloads\Research\outputs\NTU_Pose_Output\A009\S009C002P007R002A009.npy
S009C002P007R002A042,NTU,A042,staggering,moderate_risk,196,25,3,"(196, 25, 3)",C:\Users\VICTUS\Downloads\Research\outputs\NTU_Pose_Output\A042\S009C002P007R002A042.npy
S009C002P007R002A043,NTU,A043,falling_down,high_risk,139,25,3,"(139, 25, 3)",C:\Users\VICTUS\Downloads\Research\outputs\NTU_Pose_Output\A043\S009C002P007R002A043.npy
S009C002P008R001A008,NTU,A008,sit_down,low_risk,100,25,3,"(100, 25, 3)",C:\Users\VICTUS\Downloads\Research\outputs\NTU_Pose_Output\A008\S009C002P008R001A008.npy
S009C002P008R001A009,NTU,A009,stand_up,low_risk,74,25,3,"(74, 25, 3)",C:\Users\VICTUS\Downloads\Research\outputs\NTU_Pose_Output\A009\S009C002P008R001A009.npy
S009C002P008R001A042,NTU,A042,staggering,moderate_risk,135,25,3,"(135, 25, 3)",C:\Users\VICTUS\Downloads\Research\outputs\NTU_Pose_Output\A042\S009C002P008R001A042.npy
S009C002P008R001A043,NTU,A043,falling_down,high_risk,71,25,3,"(71, 25, 3)",C:\Users\VICTUS\Downloads\Research\outputs\NTU_Pose_Output\A043\S009C002P008R001A043.npy
S009C002P008R002A008,NTU,A008,sit_down,low_risk,67,25,3,"(67, 25, 3)",C:\Users\VICTUS\Downloads\Research\outputs\NTU_Pose_Output\A008\S009C002P008R002A008.npy
S009C002P008R002A009,NTU,A009,stand_up,low_risk,63,25,3,"(63, 25, 3)",C:\Users\VICTUS\Downloads\Research\outputs\NTU_Pose_Output\A009\S009C002P008R002A009.npy
S009C002P008R002A042,NTU,A042,staggering,moderate_risk,115,25,3,"(115, 25, 3)",C:\Users\VICTUS\Downloads\Research\outputs\NTU_Pose_Output\A042\S009C002P008R002A042.npy
S009C002P008R002A043,NTU,A043,falling_down,high_risk,69,25,3,"(69, 25, 3)",C:\Users\VICTUS\Downloads\Research\outputs\NTU_Pose_Output\A043\S009C002P008R002A043.npy
S009C002P015R001A008,NTU,A008,sit_down,low_risk,66,25,3,"(66, 25, 3)",C:\Users\VICTUS\Downloads\Research\outputs\NTU_Pose_Output\A008\S009C002P015R001A008.npy
S009C002P015R001A009,NTU,A009,stand_up,low_risk,54,25,3,"(54, 25, 3)",C:\Users\VICTUS\Downloads\Research\outputs\NTU_Pose_Output\A009\S009C002P015R001A009.npy
S009C002P015R001A042,NTU,A042,staggering,moderate_risk,88,25,3,"(88, 25, 3)",C:\Users\VICTUS\Downloads\Research\outputs\NTU_Pose_Output\A042\S009C002P015R001A042.npy
S009C002P015R001A043,NTU,A043,falling_down,high_risk,57,25,3,"(57, 25, 3)",C:\Users\VICTUS\Downloads\Research\outputs\NTU_Pose_Output\A043\S009C002P015R001A043.npy
S009C002P015R002A008,NTU,A008,sit_down,low_risk,64,25,3,"(64, 25, 3)",C:\Users\VICTUS\Downloads\Research\outputs\NTU_Pose_Output\A008\S009C002P015R002A008.npy
S009C002P015R002A009,NTU,A009,stand_up,low_risk,57,25,3,"(57, 25, 3)",C:\Users\VICTUS\Downloads\Research\outputs\NTU_Pose_Output\A009\S009C002P015R002A009.npy
S009C002P015R002A042,NTU,A042,staggering,moderate_risk,93,25,3,"(93, 25, 3)",C:\Users\VICTUS\Downloads\Research\outputs\NTU_Pose_Output\A042\S009C002P015R002A042.npy
S009C002P015R002A043,NTU,A043,falling_down,high_risk,54,25,3,"(54, 25, 3)",C:\Users\VICTUS\Downloads\Research\outputs\NTU_Pose_Output\A043\S009C002P015R002A043.npy
S009C002P016R001A008,NTU,A008,sit_down,low_risk,79,25,3,"(79, 25, 3)",C:\Users\VICTUS\Downloads\Research\outputs\NTU_Pose_Output\A008\S009C002P016R001A008.npy
S009C002P016R001A009,NTU,A009,stand_up,low_risk,66,25,3,"(66, 25, 3)",C:\Users\VICTUS\Downloads\Research\outputs\NTU_Pose_Output\A009\S009C002P016R001A009.npy
S009C002P016R001A042,NTU,A042,staggering,moderate_risk,104,25,3,"(104, 25, 3)",C:\Users\VICTUS\Downloads\Research\outputs\NTU_Pose_Output\A042\S009C002P016R001A042.npy
S009C002P016R001A043,NTU,A043,falling_down,high_risk,64,25,3,"(64, 25, 3)",C:\Users\VICTUS\Downloads\Research\outputs\NTU_Pose_Output\A043\S009C002P016R001A043.npy
S009C002P016R002A008,NTU,A008,sit_down,low_risk,89,25,3,"(89, 25, 3)",C:\Users\VICTUS\Downloads\Research\outputs\NTU_Pose_Output\A008\S009C002P016R002A008.npy
S009C002P016R002A009,NTU,A009,stand_up,low_risk,71,25,3,"(71, 25, 3)",C:\Users\VICTUS\Downloads\Research\outputs\NTU_Pose_Output\A009\S009C002P016R002A009.npy
S009C002P016R002A042,NTU,A042,staggering,moderate_risk,127,25,3,"(127, 25, 3)",C:\Users\VICTUS\Downloads\Research\outputs\NTU_Pose_Output\A042\S009C002P016R002A042.npy
S009C002P016R002A043,NTU,A043,falling_down,high_risk,60,25,3,"(60, 25, 3)",C:\Users\VICTUS\Downloads\Research\outputs\NTU_Pose_Output\A043\S009C002P016R002A043.npy
S009C002P017R001A008,NTU,A008,sit_down,low_risk,81,25,3,"(81, 25, 3)",C:\Users\VICTUS\Downloads\Research\outputs\NTU_Pose_Output\A008\S009C002P017R001A008.npy
S009C002P017R001A009,NTU,A009,stand_up,low_risk,61,25,3,"(61, 25, 3)",C:\Users\VICTUS\Downloads\Research\outputs\NTU_Pose_Output\A009\S009C002P017R001A009.npy
S009C002P017R001A042,NTU,A042,staggering,moderate_risk,119,25,3,"(119, 25, 3)",C:\Users\VICTUS\Downloads\Research\outputs\NTU_Pose_Output\A042\S009C002P017R001A042.npy
S009C002P017R001A043,NTU,A043,falling_down,high_risk,60,25,3,"(60, 25, 3)",C:\Users\VICTUS\Downloads\Research\outputs\NTU_Pose_Output\A043\S009C002P017R001A043.npy
S009C002P017R002A008,NTU,A008,sit_down,low_risk,95,25,3,"(95, 25, 3)",C:\Users\VICTUS\Downloads\Research\outputs\NTU_Pose_Output\A008\S009C002P017R002A008.npy
S009C002P017R002A009,NTU,A009,stand_up,low_risk,63,25,3,"(63, 25, 3)",C:\Users\VICTUS\Downloads\Research\outputs\NTU_Pose_Output\A009\S009C002P017R002A009.npy
S009C002P017R002A042,NTU,A042,staggering,moderate_risk,127,25,3,"(127, 25, 3)",C:\Users\VICTUS\Downloads\Research\outputs\NTU_Pose_Output\A042\S009C002P017R002A042.npy
S009C002P017R002A043,NTU,A043,falling_down,high_risk,52,25,3,"(52, 25, 3)",C:\Users\VICTUS\Downloads\Research\outputs\NTU_Pose_Output\A043\S009C002P017R002A043.npy
S009C002P019R001A008,NTU,A008,sit_down,low_risk,58,25,3,"(58, 25, 3)",C:\Users\VICTUS\Downloads\Research\outputs\NTU_Pose_Output\A008\S009C002P019R001A008.npy
S009C002P019R001A009,NTU,A009,stand_up,low_risk,47,25,3,"(47, 25, 3)",C:\Users\VICTUS\Downloads\Research\outputs\NTU_Pose_Output\A009\S009C002P019R001A009.npy
S009C002P019R001A042,NTU,A042,staggering,moderate_risk,94,25,3,"(94, 25, 3)",C:\Users\VICTUS\Downloads\Research\outputs\NTU_Pose_Output\A042\S009C002P019R001A042.npy
S009C002P019R001A043,NTU,A043,falling_down,high_risk,66,25,3,"(66, 25, 3)",C:\Users\VICTUS\Downloads\Research\outputs\NTU_Pose_Output\A043\S009C002P019R001A043.npy
S009C002P019R002A008,NTU,A008,sit_down,low_risk,83,25,3,"(83, 25, 3)",C:\Users\VICTUS\Downloads\Research\outputs\NTU_Pose_Output\A008\S009C002P019R002A008.npy
S009C002P019R002A009,NTU,A009,stand_up,low_risk,66,25,3,"(66, 25, 3)",C:\Users\VICTUS\Downloads\Research\outputs\NTU_Pose_Output\A009\S009C002P019R002A009.npy
S009C002P019R002A042,NTU,A042,staggering,moderate_risk,81,25,3,"(81, 25, 3)",C:\Users\VICTUS\Downloads\Research\outputs\NTU_Pose_Output\A042\S009C002P019R002A042.npy
S009C002P019R002A043,NTU,A043,falling_down,high_risk,69,25,3,"(69, 25, 3)",C:\Users\VICTUS\Downloads\Research\outputs\NTU_Pose_Output\A043\S009C002P019R002A043.npy
S009C002P025R001A008,NTU,A008,sit_down,low_risk,77,25,3,"(77, 25, 3)",C:\Users\VICTUS\Downloads\Research\outputs\NTU_Pose_Output\A008\S009C002P025R001A008.npy
S009C002P025R001A009,NTU,A009,stand_up,low_risk,68,25,3,"(68, 25, 3)",C:\Users\VICTUS\Downloads\Research\outputs\NTU_Pose_Output\A009\S009C002P025R001A009.npy
S009C002P025R001A042,NTU,A042,staggering,moderate_risk,106,25,3,"(106, 25, 3)",C:\Users\VICTUS\Downloads\Research\outputs\NTU_Pose_Output\A042\S009C002P025R001A042.npy
S009C002P025R001A043,NTU,A043,falling_down,high_risk,71,25,3,"(71, 25, 3)",C:\Users\VICTUS\Downloads\Research\outputs\NTU_Pose_Output\A043\S009C002P025R001A043.npy
S009C002P025R002A008,NTU,A008,sit_down,low_risk,83,25,3,"(83, 25, 3)",C:\Users\VICTUS\Downloads\Research\outputs\NTU_Pose_Output\A008\S009C002P025R002A008.npy
S009C002P025R002A009,NTU,A009,stand_up,low_risk,85,25,3,"(85, 25, 3)",C:\Users\VICTUS\Downloads\Research\outputs\NTU_Pose_Output\A009\S009C002P025R002A009.npy
S009C002P025R002A042,NTU,A042,staggering,moderate_risk,98,25,3,"(98, 25, 3)",C:\Users\VICTUS\Downloads\Research\outputs\NTU_Pose_Output\A042\S009C002P025R002A042.npy
S009C002P025R002A043,NTU,A043,falling_down,high_risk,84,25,3,"(84, 25, 3)",C:\Users\VICTUS\Downloads\Research\outputs\NTU_Pose_Output\A043\S009C002P025R002A043.npy
S009C003P007R001A008,NTU,A008,sit_down,low_risk,109,25,3,"(109, 25, 3)",C:\Users\VICTUS\Downloads\Research\outputs\NTU_Pose_Output\A008\S009C003P007R001A008.npy
S009C003P007R001A009,NTU,A009,stand_up,low_risk,119,25,3,"(119, 25, 3)",C:\Users\VICTUS\Downloads\Research\outputs\NTU_Pose_Output\A009\S009C003P007R001A009.npy
S009C003P007R001A042,NTU,A042,staggering,moderate_risk,174,25,3,"(174, 25, 3)",C:\Users\VICTUS\Downloads\Research\outputs\NTU_Pose_Output\A042\S009C003P007R001A042.npy
S009C003P007R001A043,NTU,A043,falling_down,high_risk,92,25,3,"(92, 25, 3)",C:\Users\VICTUS\Downloads\Research\outputs\NTU_Pose_Output\A043\S009C003P007R001A043.npy
S009C003P007R002A008,NTU,A008,sit_down,low_risk,112,25,3,"(112, 25, 3)",C:\Users\VICTUS\Downloads\Research\outputs\NTU_Pose_Output\A008\S009C003P007R002A008.npy
S009C003P007R002A009,NTU,A009,stand_up,low_risk,76,25,3,"(76, 25, 3)",C:\Users\VICTUS\Downloads\Research\outputs\NTU_Pose_Output\A009\S009C003P007R002A009.npy
S009C003P007R002A042,NTU,A042,staggering,moderate_risk,197,25,3,"(197, 25, 3)",C:\Users\VICTUS\Downloads\Research\outputs\NTU_Pose_Output\A042\S009C003P007R002A042.npy
S009C003P007R002A043,NTU,A043,falling_down,high_risk,138,25,3,"(138, 25, 3)",C:\Users\VICTUS\Downloads\Research\outputs\NTU_Pose_Output\A043\S009C003P007R002A043.npy
S009C003P008R001A008,NTU,A008,sit_down,low_risk,100,25,3,"(100, 25, 3)",C:\Users\VICTUS\Downloads\Research\outputs\NTU_Pose_Output\A008\S009C003P008R001A008.npy
S009C003P008R001A009,NTU,A009,stand_up,low_risk,75,25,3,"(75, 25, 3)",C:\Users\VICTUS\Downloads\Research\outputs\NTU_Pose_Output\A009\S009C003P008R001A009.npy
S009C003P008R001A042,NTU,A042,staggering,moderate_risk,136,25,3,"(136, 25, 3)",C:\Users\VICTUS\Downloads\Research\outputs\NTU_Pose_Output\A042\S009C003P008R001A042.npy
S009C003P008R001A043,NTU,A043,falling_down,high_risk,72,25,3,"(72, 25, 3)",C:\Users\VICTUS\Downloads\Research\outputs\NTU_Pose_Output\A043\S009C003P008R001A043.npy
S009C003P008R002A008,NTU,A008,sit_down,low_risk,67,25,3,"(67, 25, 3)",C:\Users\VICTUS\Downloads\Research\outputs\NTU_Pose_Output\A008\S009C003P008R002A008.npy
S009C003P008R002A009,NTU,A009,stand_up,low_risk,63,25,3,"(63, 25, 3)",C:\Users\VICTUS\Downloads\Research\outputs\NTU_Pose_Output\A009\S009C003P008R002A009.npy
S009C003P008R002A042,NTU,A042,staggering,moderate_risk,114,25,3,"(114, 25, 3)",C:\Users\VICTUS\Downloads\Research\outputs\NTU_Pose_Output\A042\S009C003P008R002A042.npy
S009C003P008R002A043,NTU,A043,falling_down,high_risk,69,25,3,"(69, 25, 3)",C:\Users\VICTUS\Downloads\Research\outputs\NTU_Pose_Output\A043\S009C003P008R002A043.npy
S009C003P015R001A008,NTU,A008,sit_down,low_risk,66,25,3,"(66, 25, 3)",C:\Users\VICTUS\Downloads\Research\outputs\NTU_Pose_Output\A008\S009C003P015R001A008.npy
S009C003P015R001A009,NTU,A009,stand_up,low_risk,54,25,3,"(54, 25, 3)",C:\Users\VICTUS\Downloads\Research\outputs\NTU_Pose_Output\A009\S009C003P015R001A009.npy
S009C003P015R001A042,NTU,A042,staggering,moderate_risk,88,25,3,"(88, 25, 3)",C:\Users\VICTUS\Downloads\Research\outputs\NTU_Pose_Output\A042\S009C003P015R001A042.npy
S009C003P015R001A043,NTU,A043,falling_down,high_risk,57,25,3,"(57, 25, 3)",C:\Users\VICTUS\Downloads\Research\outputs\NTU_Pose_Output\A043\S009C003P015R001A043.npy
S009C003P015R002A008,NTU,A008,sit_down,low_risk,65,25,3,"(65, 25, 3)",C:\Users\VICTUS\Downloads\Research\outputs\NTU_Pose_Output\A008\S009C003P015R002A008.npy
S009C003P015R002A009,NTU,A009,stand_up,low_risk,57,25,3,"(57, 25, 3)",C:\Users\VICTUS\Downloads\Research\outputs\NTU_Pose_Output\A009\S009C003P015R002A009.npy
S009C003P015R002A042,NTU,A042,staggering,moderate_risk,93,25,3,"(93, 25, 3)",C:\Users\VICTUS\Downloads\Research\outputs\NTU_Pose_Output\A042\S009C003P015R002A042.npy
S009C003P015R002A043,NTU,A043,falling_down,high_risk,54,25,3,"(54, 25, 3)",C:\Users\VICTUS\Downloads\Research\outputs\NTU_Pose_Output\A043\S009C003P015R002A043.npy
S009C003P016R001A008,NTU,A008,sit_down,low_risk,79,25,3,"(79, 25, 3)",C:\Users\VICTUS\Downloads\Research\outputs\NTU_Pose_Output\A008\S009C003P016R001A008.npy
S009C003P016R001A009,NTU,A009,stand_up,low_risk,66,25,3,"(66, 25, 3)",C:\Users\VICTUS\Downloads\Research\outputs\NTU_Pose_Output\A009\S009C003P016R001A009.npy
S009C003P016R001A042,NTU,A042,staggering,moderate_risk,104,25,3,"(104, 25, 3)",C:\Users\VICTUS\Downloads\Research\outputs\NTU_Pose_Output\A042\S009C003P016R001A042.npy
S009C003P016R001A043,NTU,A043,falling_down,high_risk,64,25,3,"(64, 25, 3)",C:\Users\VICTUS\Downloads\Research\outputs\NTU_Pose_Output\A043\S009C003P016R001A043.npy
S009C003P016R002A008,NTU,A008,sit_down,low_risk,90,25,3,"(90, 25, 3)",C:\Users\VICTUS\Downloads\Research\outputs\NTU_Pose_Output\A008\S009C003P016R002A008.npy
S009C003P016R002A009,NTU,A009,stand_up,low_risk,71,25,3,"(71, 25, 3)",C:\Users\VICTUS\Downloads\Research\outputs\NTU_Pose_Output\A009\S009C003P016R002A009.npy
S009C003P016R002A042,NTU,A042,staggering,moderate_risk,129,25,3,"(129, 25, 3)",C:\Users\VICTUS\Downloads\Research\outputs\NTU_Pose_Output\A042\S009C003P016R002A042.npy
S009C003P016R002A043,NTU,A043,falling_down,high_risk,60,25,3,"(60, 25, 3)",C:\Users\VICTUS\Downloads\Research\outputs\NTU_Pose_Output\A043\S009C003P016R002A043.npy
S009C003P017R001A008,NTU,A008,sit_down,low_risk,81,25,3,"(81, 25, 3)",C:\Users\VICTUS\Downloads\Research\outputs\NTU_Pose_Output\A008\S009C003P017R001A008.npy
S009C003P017R001A009,NTU,A009,stand_up,low_risk,61,25,3,"(61, 25, 3)",C:\Users\VICTUS\Downloads\Research\outputs\NTU_Pose_Output\A009\S009C003P017R001A009.npy
S009C003P017R001A042,NTU,A042,staggering,moderate_risk,120,25,3,"(120, 25, 3)",C:\Users\VICTUS\Downloads\Research\outputs\NTU_Pose_Output\A042\S009C003P017R001A042.npy
S009C003P017R001A043,NTU,A043,falling_down,high_risk,61,25,3,"(61, 25, 3)",C:\Users\VICTUS\Downloads\Research\outputs\NTU_Pose_Output\A043\S009C003P017R001A043.npy
S009C003P017R002A008,NTU,A008,sit_down,low_risk,94,25,3,"(94, 25, 3)",C:\Users\VICTUS\Downloads\Research\outputs\NTU_Pose_Output\A008\S009C003P017R002A008.npy
S009C003P017R002A009,NTU,A009,stand_up,low_risk,62,25,3,"(62, 25, 3)",C:\Users\VICTUS\Downloads\Research\outputs\NTU_Pose_Output\A009\S009C003P017R002A009.npy
S009C003P017R002A042,NTU,A042,staggering,moderate_risk,128,25,3,"(128, 25, 3)",C:\Users\VICTUS\Downloads\Research\outputs\NTU_Pose_Output\A042\S009C003P017R002A042.npy
S009C003P017R002A043,NTU,A043,falling_down,high_risk,53,25,3,"(53, 25, 3)",C:\Users\VICTUS\Downloads\Research\outputs\NTU_Pose_Output\A043\S009C003P017R002A043.npy
S009C003P019R001A008,NTU,A008,sit_down,low_risk,60,25,3,"(60, 25, 3)",C:\Users\VICTUS\Downloads\Research\outputs\NTU_Pose_Output\A008\S009C003P019R001A008.npy
S009C003P019R001A009,NTU,A009,stand_up,low_risk,49,25,3,"(49, 25, 3)",C:\Users\VICTUS\Downloads\Research\outputs\NTU_Pose_Output\A009\S009C003P019R001A009.npy
S009C003P019R001A042,NTU,A042,staggering,moderate_risk,95,25,3,"(95, 25, 3)",C:\Users\VICTUS\Downloads\Research\outputs\NTU_Pose_Output\A042\S009C003P019R001A042.npy
S009C003P019R001A043,NTU,A043,falling_down,high_risk,66,25,3,"(66, 25, 3)",C:\Users\VICTUS\Downloads\Research\outputs\NTU_Pose_Output\A043\S009C003P019R001A043.npy
S009C003P019R002A008,NTU,A008,sit_down,low_risk,83,25,3,"(83, 25, 3)",C:\Users\VICTUS\Downloads\Research\outputs\NTU_Pose_Output\A008\S009C003P019R002A008.npy
S009C003P019R002A009,NTU,A009,stand_up,low_risk,66,25,3,"(66, 25, 3)",C:\Users\VICTUS\Downloads\Research\outputs\NTU_Pose_Output\A009\S009C003P019R002A009.npy
S009C003P019R002A042,NTU,A042,staggering,moderate_risk,81,25,3,"(81, 25, 3)",C:\Users\VICTUS\Downloads\Research\outputs\NTU_Pose_Output\A042\S009C003P019R002A042.npy
S009C003P019R002A043,NTU,A043,falling_down,high_risk,71,25,3,"(71, 25, 3)",C:\Users\VICTUS\Downloads\Research\outputs\NTU_Pose_Output\A043\S009C003P019R002A043.npy
S009C003P025R001A008,NTU,A008,sit_down,low_risk,77,25,3,"(77, 25, 3)",C:\Users\VICTUS\Downloads\Research\outputs\NTU_Pose_Output\A008\S009C003P025R001A008.npy
S009C003P025R001A009,NTU,A009,stand_up,low_risk,69,25,3,"(69, 25, 3)",C:\Users\VICTUS\Downloads\Research\outputs\NTU_Pose_Output\A009\S009C003P025R001A009.npy
S009C003P025R001A042,NTU,A042,staggering,moderate_risk,106,25,3,"(106, 25, 3)",C:\Users\VICTUS\Downloads\Research\outputs\NTU_Pose_Output\A042\S009C003P025R001A042.npy
S009C003P025R001A043,NTU,A043,falling_down,high_risk,71,25,3,"(71, 25, 3)",C:\Users\VICTUS\Downloads\Research\outputs\NTU_Pose_Output\A043\S009C003P025R001A043.npy
S009C003P025R002A008,NTU,A008,sit_down,low_risk,82,25,3,"(82, 25, 3)",C:\Users\VICTUS\Downloads\Research\outputs\NTU_Pose_Output\A008\S009C003P025R002A008.npy
S009C003P025R002A009,NTU,A009,stand_up,low_risk,84,25,3,"(84, 25, 3)",C:\Users\VICTUS\Downloads\Research\outputs\NTU_Pose_Output\A009\S009C003P025R002A009.npy
S009C003P025R002A042,NTU,A042,staggering,moderate_risk,98,25,3,"(98, 25, 3)",C:\Users\VICTUS\Downloads\Research\outputs\NTU_Pose_Output\A042\S009C003P025R002A042.npy
S009C003P025R002A043,NTU,A043,falling_down,high_risk,85,25,3,"(85, 25, 3)",C:\Users\VICTUS\Downloads\Research\outputs\NTU_Pose_Output\A043\S009C003P025R002A043.npy
S010C001P007R001A008,NTU,A008,sit_down,low_risk,84,25,3,"(84, 25, 3)",C:\Users\VICTUS\Downloads\Research\outputs\NTU_Pose_Output\A008\S010C001P007R001A008.npy
S010C001P007R001A009,NTU,A009,stand_up,low_risk,58,25,3,"(58, 25, 3)",C:\Users\VICTUS\Downloads\Research\outputs\NTU_Pose_Output\A009\S010C001P007R001A009.npy
S010C001P007R001A042,NTU,A042,staggering,moderate_risk,122,25,3,"(122, 25, 3)",C:\Users\VICTUS\Downloads\Research\outputs\NTU_Pose_Output\A042\S010C001P007R001A042.npy
S010C001P007R001A043,NTU,A043,falling_down,high_risk,67,25,3,"(67, 25, 3)",C:\Users\VICTUS\Downloads\Research\outputs\NTU_Pose_Output\A043\S010C001P007R001A043.npy
S010C001P007R002A008,NTU,A008,sit_down,low_risk,79,25,3,"(79, 25, 3)",C:\Users\VICTUS\Downloads\Research\outputs\NTU_Pose_Output\A008\S010C001P007R002A008.npy
S010C001P007R002A009,NTU,A009,stand_up,low_risk,72,25,3,"(72, 25, 3)",C:\Users\VICTUS\Downloads\Research\outputs\NTU_Pose_Output\A009\S010C001P007R002A009.npy
S010C001P007R002A042,NTU,A042,staggering,moderate_risk,97,25,3,"(97, 25, 3)",C:\Users\VICTUS\Downloads\Research\outputs\NTU_Pose_Output\A042\S010C001P007R002A042.npy
S010C001P007R002A043,NTU,A043,falling_down,high_risk,76,25,3,"(76, 25, 3)",C:\Users\VICTUS\Downloads\Research\outputs\NTU_Pose_Output\A043\S010C001P007R002A043.npy
S010C001P008R001A008,NTU,A008,sit_down,low_risk,86,25,3,"(86, 25, 3)",C:\Users\VICTUS\Downloads\Research\outputs\NTU_Pose_Output\A008\S010C001P008R001A008.npy
S010C001P008R001A009,NTU,A009,stand_up,low_risk,70,25,3,"(70, 25, 3)",C:\Users\VICTUS\Downloads\Research\outputs\NTU_Pose_Output\A009\S010C001P008R001A009.npy
S010C001P008R001A042,NTU,A042,staggering,moderate_risk,132,25,3,"(132, 25, 3)",C:\Users\VICTUS\Downloads\Research\outputs\NTU_Pose_Output\A042\S010C001P008R001A042.npy
S010C001P008R001A043,NTU,A043,falling_down,high_risk,63,25,3,"(63, 25, 3)",C:\Users\VICTUS\Downloads\Research\outputs\NTU_Pose_Output\A043\S010C001P008R001A043.npy
S010C001P008R002A008,NTU,A008,sit_down,low_risk,96,25,3,"(96, 25, 3)",C:\Users\VICTUS\Downloads\Research\outputs\NTU_Pose_Output\A008\S010C001P008R002A008.npy
S010C001P008R002A009,NTU,A009,stand_up,low_risk,62,25,3,"(62, 25, 3)",C:\Users\VICTUS\Downloads\Research\outputs\NTU_Pose_Output\A009\S010C001P008R002A009.npy
S010C001P008R002A042,NTU,A042,staggering,moderate_risk,129,25,3,"(129, 25, 3)",C:\Users\VICTUS\Downloads\Research\outputs\NTU_Pose_Output\A042\S010C001P008R002A042.npy
S010C001P008R002A043,NTU,A043,falling_down,high_risk,63,25,3,"(63, 25, 3)",C:\Users\VICTUS\Downloads\Research\outputs\NTU_Pose_Output\A043\S010C001P008R002A043.npy
S010C001P013R001A008,NTU,A008,sit_down,low_risk,49,25,3,"(49, 25, 3)",C:\Users\VICTUS\Downloads\Research\outputs\NTU_Pose_Output\A008\S010C001P013R001A008.npy
S010C001P013R001A009,NTU,A009,stand_up,low_risk,47,25,3,"(47, 25, 3)",C:\Users\VICTUS\Downloads\Research\outputs\NTU_Pose_Output\A009\S010C001P013R001A009.npy
S010C001P013R001A042,NTU,A042,staggering,moderate_risk,82,25,3,"(82, 25, 3)",C:\Users\VICTUS\Downloads\Research\outputs\NTU_Pose_Output\A042\S010C001P013R001A042.npy
S010C001P013R001A043,NTU,A043,falling_down,high_risk,48,25,3,"(48, 25, 3)",C:\Users\VICTUS\Downloads\Research\outputs\NTU_Pose_Output\A043\S010C001P013R001A043.npy
S010C001P013R002A008,NTU,A008,sit_down,low_risk,70,25,3,"(70, 25, 3)",C:\Users\VICTUS\Downloads\Research\outputs\NTU_Pose_Output\A008\S010C001P013R002A008.npy
S010C001P013R002A009,NTU,A009,stand_up,low_risk,53,25,3,"(53, 25, 3)",C:\Users\VICTUS\Downloads\Research\outputs\NTU_Pose_Output\A009\S010C001P013R002A009.npy
S010C001P013R002A042,NTU,A042,staggering,moderate_risk,94,25,3,"(94, 25, 3)",C:\Users\VICTUS\Downloads\Research\outputs\NTU_Pose_Output\A042\S010C001P013R002A042.npy
S010C001P013R002A043,NTU,A043,falling_down,high_risk,47,25,3,"(47, 25, 3)",C:\Users\VICTUS\Downloads\Research\outputs\NTU_Pose_Output\A043\S010C001P013R002A043.npy
S010C001P015R001A008,NTU,A008,sit_down,low_risk,56,25,3,"(56, 25, 3)",C:\Users\VICTUS\Downloads\Research\outputs\NTU_Pose_Output\A008\S010C001P015R001A008.npy
S010C001P015R001A009,NTU,A009,stand_up,low_risk,59,25,3,"(59, 25, 3)",C:\Users\VICTUS\Downloads\Research\outputs\NTU_Pose_Output\A009\S010C001P015R001A009.npy
S010C001P015R001A042,NTU,A042,staggering,moderate_risk,78,25,3,"(78, 25, 3)",C:\Users\VICTUS\Downloads\Research\outputs\NTU_Pose_Output\A042\S010C001P015R001A042.npy
S010C001P015R001A043,NTU,A043,falling_down,high_risk,55,25,3,"(55, 25, 3)",C:\Users\VICTUS\Downloads\Research\outputs\NTU_Pose_Output\A043\S010C001P015R001A043.npy
S010C001P015R002A008,NTU,A008,sit_down,low_risk,46,25,3,"(46, 25, 3)",C:\Users\VICTUS\Downloads\Research\outputs\NTU_Pose_Output\A008\S010C001P015R002A008.npy
S010C001P015R002A009,NTU,A009,stand_up,low_risk,44,25,3,"(44, 25, 3)",C:\Users\VICTUS\Downloads\Research\outputs\NTU_Pose_Output\A009\S010C001P015R002A009.npy
S010C001P015R002A042,NTU,A042,staggering,moderate_risk,108,25,3,"(108, 25, 3)",C:\Users\VICTUS\Downloads\Research\outputs\NTU_Pose_Output\A042\S010C001P015R002A042.npy
S010C001P015R002A043,NTU,A043,falling_down,high_risk,56,25,3,"(56, 25, 3)",C:\Users\VICTUS\Downloads\Research\outputs\NTU_Pose_Output\A043\S010C001P015R002A043.npy
S010C001P016R001A008,NTU,A008,sit_down,low_risk,70,25,3,"(70, 25, 3)",C:\Users\VICTUS\Downloads\Research\outputs\NTU_Pose_Output\A008\S010C001P016R001A008.npy
S010C001P016R001A009,NTU,A009,stand_up,low_risk,67,25,3,"(67, 25, 3)",C:\Users\VICTUS\Downloads\Research\outputs\NTU_Pose_Output\A009\S010C001P016R001A009.npy
S010C001P016R001A042,NTU,A042,staggering,moderate_risk,123,25,3,"(123, 25, 3)",C:\Users\VICTUS\Downloads\Research\outputs\NTU_Pose_Output\A042\S010C001P016R001A042.npy
S010C001P016R001A043,NTU,A043,falling_down,high_risk,67,25,3,"(67, 25, 3)",C:\Users\VICTUS\Downloads\Research\outputs\NTU_Pose_Output\A043\S010C001P016R001A043.npy
S010C001P016R002A008,NTU,A008,sit_down,low_risk,66,25,3,"(66, 25, 3)",C:\Users\VICTUS\Downloads\Research\outputs\NTU_Pose_Output\A008\S010C001P016R002A008.npy
S010C001P016R002A009,NTU,A009,stand_up,low_risk,60,25,3,"(60, 25, 3)",C:\Users\VICTUS\Downloads\Research\outputs\NTU_Pose_Output\A009\S010C001P016R002A009.npy
S010C001P016R002A042,NTU,A042,staggering,moderate_risk,145,25,3,"(145, 25, 3)",C:\Users\VICTUS\Downloads\Research\outputs\NTU_Pose_Output\A042\S010C001P016R002A042.npy
S010C001P016R002A043,NTU,A043,falling_down,high_risk,94,25,3,"(94, 25, 3)",C:\Users\VICTUS\Downloads\Research\outputs\NTU_Pose_Output\A043\S010C001P016R002A043.npy
S010C001P017R001A008,NTU,A008,sit_down,low_risk,104,25,3,"(104, 25, 3)",C:\Users\VICTUS\Downloads\Research\outputs\NTU_Pose_Output\A008\S010C001P017R001A008.npy
S010C001P017R001A009,NTU,A009,stand_up,low_risk,75,25,3,"(75, 25, 3)",C:\Users\VICTUS\Downloads\Research\outputs\NTU_Pose_Output\A009\S010C001P017R001A009.npy
S010C001P017R001A042,NTU,A042,staggering,moderate_risk,152,25,3,"(152, 25, 3)",C:\Users\VICTUS\Downloads\Research\outputs\NTU_Pose_Output\A042\S010C001P017R001A042.npy
S010C001P017R001A043,NTU,A043,falling_down,high_risk,55,25,3,"(55, 25, 3)",C:\Users\VICTUS\Downloads\Research\outputs\NTU_Pose_Output\A043\S010C001P017R001A043.npy
S010C001P017R002A008,NTU,A008,sit_down,low_risk,100,25,3,"(100, 25, 3)",C:\Users\VICTUS\Downloads\Research\outputs\NTU_Pose_Output\A008\S010C001P017R002A008.npy
S010C001P017R002A009,NTU,A009,stand_up,low_risk,71,25,3,"(71, 25, 3)",C:\Users\VICTUS\Downloads\Research\outputs\NTU_Pose_Output\A009\S010C001P017R002A009.npy
S010C001P017R002A042,NTU,A042,staggering,moderate_risk,176,25,3,"(176, 25, 3)",C:\Users\VICTUS\Downloads\Research\outputs\NTU_Pose_Output\A042\S010C001P017R002A042.npy
S010C001P017R002A043,NTU,A043,falling_down,high_risk,61,25,3,"(61, 25, 3)",C:\Users\VICTUS\Downloads\Research\outputs\NTU_Pose_Output\A043\S010C001P017R002A043.npy
S010C001P018R001A008,NTU,A008,sit_down,low_risk,74,25,3,"(74, 25, 3)",C:\Users\VICTUS\Downloads\Research\outputs\NTU_Pose_Output\A008\S010C001P018R001A008.npy
S010C001P018R001A009,NTU,A009,stand_up,low_risk,61,25,3,"(61, 25, 3)",C:\Users\VICTUS\Downloads\Research\outputs\NTU_Pose_Output\A009\S010C001P018R001A009.npy
S010C001P018R001A042,NTU,A042,staggering,moderate_risk,82,25,3,"(82, 25, 3)",C:\Users\VICTUS\Downloads\Research\outputs\NTU_Pose_Output\A042\S010C001P018R001A042.npy
S010C001P018R001A043,NTU,A043,falling_down,high_risk,61,25,3,"(61, 25, 3)",C:\Users\VICTUS\Downloads\Research\outputs\NTU_Pose_Output\A043\S010C001P018R001A043.npy
S010C001P018R002A008,NTU,A008,sit_down,low_risk,57,25,3,"(57, 25, 3)",C:\Users\VICTUS\Downloads\Research\outputs\NTU_Pose_Output\A008\S010C001P018R002A008.npy
S010C001P018R002A009,NTU,A009,stand_up,low_risk,62,25,3,"(62, 25, 3)",C:\Users\VICTUS\Downloads\Research\outputs\NTU_Pose_Output\A009\S010C001P018R002A009.npy
S010C001P018R002A042,NTU,A042,staggering,moderate_risk,94,25,3,"(94, 25, 3)",C:\Users\VICTUS\Downloads\Research\outputs\NTU_Pose_Output\A042\S010C001P018R002A042.npy
S010C001P018R002A043,NTU,A043,falling_down,high_risk,61,25,3,"(61, 25, 3)",C:\Users\VICTUS\Downloads\Research\outputs\NTU_Pose_Output\A043\S010C001P018R002A043.npy
S010C001P019R001A008,NTU,A008,sit_down,low_risk,86,25,3,"(86, 25, 3)",C:\Users\VICTUS\Downloads\Research\outputs\NTU_Pose_Output\A008\S010C001P019R001A008.npy
S010C001P019R001A009,NTU,A009,stand_up,low_risk,70,25,3,"(70, 25, 3)",C:\Users\VICTUS\Downloads\Research\outputs\NTU_Pose_Output\A009\S010C001P019R001A009.npy
S010C001P019R001A042,NTU,A042,staggering,moderate_risk,97,25,3,"(97, 25, 3)",C:\Users\VICTUS\Downloads\Research\outputs\NTU_Pose_Output\A042\S010C001P019R001A042.npy
S010C001P019R001A043,NTU,A043,falling_down,high_risk,81,25,3,"(81, 25, 3)",C:\Users\VICTUS\Downloads\Research\outputs\NTU_Pose_Output\A043\S010C001P019R001A043.npy
S010C001P019R002A008,NTU,A008,sit_down,low_risk,79,25,3,"(79, 25, 3)",C:\Users\VICTUS\Downloads\Research\outputs\NTU_Pose_Output\A008\S010C001P019R002A008.npy
S010C001P019R002A009,NTU,A009,stand_up,low_risk,57,25,3,"(57, 25, 3)",C:\Users\VICTUS\Downloads\Research\outputs\NTU_Pose_Output\A009\S010C001P019R002A009.npy
S010C001P019R002A042,NTU,A042,staggering,moderate_risk,94,25,3,"(94, 25, 3)",C:\Users\VICTUS\Downloads\Research\outputs\NTU_Pose_Output\A042\S010C001P019R002A042.npy
S010C001P019R002A043,NTU,A043,falling_down,high_risk,83,25,3,"(83, 25, 3)",C:\Users\VICTUS\Downloads\Research\outputs\NTU_Pose_Output\A043\S010C001P019R002A043.npy
S010C001P021R001A008,NTU,A008,sit_down,low_risk,84,25,3,"(84, 25, 3)",C:\Users\VICTUS\Downloads\Research\outputs\NTU_Pose_Output\A008\S010C001P021R001A008.npy
S010C001P021R001A009,NTU,A009,stand_up,low_risk,61,25,3,"(61, 25, 3)",C:\Users\VICTUS\Downloads\Research\outputs\NTU_Pose_Output\A009\S010C001P021R001A009.npy
S010C001P021R001A042,NTU,A042,staggering,moderate_risk,124,25,3,"(124, 25, 3)",C:\Users\VICTUS\Downloads\Research\outputs\NTU_Pose_Output\A042\S010C001P021R001A042.npy
S010C001P021R001A043,NTU,A043,falling_down,high_risk,70,25,3,"(70, 25, 3)",C:\Users\VICTUS\Downloads\Research\outputs\NTU_Pose_Output\A043\S010C001P021R001A043.npy
S010C001P021R002A008,NTU,A008,sit_down,low_risk,79,25,3,"(79, 25, 3)",C:\Users\VICTUS\Downloads\Research\outputs\NTU_Pose_Output\A008\S010C001P021R002A008.npy
S010C001P021R002A009,NTU,A009,stand_up,low_risk,49,25,3,"(49, 25, 3)",C:\Users\VICTUS\Downloads\Research\outputs\NTU_Pose_Output\A009\S010C001P021R002A009.npy
S010C001P021R002A042,NTU,A042,staggering,moderate_risk,134,25,3,"(134, 25, 3)",C:\Users\VICTUS\Downloads\Research\outputs\NTU_Pose_Output\A042\S010C001P021R002A042.npy
S010C001P021R002A043,NTU,A043,falling_down,high_risk,70,25,3,"(70, 25, 3)",C:\Users\VICTUS\Downloads\Research\outputs\NTU_Pose_Output\A043\S010C001P021R002A043.npy
S010C001P025R001A008,NTU,A008,sit_down,low_risk,83,25,3,"(83, 25, 3)",C:\Users\VICTUS\Downloads\Research\outputs\NTU_Pose_Output\A008\S010C001P025R001A008.npy
S010C001P025R001A009,NTU,A009,stand_up,low_risk,81,25,3,"(81, 25, 3)",C:\Users\VICTUS\Downloads\Research\outputs\NTU_Pose_Output\A009\S010C001P025R001A009.npy
S010C001P025R001A042,NTU,A042,staggering,moderate_risk,113,25,3,"(113, 25, 3)",C:\Users\VICTUS\Downloads\Research\outputs\NTU_Pose_Output\A042\S010C001P025R001A042.npy
S010C001P025R001A043,NTU,A043,falling_down,high_risk,78,25,3,"(78, 25, 3)",C:\Users\VICTUS\Downloads\Research\outputs\NTU_Pose_Output\A043\S010C001P025R001A043.npy
S010C001P025R002A008,NTU,A008,sit_down,low_risk,63,25,3,"(63, 25, 3)",C:\Users\VICTUS\Downloads\Research\outputs\NTU_Pose_Output\A008\S010C001P025R002A008.npy
S010C001P025R002A009,NTU,A009,stand_up,low_risk,72,25,3,"(72, 25, 3)",C:\Users\VICTUS\Downloads\Research\outputs\NTU_Pose_Output\A009\S010C001P025R002A009.npy
S010C001P025R002A042,NTU,A042,staggering,moderate_risk,97,25,3,"(97, 25, 3)",C:\Users\VICTUS\Downloads\Research\outputs\NTU_Pose_Output\A042\S010C001P025R002A042.npy
S010C001P025R002A043,NTU,A043,falling_down,high_risk,71,25,3,"(71, 25, 3)",C:\Users\VICTUS\Downloads\Research\outputs\NTU_Pose_Output\A043\S010C001P025R002A043.npy
S010C002P007R001A008,NTU,A008,sit_down,low_risk,84,25,3,"(84, 25, 3)",C:\Users\VICTUS\Downloads\Research\outputs\NTU_Pose_Output\A008\S010C002P007R001A008.npy
S010C002P007R001A009,NTU,A009,stand_up,low_risk,58,25,3,"(58, 25, 3)",C:\Users\VICTUS\Downloads\Research\outputs\NTU_Pose_Output\A009\S010C002P007R001A009.npy
S010C002P007R001A042,NTU,A042,staggering,moderate_risk,122,25,3,"(122, 25, 3)",C:\Users\VICTUS\Downloads\Research\outputs\NTU_Pose_Output\A042\S010C002P007R001A042.npy
S010C002P007R001A043,NTU,A043,falling_down,high_risk,67,25,3,"(67, 25, 3)",C:\Users\VICTUS\Downloads\Research\outputs\NTU_Pose_Output\A043\S010C002P007R001A043.npy
S010C002P007R002A008,NTU,A008,sit_down,low_risk,80,25,3,"(80, 25, 3)",C:\Users\VICTUS\Downloads\Research\outputs\NTU_Pose_Output\A008\S010C002P007R002A008.npy
S010C002P007R002A009,NTU,A009,stand_up,low_risk,73,25,3,"(73, 25, 3)",C:\Users\VICTUS\Downloads\Research\outputs\NTU_Pose_Output\A009\S010C002P007R002A009.npy
S010C002P007R002A042,NTU,A042,staggering,moderate_risk,97,25,3,"(97, 25, 3)",C:\Users\VICTUS\Downloads\Research\outputs\NTU_Pose_Output\A042\S010C002P007R002A042.npy
S010C002P007R002A043,NTU,A043,falling_down,high_risk,77,25,3,"(77, 25, 3)",C:\Users\VICTUS\Downloads\Research\outputs\NTU_Pose_Output\A043\S010C002P007R002A043.npy
S010C002P008R001A008,NTU,A008,sit_down,low_risk,86,25,3,"(86, 25, 3)",C:\Users\VICTUS\Downloads\Research\outputs\NTU_Pose_Output\A008\S010C002P008R001A008.npy
S010C002P008R001A009,NTU,A009,stand_up,low_risk,70,25,3,"(70, 25, 3)",C:\Users\VICTUS\Downloads\Research\outputs\NTU_Pose_Output\A009\S010C002P008R001A009.npy
S010C002P008R001A042,NTU,A042,staggering,moderate_risk,131,25,3,"(131, 25, 3)",C:\Users\VICTUS\Downloads\Research\outputs\NTU_Pose_Output\A042\S010C002P008R001A042.npy
S010C002P008R001A043,NTU,A043,falling_down,high_risk,63,25,3,"(63, 25, 3)",C:\Users\VICTUS\Downloads\Research\outputs\NTU_Pose_Output\A043\S010C002P008R001A043.npy
S010C002P008R002A008,NTU,A008,sit_down,low_risk,97,25,3,"(97, 25, 3)",C:\Users\VICTUS\Downloads\Research\outputs\NTU_Pose_Output\A008\S010C002P008R002A008.npy
S010C002P008R002A009,NTU,A009,stand_up,low_risk,62,25,3,"(62, 25, 3)",C:\Users\VICTUS\Downloads\Research\outputs\NTU_Pose_Output\A009\S010C002P008R002A009.npy
S010C002P008R002A042,NTU,A042,staggering,moderate_risk,129,25,3,"(129, 25, 3)",C:\Users\VICTUS\Downloads\Research\outputs\NTU_Pose_Output\A042\S010C002P008R002A042.npy
S010C002P008R002A043,NTU,A043,falling_down,high_risk,63,25,3,"(63, 25, 3)",C:\Users\VICTUS\Downloads\Research\outputs\NTU_Pose_Output\A043\S010C002P008R002A043.npy
S010C002P013R001A008,NTU,A008,sit_down,low_risk,49,25,3,"(49, 25, 3)",C:\Users\VICTUS\Downloads\Research\outputs\NTU_Pose_Output\A008\S010C002P013R001A008.npy
S010C002P013R001A009,NTU,A009,stand_up,low_risk,47,25,3,"(47, 25, 3)",C:\Users\VICTUS\Downloads\Research\outputs\NTU_Pose_Output\A009\S010C002P013R001A009.npy
S010C002P013R001A042,NTU,A042,staggering,moderate_risk,82,25,3,"(82, 25, 3)",C:\Users\VICTUS\Downloads\Research\outputs\NTU_Pose_Output\A042\S010C002P013R001A042.npy
S010C002P013R001A043,NTU,A043,falling_down,high_risk,49,25,3,"(49, 25, 3)",C:\Users\VICTUS\Downloads\Research\outputs\NTU_Pose_Output\A043\S010C002P013R001A043.npy
S010C002P013R002A008,NTU,A008,sit_down,low_risk,70,25,3,"(70, 25, 3)",C:\Users\VICTUS\Downloads\Research\outputs\NTU_Pose_Output\A008\S010C002P013R002A008.npy
S010C002P013R002A009,NTU,A009,stand_up,low_risk,53,25,3,"(53, 25, 3)",C:\Users\VICTUS\Downloads\Research\outputs\NTU_Pose_Output\A009\S010C002P013R002A009.npy
S010C002P013R002A042,NTU,A042,staggering,moderate_risk,95,25,3,"(95, 25, 3)",C:\Users\VICTUS\Downloads\Research\outputs\NTU_Pose_Output\A042\S010C002P013R002A042.npy
S010C002P013R002A043,NTU,A043,falling_down,high_risk,47,25,3,"(47, 25, 3)",C:\Users\VICTUS\Downloads\Research\outputs\NTU_Pose_Output\A043\S010C002P013R002A043.npy
S010C002P015R001A008,NTU,A008,sit_down,low_risk,56,25,3,"(56, 25, 3)",C:\Users\VICTUS\Downloads\Research\outputs\NTU_Pose_Output\A008\S010C002P015R001A008.npy
S010C002P015R001A009,NTU,A009,stand_up,low_risk,59,25,3,"(59, 25, 3)",C:\Users\VICTUS\Downloads\Research\outputs\NTU_Pose_Output\A009\S010C002P015R001A009.npy
S010C002P015R001A042,NTU,A042,staggering,moderate_risk,78,25,3,"(78, 25, 3)",C:\Users\VICTUS\Downloads\Research\outputs\NTU_Pose_Output\A042\S010C002P015R001A042.npy
S010C002P015R001A043,NTU,A043,falling_down,high_risk,54,25,3,"(54, 25, 3)",C:\Users\VICTUS\Downloads\Research\outputs\NTU_Pose_Output\A043\S010C002P015R001A043.npy
S010C002P015R002A008,NTU,A008,sit_down,low_risk,46,25,3,"(46, 25, 3)",C:\Users\VICTUS\Downloads\Research\outputs\NTU_Pose_Output\A008\S010C002P015R002A008.npy
S010C002P015R002A009,NTU,A009,stand_up,low_risk,44,25,3,"(44, 25, 3)",C:\Users\VICTUS\Downloads\Research\outputs\NTU_Pose_Output\A009\S010C002P015R002A009.npy
S010C002P015R002A042,NTU,A042,staggering,moderate_risk,110,25,3,"(110, 25, 3)",C:\Users\VICTUS\Downloads\Research\outputs\NTU_Pose_Output\A042\S010C002P015R002A042.npy
S010C002P015R002A043,NTU,A043,falling_down,high_risk,57,25,3,"(57, 25, 3)",C:\Users\VICTUS\Downloads\Research\outputs\NTU_Pose_Output\A043\S010C002P015R002A043.npy
S010C002P016R001A008,NTU,A008,sit_down,low_risk,69,25,3,"(69, 25, 3)",C:\Users\VICTUS\Downloads\Research\outputs\NTU_Pose_Output\A008\S010C002P016R001A008.npy
S010C002P016R001A009,NTU,A009,stand_up,low_risk,67,25,3,"(67, 25, 3)",C:\Users\VICTUS\Downloads\Research\outputs\NTU_Pose_Output\A009\S010C002P016R001A009.npy
S010C002P016R001A042,NTU,A042,staggering,moderate_risk,123,25,3,"(123, 25, 3)",C:\Users\VICTUS\Downloads\Research\outputs\NTU_Pose_Output\A042\S010C002P016R001A042.npy
S010C002P016R001A043,NTU,A043,falling_down,high_risk,67,25,3,"(67, 25, 3)",C:\Users\VICTUS\Downloads\Research\outputs\NTU_Pose_Output\A043\S010C002P016R001A043.npy
S010C002P016R002A008,NTU,A008,sit_down,low_risk,65,25,3,"(65, 25, 3)",C:\Users\VICTUS\Downloads\Research\outputs\NTU_Pose_Output\A008\S010C002P016R002A008.npy
S010C002P016R002A009,NTU,A009,stand_up,low_risk,61,25,3,"(61, 25, 3)",C:\Users\VICTUS\Downloads\Research\outputs\NTU_Pose_Output\A009\S010C002P016R002A009.npy
S010C002P016R002A042,NTU,A042,staggering,moderate_risk,145,25,3,"(145, 25, 3)",C:\Users\VICTUS\Downloads\Research\outputs\NTU_Pose_Output\A042\S010C002P016R002A042.npy
S010C002P016R002A043,NTU,A043,falling_down,high_risk,94,25,3,"(94, 25, 3)",C:\Users\VICTUS\Downloads\Research\outputs\NTU_Pose_Output\A043\S010C002P016R002A043.npy
S010C002P017R001A008,NTU,A008,sit_down,low_risk,104,25,3,"(104, 25, 3)",C:\Users\VICTUS\Downloads\Research\outputs\NTU_Pose_Output\A008\S010C002P017R001A008.npy
S010C002P017R001A009,NTU,A009,stand_up,low_risk,75,25,3,"(75, 25, 3)",C:\Users\VICTUS\Downloads\Research\outputs\NTU_Pose_Output\A009\S010C002P017R001A009.npy
S010C002P017R001A042,NTU,A042,staggering,moderate_risk,152,25,3,"(152, 25, 3)",C:\Users\VICTUS\Downloads\Research\outputs\NTU_Pose_Output\A042\S010C002P017R001A042.npy
S010C002P017R001A043,NTU,A043,falling_down,high_risk,55,25,3,"(55, 25, 3)",C:\Users\VICTUS\Downloads\Research\outputs\NTU_Pose_Output\A043\S010C002P017R001A043.npy
S010C002P017R002A008,NTU,A008,sit_down,low_risk,99,25,3,"(99, 25, 3)",C:\Users\VICTUS\Downloads\Research\outputs\NTU_Pose_Output\A008\S010C002P017R002A008.npy
S010C002P017R002A009,NTU,A009,stand_up,low_risk,71,25,3,"(71, 25, 3)",C:\Users\VICTUS\Downloads\Research\outputs\NTU_Pose_Output\A009\S010C002P017R002A009.npy
S010C002P017R002A042,NTU,A042,staggering,moderate_risk,176,25,3,"(176, 25, 3)",C:\Users\VICTUS\Downloads\Research\outputs\NTU_Pose_Output\A042\S010C002P017R002A042.npy
S010C002P017R002A043,NTU,A043,falling_down,high_risk,62,25,3,"(62, 25, 3)",C:\Users\VICTUS\Downloads\Research\outputs\NTU_Pose_Output\A043\S010C002P017R002A043.npy
S010C002P018R001A008,NTU,A008,sit_down,low_risk,74,25,3,"(74, 25, 3)",C:\Users\VICTUS\Downloads\Research\outputs\NTU_Pose_Output\A008\S010C002P018R001A008.npy
S010C002P018R001A009,NTU,A009,stand_up,low_risk,61,25,3,"(61, 25, 3)",C:\Users\VICTUS\Downloads\Research\outputs\NTU_Pose_Output\A009\S010C002P018R001A009.npy
S010C002P018R001A042,NTU,A042,staggering,moderate_risk,82,25,3,"(82, 25, 3)",C:\Users\VICTUS\Downloads\Research\outputs\NTU_Pose_Output\A042\S010C002P018R001A042.npy
S010C002P018R001A043,NTU,A043,falling_down,high_risk,61,25,3,"(61, 25, 3)",C:\Users\VICTUS\Downloads\Research\outputs\NTU_Pose_Output\A043\S010C002P018R001A043.npy
S010C002P018R002A008,NTU,A008,sit_down,low_risk,56,25,3,"(56, 25, 3)",C:\Users\VICTUS\Downloads\Research\outputs\NTU_Pose_Output\A008\S010C002P018R002A008.npy
S010C002P018R002A009,NTU,A009,stand_up,low_risk,62,25,3,"(62, 25, 3)",C:\Users\VICTUS\Downloads\Research\outputs\NTU_Pose_Output\A009\S010C002P018R002A009.npy
S010C002P018R002A042,NTU,A042,staggering,moderate_risk,94,25,3,"(94, 25, 3)",C:\Users\VICTUS\Downloads\Research\outputs\NTU_Pose_Output\A042\S010C002P018R002A042.npy
S010C002P018R002A043,NTU,A043,falling_down,high_risk,62,25,3,"(62, 25, 3)",C:\Users\VICTUS\Downloads\Research\outputs\NTU_Pose_Output\A043\S010C002P018R002A043.npy
S010C002P019R001A008,NTU,A008,sit_down,low_risk,87,25,3,"(87, 25, 3)",C:\Users\VICTUS\Downloads\Research\outputs\NTU_Pose_Output\A008\S010C002P019R001A008.npy
S010C002P019R001A009,NTU,A009,stand_up,low_risk,68,25,3,"(68, 25, 3)",C:\Users\VICTUS\Downloads\Research\outputs\NTU_Pose_Output\A009\S010C002P019R001A009.npy
S010C002P019R001A042,NTU,A042,staggering,moderate_risk,98,25,3,"(98, 25, 3)",C:\Users\VICTUS\Downloads\Research\outputs\NTU_Pose_Output\A042\S010C002P019R001A042.npy
S010C002P019R001A043,NTU,A043,falling_down,high_risk,82,25,3,"(82, 25, 3)",C:\Users\VICTUS\Downloads\Research\outputs\NTU_Pose_Output\A043\S010C002P019R001A043.npy
S010C002P019R002A008,NTU,A008,sit_down,low_risk,81,25,3,"(81, 25, 3)",C:\Users\VICTUS\Downloads\Research\outputs\NTU_Pose_Output\A008\S010C002P019R002A008.npy
S010C002P019R002A009,NTU,A009,stand_up,low_risk,57,25,3,"(57, 25, 3)",C:\Users\VICTUS\Downloads\Research\outputs\NTU_Pose_Output\A009\S010C002P019R002A009.npy
S010C002P019R002A042,NTU,A042,staggering,moderate_risk,95,25,3,"(95, 25, 3)",C:\Users\VICTUS\Downloads\Research\outputs\NTU_Pose_Output\A042\S010C002P019R002A042.npy
S010C002P019R002A043,NTU,A043,falling_down,high_risk,84,25,3,"(84, 25, 3)",C:\Users\VICTUS\Downloads\Research\outputs\NTU_Pose_Output\A043\S010C002P019R002A043.npy
S010C002P021R001A008,NTU,A008,sit_down,low_risk,84,25,3,"(84, 25, 3)",C:\Users\VICTUS\Downloads\Research\outputs\NTU_Pose_Output\A008\S010C002P021R001A008.npy
S010C002P021R001A009,NTU,A009,stand_up,low_risk,61,25,3,"(61, 25, 3)",C:\Users\VICTUS\Downloads\Research\outputs\NTU_Pose_Output\A009\S010C002P021R001A009.npy
S010C002P021R001A042,NTU,A042,staggering,moderate_risk,124,25,3,"(124, 25, 3)",C:\Users\VICTUS\Downloads\Research\outputs\NTU_Pose_Output\A042\S010C002P021R001A042.npy
S010C002P021R001A043,NTU,A043,falling_down,high_risk,71,25,3,"(71, 25, 3)",C:\Users\VICTUS\Downloads\Research\outputs\NTU_Pose_Output\A043\S010C002P021R001A043.npy
S010C002P021R002A008,NTU,A008,sit_down,low_risk,79,25,3,"(79, 25, 3)",C:\Users\VICTUS\Downloads\Research\outputs\NTU_Pose_Output\A008\S010C002P021R002A008.npy
S010C002P021R002A009,NTU,A009,stand_up,low_risk,49,25,3,"(49, 25, 3)",C:\Users\VICTUS\Downloads\Research\outputs\NTU_Pose_Output\A009\S010C002P021R002A009.npy
S010C002P021R002A042,NTU,A042,staggering,moderate_risk,134,25,3,"(134, 25, 3)",C:\Users\VICTUS\Downloads\Research\outputs\NTU_Pose_Output\A042\S010C002P021R002A042.npy
S010C002P021R002A043,NTU,A043,falling_down,high_risk,70,25,3,"(70, 25, 3)",C:\Users\VICTUS\Downloads\Research\outputs\NTU_Pose_Output\A043\S010C002P021R002A043.npy
S010C002P025R001A008,NTU,A008,sit_down,low_risk,83,25,3,"(83, 25, 3)",C:\Users\VICTUS\Downloads\Research\outputs\NTU_Pose_Output\A008\S010C002P025R001A008.npy
S010C002P025R001A009,NTU,A009,stand_up,low_risk,82,25,3,"(82, 25, 3)",C:\Users\VICTUS\Downloads\Research\outputs\NTU_Pose_Output\A009\S010C002P025R001A009.npy
S010C002P025R001A042,NTU,A042,staggering,moderate_risk,114,25,3,"(114, 25, 3)",C:\Users\VICTUS\Downloads\Research\outputs\NTU_Pose_Output\A042\S010C002P025R001A042.npy
S010C002P025R001A043,NTU,A043,falling_down,high_risk,78,25,3,"(78, 25, 3)",C:\Users\VICTUS\Downloads\Research\outputs\NTU_Pose_Output\A043\S010C002P025R001A043.npy
S010C002P025R002A008,NTU,A008,sit_down,low_risk,62,25,3,"(62, 25, 3)",C:\Users\VICTUS\Downloads\Research\outputs\NTU_Pose_Output\A008\S010C002P025R002A008.npy
S010C002P025R002A009,NTU,A009,stand_up,low_risk,71,25,3,"(71, 25, 3)",C:\Users\VICTUS\Downloads\Research\outputs\NTU_Pose_Output\A009\S010C002P025R002A009.npy
S010C002P025R002A042,NTU,A042,staggering,moderate_risk,97,25,3,"(97, 25, 3)",C:\Users\VICTUS\Downloads\Research\outputs\NTU_Pose_Output\A042\S010C002P025R002A042.npy
S010C002P025R002A043,NTU,A043,falling_down,high_risk,70,25,3,"(70, 25, 3)",C:\Users\VICTUS\Downloads\Research\outputs\NTU_Pose_Output\A043\S010C002P025R002A043.npy
S010C003P007R001A008,NTU,A008,sit_down,low_risk,84,25,3,"(84, 25, 3)",C:\Users\VICTUS\Downloads\Research\outputs\NTU_Pose_Output\A008\S010C003P007R001A008.npy
S010C003P007R001A009,NTU,A009,stand_up,low_risk,58,25,3,"(58, 25, 3)",C:\Users\VICTUS\Downloads\Research\outputs\NTU_Pose_Output\A009\S010C003P007R001A009.npy
S010C003P007R001A042,NTU,A042,staggering,moderate_risk,122,25,3,"(122, 25, 3)",C:\Users\VICTUS\Downloads\Research\outputs\NTU_Pose_Output\A042\S010C003P007R001A042.npy
S010C003P007R001A043,NTU,A043,falling_down,high_risk,66,25,3,"(66, 25, 3)",C:\Users\VICTUS\Downloads\Research\outputs\NTU_Pose_Output\A043\S010C003P007R001A043.npy
S010C003P007R002A008,NTU,A008,sit_down,low_risk,80,25,3,"(80, 25, 3)",C:\Users\VICTUS\Downloads\Research\outputs\NTU_Pose_Output\A008\S010C003P007R002A008.npy
S010C003P007R002A009,NTU,A009,stand_up,low_risk,73,25,3,"(73, 25, 3)",C:\Users\VICTUS\Downloads\Research\outputs\NTU_Pose_Output\A009\S010C003P007R002A009.npy
S010C003P007R002A042,NTU,A042,staggering,moderate_risk,98,25,3,"(98, 25, 3)",C:\Users\VICTUS\Downloads\Research\outputs\NTU_Pose_Output\A042\S010C003P007R002A042.npy
S010C003P007R002A043,NTU,A043,falling_down,high_risk,77,25,3,"(77, 25, 3)",C:\Users\VICTUS\Downloads\Research\outputs\NTU_Pose_Output\A043\S010C003P007R002A043.npy
S010C003P008R001A008,NTU,A008,sit_down,low_risk,86,25,3,"(86, 25, 3)",C:\Users\VICTUS\Downloads\Research\outputs\NTU_Pose_Output\A008\S010C003P008R001A008.npy
S010C003P008R001A009,NTU,A009,stand_up,low_risk,70,25,3,"(70, 25, 3)",C:\Users\VICTUS\Downloads\Research\outputs\NTU_Pose_Output\A009\S010C003P008R001A009.npy
S010C003P008R001A042,NTU,A042,staggering,moderate_risk,132,25,3,"(132, 25, 3)",C:\Users\VICTUS\Downloads\Research\outputs\NTU_Pose_Output\A042\S010C003P008R001A042.npy
S010C003P008R001A043,NTU,A043,falling_down,high_risk,63,25,3,"(63, 25, 3)",C:\Users\VICTUS\Downloads\Research\outputs\NTU_Pose_Output\A043\S010C003P008R001A043.npy
S010C003P008R002A008,NTU,A008,sit_down,low_risk,97,25,3,"(97, 25, 3)",C:\Users\VICTUS\Downloads\Research\outputs\NTU_Pose_Output\A008\S010C003P008R002A008.npy
S010C003P008R002A009,NTU,A009,stand_up,low_risk,62,25,3,"(62, 25, 3)",C:\Users\VICTUS\Downloads\Research\outputs\NTU_Pose_Output\A009\S010C003P008R002A009.npy
S010C003P008R002A042,NTU,A042,staggering,moderate_risk,129,25,3,"(129, 25, 3)",C:\Users\VICTUS\Downloads\Research\outputs\NTU_Pose_Output\A042\S010C003P008R002A042.npy
S010C003P008R002A043,NTU,A043,falling_down,high_risk,62,25,3,"(62, 25, 3)",C:\Users\VICTUS\Downloads\Research\outputs\NTU_Pose_Output\A043\S010C003P008R002A043.npy
S010C003P013R001A008,NTU,A008,sit_down,low_risk,49,25,3,"(49, 25, 3)",C:\Users\VICTUS\Downloads\Research\outputs\NTU_Pose_Output\A008\S010C003P013R001A008.npy
S010C003P013R001A009,NTU,A009,stand_up,low_risk,47,25,3,"(47, 25, 3)",C:\Users\VICTUS\Downloads\Research\outputs\NTU_Pose_Output\A009\S010C003P013R001A009.npy
S010C003P013R001A042,NTU,A042,staggering,moderate_risk,82,25,3,"(82, 25, 3)",C:\Users\VICTUS\Downloads\Research\outputs\NTU_Pose_Output\A042\S010C003P013R001A042.npy
S010C003P013R001A043,NTU,A043,falling_down,high_risk,48,25,3,"(48, 25, 3)",C:\Users\VICTUS\Downloads\Research\outputs\NTU_Pose_Output\A043\S010C003P013R001A043.npy
S010C003P013R002A008,NTU,A008,sit_down,low_risk,70,25,3,"(70, 25, 3)",C:\Users\VICTUS\Downloads\Research\outputs\NTU_Pose_Output\A008\S010C003P013R002A008.npy
S010C003P013R002A009,NTU,A009,stand_up,low_risk,52,25,3,"(52, 25, 3)",C:\Users\VICTUS\Downloads\Research\outputs\NTU_Pose_Output\A009\S010C003P013R002A009.npy
S010C003P013R002A042,NTU,A042,staggering,moderate_risk,94,25,3,"(94, 25, 3)",C:\Users\VICTUS\Downloads\Research\outputs\NTU_Pose_Output\A042\S010C003P013R002A042.npy
S010C003P013R002A043,NTU,A043,falling_down,high_risk,46,25,3,"(46, 25, 3)",C:\Users\VICTUS\Downloads\Research\outputs\NTU_Pose_Output\A043\S010C003P013R002A043.npy
S010C003P015R001A008,NTU,A008,sit_down,low_risk,56,25,3,"(56, 25, 3)",C:\Users\VICTUS\Downloads\Research\outputs\NTU_Pose_Output\A008\S010C003P015R001A008.npy
S010C003P015R001A009,NTU,A009,stand_up,low_risk,59,25,3,"(59, 25, 3)",C:\Users\VICTUS\Downloads\Research\outputs\NTU_Pose_Output\A009\S010C003P015R001A009.npy
S010C003P015R001A042,NTU,A042,staggering,moderate_risk,78,25,3,"(78, 25, 3)",C:\Users\VICTUS\Downloads\Research\outputs\NTU_Pose_Output\A042\S010C003P015R001A042.npy
S010C003P015R001A043,NTU,A043,falling_down,high_risk,55,25,3,"(55, 25, 3)",C:\Users\VICTUS\Downloads\Research\outputs\NTU_Pose_Output\A043\S010C003P015R001A043.npy
S010C003P015R002A008,NTU,A008,sit_down,low_risk,46,25,3,"(46, 25, 3)",C:\Users\VICTUS\Downloads\Research\outputs\NTU_Pose_Output\A008\S010C003P015R002A008.npy
S010C003P015R002A009,NTU,A009,stand_up,low_risk,43,25,3,"(43, 25, 3)",C:\Users\VICTUS\Downloads\Research\outputs\NTU_Pose_Output\A009\S010C003P015R002A009.npy
S010C003P015R002A042,NTU,A042,staggering,moderate_risk,110,25,3,"(110, 25, 3)",C:\Users\VICTUS\Downloads\Research\outputs\NTU_Pose_Output\A042\S010C003P015R002A042.npy
S010C003P015R002A043,NTU,A043,falling_down,high_risk,57,25,3,"(57, 25, 3)",C:\Users\VICTUS\Downloads\Research\outputs\NTU_Pose_Output\A043\S010C003P015R002A043.npy
S010C003P016R001A008,NTU,A008,sit_down,low_risk,70,25,3,"(70, 25, 3)",C:\Users\VICTUS\Downloads\Research\outputs\NTU_Pose_Output\A008\S010C003P016R001A008.npy
S010C003P016R001A009,NTU,A009,stand_up,low_risk,67,25,3,"(67, 25, 3)",C:\Users\VICTUS\Downloads\Research\outputs\NTU_Pose_Output\A009\S010C003P016R001A009.npy
S010C003P016R001A042,NTU,A042,staggering,moderate_risk,123,25,3,"(123, 25, 3)",C:\Users\VICTUS\Downloads\Research\outputs\NTU_Pose_Output\A042\S010C003P016R001A042.npy
S010C003P016R001A043,NTU,A043,falling_down,high_risk,68,25,3,"(68, 25, 3)",C:\Users\VICTUS\Downloads\Research\outputs\NTU_Pose_Output\A043\S010C003P016R001A043.npy
S010C003P016R002A008,NTU,A008,sit_down,low_risk,66,25,3,"(66, 25, 3)",C:\Users\VICTUS\Downloads\Research\outputs\NTU_Pose_Output\A008\S010C003P016R002A008.npy
S010C003P016R002A009,NTU,A009,stand_up,low_risk,60,25,3,"(60, 25, 3)",C:\Users\VICTUS\Downloads\Research\outputs\NTU_Pose_Output\A009\S010C003P016R002A009.npy
S010C003P016R002A042,NTU,A042,staggering,moderate_risk,145,25,3,"(145, 25, 3)",C:\Users\VICTUS\Downloads\Research\outputs\NTU_Pose_Output\A042\S010C003P016R002A042.npy
S010C003P016R002A043,NTU,A043,falling_down,high_risk,94,25,3,"(94, 25, 3)",C:\Users\VICTUS\Downloads\Research\outputs\NTU_Pose_Output\A043\S010C003P016R002A043.npy
S010C003P017R001A008,NTU,A008,sit_down,low_risk,103,25,3,"(103, 25, 3)",C:\Users\VICTUS\Downloads\Research\outputs\NTU_Pose_Output\A008\S010C003P017R001A008.npy
S010C003P017R001A009,NTU,A009,stand_up,low_risk,74,25,3,"(74, 25, 3)",C:\Users\VICTUS\Downloads\Research\outputs\NTU_Pose_Output\A009\S010C003P017R001A009.npy
S010C003P017R001A042,NTU,A042,staggering,moderate_risk,152,25,3,"(152, 25, 3)",C:\Users\VICTUS\Downloads\Research\outputs\NTU_Pose_Output\A042\S010C003P017R001A042.npy
S010C003P017R001A043,NTU,A043,falling_down,high_risk,55,25,3,"(55, 25, 3)",C:\Users\VICTUS\Downloads\Research\outputs\NTU_Pose_Output\A043\S010C003P017R001A043.npy
S010C003P017R002A008,NTU,A008,sit_down,low_risk,99,25,3,"(99, 25, 3)",C:\Users\VICTUS\Downloads\Research\outputs\NTU_Pose_Output\A008\S010C003P017R002A008.npy
S010C003P017R002A009,NTU,A009,stand_up,low_risk,71,25,3,"(71, 25, 3)",C:\Users\VICTUS\Downloads\Research\outputs\NTU_Pose_Output\A009\S010C003P017R002A009.npy
S010C003P017R002A042,NTU,A042,staggering,moderate_risk,176,25,3,"(176, 25, 3)",C:\Users\VICTUS\Downloads\Research\outputs\NTU_Pose_Output\A042\S010C003P017R002A042.npy
S010C003P017R002A043,NTU,A043,falling_down,high_risk,62,25,3,"(62, 25, 3)",C:\Users\VICTUS\Downloads\Research\outputs\NTU_Pose_Output\A043\S010C003P017R002A043.npy
S010C003P018R001A008,NTU,A008,sit_down,low_risk,73,25,3,"(73, 25, 3)",C:\Users\VICTUS\Downloads\Research\outputs\NTU_Pose_Output\A008\S010C003P018R001A008.npy
S010C003P018R001A009,NTU,A009,stand_up,low_risk,61,25,3,"(61, 25, 3)",C:\Users\VICTUS\Downloads\Research\outputs\NTU_Pose_Output\A009\S010C003P018R001A009.npy
S010C003P018R001A042,NTU,A042,staggering,moderate_risk,81,25,3,"(81, 25, 3)",C:\Users\VICTUS\Downloads\Research\outputs\NTU_Pose_Output\A042\S010C003P018R001A042.npy
S010C003P018R001A043,NTU,A043,falling_down,high_risk,61,25,3,"(61, 25, 3)",C:\Users\VICTUS\Downloads\Research\outputs\NTU_Pose_Output\A043\S010C003P018R001A043.npy
S010C003P018R002A008,NTU,A008,sit_down,low_risk,56,25,3,"(56, 25, 3)",C:\Users\VICTUS\Downloads\Research\outputs\NTU_Pose_Output\A008\S010C003P018R002A008.npy
S010C003P018R002A009,NTU,A009,stand_up,low_risk,62,25,3,"(62, 25, 3)",C:\Users\VICTUS\Downloads\Research\outputs\NTU_Pose_Output\A009\S010C003P018R002A009.npy
S010C003P018R002A042,NTU,A042,staggering,moderate_risk,94,25,3,"(94, 25, 3)",C:\Users\VICTUS\Downloads\Research\outputs\NTU_Pose_Output\A042\S010C003P018R002A042.npy
S010C003P018R002A043,NTU,A043,falling_down,high_risk,62,25,3,"(62, 25, 3)",C:\Users\VICTUS\Downloads\Research\outputs\NTU_Pose_Output\A043\S010C003P018R002A043.npy
S010C003P019R001A008,NTU,A008,sit_down,low_risk,87,25,3,"(87, 25, 3)",C:\Users\VICTUS\Downloads\Research\outputs\NTU_Pose_Output\A008\S010C003P019R001A008.npy
S010C003P019R001A009,NTU,A009,stand_up,low_risk,70,25,3,"(70, 25, 3)",C:\Users\VICTUS\Downloads\Research\outputs\NTU_Pose_Output\A009\S010C003P019R001A009.npy
S010C003P019R001A042,NTU,A042,staggering,moderate_risk,97,25,3,"(97, 25, 3)",C:\Users\VICTUS\Downloads\Research\outputs\NTU_Pose_Output\A042\S010C003P019R001A042.npy
S010C003P019R001A043,NTU,A043,falling_down,high_risk,81,25,3,"(81, 25, 3)",C:\Users\VICTUS\Downloads\Research\outputs\NTU_Pose_Output\A043\S010C003P019R001A043.npy
S010C003P019R002A008,NTU,A008,sit_down,low_risk,80,25,3,"(80, 25, 3)",C:\Users\VICTUS\Downloads\Research\outputs\NTU_Pose_Output\A008\S010C003P019R002A008.npy
S010C003P019R002A009,NTU,A009,stand_up,low_risk,58,25,3,"(58, 25, 3)",C:\Users\VICTUS\Downloads\Research\outputs\NTU_Pose_Output\A009\S010C003P019R002A009.npy
S010C003P019R002A042,NTU,A042,staggering,moderate_risk,95,25,3,"(95, 25, 3)",C:\Users\VICTUS\Downloads\Research\outputs\NTU_Pose_Output\A042\S010C003P019R002A042.npy
S010C003P019R002A043,NTU,A043,falling_down,high_risk,83,25,3,"(83, 25, 3)",C:\Users\VICTUS\Downloads\Research\outputs\NTU_Pose_Output\A043\S010C003P019R002A043.npy
S010C003P021R001A008,NTU,A008,sit_down,low_risk,84,25,3,"(84, 25, 3)",C:\Users\VICTUS\Downloads\Research\outputs\NTU_Pose_Output\A008\S010C003P021R001A008.npy
S010C003P021R001A009,NTU,A009,stand_up,low_risk,60,25,3,"(60, 25, 3)",C:\Users\VICTUS\Downloads\Research\outputs\NTU_Pose_Output\A009\S010C003P021R001A009.npy
S010C003P021R001A042,NTU,A042,staggering,moderate_risk,125,25,3,"(125, 25, 3)",C:\Users\VICTUS\Downloads\Research\outputs\NTU_Pose_Output\A042\S010C003P021R001A042.npy
S010C003P021R001A043,NTU,A043,falling_down,high_risk,71,25,3,"(71, 25, 3)",C:\Users\VICTUS\Downloads\Research\outputs\NTU_Pose_Output\A043\S010C003P021R001A043.npy
S010C003P021R002A008,NTU,A008,sit_down,low_risk,79,25,3,"(79, 25, 3)",C:\Users\VICTUS\Downloads\Research\outputs\NTU_Pose_Output\A008\S010C003P021R002A008.npy
S010C003P021R002A009,NTU,A009,stand_up,low_risk,49,25,3,"(49, 25, 3)",C:\Users\VICTUS\Downloads\Research\outputs\NTU_Pose_Output\A009\S010C003P021R002A009.npy
S010C003P021R002A042,NTU,A042,staggering,moderate_risk,134,25,3,"(134, 25, 3)",C:\Users\VICTUS\Downloads\Research\outputs\NTU_Pose_Output\A042\S010C003P021R002A042.npy
S010C003P021R002A043,NTU,A043,falling_down,high_risk,70,25,3,"(70, 25, 3)",C:\Users\VICTUS\Downloads\Research\outputs\NTU_Pose_Output\A043\S010C003P021R002A043.npy
S010C003P025R001A008,NTU,A008,sit_down,low_risk,83,25,3,"(83, 25, 3)",C:\Users\VICTUS\Downloads\Research\outputs\NTU_Pose_Output\A008\S010C003P025R001A008.npy
S010C003P025R001A009,NTU,A009,stand_up,low_risk,82,25,3,"(82, 25, 3)",C:\Users\VICTUS\Downloads\Research\outputs\NTU_Pose_Output\A009\S010C003P025R001A009.npy
S010C003P025R001A042,NTU,A042,staggering,moderate_risk,113,25,3,"(113, 25, 3)",C:\Users\VICTUS\Downloads\Research\outputs\NTU_Pose_Output\A042\S010C003P025R001A042.npy
S010C003P025R001A043,NTU,A043,falling_down,high_risk,78,25,3,"(78, 25, 3)",C:\Users\VICTUS\Downloads\Research\outputs\NTU_Pose_Output\A043\S010C003P025R001A043.npy
S010C003P025R002A008,NTU,A008,sit_down,low_risk,63,25,3,"(63, 25, 3)",C:\Users\VICTUS\Downloads\Research\outputs\NTU_Pose_Output\A008\S010C003P025R002A008.npy
S010C003P025R002A009,NTU,A009,stand_up,low_risk,71,25,3,"(71, 25, 3)",C:\Users\VICTUS\Downloads\Research\outputs\NTU_Pose_Output\A009\S010C003P025R002A009.npy
S010C003P025R002A042,NTU,A042,staggering,moderate_risk,98,25,3,"(98, 25, 3)",C:\Users\VICTUS\Downloads\Research\outputs\NTU_Pose_Output\A042\S010C003P025R002A042.npy
S010C003P025R002A043,NTU,A043,falling_down,high_risk,70,25,3,"(70, 25, 3)",C:\Users\VICTUS\Downloads\Research\outputs\NTU_Pose_Output\A043\S010C003P025R002A043.npy
S011C001P001R001A008,NTU,A008,sit_down,low_risk,67,25,3,"(67, 25, 3)",C:\Users\VICTUS\Downloads\Research\outputs\NTU_Pose_Output\A008\S011C001P001R001A008.npy
S011C001P001R001A009,NTU,A009,stand_up,low_risk,56,25,3,"(56, 25, 3)",C:\Users\VICTUS\Downloads\Research\outputs\NTU_Pose_Output\A009\S011C001P001R001A009.npy
S011C001P001R001A042,NTU,A042,staggering,moderate_risk,107,25,3,"(107, 25, 3)",C:\Users\VICTUS\Downloads\Research\outputs\NTU_Pose_Output\A042\S011C001P001R001A042.npy
S011C001P001R001A043,NTU,A043,falling_down,high_risk,56,25,3,"(56, 25, 3)",C:\Users\VICTUS\Downloads\Research\outputs\NTU_Pose_Output\A043\S011C001P001R001A043.npy
S011C001P001R002A008,NTU,A008,sit_down,low_risk,53,25,3,"(53, 25, 3)",C:\Users\VICTUS\Downloads\Research\outputs\NTU_Pose_Output\A008\S011C001P001R002A008.npy
S011C001P001R002A009,NTU,A009,stand_up,low_risk,54,25,3,"(54, 25, 3)",C:\Users\VICTUS\Downloads\Research\outputs\NTU_Pose_Output\A009\S011C001P001R002A009.npy
S011C001P001R002A042,NTU,A042,staggering,moderate_risk,95,25,3,"(95, 25, 3)",C:\Users\VICTUS\Downloads\Research\outputs\NTU_Pose_Output\A042\S011C001P001R002A042.npy
S011C001P001R002A043,NTU,A043,falling_down,high_risk,59,25,3,"(59, 25, 3)",C:\Users\VICTUS\Downloads\Research\outputs\NTU_Pose_Output\A043\S011C001P001R002A043.npy
S011C001P002R001A008,NTU,A008,sit_down,low_risk,57,25,3,"(57, 25, 3)",C:\Users\VICTUS\Downloads\Research\outputs\NTU_Pose_Output\A008\S011C001P002R001A008.npy
S011C001P002R001A009,NTU,A009,stand_up,low_risk,54,25,3,"(54, 25, 3)",C:\Users\VICTUS\Downloads\Research\outputs\NTU_Pose_Output\A009\S011C001P002R001A009.npy
S011C001P002R001A042,NTU,A042,staggering,moderate_risk,79,25,3,"(79, 25, 3)",C:\Users\VICTUS\Downloads\Research\outputs\NTU_Pose_Output\A042\S011C001P002R001A042.npy
S011C001P002R001A043,NTU,A043,falling_down,high_risk,48,25,3,"(48, 25, 3)",C:\Users\VICTUS\Downloads\Research\outputs\NTU_Pose_Output\A043\S011C001P002R001A043.npy
S011C001P002R002A008,NTU,A008,sit_down,low_risk,48,25,3,"(48, 25, 3)",C:\Users\VICTUS\Downloads\Research\outputs\NTU_Pose_Output\A008\S011C001P002R002A008.npy
S011C001P002R002A009,NTU,A009,stand_up,low_risk,52,25,3,"(52, 25, 3)",C:\Users\VICTUS\Downloads\Research\outputs\NTU_Pose_Output\A009\S011C001P002R002A009.npy
S011C001P002R002A042,NTU,A042,staggering,moderate_risk,104,25,3,"(104, 25, 3)",C:\Users\VICTUS\Downloads\Research\outputs\NTU_Pose_Output\A042\S011C001P002R002A042.npy
S011C001P002R002A043,NTU,A043,falling_down,high_risk,52,25,3,"(52, 25, 3)",C:\Users\VICTUS\Downloads\Research\outputs\NTU_Pose_Output\A043\S011C001P002R002A043.npy
S011C001P007R001A008,NTU,A008,sit_down,low_risk,76,25,3,"(76, 25, 3)",C:\Users\VICTUS\Downloads\Research\outputs\NTU_Pose_Output\A008\S011C001P007R001A008.npy
S011C001P007R001A009,NTU,A009,stand_up,low_risk,55,25,3,"(55, 25, 3)",C:\Users\VICTUS\Downloads\Research\outputs\NTU_Pose_Output\A009\S011C001P007R001A009.npy
S011C001P007R001A042,NTU,A042,staggering,moderate_risk,124,25,3,"(124, 25, 3)",C:\Users\VICTUS\Downloads\Research\outputs\NTU_Pose_Output\A042\S011C001P007R001A042.npy
S011C001P007R001A043,NTU,A043,falling_down,high_risk,63,25,3,"(63, 25, 3)",C:\Users\VICTUS\Downloads\Research\outputs\NTU_Pose_Output\A043\S011C001P007R001A043.npy
S011C001P007R002A008,NTU,A008,sit_down,low_risk,63,25,3,"(63, 25, 3)",C:\Users\VICTUS\Downloads\Research\outputs\NTU_Pose_Output\A008\S011C001P007R002A008.npy
S011C001P007R002A009,NTU,A009,stand_up,low_risk,58,25,3,"(58, 25, 3)",C:\Users\VICTUS\Downloads\Research\outputs\NTU_Pose_Output\A009\S011C001P007R002A009.npy
S011C001P007R002A042,NTU,A042,staggering,moderate_risk,121,25,3,"(121, 25, 3)",C:\Users\VICTUS\Downloads\Research\outputs\NTU_Pose_Output\A042\S011C001P007R002A042.npy
S011C001P007R002A043,NTU,A043,falling_down,high_risk,66,25,3,"(66, 25, 3)",C:\Users\VICTUS\Downloads\Research\outputs\NTU_Pose_Output\A043\S011C001P007R002A043.npy
S011C001P008R001A008,NTU,A008,sit_down,low_risk,53,25,3,"(53, 25, 3)",C:\Users\VICTUS\Downloads\Research\outputs\NTU_Pose_Output\A008\S011C001P008R001A008.npy
S011C001P008R001A009,NTU,A009,stand_up,low_risk,52,25,3,"(52, 25, 3)",C:\Users\VICTUS\Downloads\Research\outputs\NTU_Pose_Output\A009\S011C001P008R001A009.npy
S011C001P008R001A042,NTU,A042,staggering,moderate_risk,121,25,3,"(121, 25, 3)",C:\Users\VICTUS\Downloads\Research\outputs\NTU_Pose_Output\A042\S011C001P008R001A042.npy
S011C001P008R001A043,NTU,A043,falling_down,high_risk,58,25,3,"(58, 25, 3)",C:\Users\VICTUS\Downloads\Research\outputs\NTU_Pose_Output\A043\S011C001P008R001A043.npy
S011C001P008R002A008,NTU,A008,sit_down,low_risk,65,25,3,"(65, 25, 3)",C:\Users\VICTUS\Downloads\Research\outputs\NTU_Pose_Output\A008\S011C001P008R002A008.npy
S011C001P008R002A009,NTU,A009,stand_up,low_risk,60,25,3,"(60, 25, 3)",C:\Users\VICTUS\Downloads\Research\outputs\NTU_Pose_Output\A009\S011C001P008R002A009.npy
S011C001P008R002A042,NTU,A042,staggering,moderate_risk,105,25,3,"(105, 25, 3)",C:\Users\VICTUS\Downloads\Research\outputs\NTU_Pose_Output\A042\S011C001P008R002A042.npy
S011C001P008R002A043,NTU,A043,falling_down,high_risk,67,25,3,"(67, 25, 3)",C:\Users\VICTUS\Downloads\Research\outputs\NTU_Pose_Output\A043\S011C001P008R002A043.npy
S011C001P015R001A008,NTU,A008,sit_down,low_risk,66,25,3,"(66, 25, 3)",C:\Users\VICTUS\Downloads\Research\outputs\NTU_Pose_Output\A008\S011C001P015R001A008.npy
S011C001P015R001A009,NTU,A009,stand_up,low_risk,58,25,3,"(58, 25, 3)",C:\Users\VICTUS\Downloads\Research\outputs\NTU_Pose_Output\A009\S011C001P015R001A009.npy
S011C001P015R001A042,NTU,A042,staggering,moderate_risk,93,25,3,"(93, 25, 3)",C:\Users\VICTUS\Downloads\Research\outputs\NTU_Pose_Output\A042\S011C001P015R001A042.npy
S011C001P015R001A043,NTU,A043,falling_down,high_risk,47,25,3,"(47, 25, 3)",C:\Users\VICTUS\Downloads\Research\outputs\NTU_Pose_Output\A043\S011C001P015R001A043.npy
S011C001P015R002A008,NTU,A008,sit_down,low_risk,57,25,3,"(57, 25, 3)",C:\Users\VICTUS\Downloads\Research\outputs\NTU_Pose_Output\A008\S011C001P015R002A008.npy
S011C001P015R002A009,NTU,A009,stand_up,low_risk,45,25,3,"(45, 25, 3)",C:\Users\VICTUS\Downloads\Research\outputs\NTU_Pose_Output\A009\S011C001P015R002A009.npy
S011C001P015R002A042,NTU,A042,staggering,moderate_risk,101,25,3,"(101, 25, 3)",C:\Users\VICTUS\Downloads\Research\outputs\NTU_Pose_Output\A042\S011C001P015R002A042.npy
S011C001P015R002A043,NTU,A043,falling_down,high_risk,47,25,3,"(47, 25, 3)",C:\Users\VICTUS\Downloads\Research\outputs\NTU_Pose_Output\A043\S011C001P015R002A043.npy
S011C001P016R001A008,NTU,A008,sit_down,low_risk,59,25,3,"(59, 25, 3)",C:\Users\VICTUS\Downloads\Research\outputs\NTU_Pose_Output\A008\S011C001P016R001A008.npy
S011C001P016R001A009,NTU,A009,stand_up,low_risk,58,25,3,"(58, 25, 3)",C:\Users\VICTUS\Downloads\Research\outputs\NTU_Pose_Output\A009\S011C001P016R001A009.npy
S011C001P016R001A042,NTU,A042,staggering,moderate_risk,119,25,3,"(119, 25, 3)",C:\Users\VICTUS\Downloads\Research\outputs\NTU_Pose_Output\A042\S011C001P016R001A042.npy
S011C001P016R001A043,NTU,A043,falling_down,high_risk,59,25,3,"(59, 25, 3)",C:\Users\VICTUS\Downloads\Research\outputs\NTU_Pose_Output\A043\S011C001P016R001A043.npy
S011C001P016R002A008,NTU,A008,sit_down,low_risk,90,25,3,"(90, 25, 3)",C:\Users\VICTUS\Downloads\Research\outputs\NTU_Pose_Output\A008\S011C001P016R002A008.npy
S011C001P016R002A009,NTU,A009,stand_up,low_risk,69,25,3,"(69, 25, 3)",C:\Users\VICTUS\Downloads\Research\outputs\NTU_Pose_Output\A009\S011C001P016R002A009.npy
S011C001P016R002A042,NTU,A042,staggering,moderate_risk,102,25,3,"(102, 25, 3)",C:\Users\VICTUS\Downloads\Research\outputs\NTU_Pose_Output\A042\S011C001P016R002A042.npy
S011C001P016R002A043,NTU,A043,falling_down,high_risk,63,25,3,"(63, 25, 3)",C:\Users\VICTUS\Downloads\Research\outputs\NTU_Pose_Output\A043\S011C001P016R002A043.npy
S011C001P017R001A008,NTU,A008,sit_down,low_risk,77,25,3,"(77, 25, 3)",C:\Users\VICTUS\Downloads\Research\outputs\NTU_Pose_Output\A008\S011C001P017R001A008.npy
S011C001P017R001A009,NTU,A009,stand_up,low_risk,71,25,3,"(71, 25, 3)",C:\Users\VICTUS\Downloads\Research\outputs\NTU_Pose_Output\A009\S011C001P017R001A009.npy
S011C001P017R001A042,NTU,A042,staggering,moderate_risk,117,25,3,"(117, 25, 3)",C:\Users\VICTUS\Downloads\Research\outputs\NTU_Pose_Output\A042\S011C001P017R001A042.npy
S011C001P017R001A043,NTU,A043,falling_down,high_risk,57,25,3,"(57, 25, 3)",C:\Users\VICTUS\Downloads\Research\outputs\NTU_Pose_Output\A043\S011C001P017R001A043.npy
S011C001P017R002A008,NTU,A008,sit_down,low_risk,83,25,3,"(83, 25, 3)",C:\Users\VICTUS\Downloads\Research\outputs\NTU_Pose_Output\A008\S011C001P017R002A008.npy
S011C001P017R002A009,NTU,A009,stand_up,low_risk,72,25,3,"(72, 25, 3)",C:\Users\VICTUS\Downloads\Research\outputs\NTU_Pose_Output\A009\S011C001P017R002A009.npy
S011C001P017R002A042,NTU,A042,staggering,moderate_risk,122,25,3,"(122, 25, 3)",C:\Users\VICTUS\Downloads\Research\outputs\NTU_Pose_Output\A042\S011C001P017R002A042.npy
S011C001P017R002A043,NTU,A043,falling_down,high_risk,50,25,3,"(50, 25, 3)",C:\Users\VICTUS\Downloads\Research\outputs\NTU_Pose_Output\A043\S011C001P017R002A043.npy
S011C001P018R001A008,NTU,A008,sit_down,low_risk,66,25,3,"(66, 25, 3)",C:\Users\VICTUS\Downloads\Research\outputs\NTU_Pose_Output\A008\S011C001P018R001A008.npy
S011C001P018R001A009,NTU,A009,stand_up,low_risk,58,25,3,"(58, 25, 3)",C:\Users\VICTUS\Downloads\Research\outputs\NTU_Pose_Output\A009\S011C001P018R001A009.npy
S011C001P018R001A042,NTU,A042,staggering,moderate_risk,100,25,3,"(100, 25, 3)",C:\Users\VICTUS\Downloads\Research\outputs\NTU_Pose_Output\A042\S011C001P018R001A042.npy
S011C001P018R001A043,NTU,A043,falling_down,high_risk,54,25,3,"(54, 25, 3)",C:\Users\VICTUS\Downloads\Research\outputs\NTU_Pose_Output\A043\S011C001P018R001A043.npy
S011C001P018R002A008,NTU,A008,sit_down,low_risk,59,25,3,"(59, 25, 3)",C:\Users\VICTUS\Downloads\Research\outputs\NTU_Pose_Output\A008\S011C001P018R002A008.npy
S011C001P018R002A009,NTU,A009,stand_up,low_risk,52,25,3,"(52, 25, 3)",C:\Users\VICTUS\Downloads\Research\outputs\NTU_Pose_Output\A009\S011C001P018R002A009.npy
S011C001P018R002A042,NTU,A042,staggering,moderate_risk,112,25,3,"(112, 25, 3)",C:\Users\VICTUS\Downloads\Research\outputs\NTU_Pose_Output\A042\S011C001P018R002A042.npy
S011C001P018R002A043,NTU,A043,falling_down,high_risk,49,25,3,"(49, 25, 3)",C:\Users\VICTUS\Downloads\Research\outputs\NTU_Pose_Output\A043\S011C001P018R002A043.npy
S011C001P019R001A008,NTU,A008,sit_down,low_risk,75,25,3,"(75, 25, 3)",C:\Users\VICTUS\Downloads\Research\outputs\NTU_Pose_Output\A008\S011C001P019R001A008.npy
S011C001P019R001A009,NTU,A009,stand_up,low_risk,72,25,3,"(72, 25, 3)",C:\Users\VICTUS\Downloads\Research\outputs\NTU_Pose_Output\A009\S011C001P019R001A009.npy
S011C001P019R001A042,NTU,A042,staggering,moderate_risk,125,25,3,"(125, 25, 3)",C:\Users\VICTUS\Downloads\Research\outputs\NTU_Pose_Output\A042\S011C001P019R001A042.npy
S011C001P019R001A043,NTU,A043,falling_down,high_risk,71,25,3,"(71, 25, 3)",C:\Users\VICTUS\Downloads\Research\outputs\NTU_Pose_Output\A043\S011C001P019R001A043.npy
S011C001P019R002A008,NTU,A008,sit_down,low_risk,66,25,3,"(66, 25, 3)",C:\Users\VICTUS\Downloads\Research\outputs\NTU_Pose_Output\A008\S011C001P019R002A008.npy
S011C001P019R002A009,NTU,A009,stand_up,low_risk,75,25,3,"(75, 25, 3)",C:\Users\VICTUS\Downloads\Research\outputs\NTU_Pose_Output\A009\S011C001P019R002A009.npy
S011C001P019R002A042,NTU,A042,staggering,moderate_risk,121,25,3,"(121, 25, 3)",C:\Users\VICTUS\Downloads\Research\outputs\NTU_Pose_Output\A042\S011C001P019R002A042.npy
S011C001P019R002A043,NTU,A043,falling_down,high_risk,74,25,3,"(74, 25, 3)",C:\Users\VICTUS\Downloads\Research\outputs\NTU_Pose_Output\A043\S011C001P019R002A043.npy
S011C001P025R001A008,NTU,A008,sit_down,low_risk,100,25,3,"(100, 25, 3)",C:\Users\VICTUS\Downloads\Research\outputs\NTU_Pose_Output\A008\S011C001P025R001A008.npy
S011C001P025R001A009,NTU,A009,stand_up,low_risk,78,25,3,"(78, 25, 3)",C:\Users\VICTUS\Downloads\Research\outputs\NTU_Pose_Output\A009\S011C001P025R001A009.npy
S011C001P025R001A042,NTU,A042,staggering,moderate_risk,108,25,3,"(108, 25, 3)",C:\Users\VICTUS\Downloads\Research\outputs\NTU_Pose_Output\A042\S011C001P025R001A042.npy
S011C001P025R001A043,NTU,A043,falling_down,high_risk,63,25,3,"(63, 25, 3)",C:\Users\VICTUS\Downloads\Research\outputs\NTU_Pose_Output\A043\S011C001P025R001A043.npy
S011C001P025R002A008,NTU,A008,sit_down,low_risk,98,25,3,"(98, 25, 3)",C:\Users\VICTUS\Downloads\Research\outputs\NTU_Pose_Output\A008\S011C001P025R002A008.npy
S011C001P025R002A009,NTU,A009,stand_up,low_risk,92,25,3,"(92, 25, 3)",C:\Users\VICTUS\Downloads\Research\outputs\NTU_Pose_Output\A009\S011C001P025R002A009.npy
S011C001P025R002A042,NTU,A042,staggering,moderate_risk,101,25,3,"(101, 25, 3)",C:\Users\VICTUS\Downloads\Research\outputs\NTU_Pose_Output\A042\S011C001P025R002A042.npy
S011C001P025R002A043,NTU,A043,falling_down,high_risk,55,25,3,"(55, 25, 3)",C:\Users\VICTUS\Downloads\Research\outputs\NTU_Pose_Output\A043\S011C001P025R002A043.npy
S011C001P027R001A008,NTU,A008,sit_down,low_risk,75,25,3,"(75, 25, 3)",C:\Users\VICTUS\Downloads\Research\outputs\NTU_Pose_Output\A008\S011C001P027R001A008.npy
S011C001P027R001A009,NTU,A009,stand_up,low_risk,73,25,3,"(73, 25, 3)",C:\Users\VICTUS\Downloads\Research\outputs\NTU_Pose_Output\A009\S011C001P027R001A009.npy
S011C001P027R001A042,NTU,A042,staggering,moderate_risk,94,25,3,"(94, 25, 3)",C:\Users\VICTUS\Downloads\Research\outputs\NTU_Pose_Output\A042\S011C001P027R001A042.npy
S011C001P027R001A043,NTU,A043,falling_down,high_risk,63,25,3,"(63, 25, 3)",C:\Users\VICTUS\Downloads\Research\outputs\NTU_Pose_Output\A043\S011C001P027R001A043.npy
S011C001P027R002A008,NTU,A008,sit_down,low_risk,83,25,3,"(83, 25, 3)",C:\Users\VICTUS\Downloads\Research\outputs\NTU_Pose_Output\A008\S011C001P027R002A008.npy
S011C001P027R002A009,NTU,A009,stand_up,low_risk,75,25,3,"(75, 25, 3)",C:\Users\VICTUS\Downloads\Research\outputs\NTU_Pose_Output\A009\S011C001P027R002A009.npy
S011C001P027R002A042,NTU,A042,staggering,moderate_risk,99,25,3,"(99, 25, 3)",C:\Users\VICTUS\Downloads\Research\outputs\NTU_Pose_Output\A042\S011C001P027R002A042.npy
S011C001P027R002A043,NTU,A043,falling_down,high_risk,78,25,3,"(78, 25, 3)",C:\Users\VICTUS\Downloads\Research\outputs\NTU_Pose_Output\A043\S011C001P027R002A043.npy
S011C001P028R001A008,NTU,A008,sit_down,low_risk,77,25,3,"(77, 25, 3)",C:\Users\VICTUS\Downloads\Research\outputs\NTU_Pose_Output\A008\S011C001P028R001A008.npy
S011C001P028R001A009,NTU,A009,stand_up,low_risk,52,25,3,"(52, 25, 3)",C:\Users\VICTUS\Downloads\Research\outputs\NTU_Pose_Output\A009\S011C001P028R001A009.npy
S011C001P028R001A042,NTU,A042,staggering,moderate_risk,94,25,3,"(94, 25, 3)",C:\Users\VICTUS\Downloads\Research\outputs\NTU_Pose_Output\A042\S011C001P028R001A042.npy
S011C001P028R001A043,NTU,A043,falling_down,high_risk,62,25,3,"(62, 25, 3)",C:\Users\VICTUS\Downloads\Research\outputs\NTU_Pose_Output\A043\S011C001P028R001A043.npy
S011C001P028R002A008,NTU,A008,sit_down,low_risk,79,25,3,"(79, 25, 3)",C:\Users\VICTUS\Downloads\Research\outputs\NTU_Pose_Output\A008\S011C001P028R002A008.npy
S011C001P028R002A009,NTU,A009,stand_up,low_risk,63,25,3,"(63, 25, 3)",C:\Users\VICTUS\Downloads\Research\outputs\NTU_Pose_Output\A009\S011C001P028R002A009.npy
S011C001P028R002A042,NTU,A042,staggering,moderate_risk,103,25,3,"(103, 25, 3)",C:\Users\VICTUS\Downloads\Research\outputs\NTU_Pose_Output\A042\S011C001P028R002A042.npy
S011C001P028R002A043,NTU,A043,falling_down,high_risk,64,25,3,"(64, 25, 3)",C:\Users\VICTUS\Downloads\Research\outputs\NTU_Pose_Output\A043\S011C001P028R002A043.npy
S011C001P038R001A008,NTU,A008,sit_down,low_risk,73,25,3,"(73, 25, 3)",C:\Users\VICTUS\Downloads\Research\outputs\NTU_Pose_Output\A008\S011C001P038R001A008.npy
S011C001P038R001A009,NTU,A009,stand_up,low_risk,76,25,3,"(76, 25, 3)",C:\Users\VICTUS\Downloads\Research\outputs\NTU_Pose_Output\A009\S011C001P038R001A009.npy
S011C001P038R001A042,NTU,A042,staggering,moderate_risk,109,25,3,"(109, 25, 3)",C:\Users\VICTUS\Downloads\Research\outputs\NTU_Pose_Output\A042\S011C001P038R001A042.npy
S011C001P038R001A043,NTU,A043,falling_down,high_risk,54,25,3,"(54, 25, 3)",C:\Users\VICTUS\Downloads\Research\outputs\NTU_Pose_Output\A043\S011C001P038R001A043.npy
S011C001P038R002A008,NTU,A008,sit_down,low_risk,109,25,3,"(109, 25, 3)",C:\Users\VICTUS\Downloads\Research\outputs\NTU_Pose_Output\A008\S011C001P038R002A008.npy
S011C001P038R002A009,NTU,A009,stand_up,low_risk,66,25,3,"(66, 25, 3)",C:\Users\VICTUS\Downloads\Research\outputs\NTU_Pose_Output\A009\S011C001P038R002A009.npy
S011C001P038R002A042,NTU,A042,staggering,moderate_risk,102,25,3,"(102, 25, 3)",C:\Users\VICTUS\Downloads\Research\outputs\NTU_Pose_Output\A042\S011C001P038R002A042.npy
S011C001P038R002A043,NTU,A043,falling_down,high_risk,56,25,3,"(56, 25, 3)",C:\Users\VICTUS\Downloads\Research\outputs\NTU_Pose_Output\A043\S011C001P038R002A043.npy
S011C002P001R001A008,NTU,A008,sit_down,low_risk,67,25,3,"(67, 25, 3)",C:\Users\VICTUS\Downloads\Research\outputs\NTU_Pose_Output\A008\S011C002P001R001A008.npy
S011C002P001R001A009,NTU,A009,stand_up,low_risk,56,25,3,"(56, 25, 3)",C:\Users\VICTUS\Downloads\Research\outputs\NTU_Pose_Output\A009\S011C002P001R001A009.npy
S011C002P001R001A042,NTU,A042,staggering,moderate_risk,107,25,3,"(107, 25, 3)",C:\Users\VICTUS\Downloads\Research\outputs\NTU_Pose_Output\A042\S011C002P001R001A042.npy
S011C002P001R001A043,NTU,A043,falling_down,high_risk,57,25,3,"(57, 25, 3)",C:\Users\VICTUS\Downloads\Research\outputs\NTU_Pose_Output\A043\S011C002P001R001A043.npy
S011C002P001R002A008,NTU,A008,sit_down,low_risk,53,25,3,"(53, 25, 3)",C:\Users\VICTUS\Downloads\Research\outputs\NTU_Pose_Output\A008\S011C002P001R002A008.npy
S011C002P001R002A009,NTU,A009,stand_up,low_risk,54,25,3,"(54, 25, 3)",C:\Users\VICTUS\Downloads\Research\outputs\NTU_Pose_Output\A009\S011C002P001R002A009.npy
S011C002P001R002A042,NTU,A042,staggering,moderate_risk,95,25,3,"(95, 25, 3)",C:\Users\VICTUS\Downloads\Research\outputs\NTU_Pose_Output\A042\S011C002P001R002A042.npy
S011C002P001R002A043,NTU,A043,falling_down,high_risk,59,25,3,"(59, 25, 3)",C:\Users\VICTUS\Downloads\Research\outputs\NTU_Pose_Output\A043\S011C002P001R002A043.npy
S011C002P002R001A008,NTU,A008,sit_down,low_risk,56,25,3,"(56, 25, 3)",C:\Users\VICTUS\Downloads\Research\outputs\NTU_Pose_Output\A008\S011C002P002R001A008.npy
S011C002P002R001A009,NTU,A009,stand_up,low_risk,54,25,3,"(54, 25, 3)",C:\Users\VICTUS\Downloads\Research\outputs\NTU_Pose_Output\A009\S011C002P002R001A009.npy
S011C002P002R001A042,NTU,A042,staggering,moderate_risk,79,25,3,"(79, 25, 3)",C:\Users\VICTUS\Downloads\Research\outputs\NTU_Pose_Output\A042\S011C002P002R001A042.npy
S011C002P002R001A043,NTU,A043,falling_down,high_risk,47,25,3,"(47, 25, 3)",C:\Users\VICTUS\Downloads\Research\outputs\NTU_Pose_Output\A043\S011C002P002R001A043.npy
S011C002P002R002A008,NTU,A008,sit_down,low_risk,48,25,3,"(48, 25, 3)",C:\Users\VICTUS\Downloads\Research\outputs\NTU_Pose_Output\A008\S011C002P002R002A008.npy
S011C002P002R002A009,NTU,A009,stand_up,low_risk,52,25,3,"(52, 25, 3)",C:\Users\VICTUS\Downloads\Research\outputs\NTU_Pose_Output\A009\S011C002P002R002A009.npy
S011C002P002R002A042,NTU,A042,staggering,moderate_risk,102,25,3,"(102, 25, 3)",C:\Users\VICTUS\Downloads\Research\outputs\NTU_Pose_Output\A042\S011C002P002R002A042.npy
S011C002P002R002A043,NTU,A043,falling_down,high_risk,51,25,3,"(51, 25, 3)",C:\Users\VICTUS\Downloads\Research\outputs\NTU_Pose_Output\A043\S011C002P002R002A043.npy
S011C002P007R001A008,NTU,A008,sit_down,low_risk,77,25,3,"(77, 25, 3)",C:\Users\VICTUS\Downloads\Research\outputs\NTU_Pose_Output\A008\S011C002P007R001A008.npy
S011C002P007R001A009,NTU,A009,stand_up,low_risk,55,25,3,"(55, 25, 3)",C:\Users\VICTUS\Downloads\Research\outputs\NTU_Pose_Output\A009\S011C002P007R001A009.npy
S011C002P007R001A042,NTU,A042,staggering,moderate_risk,125,25,3,"(125, 25, 3)",C:\Users\VICTUS\Downloads\Research\outputs\NTU_Pose_Output\A042\S011C002P007R001A042.npy
S011C002P007R001A043,NTU,A043,falling_down,high_risk,62,25,3,"(62, 25, 3)",C:\Users\VICTUS\Downloads\Research\outputs\NTU_Pose_Output\A043\S011C002P007R001A043.npy
S011C002P007R002A008,NTU,A008,sit_down,low_risk,63,25,3,"(63, 25, 3)",C:\Users\VICTUS\Downloads\Research\outputs\NTU_Pose_Output\A008\S011C002P007R002A008.npy
S011C002P007R002A009,NTU,A009,stand_up,low_risk,58,25,3,"(58, 25, 3)",C:\Users\VICTUS\Downloads\Research\outputs\NTU_Pose_Output\A009\S011C002P007R002A009.npy
S011C002P007R002A042,NTU,A042,staggering,moderate_risk,122,25,3,"(122, 25, 3)",C:\Users\VICTUS\Downloads\Research\outputs\NTU_Pose_Output\A042\S011C002P007R002A042.npy
S011C002P007R002A043,NTU,A043,falling_down,high_risk,65,25,3,"(65, 25, 3)",C:\Users\VICTUS\Downloads\Research\outputs\NTU_Pose_Output\A043\S011C002P007R002A043.npy
S011C002P008R001A008,NTU,A008,sit_down,low_risk,54,25,3,"(54, 25, 3)",C:\Users\VICTUS\Downloads\Research\outputs\NTU_Pose_Output\A008\S011C002P008R001A008.npy
S011C002P008R001A009,NTU,A009,stand_up,low_risk,51,25,3,"(51, 25, 3)",C:\Users\VICTUS\Downloads\Research\outputs\NTU_Pose_Output\A009\S011C002P008R001A009.npy
S011C002P008R001A042,NTU,A042,staggering,moderate_risk,120,25,3,"(120, 25, 3)",C:\Users\VICTUS\Downloads\Research\outputs\NTU_Pose_Output\A042\S011C002P008R001A042.npy
S011C002P008R001A043,NTU,A043,falling_down,high_risk,59,25,3,"(59, 25, 3)",C:\Users\VICTUS\Downloads\Research\outputs\NTU_Pose_Output\A043\S011C002P008R001A043.npy
S011C002P008R002A008,NTU,A008,sit_down,low_risk,64,25,3,"(64, 25, 3)",C:\Users\VICTUS\Downloads\Research\outputs\NTU_Pose_Output\A008\S011C002P008R002A008.npy
S011C002P008R002A009,NTU,A009,stand_up,low_risk,59,25,3,"(59, 25, 3)",C:\Users\VICTUS\Downloads\Research\outputs\NTU_Pose_Output\A009\S011C002P008R002A009.npy
S011C002P008R002A042,NTU,A042,staggering,moderate_risk,105,25,3,"(105, 25, 3)",C:\Users\VICTUS\Downloads\Research\outputs\NTU_Pose_Output\A042\S011C002P008R002A042.npy
S011C002P008R002A043,NTU,A043,falling_down,high_risk,66,25,3,"(66, 25, 3)",C:\Users\VICTUS\Downloads\Research\outputs\NTU_Pose_Output\A043\S011C002P008R002A043.npy
S011C002P015R001A008,NTU,A008,sit_down,low_risk,67,25,3,"(67, 25, 3)",C:\Users\VICTUS\Downloads\Research\outputs\NTU_Pose_Output\A008\S011C002P015R001A008.npy
S011C002P015R001A009,NTU,A009,stand_up,low_risk,58,25,3,"(58, 25, 3)",C:\Users\VICTUS\Downloads\Research\outputs\NTU_Pose_Output\A009\S011C002P015R001A009.npy
S011C002P015R001A042,NTU,A042,staggering,moderate_risk,94,25,3,"(94, 25, 3)",C:\Users\VICTUS\Downloads\Research\outputs\NTU_Pose_Output\A042\S011C002P015R001A042.npy
S011C002P015R001A043,NTU,A043,falling_down,high_risk,47,25,3,"(47, 25, 3)",C:\Users\VICTUS\Downloads\Research\outputs\NTU_Pose_Output\A043\S011C002P015R001A043.npy
S011C002P015R002A008,NTU,A008,sit_down,low_risk,57,25,3,"(57, 25, 3)",C:\Users\VICTUS\Downloads\Research\outputs\NTU_Pose_Output\A008\S011C002P015R002A008.npy
S011C002P015R002A009,NTU,A009,stand_up,low_risk,45,25,3,"(45, 25, 3)",C:\Users\VICTUS\Downloads\Research\outputs\NTU_Pose_Output\A009\S011C002P015R002A009.npy
S011C002P015R002A042,NTU,A042,staggering,moderate_risk,101,25,3,"(101, 25, 3)",C:\Users\VICTUS\Downloads\Research\outputs\NTU_Pose_Output\A042\S011C002P015R002A042.npy
S011C002P015R002A043,NTU,A043,falling_down,high_risk,47,25,3,"(47, 25, 3)",C:\Users\VICTUS\Downloads\Research\outputs\NTU_Pose_Output\A043\S011C002P015R002A043.npy
S011C002P016R001A008,NTU,A008,sit_down,low_risk,58,25,3,"(58, 25, 3)",C:\Users\VICTUS\Downloads\Research\outputs\NTU_Pose_Output\A008\S011C002P016R001A008.npy
S011C002P016R001A009,NTU,A009,stand_up,low_risk,58,25,3,"(58, 25, 3)",C:\Users\VICTUS\Downloads\Research\outputs\NTU_Pose_Output\A009\S011C002P016R001A009.npy
S011C002P016R001A042,NTU,A042,staggering,moderate_risk,120,25,3,"(120, 25, 3)",C:\Users\VICTUS\Downloads\Research\outputs\NTU_Pose_Output\A042\S011C002P016R001A042.npy
S011C002P016R001A043,NTU,A043,falling_down,high_risk,58,25,3,"(58, 25, 3)",C:\Users\VICTUS\Downloads\Research\outputs\NTU_Pose_Output\A043\S011C002P016R001A043.npy
S011C002P016R002A008,NTU,A008,sit_down,low_risk,91,25,3,"(91, 25, 3)",C:\Users\VICTUS\Downloads\Research\outputs\NTU_Pose_Output\A008\S011C002P016R002A008.npy
S011C002P016R002A009,NTU,A009,stand_up,low_risk,69,25,3,"(69, 25, 3)",C:\Users\VICTUS\Downloads\Research\outputs\NTU_Pose_Output\A009\S011C002P016R002A009.npy
S011C002P016R002A042,NTU,A042,staggering,moderate_risk,102,25,3,"(102, 25, 3)",C:\Users\VICTUS\Downloads\Research\outputs\NTU_Pose_Output\A042\S011C002P016R002A042.npy
S011C002P016R002A043,NTU,A043,falling_down,high_risk,63,25,3,"(63, 25, 3)",C:\Users\VICTUS\Downloads\Research\outputs\NTU_Pose_Output\A043\S011C002P016R002A043.npy
S011C002P017R001A008,NTU,A008,sit_down,low_risk,76,25,3,"(76, 25, 3)",C:\Users\VICTUS\Downloads\Research\outputs\NTU_Pose_Output\A008\S011C002P017R001A008.npy
S011C002P017R001A009,NTU,A009,stand_up,low_risk,70,25,3,"(70, 25, 3)",C:\Users\VICTUS\Downloads\Research\outputs\NTU_Pose_Output\A009\S011C002P017R001A009.npy
S011C002P017R001A042,NTU,A042,staggering,moderate_risk,117,25,3,"(117, 25, 3)",C:\Users\VICTUS\Downloads\Research\outputs\NTU_Pose_Output\A042\S011C002P017R001A042.npy
S011C002P017R001A043,NTU,A043,falling_down,high_risk,56,25,3,"(56, 25, 3)",C:\Users\VICTUS\Downloads\Research\outputs\NTU_Pose_Output\A043\S011C002P017R001A043.npy
S011C002P017R002A008,NTU,A008,sit_down,low_risk,83,25,3,"(83, 25, 3)",C:\Users\VICTUS\Downloads\Research\outputs\NTU_Pose_Output\A008\S011C002P017R002A008.npy
S011C002P017R002A009,NTU,A009,stand_up,low_risk,72,25,3,"(72, 25, 3)",C:\Users\VICTUS\Downloads\Research\outputs\NTU_Pose_Output\A009\S011C002P017R002A009.npy
S011C002P017R002A042,NTU,A042,staggering,moderate_risk,122,25,3,"(122, 25, 3)",C:\Users\VICTUS\Downloads\Research\outputs\NTU_Pose_Output\A042\S011C002P017R002A042.npy
S011C002P017R002A043,NTU,A043,falling_down,high_risk,50,25,3,"(50, 25, 3)",C:\Users\VICTUS\Downloads\Research\outputs\NTU_Pose_Output\A043\S011C002P017R002A043.npy
S011C002P018R001A008,NTU,A008,sit_down,low_risk,66,25,3,"(66, 25, 3)",C:\Users\VICTUS\Downloads\Research\outputs\NTU_Pose_Output\A008\S011C002P018R001A008.npy
S011C002P018R001A009,NTU,A009,stand_up,low_risk,58,25,3,"(58, 25, 3)",C:\Users\VICTUS\Downloads\Research\outputs\NTU_Pose_Output\A009\S011C002P018R001A009.npy
S011C002P018R001A042,NTU,A042,staggering,moderate_risk,101,25,3,"(101, 25, 3)",C:\Users\VICTUS\Downloads\Research\outputs\NTU_Pose_Output\A042\S011C002P018R001A042.npy
S011C002P018R001A043,NTU,A043,falling_down,high_risk,55,25,3,"(55, 25, 3)",C:\Users\VICTUS\Downloads\Research\outputs\NTU_Pose_Output\A043\S011C002P018R001A043.npy
S011C002P018R002A008,NTU,A008,sit_down,low_risk,60,25,3,"(60, 25, 3)",C:\Users\VICTUS\Downloads\Research\outputs\NTU_Pose_Output\A008\S011C002P018R002A008.npy
S011C002P018R002A009,NTU,A009,stand_up,low_risk,51,25,3,"(51, 25, 3)",C:\Users\VICTUS\Downloads\Research\outputs\NTU_Pose_Output\A009\S011C002P018R002A009.npy
S011C002P018R002A042,NTU,A042,staggering,moderate_risk,113,25,3,"(113, 25, 3)",C:\Users\VICTUS\Downloads\Research\outputs\NTU_Pose_Output\A042\S011C002P018R002A042.npy
S011C002P018R002A043,NTU,A043,falling_down,high_risk,48,25,3,"(48, 25, 3)",C:\Users\VICTUS\Downloads\Research\outputs\NTU_Pose_Output\A043\S011C002P018R002A043.npy
S011C002P019R001A008,NTU,A008,sit_down,low_risk,76,25,3,"(76, 25, 3)",C:\Users\VICTUS\Downloads\Research\outputs\NTU_Pose_Output\A008\S011C002P019R001A008.npy
S011C002P019R001A009,NTU,A009,stand_up,low_risk,72,25,3,"(72, 25, 3)",C:\Users\VICTUS\Downloads\Research\outputs\NTU_Pose_Output\A009\S011C002P019R001A009.npy
S011C002P019R001A042,NTU,A042,staggering,moderate_risk,127,25,3,"(127, 25, 3)",C:\Users\VICTUS\Downloads\Research\outputs\NTU_Pose_Output\A042\S011C002P019R001A042.npy
S011C002P019R001A043,NTU,A043,falling_down,high_risk,72,25,3,"(72, 25, 3)",C:\Users\VICTUS\Downloads\Research\outputs\NTU_Pose_Output\A043\S011C002P019R001A043.npy
S011C002P019R002A008,NTU,A008,sit_down,low_risk,67,25,3,"(67, 25, 3)",C:\Users\VICTUS\Downloads\Research\outputs\NTU_Pose_Output\A008\S011C002P019R002A008.npy
S011C002P019R002A009,NTU,A009,stand_up,low_risk,75,25,3,"(75, 25, 3)",C:\Users\VICTUS\Downloads\Research\outputs\NTU_Pose_Output\A009\S011C002P019R002A009.npy
S011C002P019R002A042,NTU,A042,staggering,moderate_risk,121,25,3,"(121, 25, 3)",C:\Users\VICTUS\Downloads\Research\outputs\NTU_Pose_Output\A042\S011C002P019R002A042.npy
S011C002P019R002A043,NTU,A043,falling_down,high_risk,74,25,3,"(74, 25, 3)",C:\Users\VICTUS\Downloads\Research\outputs\NTU_Pose_Output\A043\S011C002P019R002A043.npy
S011C002P025R001A008,NTU,A008,sit_down,low_risk,100,25,3,"(100, 25, 3)",C:\Users\VICTUS\Downloads\Research\outputs\NTU_Pose_Output\A008\S011C002P025R001A008.npy
S011C002P025R001A009,NTU,A009,stand_up,low_risk,78,25,3,"(78, 25, 3)",C:\Users\VICTUS\Downloads\Research\outputs\NTU_Pose_Output\A009\S011C002P025R001A009.npy
S011C002P025R001A042,NTU,A042,staggering,moderate_risk,108,25,3,"(108, 25, 3)",C:\Users\VICTUS\Downloads\Research\outputs\NTU_Pose_Output\A042\S011C002P025R001A042.npy
S011C002P025R001A043,NTU,A043,falling_down,high_risk,63,25,3,"(63, 25, 3)",C:\Users\VICTUS\Downloads\Research\outputs\NTU_Pose_Output\A043\S011C002P025R001A043.npy
S011C002P025R002A008,NTU,A008,sit_down,low_risk,98,25,3,"(98, 25, 3)",C:\Users\VICTUS\Downloads\Research\outputs\NTU_Pose_Output\A008\S011C002P025R002A008.npy
S011C002P025R002A009,NTU,A009,stand_up,low_risk,92,25,3,"(92, 25, 3)",C:\Users\VICTUS\Downloads\Research\outputs\NTU_Pose_Output\A009\S011C002P025R002A009.npy
S011C002P025R002A042,NTU,A042,staggering,moderate_risk,100,25,3,"(100, 25, 3)",C:\Users\VICTUS\Downloads\Research\outputs\NTU_Pose_Output\A042\S011C002P025R002A042.npy
S011C002P025R002A043,NTU,A043,falling_down,high_risk,55,25,3,"(55, 25, 3)",C:\Users\VICTUS\Downloads\Research\outputs\NTU_Pose_Output\A043\S011C002P025R002A043.npy
S011C002P027R001A008,NTU,A008,sit_down,low_risk,75,25,3,"(75, 25, 3)",C:\Users\VICTUS\Downloads\Research\outputs\NTU_Pose_Output\A008\S011C002P027R001A008.npy
S011C002P027R001A009,NTU,A009,stand_up,low_risk,74,25,3,"(74, 25, 3)",C:\Users\VICTUS\Downloads\Research\outputs\NTU_Pose_Output\A009\S011C002P027R001A009.npy
S011C002P027R001A042,NTU,A042,staggering,moderate_risk,94,25,3,"(94, 25, 3)",C:\Users\VICTUS\Downloads\Research\outputs\NTU_Pose_Output\A042\S011C002P027R001A042.npy
S011C002P027R001A043,NTU,A043,falling_down,high_risk,64,25,3,"(64, 25, 3)",C:\Users\VICTUS\Downloads\Research\outputs\NTU_Pose_Output\A043\S011C002P027R001A043.npy
S011C002P027R002A008,NTU,A008,sit_down,low_risk,84,25,3,"(84, 25, 3)",C:\Users\VICTUS\Downloads\Research\outputs\NTU_Pose_Output\A008\S011C002P027R002A008.npy
S011C002P027R002A009,NTU,A009,stand_up,low_risk,76,25,3,"(76, 25, 3)",C:\Users\VICTUS\Downloads\Research\outputs\NTU_Pose_Output\A009\S011C002P027R002A009.npy
S011C002P027R002A042,NTU,A042,staggering,moderate_risk,100,25,3,"(100, 25, 3)",C:\Users\VICTUS\Downloads\Research\outputs\NTU_Pose_Output\A042\S011C002P027R002A042.npy
S011C002P027R002A043,NTU,A043,falling_down,high_risk,78,25,3,"(78, 25, 3)",C:\Users\VICTUS\Downloads\Research\outputs\NTU_Pose_Output\A043\S011C002P027R002A043.npy
S011C002P028R001A008,NTU,A008,sit_down,low_risk,77,25,3,"(77, 25, 3)",C:\Users\VICTUS\Downloads\Research\outputs\NTU_Pose_Output\A008\S011C002P028R001A008.npy
S011C002P028R001A009,NTU,A009,stand_up,low_risk,52,25,3,"(52, 25, 3)",C:\Users\VICTUS\Downloads\Research\outputs\NTU_Pose_Output\A009\S011C002P028R001A009.npy
S011C002P028R001A042,NTU,A042,staggering,moderate_risk,95,25,3,"(95, 25, 3)",C:\Users\VICTUS\Downloads\Research\outputs\NTU_Pose_Output\A042\S011C002P028R001A042.npy
S011C002P028R001A043,NTU,A043,falling_down,high_risk,63,25,3,"(63, 25, 3)",C:\Users\VICTUS\Downloads\Research\outputs\NTU_Pose_Output\A043\S011C002P028R001A043.npy
S011C002P028R002A008,NTU,A008,sit_down,low_risk,80,25,3,"(80, 25, 3)",C:\Users\VICTUS\Downloads\Research\outputs\NTU_Pose_Output\A008\S011C002P028R002A008.npy
S011C002P028R002A009,NTU,A009,stand_up,low_risk,64,25,3,"(64, 25, 3)",C:\Users\VICTUS\Downloads\Research\outputs\NTU_Pose_Output\A009\S011C002P028R002A009.npy
S011C002P028R002A042,NTU,A042,staggering,moderate_risk,102,25,3,"(102, 25, 3)",C:\Users\VICTUS\Downloads\Research\outputs\NTU_Pose_Output\A042\S011C002P028R002A042.npy
S011C002P028R002A043,NTU,A043,falling_down,high_risk,61,25,3,"(61, 25, 3)",C:\Users\VICTUS\Downloads\Research\outputs\NTU_Pose_Output\A043\S011C002P028R002A043.npy
S011C002P038R001A008,NTU,A008,sit_down,low_risk,74,25,3,"(74, 25, 3)",C:\Users\VICTUS\Downloads\Research\outputs\NTU_Pose_Output\A008\S011C002P038R001A008.npy
S011C002P038R001A009,NTU,A009,stand_up,low_risk,76,25,3,"(76, 25, 3)",C:\Users\VICTUS\Downloads\Research\outputs\NTU_Pose_Output\A009\S011C002P038R001A009.npy
S011C002P038R001A042,NTU,A042,staggering,moderate_risk,110,25,3,"(110, 25, 3)",C:\Users\VICTUS\Downloads\Research\outputs\NTU_Pose_Output\A042\S011C002P038R001A042.npy
S011C002P038R001A043,NTU,A043,falling_down,high_risk,54,25,3,"(54, 25, 3)",C:\Users\VICTUS\Downloads\Research\outputs\NTU_Pose_Output\A043\S011C002P038R001A043.npy
S011C002P038R002A008,NTU,A008,sit_down,low_risk,109,25,3,"(109, 25, 3)",C:\Users\VICTUS\Downloads\Research\outputs\NTU_Pose_Output\A008\S011C002P038R002A008.npy
S011C002P038R002A009,NTU,A009,stand_up,low_risk,66,25,3,"(66, 25, 3)",C:\Users\VICTUS\Downloads\Research\outputs\NTU_Pose_Output\A009\S011C002P038R002A009.npy
S011C002P038R002A042,NTU,A042,staggering,moderate_risk,102,25,3,"(102, 25, 3)",C:\Users\VICTUS\Downloads\Research\outputs\NTU_Pose_Output\A042\S011C002P038R002A042.npy
S011C002P038R002A043,NTU,A043,falling_down,high_risk,56,25,3,"(56, 25, 3)",C:\Users\VICTUS\Downloads\Research\outputs\NTU_Pose_Output\A043\S011C002P038R002A043.npy
S011C003P001R001A008,NTU,A008,sit_down,low_risk,68,25,3,"(68, 25, 3)",C:\Users\VICTUS\Downloads\Research\outputs\NTU_Pose_Output\A008\S011C003P001R001A008.npy
S011C003P001R001A009,NTU,A009,stand_up,low_risk,56,25,3,"(56, 25, 3)",C:\Users\VICTUS\Downloads\Research\outputs\NTU_Pose_Output\A009\S011C003P001R001A009.npy
S011C003P001R001A042,NTU,A042,staggering,moderate_risk,106,25,3,"(106, 25, 3)",C:\Users\VICTUS\Downloads\Research\outputs\NTU_Pose_Output\A042\S011C003P001R001A042.npy
S011C003P001R001A043,NTU,A043,falling_down,high_risk,57,25,3,"(57, 25, 3)",C:\Users\VICTUS\Downloads\Research\outputs\NTU_Pose_Output\A043\S011C003P001R001A043.npy
S011C003P001R002A008,NTU,A008,sit_down,low_risk,53,25,3,"(53, 25, 3)",C:\Users\VICTUS\Downloads\Research\outputs\NTU_Pose_Output\A008\S011C003P001R002A008.npy
S011C003P001R002A009,NTU,A009,stand_up,low_risk,53,25,3,"(53, 25, 3)",C:\Users\VICTUS\Downloads\Research\outputs\NTU_Pose_Output\A009\S011C003P001R002A009.npy
S011C003P001R002A042,NTU,A042,staggering,moderate_risk,95,25,3,"(95, 25, 3)",C:\Users\VICTUS\Downloads\Research\outputs\NTU_Pose_Output\A042\S011C003P001R002A042.npy
S011C003P001R002A043,NTU,A043,falling_down,high_risk,59,25,3,"(59, 25, 3)",C:\Users\VICTUS\Downloads\Research\outputs\NTU_Pose_Output\A043\S011C003P001R002A043.npy
S011C003P002R001A008,NTU,A008,sit_down,low_risk,57,25,3,"(57, 25, 3)",C:\Users\VICTUS\Downloads\Research\outputs\NTU_Pose_Output\A008\S011C003P002R001A008.npy
S011C003P002R001A009,NTU,A009,stand_up,low_risk,54,25,3,"(54, 25, 3)",C:\Users\VICTUS\Downloads\Research\outputs\NTU_Pose_Output\A009\S011C003P002R001A009.npy
S011C003P002R001A042,NTU,A042,staggering,moderate_risk,79,25,3,"(79, 25, 3)",C:\Users\VICTUS\Downloads\Research\outputs\NTU_Pose_Output\A042\S011C003P002R001A042.npy
S011C003P002R001A043,NTU,A043,falling_down,high_risk,47,25,3,"(47, 25, 3)",C:\Users\VICTUS\Downloads\Research\outputs\NTU_Pose_Output\A043\S011C003P002R001A043.npy
S011C003P002R002A008,NTU,A008,sit_down,low_risk,48,25,3,"(48, 25, 3)",C:\Users\VICTUS\Downloads\Research\outputs\NTU_Pose_Output\A008\S011C003P002R002A008.npy
S011C003P002R002A009,NTU,A009,stand_up,low_risk,53,25,3,"(53, 25, 3)",C:\Users\VICTUS\Downloads\Research\outputs\NTU_Pose_Output\A009\S011C003P002R002A009.npy
S011C003P002R002A042,NTU,A042,staggering,moderate_risk,104,25,3,"(104, 25, 3)",C:\Users\VICTUS\Downloads\Research\outputs\NTU_Pose_Output\A042\S011C003P002R002A042.npy
S011C003P002R002A043,NTU,A043,falling_down,high_risk,52,25,3,"(52, 25, 3)",C:\Users\VICTUS\Downloads\Research\outputs\NTU_Pose_Output\A043\S011C003P002R002A043.npy
S011C003P007R001A008,NTU,A008,sit_down,low_risk,76,25,3,"(76, 25, 3)",C:\Users\VICTUS\Downloads\Research\outputs\NTU_Pose_Output\A008\S011C003P007R001A008.npy
S011C003P007R001A009,NTU,A009,stand_up,low_risk,55,25,3,"(55, 25, 3)",C:\Users\VICTUS\Downloads\Research\outputs\NTU_Pose_Output\A009\S011C003P007R001A009.npy
S011C003P007R001A042,NTU,A042,staggering,moderate_risk,124,25,3,"(124, 25, 3)",C:\Users\VICTUS\Downloads\Research\outputs\NTU_Pose_Output\A042\S011C003P007R001A042.npy
S011C003P007R001A043,NTU,A043,falling_down,high_risk,62,25,3,"(62, 25, 3)",C:\Users\VICTUS\Downloads\Research\outputs\NTU_Pose_Output\A043\S011C003P007R001A043.npy
S011C003P007R002A008,NTU,A008,sit_down,low_risk,62,25,3,"(62, 25, 3)",C:\Users\VICTUS\Downloads\Research\outputs\NTU_Pose_Output\A008\S011C003P007R002A008.npy
S011C003P007R002A009,NTU,A009,stand_up,low_risk,58,25,3,"(58, 25, 3)",C:\Users\VICTUS\Downloads\Research\outputs\NTU_Pose_Output\A009\S011C003P007R002A009.npy
S011C003P007R002A042,NTU,A042,staggering,moderate_risk,122,25,3,"(122, 25, 3)",C:\Users\VICTUS\Downloads\Research\outputs\NTU_Pose_Output\A042\S011C003P007R002A042.npy
S011C003P007R002A043,NTU,A043,falling_down,high_risk,64,25,3,"(64, 25, 3)",C:\Users\VICTUS\Downloads\Research\outputs\NTU_Pose_Output\A043\S011C003P007R002A043.npy
S011C003P008R001A008,NTU,A008,sit_down,low_risk,54,25,3,"(54, 25, 3)",C:\Users\VICTUS\Downloads\Research\outputs\NTU_Pose_Output\A008\S011C003P008R001A008.npy
S011C003P008R001A009,NTU,A009,stand_up,low_risk,51,25,3,"(51, 25, 3)",C:\Users\VICTUS\Downloads\Research\outputs\NTU_Pose_Output\A009\S011C003P008R001A009.npy
S011C003P008R001A042,NTU,A042,staggering,moderate_risk,120,25,3,"(120, 25, 3)",C:\Users\VICTUS\Downloads\Research\outputs\NTU_Pose_Output\A042\S011C003P008R001A042.npy
S011C003P008R001A043,NTU,A043,falling_down,high_risk,59,25,3,"(59, 25, 3)",C:\Users\VICTUS\Downloads\Research\outputs\NTU_Pose_Output\A043\S011C003P008R001A043.npy
S011C003P008R002A008,NTU,A008,sit_down,low_risk,64,25,3,"(64, 25, 3)",C:\Users\VICTUS\Downloads\Research\outputs\NTU_Pose_Output\A008\S011C003P008R002A008.npy
S011C003P008R002A009,NTU,A009,stand_up,low_risk,59,25,3,"(59, 25, 3)",C:\Users\VICTUS\Downloads\Research\outputs\NTU_Pose_Output\A009\S011C003P008R002A009.npy
S011C003P008R002A042,NTU,A042,staggering,moderate_risk,105,25,3,"(105, 25, 3)",C:\Users\VICTUS\Downloads\Research\outputs\NTU_Pose_Output\A042\S011C003P008R002A042.npy
S011C003P008R002A043,NTU,A043,falling_down,high_risk,67,25,3,"(67, 25, 3)",C:\Users\VICTUS\Downloads\Research\outputs\NTU_Pose_Output\A043\S011C003P008R002A043.npy
S011C003P015R001A008,NTU,A008,sit_down,low_risk,67,25,3,"(67, 25, 3)",C:\Users\VICTUS\Downloads\Research\outputs\NTU_Pose_Output\A008\S011C003P015R001A008.npy
S011C003P015R001A009,NTU,A009,stand_up,low_risk,59,25,3,"(59, 25, 3)",C:\Users\VICTUS\Downloads\Research\outputs\NTU_Pose_Output\A009\S011C003P015R001A009.npy
S011C003P015R001A042,NTU,A042,staggering,moderate_risk,94,25,3,"(94, 25, 3)",C:\Users\VICTUS\Downloads\Research\outputs\NTU_Pose_Output\A042\S011C003P015R001A042.npy
S011C003P015R001A043,NTU,A043,falling_down,high_risk,47,25,3,"(47, 25, 3)",C:\Users\VICTUS\Downloads\Research\outputs\NTU_Pose_Output\A043\S011C003P015R001A043.npy
S011C003P015R002A008,NTU,A008,sit_down,low_risk,57,25,3,"(57, 25, 3)",C:\Users\VICTUS\Downloads\Research\outputs\NTU_Pose_Output\A008\S011C003P015R002A008.npy
S011C003P015R002A009,NTU,A009,stand_up,low_risk,45,25,3,"(45, 25, 3)",C:\Users\VICTUS\Downloads\Research\outputs\NTU_Pose_Output\A009\S011C003P015R002A009.npy
S011C003P015R002A042,NTU,A042,staggering,moderate_risk,102,25,3,"(102, 25, 3)",C:\Users\VICTUS\Downloads\Research\outputs\NTU_Pose_Output\A042\S011C003P015R002A042.npy
S011C003P015R002A043,NTU,A043,falling_down,high_risk,47,25,3,"(47, 25, 3)",C:\Users\VICTUS\Downloads\Research\outputs\NTU_Pose_Output\A043\S011C003P015R002A043.npy
S011C003P016R001A008,NTU,A008,sit_down,low_risk,58,25,3,"(58, 25, 3)",C:\Users\VICTUS\Downloads\Research\outputs\NTU_Pose_Output\A008\S011C003P016R001A008.npy
S011C003P016R001A009,NTU,A009,stand_up,low_risk,58,25,3,"(58, 25, 3)",C:\Users\VICTUS\Downloads\Research\outputs\NTU_Pose_Output\A009\S011C003P016R001A009.npy
S011C003P016R001A042,NTU,A042,staggering,moderate_risk,120,25,3,"(120, 25, 3)",C:\Users\VICTUS\Downloads\Research\outputs\NTU_Pose_Output\A042\S011C003P016R001A042.npy
S011C003P016R001A043,NTU,A043,falling_down,high_risk,59,25,3,"(59, 25, 3)",C:\Users\VICTUS\Downloads\Research\outputs\NTU_Pose_Output\A043\S011C003P016R001A043.npy
S011C003P016R002A008,NTU,A008,sit_down,low_risk,91,25,3,"(91, 25, 3)",C:\Users\VICTUS\Downloads\Research\outputs\NTU_Pose_Output\A008\S011C003P016R002A008.npy
S011C003P016R002A009,NTU,A009,stand_up,low_risk,69,25,3,"(69, 25, 3)",C:\Users\VICTUS\Downloads\Research\outputs\NTU_Pose_Output\A009\S011C003P016R002A009.npy
S011C003P016R002A042,NTU,A042,staggering,moderate_risk,102,25,3,"(102, 25, 3)",C:\Users\VICTUS\Downloads\Research\outputs\NTU_Pose_Output\A042\S011C003P016R002A042.npy
S011C003P016R002A043,NTU,A043,falling_down,high_risk,62,25,3,"(62, 25, 3)",C:\Users\VICTUS\Downloads\Research\outputs\NTU_Pose_Output\A043\S011C003P016R002A043.npy
S011C003P017R001A008,NTU,A008,sit_down,low_risk,76,25,3,"(76, 25, 3)",C:\Users\VICTUS\Downloads\Research\outputs\NTU_Pose_Output\A008\S011C003P017R001A008.npy
S011C003P017R001A009,NTU,A009,stand_up,low_risk,70,25,3,"(70, 25, 3)",C:\Users\VICTUS\Downloads\Research\outputs\NTU_Pose_Output\A009\S011C003P017R001A009.npy
S011C003P017R001A042,NTU,A042,staggering,moderate_risk,117,25,3,"(117, 25, 3)",C:\Users\VICTUS\Downloads\Research\outputs\NTU_Pose_Output\A042\S011C003P017R001A042.npy
S011C003P017R001A043,NTU,A043,falling_down,high_risk,56,25,3,"(56, 25, 3)",C:\Users\VICTUS\Downloads\Research\outputs\NTU_Pose_Output\A043\S011C003P017R001A043.npy
S011C003P017R002A008,NTU,A008,sit_down,low_risk,83,25,3,"(83, 25, 3)",C:\Users\VICTUS\Downloads\Research\outputs\NTU_Pose_Output\A008\S011C003P017R002A008.npy
S011C003P017R002A009,NTU,A009,stand_up,low_risk,72,25,3,"(72, 25, 3)",C:\Users\VICTUS\Downloads\Research\outputs\NTU_Pose_Output\A009\S011C003P017R002A009.npy
S011C003P017R002A042,NTU,A042,staggering,moderate_risk,123,25,3,"(123, 25, 3)",C:\Users\VICTUS\Downloads\Research\outputs\NTU_Pose_Output\A042\S011C003P017R002A042.npy
S011C003P017R002A043,NTU,A043,falling_down,high_risk,50,25,3,"(50, 25, 3)",C:\Users\VICTUS\Downloads\Research\outputs\NTU_Pose_Output\A043\S011C003P017R002A043.npy
S011C003P018R001A008,NTU,A008,sit_down,low_risk,66,25,3,"(66, 25, 3)",C:\Users\VICTUS\Downloads\Research\outputs\NTU_Pose_Output\A008\S011C003P018R001A008.npy
S011C003P018R001A009,NTU,A009,stand_up,low_risk,58,25,3,"(58, 25, 3)",C:\Users\VICTUS\Downloads\Research\outputs\NTU_Pose_Output\A009\S011C003P018R001A009.npy
S011C003P018R001A042,NTU,A042,staggering,moderate_risk,101,25,3,"(101, 25, 3)",C:\Users\VICTUS\Downloads\Research\outputs\NTU_Pose_Output\A042\S011C003P018R001A042.npy
S011C003P018R001A043,NTU,A043,falling_down,high_risk,54,25,3,"(54, 25, 3)",C:\Users\VICTUS\Downloads\Research\outputs\NTU_Pose_Output\A043\S011C003P018R001A043.npy
S011C003P018R002A008,NTU,A008,sit_down,low_risk,59,25,3,"(59, 25, 3)",C:\Users\VICTUS\Downloads\Research\outputs\NTU_Pose_Output\A008\S011C003P018R002A008.npy
S011C003P018R002A009,NTU,A009,stand_up,low_risk,52,25,3,"(52, 25, 3)",C:\Users\VICTUS\Downloads\Research\outputs\NTU_Pose_Output\A009\S011C003P018R002A009.npy
S011C003P018R002A042,NTU,A042,staggering,moderate_risk,113,25,3,"(113, 25, 3)",C:\Users\VICTUS\Downloads\Research\outputs\NTU_Pose_Output\A042\S011C003P018R002A042.npy
S011C003P018R002A043,NTU,A043,falling_down,high_risk,49,25,3,"(49, 25, 3)",C:\Users\VICTUS\Downloads\Research\outputs\NTU_Pose_Output\A043\S011C003P018R002A043.npy
S011C003P019R001A008,NTU,A008,sit_down,low_risk,76,25,3,"(76, 25, 3)",C:\Users\VICTUS\Downloads\Research\outputs\NTU_Pose_Output\A008\S011C003P019R001A008.npy
S011C003P019R001A009,NTU,A009,stand_up,low_risk,72,25,3,"(72, 25, 3)",C:\Users\VICTUS\Downloads\Research\outputs\NTU_Pose_Output\A009\S011C003P019R001A009.npy
S011C003P019R001A042,NTU,A042,staggering,moderate_risk,127,25,3,"(127, 25, 3)",C:\Users\VICTUS\Downloads\Research\outputs\NTU_Pose_Output\A042\S011C003P019R001A042.npy
S011C003P019R001A043,NTU,A043,falling_down,high_risk,72,25,3,"(72, 25, 3)",C:\Users\VICTUS\Downloads\Research\outputs\NTU_Pose_Output\A043\S011C003P019R001A043.npy
S011C003P019R002A008,NTU,A008,sit_down,low_risk,67,25,3,"(67, 25, 3)",C:\Users\VICTUS\Downloads\Research\outputs\NTU_Pose_Output\A008\S011C003P019R002A008.npy
S011C003P019R002A009,NTU,A009,stand_up,low_risk,75,25,3,"(75, 25, 3)",C:\Users\VICTUS\Downloads\Research\outputs\NTU_Pose_Output\A009\S011C003P019R002A009.npy
S011C003P019R002A042,NTU,A042,staggering,moderate_risk,121,25,3,"(121, 25, 3)",C:\Users\VICTUS\Downloads\Research\outputs\NTU_Pose_Output\A042\S011C003P019R002A042.npy
S011C003P019R002A043,NTU,A043,falling_down,high_risk,74,25,3,"(74, 25, 3)",C:\Users\VICTUS\Downloads\Research\outputs\NTU_Pose_Output\A043\S011C003P019R002A043.npy
S011C003P025R001A008,NTU,A008,sit_down,low_risk,100,25,3,"(100, 25, 3)",C:\Users\VICTUS\Downloads\Research\outputs\NTU_Pose_Output\A008\S011C003P025R001A008.npy
S011C003P025R001A009,NTU,A009,stand_up,low_risk,78,25,3,"(78, 25, 3)",C:\Users\VICTUS\Downloads\Research\outputs\NTU_Pose_Output\A009\S011C003P025R001A009.npy
S011C003P025R001A042,NTU,A042,staggering,moderate_risk,108,25,3,"(108, 25, 3)",C:\Users\VICTUS\Downloads\Research\outputs\NTU_Pose_Output\A042\S011C003P025R001A042.npy
S011C003P025R001A043,NTU,A043,falling_down,high_risk,63,25,3,"(63, 25, 3)",C:\Users\VICTUS\Downloads\Research\outputs\NTU_Pose_Output\A043\S011C003P025R001A043.npy
S011C003P025R002A008,NTU,A008,sit_down,low_risk,97,25,3,"(97, 25, 3)",C:\Users\VICTUS\Downloads\Research\outputs\NTU_Pose_Output\A008\S011C003P025R002A008.npy
S011C003P025R002A009,NTU,A009,stand_up,low_risk,93,25,3,"(93, 25, 3)",C:\Users\VICTUS\Downloads\Research\outputs\NTU_Pose_Output\A009\S011C003P025R002A009.npy
S011C003P025R002A042,NTU,A042,staggering,moderate_risk,101,25,3,"(101, 25, 3)",C:\Users\VICTUS\Downloads\Research\outputs\NTU_Pose_Output\A042\S011C003P025R002A042.npy
S011C003P025R002A043,NTU,A043,falling_down,high_risk,56,25,3,"(56, 25, 3)",C:\Users\VICTUS\Downloads\Research\outputs\NTU_Pose_Output\A043\S011C003P025R002A043.npy
S011C003P027R001A008,NTU,A008,sit_down,low_risk,74,25,3,"(74, 25, 3)",C:\Users\VICTUS\Downloads\Research\outputs\NTU_Pose_Output\A008\S011C003P027R001A008.npy
S011C003P027R001A009,NTU,A009,stand_up,low_risk,74,25,3,"(74, 25, 3)",C:\Users\VICTUS\Downloads\Research\outputs\NTU_Pose_Output\A009\S011C003P027R001A009.npy
S011C003P027R001A042,NTU,A042,staggering,moderate_risk,94,25,3,"(94, 25, 3)",C:\Users\VICTUS\Downloads\Research\outputs\NTU_Pose_Output\A042\S011C003P027R001A042.npy
S011C003P027R001A043,NTU,A043,falling_down,high_risk,64,25,3,"(64, 25, 3)",C:\Users\VICTUS\Downloads\Research\outputs\NTU_Pose_Output\A043\S011C003P027R001A043.npy
S011C003P027R002A008,NTU,A008,sit_down,low_risk,84,25,3,"(84, 25, 3)",C:\Users\VICTUS\Downloads\Research\outputs\NTU_Pose_Output\A008\S011C003P027R002A008.npy
S011C003P027R002A009,NTU,A009,stand_up,low_risk,76,25,3,"(76, 25, 3)",C:\Users\VICTUS\Downloads\Research\outputs\NTU_Pose_Output\A009\S011C003P027R002A009.npy
S011C003P027R002A042,NTU,A042,staggering,moderate_risk,100,25,3,"(100, 25, 3)",C:\Users\VICTUS\Downloads\Research\outputs\NTU_Pose_Output\A042\S011C003P027R002A042.npy
S011C003P027R002A043,NTU,A043,falling_down,high_risk,77,25,3,"(77, 25, 3)",C:\Users\VICTUS\Downloads\Research\outputs\NTU_Pose_Output\A043\S011C003P027R002A043.npy
S011C003P028R001A008,NTU,A008,sit_down,low_risk,77,25,3,"(77, 25, 3)",C:\Users\VICTUS\Downloads\Research\outputs\NTU_Pose_Output\A008\S011C003P028R001A008.npy
S011C003P028R001A009,NTU,A009,stand_up,low_risk,52,25,3,"(52, 25, 3)",C:\Users\VICTUS\Downloads\Research\outputs\NTU_Pose_Output\A009\S011C003P028R001A009.npy
S011C003P028R001A042,NTU,A042,staggering,moderate_risk,95,25,3,"(95, 25, 3)",C:\Users\VICTUS\Downloads\Research\outputs\NTU_Pose_Output\A042\S011C003P028R001A042.npy
S011C003P028R001A043,NTU,A043,falling_down,high_risk,63,25,3,"(63, 25, 3)",C:\Users\VICTUS\Downloads\Research\outputs\NTU_Pose_Output\A043\S011C003P028R001A043.npy
S011C003P028R002A008,NTU,A008,sit_down,low_risk,80,25,3,"(80, 25, 3)",C:\Users\VICTUS\Downloads\Research\outputs\NTU_Pose_Output\A008\S011C003P028R002A008.npy
S011C003P028R002A009,NTU,A009,stand_up,low_risk,64,25,3,"(64, 25, 3)",C:\Users\VICTUS\Downloads\Research\outputs\NTU_Pose_Output\A009\S011C003P028R002A009.npy
S011C003P028R002A042,NTU,A042,staggering,moderate_risk,103,25,3,"(103, 25, 3)",C:\Users\VICTUS\Downloads\Research\outputs\NTU_Pose_Output\A042\S011C003P028R002A042.npy
S011C003P028R002A043,NTU,A043,falling_down,high_risk,64,25,3,"(64, 25, 3)",C:\Users\VICTUS\Downloads\Research\outputs\NTU_Pose_Output\A043\S011C003P028R002A043.npy
S011C003P038R001A008,NTU,A008,sit_down,low_risk,75,25,3,"(75, 25, 3)",C:\Users\VICTUS\Downloads\Research\outputs\NTU_Pose_Output\A008\S011C003P038R001A008.npy
S011C003P038R001A009,NTU,A009,stand_up,low_risk,76,25,3,"(76, 25, 3)",C:\Users\VICTUS\Downloads\Research\outputs\NTU_Pose_Output\A009\S011C003P038R001A009.npy
S011C003P038R001A042,NTU,A042,staggering,moderate_risk,109,25,3,"(109, 25, 3)",C:\Users\VICTUS\Downloads\Research\outputs\NTU_Pose_Output\A042\S011C003P038R001A042.npy
S011C003P038R001A043,NTU,A043,falling_down,high_risk,53,25,3,"(53, 25, 3)",C:\Users\VICTUS\Downloads\Research\outputs\NTU_Pose_Output\A043\S011C003P038R001A043.npy
S011C003P038R002A008,NTU,A008,sit_down,low_risk,109,25,3,"(109, 25, 3)",C:\Users\VICTUS\Downloads\Research\outputs\NTU_Pose_Output\A008\S011C003P038R002A008.npy
S011C003P038R002A009,NTU,A009,stand_up,low_risk,65,25,3,"(65, 25, 3)",C:\Users\VICTUS\Downloads\Research\outputs\NTU_Pose_Output\A009\S011C003P038R002A009.npy
S011C003P038R002A042,NTU,A042,staggering,moderate_risk,102,25,3,"(102, 25, 3)",C:\Users\VICTUS\Downloads\Research\outputs\NTU_Pose_Output\A042\S011C003P038R002A042.npy
S011C003P038R002A043,NTU,A043,falling_down,high_risk,56,25,3,"(56, 25, 3)",C:\Users\VICTUS\Downloads\Research\outputs\NTU_Pose_Output\A043\S011C003P038R002A043.npy
S012C001P007R001A008,NTU,A008,sit_down,low_risk,86,25,3,"(86, 25, 3)",C:\Users\VICTUS\Downloads\Research\outputs\NTU_Pose_Output\A008\S012C001P007R001A008.npy
S012C001P007R001A009,NTU,A009,stand_up,low_risk,54,25,3,"(54, 25, 3)",C:\Users\VICTUS\Downloads\Research\outputs\NTU_Pose_Output\A009\S012C001P007R001A009.npy
S012C001P007R001A042,NTU,A042,staggering,moderate_risk,98,25,3,"(98, 25, 3)",C:\Users\VICTUS\Downloads\Research\outputs\NTU_Pose_Output\A042\S012C001P007R001A042.npy
S012C001P007R001A043,NTU,A043,falling_down,high_risk,59,25,3,"(59, 25, 3)",C:\Users\VICTUS\Downloads\Research\outputs\NTU_Pose_Output\A043\S012C001P007R001A043.npy
S012C001P007R002A008,NTU,A008,sit_down,low_risk,77,25,3,"(77, 25, 3)",C:\Users\VICTUS\Downloads\Research\outputs\NTU_Pose_Output\A008\S012C001P007R002A008.npy
S012C001P007R002A009,NTU,A009,stand_up,low_risk,60,25,3,"(60, 25, 3)",C:\Users\VICTUS\Downloads\Research\outputs\NTU_Pose_Output\A009\S012C001P007R002A009.npy
S012C001P007R002A042,NTU,A042,staggering,moderate_risk,143,25,3,"(143, 25, 3)",C:\Users\VICTUS\Downloads\Research\outputs\NTU_Pose_Output\A042\S012C001P007R002A042.npy
S012C001P007R002A043,NTU,A043,falling_down,high_risk,67,25,3,"(67, 25, 3)",C:\Users\VICTUS\Downloads\Research\outputs\NTU_Pose_Output\A043\S012C001P007R002A043.npy
S012C001P008R001A008,NTU,A008,sit_down,low_risk,97,25,3,"(97, 25, 3)",C:\Users\VICTUS\Downloads\Research\outputs\NTU_Pose_Output\A008\S012C001P008R001A008.npy
S012C001P008R001A009,NTU,A009,stand_up,low_risk,80,25,3,"(80, 25, 3)",C:\Users\VICTUS\Downloads\Research\outputs\NTU_Pose_Output\A009\S012C001P008R001A009.npy
S012C001P008R001A042,NTU,A042,staggering,moderate_risk,158,25,3,"(158, 25, 3)",C:\Users\VICTUS\Downloads\Research\outputs\NTU_Pose_Output\A042\S012C001P008R001A042.npy
S012C001P008R001A043,NTU,A043,falling_down,high_risk,77,25,3,"(77, 25, 3)",C:\Users\VICTUS\Downloads\Research\outputs\NTU_Pose_Output\A043\S012C001P008R001A043.npy
S012C001P008R002A008,NTU,A008,sit_down,low_risk,93,25,3,"(93, 25, 3)",C:\Users\VICTUS\Downloads\Research\outputs\NTU_Pose_Output\A008\S012C001P008R002A008.npy
S012C001P008R002A009,NTU,A009,stand_up,low_risk,66,25,3,"(66, 25, 3)",C:\Users\VICTUS\Downloads\Research\outputs\NTU_Pose_Output\A009\S012C001P008R002A009.npy
S012C001P008R002A042,NTU,A042,staggering,moderate_risk,163,25,3,"(163, 25, 3)",C:\Users\VICTUS\Downloads\Research\outputs\NTU_Pose_Output\A042\S012C001P008R002A042.npy
S012C001P008R002A043,NTU,A043,falling_down,high_risk,74,25,3,"(74, 25, 3)",C:\Users\VICTUS\Downloads\Research\outputs\NTU_Pose_Output\A043\S012C001P008R002A043.npy
S012C001P015R001A008,NTU,A008,sit_down,low_risk,67,25,3,"(67, 25, 3)",C:\Users\VICTUS\Downloads\Research\outputs\NTU_Pose_Output\A008\S012C001P015R001A008.npy
S012C001P015R001A009,NTU,A009,stand_up,low_risk,61,25,3,"(61, 25, 3)",C:\Users\VICTUS\Downloads\Research\outputs\NTU_Pose_Output\A009\S012C001P015R001A009.npy
S012C001P015R001A042,NTU,A042,staggering,moderate_risk,94,25,3,"(94, 25, 3)",C:\Users\VICTUS\Downloads\Research\outputs\NTU_Pose_Output\A042\S012C001P015R001A042.npy
S012C001P015R001A043,NTU,A043,falling_down,high_risk,45,25,3,"(45, 25, 3)",C:\Users\VICTUS\Downloads\Research\outputs\NTU_Pose_Output\A043\S012C001P015R001A043.npy
S012C001P015R002A008,NTU,A008,sit_down,low_risk,60,25,3,"(60, 25, 3)",C:\Users\VICTUS\Downloads\Research\outputs\NTU_Pose_Output\A008\S012C001P015R002A008.npy
S012C001P015R002A009,NTU,A009,stand_up,low_risk,51,25,3,"(51, 25, 3)",C:\Users\VICTUS\Downloads\Research\outputs\NTU_Pose_Output\A009\S012C001P015R002A009.npy
S012C001P015R002A042,NTU,A042,staggering,moderate_risk,97,25,3,"(97, 25, 3)",C:\Users\VICTUS\Downloads\Research\outputs\NTU_Pose_Output\A042\S012C001P015R002A042.npy
S012C001P015R002A043,NTU,A043,falling_down,high_risk,51,25,3,"(51, 25, 3)",C:\Users\VICTUS\Downloads\Research\outputs\NTU_Pose_Output\A043\S012C001P015R002A043.npy
S012C001P016R001A008,NTU,A008,sit_down,low_risk,75,25,3,"(75, 25, 3)",C:\Users\VICTUS\Downloads\Research\outputs\NTU_Pose_Output\A008\S012C001P016R001A008.npy
S012C001P016R001A009,NTU,A009,stand_up,low_risk,82,25,3,"(82, 25, 3)",C:\Users\VICTUS\Downloads\Research\outputs\NTU_Pose_Output\A009\S012C001P016R001A009.npy
S012C001P016R001A042,NTU,A042,staggering,moderate_risk,118,25,3,"(118, 25, 3)",C:\Users\VICTUS\Downloads\Research\outputs\NTU_Pose_Output\A042\S012C001P016R001A042.npy
S012C001P016R001A043,NTU,A043,falling_down,high_risk,54,25,3,"(54, 25, 3)",C:\Users\VICTUS\Downloads\Research\outputs\NTU_Pose_Output\A043\S012C001P016R001A043.npy
S012C001P016R002A008,NTU,A008,sit_down,low_risk,85,25,3,"(85, 25, 3)",C:\Users\VICTUS\Downloads\Research\outputs\NTU_Pose_Output\A008\S012C001P016R002A008.npy
S012C001P016R002A009,NTU,A009,stand_up,low_risk,73,25,3,"(73, 25, 3)",C:\Users\VICTUS\Downloads\Research\outputs\NTU_Pose_Output\A009\S012C001P016R002A009.npy
S012C001P016R002A042,NTU,A042,staggering,moderate_risk,130,25,3,"(130, 25, 3)",C:\Users\VICTUS\Downloads\Research\outputs\NTU_Pose_Output\A042\S012C001P016R002A042.npy
S012C001P016R002A043,NTU,A043,falling_down,high_risk,63,25,3,"(63, 25, 3)",C:\Users\VICTUS\Downloads\Research\outputs\NTU_Pose_Output\A043\S012C001P016R002A043.npy
S012C001P017R001A008,NTU,A008,sit_down,low_risk,82,25,3,"(82, 25, 3)",C:\Users\VICTUS\Downloads\Research\outputs\NTU_Pose_Output\A008\S012C001P017R001A008.npy
S012C001P017R001A009,NTU,A009,stand_up,low_risk,78,25,3,"(78, 25, 3)",C:\Users\VICTUS\Downloads\Research\outputs\NTU_Pose_Output\A009\S012C001P017R001A009.npy
S012C001P017R001A042,NTU,A042,staggering,moderate_risk,111,25,3,"(111, 25, 3)",C:\Users\VICTUS\Downloads\Research\outputs\NTU_Pose_Output\A042\S012C001P017R001A042.npy
S012C001P017R001A043,NTU,A043,falling_down,high_risk,60,25,3,"(60, 25, 3)",C:\Users\VICTUS\Downloads\Research\outputs\NTU_Pose_Output\A043\S012C001P017R001A043.npy
S012C001P017R002A008,NTU,A008,sit_down,low_risk,102,25,3,"(102, 25, 3)",C:\Users\VICTUS\Downloads\Research\outputs\NTU_Pose_Output\A008\S012C001P017R002A008.npy
S012C001P017R002A009,NTU,A009,stand_up,low_risk,70,25,3,"(70, 25, 3)",C:\Users\VICTUS\Downloads\Research\outputs\NTU_Pose_Output\A009\S012C001P017R002A009.npy
S012C001P017R002A042,NTU,A042,staggering,moderate_risk,146,25,3,"(146, 25, 3)",C:\Users\VICTUS\Downloads\Research\outputs\NTU_Pose_Output\A042\S012C001P017R002A042.npy
S012C001P017R002A043,NTU,A043,falling_down,high_risk,57,25,3,"(57, 25, 3)",C:\Users\VICTUS\Downloads\Research\outputs\NTU_Pose_Output\A043\S012C001P017R002A043.npy
S012C001P018R001A008,NTU,A008,sit_down,low_risk,65,25,3,"(65, 25, 3)",C:\Users\VICTUS\Downloads\Research\outputs\NTU_Pose_Output\A008\S012C001P018R001A008.npy
S012C001P018R001A009,NTU,A009,stand_up,low_risk,47,25,3,"(47, 25, 3)",C:\Users\VICTUS\Downloads\Research\outputs\NTU_Pose_Output\A009\S012C001P018R001A009.npy
S012C001P018R001A042,NTU,A042,staggering,moderate_risk,86,25,3,"(86, 25, 3)",C:\Users\VICTUS\Downloads\Research\outputs\NTU_Pose_Output\A042\S012C001P018R001A042.npy
S012C001P018R001A043,NTU,A043,falling_down,high_risk,48,25,3,"(48, 25, 3)",C:\Users\VICTUS\Downloads\Research\outputs\NTU_Pose_Output\A043\S012C001P018R001A043.npy
S012C001P018R002A008,NTU,A008,sit_down,low_risk,47,25,3,"(47, 25, 3)",C:\Users\VICTUS\Downloads\Research\outputs\NTU_Pose_Output\A008\S012C001P018R002A008.npy
S012C001P018R002A009,NTU,A009,stand_up,low_risk,48,25,3,"(48, 25, 3)",C:\Users\VICTUS\Downloads\Research\outputs\NTU_Pose_Output\A009\S012C001P018R002A009.npy
S012C001P018R002A042,NTU,A042,staggering,moderate_risk,90,25,3,"(90, 25, 3)",C:\Users\VICTUS\Downloads\Research\outputs\NTU_Pose_Output\A042\S012C001P018R002A042.npy
S012C001P018R002A043,NTU,A043,falling_down,high_risk,45,25,3,"(45, 25, 3)",C:\Users\VICTUS\Downloads\Research\outputs\NTU_Pose_Output\A043\S012C001P018R002A043.npy
S012C001P019R001A008,NTU,A008,sit_down,low_risk,91,25,3,"(91, 25, 3)",C:\Users\VICTUS\Downloads\Research\outputs\NTU_Pose_Output\A008\S012C001P019R001A008.npy
S012C001P019R001A009,NTU,A009,stand_up,low_risk,67,25,3,"(67, 25, 3)",C:\Users\VICTUS\Downloads\Research\outputs\NTU_Pose_Output\A009\S012C001P019R001A009.npy
S012C001P019R001A042,NTU,A042,staggering,moderate_risk,108,25,3,"(108, 25, 3)",C:\Users\VICTUS\Downloads\Research\outputs\NTU_Pose_Output\A042\S012C001P019R001A042.npy
S012C001P019R001A043,NTU,A043,falling_down,high_risk,64,25,3,"(64, 25, 3)",C:\Users\VICTUS\Downloads\Research\outputs\NTU_Pose_Output\A043\S012C001P019R001A043.npy
S012C001P019R002A008,NTU,A008,sit_down,low_risk,82,25,3,"(82, 25, 3)",C:\Users\VICTUS\Downloads\Research\outputs\NTU_Pose_Output\A008\S012C001P019R002A008.npy
S012C001P019R002A009,NTU,A009,stand_up,low_risk,61,25,3,"(61, 25, 3)",C:\Users\VICTUS\Downloads\Research\outputs\NTU_Pose_Output\A009\S012C001P019R002A009.npy
S012C001P019R002A042,NTU,A042,staggering,moderate_risk,115,25,3,"(115, 25, 3)",C:\Users\VICTUS\Downloads\Research\outputs\NTU_Pose_Output\A042\S012C001P019R002A042.npy
S012C001P019R002A043,NTU,A043,falling_down,high_risk,58,25,3,"(58, 25, 3)",C:\Users\VICTUS\Downloads\Research\outputs\NTU_Pose_Output\A043\S012C001P019R002A043.npy
S012C001P025R001A008,NTU,A008,sit_down,low_risk,75,25,3,"(75, 25, 3)",C:\Users\VICTUS\Downloads\Research\outputs\NTU_Pose_Output\A008\S012C001P025R001A008.npy
S012C001P025R001A009,NTU,A009,stand_up,low_risk,80,25,3,"(80, 25, 3)",C:\Users\VICTUS\Downloads\Research\outputs\NTU_Pose_Output\A009\S012C001P025R001A009.npy
S012C001P025R001A042,NTU,A042,staggering,moderate_risk,91,25,3,"(91, 25, 3)",C:\Users\VICTUS\Downloads\Research\outputs\NTU_Pose_Output\A042\S012C001P025R001A042.npy
S012C001P025R001A043,NTU,A043,falling_down,high_risk,56,25,3,"(56, 25, 3)",C:\Users\VICTUS\Downloads\Research\outputs\NTU_Pose_Output\A043\S012C001P025R001A043.npy
S012C001P025R002A008,NTU,A008,sit_down,low_risk,85,25,3,"(85, 25, 3)",C:\Users\VICTUS\Downloads\Research\outputs\NTU_Pose_Output\A008\S012C001P025R002A008.npy
S012C001P025R002A009,NTU,A009,stand_up,low_risk,93,25,3,"(93, 25, 3)",C:\Users\VICTUS\Downloads\Research\outputs\NTU_Pose_Output\A009\S012C001P025R002A009.npy
S012C001P025R002A042,NTU,A042,staggering,moderate_risk,82,25,3,"(82, 25, 3)",C:\Users\VICTUS\Downloads\Research\outputs\NTU_Pose_Output\A042\S012C001P025R002A042.npy
S012C001P025R002A043,NTU,A043,falling_down,high_risk,61,25,3,"(61, 25, 3)",C:\Users\VICTUS\Downloads\Research\outputs\NTU_Pose_Output\A043\S012C001P025R002A043.npy
S012C001P027R001A008,NTU,A008,sit_down,low_risk,71,25,3,"(71, 25, 3)",C:\Users\VICTUS\Downloads\Research\outputs\NTU_Pose_Output\A008\S012C001P027R001A008.npy
S012C001P027R001A009,NTU,A009,stand_up,low_risk,71,25,3,"(71, 25, 3)",C:\Users\VICTUS\Downloads\Research\outputs\NTU_Pose_Output\A009\S012C001P027R001A009.npy
S012C001P027R001A042,NTU,A042,staggering,moderate_risk,94,25,3,"(94, 25, 3)",C:\Users\VICTUS\Downloads\Research\outputs\NTU_Pose_Output\A042\S012C001P027R001A042.npy
S012C001P027R001A043,NTU,A043,falling_down,high_risk,63,25,3,"(63, 25, 3)",C:\Users\VICTUS\Downloads\Research\outputs\NTU_Pose_Output\A043\S012C001P027R001A043.npy
S012C001P027R002A008,NTU,A008,sit_down,low_risk,67,25,3,"(67, 25, 3)",C:\Users\VICTUS\Downloads\Research\outputs\NTU_Pose_Output\A008\S012C001P027R002A008.npy
S012C001P027R002A009,NTU,A009,stand_up,low_risk,52,25,3,"(52, 25, 3)",C:\Users\VICTUS\Downloads\Research\outputs\NTU_Pose_Output\A009\S012C001P027R002A009.npy
S012C001P027R002A042,NTU,A042,staggering,moderate_risk,94,25,3,"(94, 25, 3)",C:\Users\VICTUS\Downloads\Research\outputs\NTU_Pose_Output\A042\S012C001P027R002A042.npy
S012C001P027R002A043,NTU,A043,falling_down,high_risk,58,25,3,"(58, 25, 3)",C:\Users\VICTUS\Downloads\Research\outputs\NTU_Pose_Output\A043\S012C001P027R002A043.npy
S012C001P028R001A008,NTU,A008,sit_down,low_risk,76,25,3,"(76, 25, 3)",C:\Users\VICTUS\Downloads\Research\outputs\NTU_Pose_Output\A008\S012C001P028R001A008.npy
S012C001P028R001A009,NTU,A009,stand_up,low_risk,82,25,3,"(82, 25, 3)",C:\Users\VICTUS\Downloads\Research\outputs\NTU_Pose_Output\A009\S012C001P028R001A009.npy
S012C001P028R001A042,NTU,A042,staggering,moderate_risk,129,25,3,"(129, 25, 3)",C:\Users\VICTUS\Downloads\Research\outputs\NTU_Pose_Output\A042\S012C001P028R001A042.npy
S012C001P028R001A043,NTU,A043,falling_down,high_risk,57,25,3,"(57, 25, 3)",C:\Users\VICTUS\Downloads\Research\outputs\NTU_Pose_Output\A043\S012C001P028R001A043.npy
S012C001P028R002A008,NTU,A008,sit_down,low_risk,74,25,3,"(74, 25, 3)",C:\Users\VICTUS\Downloads\Research\outputs\NTU_Pose_Output\A008\S012C001P028R002A008.npy
S012C001P028R002A009,NTU,A009,stand_up,low_risk,57,25,3,"(57, 25, 3)",C:\Users\VICTUS\Downloads\Research\outputs\NTU_Pose_Output\A009\S012C001P028R002A009.npy
S012C001P028R002A042,NTU,A042,staggering,moderate_risk,116,25,3,"(116, 25, 3)",C:\Users\VICTUS\Downloads\Research\outputs\NTU_Pose_Output\A042\S012C001P028R002A042.npy
S012C001P028R002A043,NTU,A043,falling_down,high_risk,50,25,3,"(50, 25, 3)",C:\Users\VICTUS\Downloads\Research\outputs\NTU_Pose_Output\A043\S012C001P028R002A043.npy
S012C001P037R001A008,NTU,A008,sit_down,low_risk,60,25,3,"(60, 25, 3)",C:\Users\VICTUS\Downloads\Research\outputs\NTU_Pose_Output\A008\S012C001P037R001A008.npy
S012C001P037R001A009,NTU,A009,stand_up,low_risk,53,25,3,"(53, 25, 3)",C:\Users\VICTUS\Downloads\Research\outputs\NTU_Pose_Output\A009\S012C001P037R001A009.npy
S012C001P037R001A042,NTU,A042,staggering,moderate_risk,147,25,3,"(147, 25, 3)",C:\Users\VICTUS\Downloads\Research\outputs\NTU_Pose_Output\A042\S012C001P037R001A042.npy
S012C001P037R001A043,NTU,A043,falling_down,high_risk,69,25,3,"(69, 25, 3)",C:\Users\VICTUS\Downloads\Research\outputs\NTU_Pose_Output\A043\S012C001P037R001A043.npy
S012C001P037R002A008,NTU,A008,sit_down,low_risk,63,25,3,"(63, 25, 3)",C:\Users\VICTUS\Downloads\Research\outputs\NTU_Pose_Output\A008\S012C001P037R002A008.npy
S012C001P037R002A009,NTU,A009,stand_up,low_risk,62,25,3,"(62, 25, 3)",C:\Users\VICTUS\Downloads\Research\outputs\NTU_Pose_Output\A009\S012C001P037R002A009.npy
S012C001P037R002A042,NTU,A042,staggering,moderate_risk,99,25,3,"(99, 25, 3)",C:\Users\VICTUS\Downloads\Research\outputs\NTU_Pose_Output\A042\S012C001P037R002A042.npy
S012C001P037R002A043,NTU,A043,falling_down,high_risk,50,25,3,"(50, 25, 3)",C:\Users\VICTUS\Downloads\Research\outputs\NTU_Pose_Output\A043\S012C001P037R002A043.npy
S012C002P007R001A008,NTU,A008,sit_down,low_risk,85,25,3,"(85, 25, 3)",C:\Users\VICTUS\Downloads\Research\outputs\NTU_Pose_Output\A008\S012C002P007R001A008.npy
S012C002P007R001A009,NTU,A009,stand_up,low_risk,54,25,3,"(54, 25, 3)",C:\Users\VICTUS\Downloads\Research\outputs\NTU_Pose_Output\A009\S012C002P007R001A009.npy
S012C002P007R001A042,NTU,A042,staggering,moderate_risk,98,25,3,"(98, 25, 3)",C:\Users\VICTUS\Downloads\Research\outputs\NTU_Pose_Output\A042\S012C002P007R001A042.npy
S012C002P007R001A043,NTU,A043,falling_down,high_risk,59,25,3,"(59, 25, 3)",C:\Users\VICTUS\Downloads\Research\outputs\NTU_Pose_Output\A043\S012C002P007R001A043.npy
S012C002P007R002A008,NTU,A008,sit_down,low_risk,78,25,3,"(78, 25, 3)",C:\Users\VICTUS\Downloads\Research\outputs\NTU_Pose_Output\A008\S012C002P007R002A008.npy
S012C002P007R002A009,NTU,A009,stand_up,low_risk,59,25,3,"(59, 25, 3)",C:\Users\VICTUS\Downloads\Research\outputs\NTU_Pose_Output\A009\S012C002P007R002A009.npy
S012C002P007R002A042,NTU,A042,staggering,moderate_risk,143,25,3,"(143, 25, 3)",C:\Users\VICTUS\Downloads\Research\outputs\NTU_Pose_Output\A042\S012C002P007R002A042.npy
S012C002P007R002A043,NTU,A043,falling_down,high_risk,67,25,3,"(67, 25, 3)",C:\Users\VICTUS\Downloads\Research\outputs\NTU_Pose_Output\A043\S012C002P007R002A043.npy
S012C002P008R001A008,NTU,A008,sit_down,low_risk,96,25,3,"(96, 25, 3)",C:\Users\VICTUS\Downloads\Research\outputs\NTU_Pose_Output\A008\S012C002P008R001A008.npy
S012C002P008R001A009,NTU,A009,stand_up,low_risk,79,25,3,"(79, 25, 3)",C:\Users\VICTUS\Downloads\Research\outputs\NTU_Pose_Output\A009\S012C002P008R001A009.npy
S012C002P008R001A042,NTU,A042,staggering,moderate_risk,160,25,3,"(160, 25, 3)",C:\Users\VICTUS\Downloads\Research\outputs\NTU_Pose_Output\A042\S012C002P008R001A042.npy
S012C002P008R001A043,NTU,A043,falling_down,high_risk,77,25,3,"(77, 25, 3)",C:\Users\VICTUS\Downloads\Research\outputs\NTU_Pose_Output\A043\S012C002P008R001A043.npy
S012C002P008R002A008,NTU,A008,sit_down,low_risk,92,25,3,"(92, 25, 3)",C:\Users\VICTUS\Downloads\Research\outputs\NTU_Pose_Output\A008\S012C002P008R002A008.npy
S012C002P008R002A009,NTU,A009,stand_up,low_risk,66,25,3,"(66, 25, 3)",C:\Users\VICTUS\Downloads\Research\outputs\NTU_Pose_Output\A009\S012C002P008R002A009.npy
S012C002P008R002A042,NTU,A042,staggering,moderate_risk,165,25,3,"(165, 25, 3)",C:\Users\VICTUS\Downloads\Research\outputs\NTU_Pose_Output\A042\S012C002P008R002A042.npy
S012C002P008R002A043,NTU,A043,falling_down,high_risk,74,25,3,"(74, 25, 3)",C:\Users\VICTUS\Downloads\Research\outputs\NTU_Pose_Output\A043\S012C002P008R002A043.npy
S012C002P015R001A008,NTU,A008,sit_down,low_risk,66,25,3,"(66, 25, 3)",C:\Users\VICTUS\Downloads\Research\outputs\NTU_Pose_Output\A008\S012C002P015R001A008.npy
S012C002P015R001A009,NTU,A009,stand_up,low_risk,61,25,3,"(61, 25, 3)",C:\Users\VICTUS\Downloads\Research\outputs\NTU_Pose_Output\A009\S012C002P015R001A009.npy
S012C002P015R001A042,NTU,A042,staggering,moderate_risk,93,25,3,"(93, 25, 3)",C:\Users\VICTUS\Downloads\Research\outputs\NTU_Pose_Output\A042\S012C002P015R001A042.npy
S012C002P015R001A043,NTU,A043,falling_down,high_risk,44,25,3,"(44, 25, 3)",C:\Users\VICTUS\Downloads\Research\outputs\NTU_Pose_Output\A043\S012C002P015R001A043.npy
S012C002P015R002A008,NTU,A008,sit_down,low_risk,60,25,3,"(60, 25, 3)",C:\Users\VICTUS\Downloads\Research\outputs\NTU_Pose_Output\A008\S012C002P015R002A008.npy
S012C002P015R002A009,NTU,A009,stand_up,low_risk,50,25,3,"(50, 25, 3)",C:\Users\VICTUS\Downloads\Research\outputs\NTU_Pose_Output\A009\S012C002P015R002A009.npy
S012C002P015R002A042,NTU,A042,staggering,moderate_risk,97,25,3,"(97, 25, 3)",C:\Users\VICTUS\Downloads\Research\outputs\NTU_Pose_Output\A042\S012C002P015R002A042.npy
S012C002P015R002A043,NTU,A043,falling_down,high_risk,51,25,3,"(51, 25, 3)",C:\Users\VICTUS\Downloads\Research\outputs\NTU_Pose_Output\A043\S012C002P015R002A043.npy
S012C002P016R001A008,NTU,A008,sit_down,low_risk,74,25,3,"(74, 25, 3)",C:\Users\VICTUS\Downloads\Research\outputs\NTU_Pose_Output\A008\S012C002P016R001A008.npy
S012C002P016R001A009,NTU,A009,stand_up,low_risk,82,25,3,"(82, 25, 3)",C:\Users\VICTUS\Downloads\Research\outputs\NTU_Pose_Output\A009\S012C002P016R001A009.npy
S012C002P016R001A042,NTU,A042,staggering,moderate_risk,118,25,3,"(118, 25, 3)",C:\Users\VICTUS\Downloads\Research\outputs\NTU_Pose_Output\A042\S012C002P016R001A042.npy
S012C002P016R001A043,NTU,A043,falling_down,high_risk,54,25,3,"(54, 25, 3)",C:\Users\VICTUS\Downloads\Research\outputs\NTU_Pose_Output\A043\S012C002P016R001A043.npy
S012C002P016R002A008,NTU,A008,sit_down,low_risk,84,25,3,"(84, 25, 3)",C:\Users\VICTUS\Downloads\Research\outputs\NTU_Pose_Output\A008\S012C002P016R002A008.npy
S012C002P016R002A009,NTU,A009,stand_up,low_risk,73,25,3,"(73, 25, 3)",C:\Users\VICTUS\Downloads\Research\outputs\NTU_Pose_Output\A009\S012C002P016R002A009.npy
S012C002P016R002A042,NTU,A042,staggering,moderate_risk,129,25,3,"(129, 25, 3)",C:\Users\VICTUS\Downloads\Research\outputs\NTU_Pose_Output\A042\S012C002P016R002A042.npy
S012C002P016R002A043,NTU,A043,falling_down,high_risk,64,25,3,"(64, 25, 3)",C:\Users\VICTUS\Downloads\Research\outputs\NTU_Pose_Output\A043\S012C002P016R002A043.npy
S012C002P017R001A008,NTU,A008,sit_down,low_risk,81,25,3,"(81, 25, 3)",C:\Users\VICTUS\Downloads\Research\outputs\NTU_Pose_Output\A008\S012C002P017R001A008.npy
S012C002P017R001A009,NTU,A009,stand_up,low_risk,77,25,3,"(77, 25, 3)",C:\Users\VICTUS\Downloads\Research\outputs\NTU_Pose_Output\A009\S012C002P017R001A009.npy
S012C002P017R001A042,NTU,A042,staggering,moderate_risk,111,25,3,"(111, 25, 3)",C:\Users\VICTUS\Downloads\Research\outputs\NTU_Pose_Output\A042\S012C002P017R001A042.npy
S012C002P017R001A043,NTU,A043,falling_down,high_risk,61,25,3,"(61, 25, 3)",C:\Users\VICTUS\Downloads\Research\outputs\NTU_Pose_Output\A043\S012C002P017R001A043.npy
S012C002P017R002A008,NTU,A008,sit_down,low_risk,102,25,3,"(102, 25, 3)",C:\Users\VICTUS\Downloads\Research\outputs\NTU_Pose_Output\A008\S012C002P017R002A008.npy
S012C002P017R002A009,NTU,A009,stand_up,low_risk,70,25,3,"(70, 25, 3)",C:\Users\VICTUS\Downloads\Research\outputs\NTU_Pose_Output\A009\S012C002P017R002A009.npy
S012C002P017R002A042,NTU,A042,staggering,moderate_risk,146,25,3,"(146, 25, 3)",C:\Users\VICTUS\Downloads\Research\outputs\NTU_Pose_Output\A042\S012C002P017R002A042.npy
S012C002P017R002A043,NTU,A043,falling_down,high_risk,57,25,3,"(57, 25, 3)",C:\Users\VICTUS\Downloads\Research\outputs\NTU_Pose_Output\A043\S012C002P017R002A043.npy
S012C002P018R001A008,NTU,A008,sit_down,low_risk,66,25,3,"(66, 25, 3)",C:\Users\VICTUS\Downloads\Research\outputs\NTU_Pose_Output\A008\S012C002P018R001A008.npy
S012C002P018R001A009,NTU,A009,stand_up,low_risk,47,25,3,"(47, 25, 3)",C:\Users\VICTUS\Downloads\Research\outputs\NTU_Pose_Output\A009\S012C002P018R001A009.npy
S012C002P018R001A042,NTU,A042,staggering,moderate_risk,87,25,3,"(87, 25, 3)",C:\Users\VICTUS\Downloads\Research\outputs\NTU_Pose_Output\A042\S012C002P018R001A042.npy
S012C002P018R001A043,NTU,A043,falling_down,high_risk,48,25,3,"(48, 25, 3)",C:\Users\VICTUS\Downloads\Research\outputs\NTU_Pose_Output\A043\S012C002P018R001A043.npy
S012C002P018R002A008,NTU,A008,sit_down,low_risk,47,25,3,"(47, 25, 3)",C:\Users\VICTUS\Downloads\Research\outputs\NTU_Pose_Output\A008\S012C002P018R002A008.npy
S012C002P018R002A009,NTU,A009,stand_up,low_risk,48,25,3,"(48, 25, 3)",C:\Users\VICTUS\Downloads\Research\outputs\NTU_Pose_Output\A009\S012C002P018R002A009.npy
S012C002P018R002A042,NTU,A042,staggering,moderate_risk,90,25,3,"(90, 25, 3)",C:\Users\VICTUS\Downloads\Research\outputs\NTU_Pose_Output\A042\S012C002P018R002A042.npy
S012C002P018R002A043,NTU,A043,falling_down,high_risk,46,25,3,"(46, 25, 3)",C:\Users\VICTUS\Downloads\Research\outputs\NTU_Pose_Output\A043\S012C002P018R002A043.npy
S012C002P019R001A008,NTU,A008,sit_down,low_risk,91,25,3,"(91, 25, 3)",C:\Users\VICTUS\Downloads\Research\outputs\NTU_Pose_Output\A008\S012C002P019R001A008.npy
S012C002P019R001A009,NTU,A009,stand_up,low_risk,67,25,3,"(67, 25, 3)",C:\Users\VICTUS\Downloads\Research\outputs\NTU_Pose_Output\A009\S012C002P019R001A009.npy
S012C002P019R001A042,NTU,A042,staggering,moderate_risk,108,25,3,"(108, 25, 3)",C:\Users\VICTUS\Downloads\Research\outputs\NTU_Pose_Output\A042\S012C002P019R001A042.npy
S012C002P019R001A043,NTU,A043,falling_down,high_risk,64,25,3,"(64, 25, 3)",C:\Users\VICTUS\Downloads\Research\outputs\NTU_Pose_Output\A043\S012C002P019R001A043.npy
S012C002P019R002A008,NTU,A008,sit_down,low_risk,82,25,3,"(82, 25, 3)",C:\Users\VICTUS\Downloads\Research\outputs\NTU_Pose_Output\A008\S012C002P019R002A008.npy
S012C002P019R002A009,NTU,A009,stand_up,low_risk,61,25,3,"(61, 25, 3)",C:\Users\VICTUS\Downloads\Research\outputs\NTU_Pose_Output\A009\S012C002P019R002A009.npy
S012C002P019R002A042,NTU,A042,staggering,moderate_risk,116,25,3,"(116, 25, 3)",C:\Users\VICTUS\Downloads\Research\outputs\NTU_Pose_Output\A042\S012C002P019R002A042.npy
S012C002P019R002A043,NTU,A043,falling_down,high_risk,58,25,3,"(58, 25, 3)",C:\Users\VICTUS\Downloads\Research\outputs\NTU_Pose_Output\A043\S012C002P019R002A043.npy
S012C002P025R001A008,NTU,A008,sit_down,low_risk,75,25,3,"(75, 25, 3)",C:\Users\VICTUS\Downloads\Research\outputs\NTU_Pose_Output\A008\S012C002P025R001A008.npy
S012C002P025R001A009,NTU,A009,stand_up,low_risk,78,25,3,"(78, 25, 3)",C:\Users\VICTUS\Downloads\Research\outputs\NTU_Pose_Output\A009\S012C002P025R001A009.npy
S012C002P025R001A042,NTU,A042,staggering,moderate_risk,91,25,3,"(91, 25, 3)",C:\Users\VICTUS\Downloads\Research\outputs\NTU_Pose_Output\A042\S012C002P025R001A042.npy
S012C002P025R001A043,NTU,A043,falling_down,high_risk,55,25,3,"(55, 25, 3)",C:\Users\VICTUS\Downloads\Research\outputs\NTU_Pose_Output\A043\S012C002P025R001A043.npy
S012C002P025R002A008,NTU,A008,sit_down,low_risk,85,25,3,"(85, 25, 3)",C:\Users\VICTUS\Downloads\Research\outputs\NTU_Pose_Output\A008\S012C002P025R002A008.npy
S012C002P025R002A009,NTU,A009,stand_up,low_risk,93,25,3,"(93, 25, 3)",C:\Users\VICTUS\Downloads\Research\outputs\NTU_Pose_Output\A009\S012C002P025R002A009.npy
S012C002P025R002A042,NTU,A042,staggering,moderate_risk,82,25,3,"(82, 25, 3)",C:\Users\VICTUS\Downloads\Research\outputs\NTU_Pose_Output\A042\S012C002P025R002A042.npy
S012C002P025R002A043,NTU,A043,falling_down,high_risk,61,25,3,"(61, 25, 3)",C:\Users\VICTUS\Downloads\Research\outputs\NTU_Pose_Output\A043\S012C002P025R002A043.npy
S012C002P027R001A008,NTU,A008,sit_down,low_risk,70,25,3,"(70, 25, 3)",C:\Users\VICTUS\Downloads\Research\outputs\NTU_Pose_Output\A008\S012C002P027R001A008.npy
S012C002P027R001A009,NTU,A009,stand_up,low_risk,71,25,3,"(71, 25, 3)",C:\Users\VICTUS\Downloads\Research\outputs\NTU_Pose_Output\A009\S012C002P027R001A009.npy
S012C002P027R001A042,NTU,A042,staggering,moderate_risk,95,25,3,"(95, 25, 3)",C:\Users\VICTUS\Downloads\Research\outputs\NTU_Pose_Output\A042\S012C002P027R001A042.npy
S012C002P027R001A043,NTU,A043,falling_down,high_risk,64,25,3,"(64, 25, 3)",C:\Users\VICTUS\Downloads\Research\outputs\NTU_Pose_Output\A043\S012C002P027R001A043.npy
S012C002P027R002A008,NTU,A008,sit_down,low_risk,68,25,3,"(68, 25, 3)",C:\Users\VICTUS\Downloads\Research\outputs\NTU_Pose_Output\A008\S012C002P027R002A008.npy
S012C002P027R002A009,NTU,A009,stand_up,low_risk,52,25,3,"(52, 25, 3)",C:\Users\VICTUS\Downloads\Research\outputs\NTU_Pose_Output\A009\S012C002P027R002A009.npy
S012C002P027R002A042,NTU,A042,staggering,moderate_risk,93,25,3,"(93, 25, 3)",C:\Users\VICTUS\Downloads\Research\outputs\NTU_Pose_Output\A042\S012C002P027R002A042.npy
S012C002P027R002A043,NTU,A043,falling_down,high_risk,59,25,3,"(59, 25, 3)",C:\Users\VICTUS\Downloads\Research\outputs\NTU_Pose_Output\A043\S012C002P027R002A043.npy
S012C002P028R001A008,NTU,A008,sit_down,low_risk,75,25,3,"(75, 25, 3)",C:\Users\VICTUS\Downloads\Research\outputs\NTU_Pose_Output\A008\S012C002P028R001A008.npy
S012C002P028R001A009,NTU,A009,stand_up,low_risk,81,25,3,"(81, 25, 3)",C:\Users\VICTUS\Downloads\Research\outputs\NTU_Pose_Output\A009\S012C002P028R001A009.npy
S012C002P028R001A042,NTU,A042,staggering,moderate_risk,130,25,3,"(130, 25, 3)",C:\Users\VICTUS\Downloads\Research\outputs\NTU_Pose_Output\A042\S012C002P028R001A042.npy
S012C002P028R001A043,NTU,A043,falling_down,high_risk,57,25,3,"(57, 25, 3)",C:\Users\VICTUS\Downloads\Research\outputs\NTU_Pose_Output\A043\S012C002P028R001A043.npy
S012C002P028R002A008,NTU,A008,sit_down,low_risk,75,25,3,"(75, 25, 3)",C:\Users\VICTUS\Downloads\Research\outputs\NTU_Pose_Output\A008\S012C002P028R002A008.npy
S012C002P028R002A009,NTU,A009,stand_up,low_risk,55,25,3,"(55, 25, 3)",C:\Users\VICTUS\Downloads\Research\outputs\NTU_Pose_Output\A009\S012C002P028R002A009.npy
S012C002P028R002A042,NTU,A042,staggering,moderate_risk,117,25,3,"(117, 25, 3)",C:\Users\VICTUS\Downloads\Research\outputs\NTU_Pose_Output\A042\S012C002P028R002A042.npy
S012C002P028R002A043,NTU,A043,falling_down,high_risk,50,25,3,"(50, 25, 3)",C:\Users\VICTUS\Downloads\Research\outputs\NTU_Pose_Output\A043\S012C002P028R002A043.npy
S012C002P037R001A008,NTU,A008,sit_down,low_risk,60,25,3,"(60, 25, 3)",C:\Users\VICTUS\Downloads\Research\outputs\NTU_Pose_Output\A008\S012C002P037R001A008.npy
S012C002P037R001A009,NTU,A009,stand_up,low_risk,54,25,3,"(54, 25, 3)",C:\Users\VICTUS\Downloads\Research\outputs\NTU_Pose_Output\A009\S012C002P037R001A009.npy
S012C002P037R001A042,NTU,A042,staggering,moderate_risk,148,25,3,"(148, 25, 3)",C:\Users\VICTUS\Downloads\Research\outputs\NTU_Pose_Output\A042\S012C002P037R001A042.npy
S012C002P037R001A043,NTU,A043,falling_down,high_risk,70,25,3,"(70, 25, 3)",C:\Users\VICTUS\Downloads\Research\outputs\NTU_Pose_Output\A043\S012C002P037R001A043.npy
S012C002P037R002A008,NTU,A008,sit_down,low_risk,62,25,3,"(62, 25, 3)",C:\Users\VICTUS\Downloads\Research\outputs\NTU_Pose_Output\A008\S012C002P037R002A008.npy
S012C002P037R002A009,NTU,A009,stand_up,low_risk,61,25,3,"(61, 25, 3)",C:\Users\VICTUS\Downloads\Research\outputs\NTU_Pose_Output\A009\S012C002P037R002A009.npy
S012C002P037R002A042,NTU,A042,staggering,moderate_risk,99,25,3,"(99, 25, 3)",C:\Users\VICTUS\Downloads\Research\outputs\NTU_Pose_Output\A042\S012C002P037R002A042.npy
S012C002P037R002A043,NTU,A043,falling_down,high_risk,51,25,3,"(51, 25, 3)",C:\Users\VICTUS\Downloads\Research\outputs\NTU_Pose_Output\A043\S012C002P037R002A043.npy
S012C003P007R001A008,NTU,A008,sit_down,low_risk,86,25,3,"(86, 25, 3)",C:\Users\VICTUS\Downloads\Research\outputs\NTU_Pose_Output\A008\S012C003P007R001A008.npy
S012C003P007R001A009,NTU,A009,stand_up,low_risk,54,25,3,"(54, 25, 3)",C:\Users\VICTUS\Downloads\Research\outputs\NTU_Pose_Output\A009\S012C003P007R001A009.npy
S012C003P007R001A042,NTU,A042,staggering,moderate_risk,98,25,3,"(98, 25, 3)",C:\Users\VICTUS\Downloads\Research\outputs\NTU_Pose_Output\A042\S012C003P007R001A042.npy
S012C003P007R001A043,NTU,A043,falling_down,high_risk,60,25,3,"(60, 25, 3)",C:\Users\VICTUS\Downloads\Research\outputs\NTU_Pose_Output\A043\S012C003P007R001A043.npy
S012C003P007R002A008,NTU,A008,sit_down,low_risk,78,25,3,"(78, 25, 3)",C:\Users\VICTUS\Downloads\Research\outputs\NTU_Pose_Output\A008\S012C003P007R002A008.npy
S012C003P007R002A009,NTU,A009,stand_up,low_risk,59,25,3,"(59, 25, 3)",C:\Users\VICTUS\Downloads\Research\outputs\NTU_Pose_Output\A009\S012C003P007R002A009.npy
S012C003P007R002A042,NTU,A042,staggering,moderate_risk,143,25,3,"(143, 25, 3)",C:\Users\VICTUS\Downloads\Research\outputs\NTU_Pose_Output\A042\S012C003P007R002A042.npy
S012C003P007R002A043,NTU,A043,falling_down,high_risk,66,25,3,"(66, 25, 3)",C:\Users\VICTUS\Downloads\Research\outputs\NTU_Pose_Output\A043\S012C003P007R002A043.npy
S012C003P008R001A008,NTU,A008,sit_down,low_risk,97,25,3,"(97, 25, 3)",C:\Users\VICTUS\Downloads\Research\outputs\NTU_Pose_Output\A008\S012C003P008R001A008.npy
S012C003P008R001A009,NTU,A009,stand_up,low_risk,79,25,3,"(79, 25, 3)",C:\Users\VICTUS\Downloads\Research\outputs\NTU_Pose_Output\A009\S012C003P008R001A009.npy
S012C003P008R001A042,NTU,A042,staggering,moderate_risk,159,25,3,"(159, 25, 3)",C:\Users\VICTUS\Downloads\Research\outputs\NTU_Pose_Output\A042\S012C003P008R001A042.npy
S012C003P008R001A043,NTU,A043,falling_down,high_risk,77,25,3,"(77, 25, 3)",C:\Users\VICTUS\Downloads\Research\outputs\NTU_Pose_Output\A043\S012C003P008R001A043.npy
S012C003P008R002A008,NTU,A008,sit_down,low_risk,92,25,3,"(92, 25, 3)",C:\Users\VICTUS\Downloads\Research\outputs\NTU_Pose_Output\A008\S012C003P008R002A008.npy
S012C003P008R002A009,NTU,A009,stand_up,low_risk,66,25,3,"(66, 25, 3)",C:\Users\VICTUS\Downloads\Research\outputs\NTU_Pose_Output\A009\S012C003P008R002A009.npy
S012C003P008R002A042,NTU,A042,staggering,moderate_risk,165,25,3,"(165, 25, 3)",C:\Users\VICTUS\Downloads\Research\outputs\NTU_Pose_Output\A042\S012C003P008R002A042.npy
S012C003P008R002A043,NTU,A043,falling_down,high_risk,74,25,3,"(74, 25, 3)",C:\Users\VICTUS\Downloads\Research\outputs\NTU_Pose_Output\A043\S012C003P008R002A043.npy
S012C003P015R001A008,NTU,A008,sit_down,low_risk,66,25,3,"(66, 25, 3)",C:\Users\VICTUS\Downloads\Research\outputs\NTU_Pose_Output\A008\S012C003P015R001A008.npy
S012C003P015R001A009,NTU,A009,stand_up,low_risk,61,25,3,"(61, 25, 3)",C:\Users\VICTUS\Downloads\Research\outputs\NTU_Pose_Output\A009\S012C003P015R001A009.npy
S012C003P015R001A042,NTU,A042,staggering,moderate_risk,94,25,3,"(94, 25, 3)",C:\Users\VICTUS\Downloads\Research\outputs\NTU_Pose_Output\A042\S012C003P015R001A042.npy
S012C003P015R001A043,NTU,A043,falling_down,high_risk,45,25,3,"(45, 25, 3)",C:\Users\VICTUS\Downloads\Research\outputs\NTU_Pose_Output\A043\S012C003P015R001A043.npy
S012C003P015R002A008,NTU,A008,sit_down,low_risk,60,25,3,"(60, 25, 3)",C:\Users\VICTUS\Downloads\Research\outputs\NTU_Pose_Output\A008\S012C003P015R002A008.npy
S012C003P015R002A009,NTU,A009,stand_up,low_risk,51,25,3,"(51, 25, 3)",C:\Users\VICTUS\Downloads\Research\outputs\NTU_Pose_Output\A009\S012C003P015R002A009.npy
S012C003P015R002A042,NTU,A042,staggering,moderate_risk,98,25,3,"(98, 25, 3)",C:\Users\VICTUS\Downloads\Research\outputs\NTU_Pose_Output\A042\S012C003P015R002A042.npy
S012C003P015R002A043,NTU,A043,falling_down,high_risk,51,25,3,"(51, 25, 3)",C:\Users\VICTUS\Downloads\Research\outputs\NTU_Pose_Output\A043\S012C003P015R002A043.npy
S012C003P016R001A008,NTU,A008,sit_down,low_risk,75,25,3,"(75, 25, 3)",C:\Users\VICTUS\Downloads\Research\outputs\NTU_Pose_Output\A008\S012C003P016R001A008.npy
S012C003P016R001A009,NTU,A009,stand_up,low_risk,82,25,3,"(82, 25, 3)",C:\Users\VICTUS\Downloads\Research\outputs\NTU_Pose_Output\A009\S012C003P016R001A009.npy
S012C003P016R001A042,NTU,A042,staggering,moderate_risk,119,25,3,"(119, 25, 3)",C:\Users\VICTUS\Downloads\Research\outputs\NTU_Pose_Output\A042\S012C003P016R001A042.npy
S012C003P016R001A043,NTU,A043,falling_down,high_risk,55,25,3,"(55, 25, 3)",C:\Users\VICTUS\Downloads\Research\outputs\NTU_Pose_Output\A043\S012C003P016R001A043.npy
S012C003P016R002A008,NTU,A008,sit_down,low_risk,84,25,3,"(84, 25, 3)",C:\Users\VICTUS\Downloads\Research\outputs\NTU_Pose_Output\A008\S012C003P016R002A008.npy
S012C003P016R002A009,NTU,A009,stand_up,low_risk,73,25,3,"(73, 25, 3)",C:\Users\VICTUS\Downloads\Research\outputs\NTU_Pose_Output\A009\S012C003P016R002A009.npy
S012C003P016R002A042,NTU,A042,staggering,moderate_risk,130,25,3,"(130, 25, 3)",C:\Users\VICTUS\Downloads\Research\outputs\NTU_Pose_Output\A042\S012C003P016R002A042.npy
S012C003P016R002A043,NTU,A043,falling_down,high_risk,63,25,3,"(63, 25, 3)",C:\Users\VICTUS\Downloads\Research\outputs\NTU_Pose_Output\A043\S012C003P016R002A043.npy
S012C003P017R001A008,NTU,A008,sit_down,low_risk,83,25,3,"(83, 25, 3)",C:\Users\VICTUS\Downloads\Research\outputs\NTU_Pose_Output\A008\S012C003P017R001A008.npy
S012C003P017R001A009,NTU,A009,stand_up,low_risk,78,25,3,"(78, 25, 3)",C:\Users\VICTUS\Downloads\Research\outputs\NTU_Pose_Output\A009\S012C003P017R001A009.npy
S012C003P017R001A042,NTU,A042,staggering,moderate_risk,110,25,3,"(110, 25, 3)",C:\Users\VICTUS\Downloads\Research\outputs\NTU_Pose_Output\A042\S012C003P017R001A042.npy
S012C003P017R001A043,NTU,A043,falling_down,high_risk,60,25,3,"(60, 25, 3)",C:\Users\VICTUS\Downloads\Research\outputs\NTU_Pose_Output\A043\S012C003P017R001A043.npy
S012C003P017R002A008,NTU,A008,sit_down,low_risk,102,25,3,"(102, 25, 3)",C:\Users\VICTUS\Downloads\Research\outputs\NTU_Pose_Output\A008\S012C003P017R002A008.npy
S012C003P017R002A009,NTU,A009,stand_up,low_risk,70,25,3,"(70, 25, 3)",C:\Users\VICTUS\Downloads\Research\outputs\NTU_Pose_Output\A009\S012C003P017R002A009.npy
S012C003P017R002A042,NTU,A042,staggering,moderate_risk,146,25,3,"(146, 25, 3)",C:\Users\VICTUS\Downloads\Research\outputs\NTU_Pose_Output\A042\S012C003P017R002A042.npy
S012C003P017R002A043,NTU,A043,falling_down,high_risk,57,25,3,"(57, 25, 3)",C:\Users\VICTUS\Downloads\Research\outputs\NTU_Pose_Output\A043\S012C003P017R002A043.npy
S012C003P018R001A008,NTU,A008,sit_down,low_risk,66,25,3,"(66, 25, 3)",C:\Users\VICTUS\Downloads\Research\outputs\NTU_Pose_Output\A008\S012C003P018R001A008.npy
S012C003P018R001A009,NTU,A009,stand_up,low_risk,47,25,3,"(47, 25, 3)",C:\Users\VICTUS\Downloads\Research\outputs\NTU_Pose_Output\A009\S012C003P018R001A009.npy
S012C003P018R001A042,NTU,A042,staggering,moderate_risk,86,25,3,"(86, 25, 3)",C:\Users\VICTUS\Downloads\Research\outputs\NTU_Pose_Output\A042\S012C003P018R001A042.npy
S012C003P018R001A043,NTU,A043,falling_down,high_risk,48,25,3,"(48, 25, 3)",C:\Users\VICTUS\Downloads\Research\outputs\NTU_Pose_Output\A043\S012C003P018R001A043.npy
S012C003P018R002A008,NTU,A008,sit_down,low_risk,47,25,3,"(47, 25, 3)",C:\Users\VICTUS\Downloads\Research\outputs\NTU_Pose_Output\A008\S012C003P018R002A008.npy
S012C003P018R002A009,NTU,A009,stand_up,low_risk,48,25,3,"(48, 25, 3)",C:\Users\VICTUS\Downloads\Research\outputs\NTU_Pose_Output\A009\S012C003P018R002A009.npy
S012C003P018R002A042,NTU,A042,staggering,moderate_risk,90,25,3,"(90, 25, 3)",C:\Users\VICTUS\Downloads\Research\outputs\NTU_Pose_Output\A042\S012C003P018R002A042.npy
S012C003P018R002A043,NTU,A043,falling_down,high_risk,46,25,3,"(46, 25, 3)",C:\Users\VICTUS\Downloads\Research\outputs\NTU_Pose_Output\A043\S012C003P018R002A043.npy
S012C003P019R001A008,NTU,A008,sit_down,low_risk,91,25,3,"(91, 25, 3)",C:\Users\VICTUS\Downloads\Research\outputs\NTU_Pose_Output\A008\S012C003P019R001A008.npy
S012C003P019R001A009,NTU,A009,stand_up,low_risk,66,25,3,"(66, 25, 3)",C:\Users\VICTUS\Downloads\Research\outputs\NTU_Pose_Output\A009\S012C003P019R001A009.npy
S012C003P019R001A042,NTU,A042,staggering,moderate_risk,108,25,3,"(108, 25, 3)",C:\Users\VICTUS\Downloads\Research\outputs\NTU_Pose_Output\A042\S012C003P019R001A042.npy
S012C003P019R001A043,NTU,A043,falling_down,high_risk,63,25,3,"(63, 25, 3)",C:\Users\VICTUS\Downloads\Research\outputs\NTU_Pose_Output\A043\S012C003P019R001A043.npy
S012C003P019R002A008,NTU,A008,sit_down,low_risk,81,25,3,"(81, 25, 3)",C:\Users\VICTUS\Downloads\Research\outputs\NTU_Pose_Output\A008\S012C003P019R002A008.npy
S012C003P019R002A009,NTU,A009,stand_up,low_risk,61,25,3,"(61, 25, 3)",C:\Users\VICTUS\Downloads\Research\outputs\NTU_Pose_Output\A009\S012C003P019R002A009.npy
S012C003P019R002A042,NTU,A042,staggering,moderate_risk,116,25,3,"(116, 25, 3)",C:\Users\VICTUS\Downloads\Research\outputs\NTU_Pose_Output\A042\S012C003P019R002A042.npy
S012C003P019R002A043,NTU,A043,falling_down,high_risk,58,25,3,"(58, 25, 3)",C:\Users\VICTUS\Downloads\Research\outputs\NTU_Pose_Output\A043\S012C003P019R002A043.npy
S012C003P025R001A008,NTU,A008,sit_down,low_risk,75,25,3,"(75, 25, 3)",C:\Users\VICTUS\Downloads\Research\outputs\NTU_Pose_Output\A008\S012C003P025R001A008.npy
S012C003P025R001A009,NTU,A009,stand_up,low_risk,80,25,3,"(80, 25, 3)",C:\Users\VICTUS\Downloads\Research\outputs\NTU_Pose_Output\A009\S012C003P025R001A009.npy
S012C003P025R001A042,NTU,A042,staggering,moderate_risk,92,25,3,"(92, 25, 3)",C:\Users\VICTUS\Downloads\Research\outputs\NTU_Pose_Output\A042\S012C003P025R001A042.npy
S012C003P025R001A043,NTU,A043,falling_down,high_risk,56,25,3,"(56, 25, 3)",C:\Users\VICTUS\Downloads\Research\outputs\NTU_Pose_Output\A043\S012C003P025R001A043.npy
S012C003P025R002A008,NTU,A008,sit_down,low_risk,85,25,3,"(85, 25, 3)",C:\Users\VICTUS\Downloads\Research\outputs\NTU_Pose_Output\A008\S012C003P025R002A008.npy
S012C003P025R002A009,NTU,A009,stand_up,low_risk,92,25,3,"(92, 25, 3)",C:\Users\VICTUS\Downloads\Research\outputs\NTU_Pose_Output\A009\S012C003P025R002A009.npy
S012C003P025R002A042,NTU,A042,staggering,moderate_risk,83,25,3,"(83, 25, 3)",C:\Users\VICTUS\Downloads\Research\outputs\NTU_Pose_Output\A042\S012C003P025R002A042.npy
S012C003P025R002A043,NTU,A043,falling_down,high_risk,61,25,3,"(61, 25, 3)",C:\Users\VICTUS\Downloads\Research\outputs\NTU_Pose_Output\A043\S012C003P025R002A043.npy
S012C003P027R001A008,NTU,A008,sit_down,low_risk,71,25,3,"(71, 25, 3)",C:\Users\VICTUS\Downloads\Research\outputs\NTU_Pose_Output\A008\S012C003P027R001A008.npy
S012C003P027R001A009,NTU,A009,stand_up,low_risk,71,25,3,"(71, 25, 3)",C:\Users\VICTUS\Downloads\Research\outputs\NTU_Pose_Output\A009\S012C003P027R001A009.npy
S012C003P027R001A042,NTU,A042,staggering,moderate_risk,94,25,3,"(94, 25, 3)",C:\Users\VICTUS\Downloads\Research\outputs\NTU_Pose_Output\A042\S012C003P027R001A042.npy
S012C003P027R001A043,NTU,A043,falling_down,high_risk,63,25,3,"(63, 25, 3)",C:\Users\VICTUS\Downloads\Research\outputs\NTU_Pose_Output\A043\S012C003P027R001A043.npy
S012C003P027R002A008,NTU,A008,sit_down,low_risk,67,25,3,"(67, 25, 3)",C:\Users\VICTUS\Downloads\Research\outputs\NTU_Pose_Output\A008\S012C003P027R002A008.npy
S012C003P027R002A009,NTU,A009,stand_up,low_risk,51,25,3,"(51, 25, 3)",C:\Users\VICTUS\Downloads\Research\outputs\NTU_Pose_Output\A009\S012C003P027R002A009.npy
S012C003P027R002A042,NTU,A042,staggering,moderate_risk,93,25,3,"(93, 25, 3)",C:\Users\VICTUS\Downloads\Research\outputs\NTU_Pose_Output\A042\S012C003P027R002A042.npy
S012C003P027R002A043,NTU,A043,falling_down,high_risk,59,25,3,"(59, 25, 3)",C:\Users\VICTUS\Downloads\Research\outputs\NTU_Pose_Output\A043\S012C003P027R002A043.npy
S012C003P028R001A008,NTU,A008,sit_down,low_risk,75,25,3,"(75, 25, 3)",C:\Users\VICTUS\Downloads\Research\outputs\NTU_Pose_Output\A008\S012C003P028R001A008.npy
S012C003P028R001A009,NTU,A009,stand_up,low_risk,82,25,3,"(82, 25, 3)",C:\Users\VICTUS\Downloads\Research\outputs\NTU_Pose_Output\A009\S012C003P028R001A009.npy
S012C003P028R001A042,NTU,A042,staggering,moderate_risk,129,25,3,"(129, 25, 3)",C:\Users\VICTUS\Downloads\Research\outputs\NTU_Pose_Output\A042\S012C003P028R001A042.npy
S012C003P028R001A043,NTU,A043,falling_down,high_risk,58,25,3,"(58, 25, 3)",C:\Users\VICTUS\Downloads\Research\outputs\NTU_Pose_Output\A043\S012C003P028R001A043.npy
S012C003P028R002A008,NTU,A008,sit_down,low_risk,74,25,3,"(74, 25, 3)",C:\Users\VICTUS\Downloads\Research\outputs\NTU_Pose_Output\A008\S012C003P028R002A008.npy
S012C003P028R002A009,NTU,A009,stand_up,low_risk,57,25,3,"(57, 25, 3)",C:\Users\VICTUS\Downloads\Research\outputs\NTU_Pose_Output\A009\S012C003P028R002A009.npy
S012C003P028R002A042,NTU,A042,staggering,moderate_risk,117,25,3,"(117, 25, 3)",C:\Users\VICTUS\Downloads\Research\outputs\NTU_Pose_Output\A042\S012C003P028R002A042.npy
S012C003P028R002A043,NTU,A043,falling_down,high_risk,50,25,3,"(50, 25, 3)",C:\Users\VICTUS\Downloads\Research\outputs\NTU_Pose_Output\A043\S012C003P028R002A043.npy
S012C003P037R001A008,NTU,A008,sit_down,low_risk,60,25,3,"(60, 25, 3)",C:\Users\VICTUS\Downloads\Research\outputs\NTU_Pose_Output\A008\S012C003P037R001A008.npy
S012C003P037R001A009,NTU,A009,stand_up,low_risk,53,25,3,"(53, 25, 3)",C:\Users\VICTUS\Downloads\Research\outputs\NTU_Pose_Output\A009\S012C003P037R001A009.npy
S012C003P037R001A042,NTU,A042,staggering,moderate_risk,147,25,3,"(147, 25, 3)",C:\Users\VICTUS\Downloads\Research\outputs\NTU_Pose_Output\A042\S012C003P037R001A042.npy
S012C003P037R001A043,NTU,A043,falling_down,high_risk,69,25,3,"(69, 25, 3)",C:\Users\VICTUS\Downloads\Research\outputs\NTU_Pose_Output\A043\S012C003P037R001A043.npy
S012C003P037R002A008,NTU,A008,sit_down,low_risk,62,25,3,"(62, 25, 3)",C:\Users\VICTUS\Downloads\Research\outputs\NTU_Pose_Output\A008\S012C003P037R002A008.npy
S012C003P037R002A009,NTU,A009,stand_up,low_risk,61,25,3,"(61, 25, 3)",C:\Users\VICTUS\Downloads\Research\outputs\NTU_Pose_Output\A009\S012C003P037R002A009.npy
S012C003P037R002A042,NTU,A042,staggering,moderate_risk,98,25,3,"(98, 25, 3)",C:\Users\VICTUS\Downloads\Research\outputs\NTU_Pose_Output\A042\S012C003P037R002A042.npy
S012C003P037R002A043,NTU,A043,falling_down,high_risk,51,25,3,"(51, 25, 3)",C:\Users\VICTUS\Downloads\Research\outputs\NTU_Pose_Output\A043\S012C003P037R002A043.npy
S013C001P007R001A008,NTU,A008,sit_down,low_risk,62,25,3,"(62, 25, 3)",C:\Users\VICTUS\Downloads\Research\outputs\NTU_Pose_Output\A008\S013C001P007R001A008.npy
S013C001P007R001A009,NTU,A009,stand_up,low_risk,68,25,3,"(68, 25, 3)",C:\Users\VICTUS\Downloads\Research\outputs\NTU_Pose_Output\A009\S013C001P007R001A009.npy
S013C001P007R001A042,NTU,A042,staggering,moderate_risk,117,25,3,"(117, 25, 3)",C:\Users\VICTUS\Downloads\Research\outputs\NTU_Pose_Output\A042\S013C001P007R001A042.npy
S013C001P007R001A043,NTU,A043,falling_down,high_risk,68,25,3,"(68, 25, 3)",C:\Users\VICTUS\Downloads\Research\outputs\NTU_Pose_Output\A043\S013C001P007R001A043.npy
S013C001P007R002A008,NTU,A008,sit_down,low_risk,92,25,3,"(92, 25, 3)",C:\Users\VICTUS\Downloads\Research\outputs\NTU_Pose_Output\A008\S013C001P007R002A008.npy
S013C001P007R002A009,NTU,A009,stand_up,low_risk,80,25,3,"(80, 25, 3)",C:\Users\VICTUS\Downloads\Research\outputs\NTU_Pose_Output\A009\S013C001P007R002A009.npy
S013C001P007R002A042,NTU,A042,staggering,moderate_risk,97,25,3,"(97, 25, 3)",C:\Users\VICTUS\Downloads\Research\outputs\NTU_Pose_Output\A042\S013C001P007R002A042.npy
S013C001P007R002A043,NTU,A043,falling_down,high_risk,61,25,3,"(61, 25, 3)",C:\Users\VICTUS\Downloads\Research\outputs\NTU_Pose_Output\A043\S013C001P007R002A043.npy
S013C001P008R001A008,NTU,A008,sit_down,low_risk,80,25,3,"(80, 25, 3)",C:\Users\VICTUS\Downloads\Research\outputs\NTU_Pose_Output\A008\S013C001P008R001A008.npy
S013C001P008R001A009,NTU,A009,stand_up,low_risk,61,25,3,"(61, 25, 3)",C:\Users\VICTUS\Downloads\Research\outputs\NTU_Pose_Output\A009\S013C001P008R001A009.npy
S013C001P008R001A042,NTU,A042,staggering,moderate_risk,106,25,3,"(106, 25, 3)",C:\Users\VICTUS\Downloads\Research\outputs\NTU_Pose_Output\A042\S013C001P008R001A042.npy
S013C001P008R001A043,NTU,A043,falling_down,high_risk,51,25,3,"(51, 25, 3)",C:\Users\VICTUS\Downloads\Research\outputs\NTU_Pose_Output\A043\S013C001P008R001A043.npy
S013C001P008R002A008,NTU,A008,sit_down,low_risk,73,25,3,"(73, 25, 3)",C:\Users\VICTUS\Downloads\Research\outputs\NTU_Pose_Output\A008\S013C001P008R002A008.npy
S013C001P008R002A009,NTU,A009,stand_up,low_risk,67,25,3,"(67, 25, 3)",C:\Users\VICTUS\Downloads\Research\outputs\NTU_Pose_Output\A009\S013C001P008R002A009.npy
S013C001P008R002A042,NTU,A042,staggering,moderate_risk,91,25,3,"(91, 25, 3)",C:\Users\VICTUS\Downloads\Research\outputs\NTU_Pose_Output\A042\S013C001P008R002A042.npy
S013C001P008R002A043,NTU,A043,falling_down,high_risk,59,25,3,"(59, 25, 3)",C:\Users\VICTUS\Downloads\Research\outputs\NTU_Pose_Output\A043\S013C001P008R002A043.npy
S013C001P015R001A008,NTU,A008,sit_down,low_risk,51,25,3,"(51, 25, 3)",C:\Users\VICTUS\Downloads\Research\outputs\NTU_Pose_Output\A008\S013C001P015R001A008.npy
S013C001P015R001A009,NTU,A009,stand_up,low_risk,40,25,3,"(40, 25, 3)",C:\Users\VICTUS\Downloads\Research\outputs\NTU_Pose_Output\A009\S013C001P015R001A009.npy
S013C001P015R001A042,NTU,A042,staggering,moderate_risk,77,25,3,"(77, 25, 3)",C:\Users\VICTUS\Downloads\Research\outputs\NTU_Pose_Output\A042\S013C001P015R001A042.npy
S013C001P015R001A043,NTU,A043,falling_down,high_risk,41,25,3,"(41, 25, 3)",C:\Users\VICTUS\Downloads\Research\outputs\NTU_Pose_Output\A043\S013C001P015R001A043.npy
S013C001P015R002A008,NTU,A008,sit_down,low_risk,47,25,3,"(47, 25, 3)",C:\Users\VICTUS\Downloads\Research\outputs\NTU_Pose_Output\A008\S013C001P015R002A008.npy
S013C001P015R002A009,NTU,A009,stand_up,low_risk,40,25,3,"(40, 25, 3)",C:\Users\VICTUS\Downloads\Research\outputs\NTU_Pose_Output\A009\S013C001P015R002A009.npy
S013C001P015R002A042,NTU,A042,staggering,moderate_risk,74,25,3,"(74, 25, 3)",C:\Users\VICTUS\Downloads\Research\outputs\NTU_Pose_Output\A042\S013C001P015R002A042.npy
S013C001P015R002A043,NTU,A043,falling_down,high_risk,40,25,3,"(40, 25, 3)",C:\Users\VICTUS\Downloads\Research\outputs\NTU_Pose_Output\A043\S013C001P015R002A043.npy
S013C001P016R001A008,NTU,A008,sit_down,low_risk,49,25,3,"(49, 25, 3)",C:\Users\VICTUS\Downloads\Research\outputs\NTU_Pose_Output\A008\S013C001P016R001A008.npy
S013C001P016R001A009,NTU,A009,stand_up,low_risk,45,25,3,"(45, 25, 3)",C:\Users\VICTUS\Downloads\Research\outputs\NTU_Pose_Output\A009\S013C001P016R001A009.npy
S013C001P016R001A042,NTU,A042,staggering,moderate_risk,158,25,3,"(158, 25, 3)",C:\Users\VICTUS\Downloads\Research\outputs\NTU_Pose_Output\A042\S013C001P016R001A042.npy
S013C001P016R001A043,NTU,A043,falling_down,high_risk,53,25,3,"(53, 25, 3)",C:\Users\VICTUS\Downloads\Research\outputs\NTU_Pose_Output\A043\S013C001P016R001A043.npy
S013C001P016R002A008,NTU,A008,sit_down,low_risk,65,25,3,"(65, 25, 3)",C:\Users\VICTUS\Downloads\Research\outputs\NTU_Pose_Output\A008\S013C001P016R002A008.npy
S013C001P016R002A009,NTU,A009,stand_up,low_risk,53,25,3,"(53, 25, 3)",C:\Users\VICTUS\Downloads\Research\outputs\NTU_Pose_Output\A009\S013C001P016R002A009.npy
S013C001P016R002A042,NTU,A042,staggering,moderate_risk,91,25,3,"(91, 25, 3)",C:\Users\VICTUS\Downloads\Research\outputs\NTU_Pose_Output\A042\S013C001P016R002A042.npy
S013C001P016R002A043,NTU,A043,falling_down,high_risk,47,25,3,"(47, 25, 3)",C:\Users\VICTUS\Downloads\Research\outputs\NTU_Pose_Output\A043\S013C001P016R002A043.npy
S013C001P017R001A008,NTU,A008,sit_down,low_risk,70,25,3,"(70, 25, 3)",C:\Users\VICTUS\Downloads\Research\outputs\NTU_Pose_Output\A008\S013C001P017R001A008.npy
S013C001P017R001A009,NTU,A009,stand_up,low_risk,51,25,3,"(51, 25, 3)",C:\Users\VICTUS\Downloads\Research\outputs\NTU_Pose_Output\A009\S013C001P017R001A009.npy
S013C001P017R001A042,NTU,A042,staggering,moderate_risk,166,25,3,"(166, 25, 3)",C:\Users\VICTUS\Downloads\Research\outputs\NTU_Pose_Output\A042\S013C001P017R001A042.npy
S013C001P017R001A043,NTU,A043,falling_down,high_risk,51,25,3,"(51, 25, 3)",C:\Users\VICTUS\Downloads\Research\outputs\NTU_Pose_Output\A043\S013C001P017R001A043.npy
S013C001P017R002A008,NTU,A008,sit_down,low_risk,63,25,3,"(63, 25, 3)",C:\Users\VICTUS\Downloads\Research\outputs\NTU_Pose_Output\A008\S013C001P017R002A008.npy
S013C001P017R002A009,NTU,A009,stand_up,low_risk,47,25,3,"(47, 25, 3)",C:\Users\VICTUS\Downloads\Research\outputs\NTU_Pose_Output\A009\S013C001P017R002A009.npy
S013C001P017R002A042,NTU,A042,staggering,moderate_risk,115,25,3,"(115, 25, 3)",C:\Users\VICTUS\Downloads\Research\outputs\NTU_Pose_Output\A042\S013C001P017R002A042.npy
S013C001P017R002A043,NTU,A043,falling_down,high_risk,45,25,3,"(45, 25, 3)",C:\Users\VICTUS\Downloads\Research\outputs\NTU_Pose_Output\A043\S013C001P017R002A043.npy
S013C001P018R001A008,NTU,A008,sit_down,low_risk,47,25,3,"(47, 25, 3)",C:\Users\VICTUS\Downloads\Research\outputs\NTU_Pose_Output\A008\S013C001P018R001A008.npy
S013C001P018R001A009,NTU,A009,stand_up,low_risk,43,25,3,"(43, 25, 3)",C:\Users\VICTUS\Downloads\Research\outputs\NTU_Pose_Output\A009\S013C001P018R001A009.npy
S013C001P018R001A042,NTU,A042,staggering,moderate_risk,84,25,3,"(84, 25, 3)",C:\Users\VICTUS\Downloads\Research\outputs\NTU_Pose_Output\A042\S013C001P018R001A042.npy
S013C001P018R001A043,NTU,A043,falling_down,high_risk,45,25,3,"(45, 25, 3)",C:\Users\VICTUS\Downloads\Research\outputs\NTU_Pose_Output\A043\S013C001P018R001A043.npy
S013C001P018R002A008,NTU,A008,sit_down,low_risk,55,25,3,"(55, 25, 3)",C:\Users\VICTUS\Downloads\Research\outputs\NTU_Pose_Output\A008\S013C001P018R002A008.npy
S013C001P018R002A009,NTU,A009,stand_up,low_risk,39,25,3,"(39, 25, 3)",C:\Users\VICTUS\Downloads\Research\outputs\NTU_Pose_Output\A009\S013C001P018R002A009.npy
S013C001P018R002A042,NTU,A042,staggering,moderate_risk,122,25,3,"(122, 25, 3)",C:\Users\VICTUS\Downloads\Research\outputs\NTU_Pose_Output\A042\S013C001P018R002A042.npy
S013C001P018R002A043,NTU,A043,falling_down,high_risk,51,25,3,"(51, 25, 3)",C:\Users\VICTUS\Downloads\Research\outputs\NTU_Pose_Output\A043\S013C001P018R002A043.npy
S013C001P019R001A008,NTU,A008,sit_down,low_risk,69,25,3,"(69, 25, 3)",C:\Users\VICTUS\Downloads\Research\outputs\NTU_Pose_Output\A008\S013C001P019R001A008.npy
S013C001P019R001A009,NTU,A009,stand_up,low_risk,71,25,3,"(71, 25, 3)",C:\Users\VICTUS\Downloads\Research\outputs\NTU_Pose_Output\A009\S013C001P019R001A009.npy
S013C001P019R001A042,NTU,A042,staggering,moderate_risk,81,25,3,"(81, 25, 3)",C:\Users\VICTUS\Downloads\Research\outputs\NTU_Pose_Output\A042\S013C001P019R001A042.npy
S013C001P019R001A043,NTU,A043,falling_down,high_risk,60,25,3,"(60, 25, 3)",C:\Users\VICTUS\Downloads\Research\outputs\NTU_Pose_Output\A043\S013C001P019R001A043.npy
S013C001P019R002A008,NTU,A008,sit_down,low_risk,70,25,3,"(70, 25, 3)",C:\Users\VICTUS\Downloads\Research\outputs\NTU_Pose_Output\A008\S013C001P019R002A008.npy
S013C001P019R002A009,NTU,A009,stand_up,low_risk,63,25,3,"(63, 25, 3)",C:\Users\VICTUS\Downloads\Research\outputs\NTU_Pose_Output\A009\S013C001P019R002A009.npy
S013C001P019R002A042,NTU,A042,staggering,moderate_risk,122,25,3,"(122, 25, 3)",C:\Users\VICTUS\Downloads\Research\outputs\NTU_Pose_Output\A042\S013C001P019R002A042.npy
S013C001P019R002A043,NTU,A043,falling_down,high_risk,56,25,3,"(56, 25, 3)",C:\Users\VICTUS\Downloads\Research\outputs\NTU_Pose_Output\A043\S013C001P019R002A043.npy
S013C001P025R001A008,NTU,A008,sit_down,low_risk,73,25,3,"(73, 25, 3)",C:\Users\VICTUS\Downloads\Research\outputs\NTU_Pose_Output\A008\S013C001P025R001A008.npy
S013C001P025R001A009,NTU,A009,stand_up,low_risk,72,25,3,"(72, 25, 3)",C:\Users\VICTUS\Downloads\Research\outputs\NTU_Pose_Output\A009\S013C001P025R001A009.npy
S013C001P025R001A042,NTU,A042,staggering,moderate_risk,88,25,3,"(88, 25, 3)",C:\Users\VICTUS\Downloads\Research\outputs\NTU_Pose_Output\A042\S013C001P025R001A042.npy
S013C001P025R001A043,NTU,A043,falling_down,high_risk,51,25,3,"(51, 25, 3)",C:\Users\VICTUS\Downloads\Research\outputs\NTU_Pose_Output\A043\S013C001P025R001A043.npy
S013C001P025R002A008,NTU,A008,sit_down,low_risk,90,25,3,"(90, 25, 3)",C:\Users\VICTUS\Downloads\Research\outputs\NTU_Pose_Output\A008\S013C001P025R002A008.npy
S013C001P025R002A009,NTU,A009,stand_up,low_risk,79,25,3,"(79, 25, 3)",C:\Users\VICTUS\Downloads\Research\outputs\NTU_Pose_Output\A009\S013C001P025R002A009.npy
S013C001P025R002A042,NTU,A042,staggering,moderate_risk,79,25,3,"(79, 25, 3)",C:\Users\VICTUS\Downloads\Research\outputs\NTU_Pose_Output\A042\S013C001P025R002A042.npy
S013C001P025R002A043,NTU,A043,falling_down,high_risk,57,25,3,"(57, 25, 3)",C:\Users\VICTUS\Downloads\Research\outputs\NTU_Pose_Output\A043\S013C001P025R002A043.npy
S013C001P027R001A008,NTU,A008,sit_down,low_risk,52,25,3,"(52, 25, 3)",C:\Users\VICTUS\Downloads\Research\outputs\NTU_Pose_Output\A008\S013C001P027R001A008.npy
S013C001P027R001A009,NTU,A009,stand_up,low_risk,53,25,3,"(53, 25, 3)",C:\Users\VICTUS\Downloads\Research\outputs\NTU_Pose_Output\A009\S013C001P027R001A009.npy
S013C001P027R001A042,NTU,A042,staggering,moderate_risk,69,25,3,"(69, 25, 3)",C:\Users\VICTUS\Downloads\Research\outputs\NTU_Pose_Output\A042\S013C001P027R001A042.npy
S013C001P027R001A043,NTU,A043,falling_down,high_risk,57,25,3,"(57, 25, 3)",C:\Users\VICTUS\Downloads\Research\outputs\NTU_Pose_Output\A043\S013C001P027R001A043.npy
S013C001P027R002A008,NTU,A008,sit_down,low_risk,52,25,3,"(52, 25, 3)",C:\Users\VICTUS\Downloads\Research\outputs\NTU_Pose_Output\A008\S013C001P027R002A008.npy
S013C001P027R002A009,NTU,A009,stand_up,low_risk,47,25,3,"(47, 25, 3)",C:\Users\VICTUS\Downloads\Research\outputs\NTU_Pose_Output\A009\S013C001P027R002A009.npy
S013C001P027R002A042,NTU,A042,staggering,moderate_risk,67,25,3,"(67, 25, 3)",C:\Users\VICTUS\Downloads\Research\outputs\NTU_Pose_Output\A042\S013C001P027R002A042.npy
S013C001P027R002A043,NTU,A043,falling_down,high_risk,48,25,3,"(48, 25, 3)",C:\Users\VICTUS\Downloads\Research\outputs\NTU_Pose_Output\A043\S013C001P027R002A043.npy
S013C001P028R001A008,NTU,A008,sit_down,low_risk,47,25,3,"(47, 25, 3)",C:\Users\VICTUS\Downloads\Research\outputs\NTU_Pose_Output\A008\S013C001P028R001A008.npy
S013C001P028R001A009,NTU,A009,stand_up,low_risk,46,25,3,"(46, 25, 3)",C:\Users\VICTUS\Downloads\Research\outputs\NTU_Pose_Output\A009\S013C001P028R001A009.npy
S013C001P028R001A042,NTU,A042,staggering,moderate_risk,132,25,3,"(132, 25, 3)",C:\Users\VICTUS\Downloads\Research\outputs\NTU_Pose_Output\A042\S013C001P028R001A042.npy
S013C001P028R001A043,NTU,A043,falling_down,high_risk,44,25,3,"(44, 25, 3)",C:\Users\VICTUS\Downloads\Research\outputs\NTU_Pose_Output\A043\S013C001P028R001A043.npy
S013C001P028R002A008,NTU,A008,sit_down,low_risk,48,25,3,"(48, 25, 3)",C:\Users\VICTUS\Downloads\Research\outputs\NTU_Pose_Output\A008\S013C001P028R002A008.npy
S013C001P028R002A009,NTU,A009,stand_up,low_risk,47,25,3,"(47, 25, 3)",C:\Users\VICTUS\Downloads\Research\outputs\NTU_Pose_Output\A009\S013C001P028R002A009.npy
S013C001P028R002A042,NTU,A042,staggering,moderate_risk,107,25,3,"(107, 25, 3)",C:\Users\VICTUS\Downloads\Research\outputs\NTU_Pose_Output\A042\S013C001P028R002A042.npy
S013C001P028R002A043,NTU,A043,falling_down,high_risk,43,25,3,"(43, 25, 3)",C:\Users\VICTUS\Downloads\Research\outputs\NTU_Pose_Output\A043\S013C001P028R002A043.npy
S013C001P037R001A008,NTU,A008,sit_down,low_risk,69,25,3,"(69, 25, 3)",C:\Users\VICTUS\Downloads\Research\outputs\NTU_Pose_Output\A008\S013C001P037R001A008.npy
S013C001P037R001A009,NTU,A009,stand_up,low_risk,67,25,3,"(67, 25, 3)",C:\Users\VICTUS\Downloads\Research\outputs\NTU_Pose_Output\A009\S013C001P037R001A009.npy
S013C001P037R001A042,NTU,A042,staggering,moderate_risk,120,25,3,"(120, 25, 3)",C:\Users\VICTUS\Downloads\Research\outputs\NTU_Pose_Output\A042\S013C001P037R001A042.npy
S013C001P037R001A043,NTU,A043,falling_down,high_risk,60,25,3,"(60, 25, 3)",C:\Users\VICTUS\Downloads\Research\outputs\NTU_Pose_Output\A043\S013C001P037R001A043.npy
S013C001P037R002A008,NTU,A008,sit_down,low_risk,64,25,3,"(64, 25, 3)",C:\Users\VICTUS\Downloads\Research\outputs\NTU_Pose_Output\A008\S013C001P037R002A008.npy
S013C001P037R002A009,NTU,A009,stand_up,low_risk,50,25,3,"(50, 25, 3)",C:\Users\VICTUS\Downloads\Research\outputs\NTU_Pose_Output\A009\S013C001P037R002A009.npy
S013C001P037R002A042,NTU,A042,staggering,moderate_risk,103,25,3,"(103, 25, 3)",C:\Users\VICTUS\Downloads\Research\outputs\NTU_Pose_Output\A042\S013C001P037R002A042.npy
S013C001P037R002A043,NTU,A043,falling_down,high_risk,58,25,3,"(58, 25, 3)",C:\Users\VICTUS\Downloads\Research\outputs\NTU_Pose_Output\A043\S013C001P037R002A043.npy
S013C002P007R001A008,NTU,A008,sit_down,low_risk,62,25,3,"(62, 25, 3)",C:\Users\VICTUS\Downloads\Research\outputs\NTU_Pose_Output\A008\S013C002P007R001A008.npy
S013C002P007R001A009,NTU,A009,stand_up,low_risk,68,25,3,"(68, 25, 3)",C:\Users\VICTUS\Downloads\Research\outputs\NTU_Pose_Output\A009\S013C002P007R001A009.npy
S013C002P007R001A042,NTU,A042,staggering,moderate_risk,118,25,3,"(118, 25, 3)",C:\Users\VICTUS\Downloads\Research\outputs\NTU_Pose_Output\A042\S013C002P007R001A042.npy
S013C002P007R001A043,NTU,A043,falling_down,high_risk,67,25,3,"(67, 25, 3)",C:\Users\VICTUS\Downloads\Research\outputs\NTU_Pose_Output\A043\S013C002P007R001A043.npy
S013C002P007R002A008,NTU,A008,sit_down,low_risk,92,25,3,"(92, 25, 3)",C:\Users\VICTUS\Downloads\Research\outputs\NTU_Pose_Output\A008\S013C002P007R002A008.npy
S013C002P007R002A009,NTU,A009,stand_up,low_risk,80,25,3,"(80, 25, 3)",C:\Users\VICTUS\Downloads\Research\outputs\NTU_Pose_Output\A009\S013C002P007R002A009.npy
S013C002P007R002A042,NTU,A042,staggering,moderate_risk,96,25,3,"(96, 25, 3)",C:\Users\VICTUS\Downloads\Research\outputs\NTU_Pose_Output\A042\S013C002P007R002A042.npy
S013C002P007R002A043,NTU,A043,falling_down,high_risk,61,25,3,"(61, 25, 3)",C:\Users\VICTUS\Downloads\Research\outputs\NTU_Pose_Output\A043\S013C002P007R002A043.npy
S013C002P008R001A008,NTU,A008,sit_down,low_risk,80,25,3,"(80, 25, 3)",C:\Users\VICTUS\Downloads\Research\outputs\NTU_Pose_Output\A008\S013C002P008R001A008.npy
S013C002P008R001A009,NTU,A009,stand_up,low_risk,62,25,3,"(62, 25, 3)",C:\Users\VICTUS\Downloads\Research\outputs\NTU_Pose_Output\A009\S013C002P008R001A009.npy
S013C002P008R001A042,NTU,A042,staggering,moderate_risk,106,25,3,"(106, 25, 3)",C:\Users\VICTUS\Downloads\Research\outputs\NTU_Pose_Output\A042\S013C002P008R001A042.npy
S013C002P008R001A043,NTU,A043,falling_down,high_risk,51,25,3,"(51, 25, 3)",C:\Users\VICTUS\Downloads\Research\outputs\NTU_Pose_Output\A043\S013C002P008R001A043.npy
S013C002P008R002A008,NTU,A008,sit_down,low_risk,74,25,3,"(74, 25, 3)",C:\Users\VICTUS\Downloads\Research\outputs\NTU_Pose_Output\A008\S013C002P008R002A008.npy
S013C002P008R002A009,NTU,A009,stand_up,low_risk,67,25,3,"(67, 25, 3)",C:\Users\VICTUS\Downloads\Research\outputs\NTU_Pose_Output\A009\S013C002P008R002A009.npy
S013C002P008R002A042,NTU,A042,staggering,moderate_risk,92,25,3,"(92, 25, 3)",C:\Users\VICTUS\Downloads\Research\outputs\NTU_Pose_Output\A042\S013C002P008R002A042.npy
S013C002P008R002A043,NTU,A043,falling_down,high_risk,59,25,3,"(59, 25, 3)",C:\Users\VICTUS\Downloads\Research\outputs\NTU_Pose_Output\A043\S013C002P008R002A043.npy
S013C002P015R001A008,NTU,A008,sit_down,low_risk,51,25,3,"(51, 25, 3)",C:\Users\VICTUS\Downloads\Research\outputs\NTU_Pose_Output\A008\S013C002P015R001A008.npy
S013C002P015R001A009,NTU,A009,stand_up,low_risk,40,25,3,"(40, 25, 3)",C:\Users\VICTUS\Downloads\Research\outputs\NTU_Pose_Output\A009\S013C002P015R001A009.npy
S013C002P015R001A042,NTU,A042,staggering,moderate_risk,77,25,3,"(77, 25, 3)",C:\Users\VICTUS\Downloads\Research\outputs\NTU_Pose_Output\A042\S013C002P015R001A042.npy
S013C002P015R001A043,NTU,A043,falling_down,high_risk,42,25,3,"(42, 25, 3)",C:\Users\VICTUS\Downloads\Research\outputs\NTU_Pose_Output\A043\S013C002P015R001A043.npy
S013C002P015R002A008,NTU,A008,sit_down,low_risk,47,25,3,"(47, 25, 3)",C:\Users\VICTUS\Downloads\Research\outputs\NTU_Pose_Output\A008\S013C002P015R002A008.npy
S013C002P015R002A009,NTU,A009,stand_up,low_risk,40,25,3,"(40, 25, 3)",C:\Users\VICTUS\Downloads\Research\outputs\NTU_Pose_Output\A009\S013C002P015R002A009.npy
S013C002P015R002A042,NTU,A042,staggering,moderate_risk,73,25,3,"(73, 25, 3)",C:\Users\VICTUS\Downloads\Research\outputs\NTU_Pose_Output\A042\S013C002P015R002A042.npy
S013C002P015R002A043,NTU,A043,falling_down,high_risk,40,25,3,"(40, 25, 3)",C:\Users\VICTUS\Downloads\Research\outputs\NTU_Pose_Output\A043\S013C002P015R002A043.npy
S013C002P016R001A008,NTU,A008,sit_down,low_risk,49,25,3,"(49, 25, 3)",C:\Users\VICTUS\Downloads\Research\outputs\NTU_Pose_Output\A008\S013C002P016R001A008.npy
S013C002P016R001A009,NTU,A009,stand_up,low_risk,46,25,3,"(46, 25, 3)",C:\Users\VICTUS\Downloads\Research\outputs\NTU_Pose_Output\A009\S013C002P016R001A009.npy
S013C002P016R001A042,NTU,A042,staggering,moderate_risk,159,25,3,"(159, 25, 3)",C:\Users\VICTUS\Downloads\Research\outputs\NTU_Pose_Output\A042\S013C002P016R001A042.npy
S013C002P016R001A043,NTU,A043,falling_down,high_risk,52,25,3,"(52, 25, 3)",C:\Users\VICTUS\Downloads\Research\outputs\NTU_Pose_Output\A043\S013C002P016R001A043.npy
S013C002P016R002A008,NTU,A008,sit_down,low_risk,66,25,3,"(66, 25, 3)",C:\Users\VICTUS\Downloads\Research\outputs\NTU_Pose_Output\A008\S013C002P016R002A008.npy
S013C002P016R002A009,NTU,A009,stand_up,low_risk,52,25,3,"(52, 25, 3)",C:\Users\VICTUS\Downloads\Research\outputs\NTU_Pose_Output\A009\S013C002P016R002A009.npy
S013C002P016R002A042,NTU,A042,staggering,moderate_risk,93,25,3,"(93, 25, 3)",C:\Users\VICTUS\Downloads\Research\outputs\NTU_Pose_Output\A042\S013C002P016R002A042.npy
S013C002P016R002A043,NTU,A043,falling_down,high_risk,46,25,3,"(46, 25, 3)",C:\Users\VICTUS\Downloads\Research\outputs\NTU_Pose_Output\A043\S013C002P016R002A043.npy
S013C002P017R001A008,NTU,A008,sit_down,low_risk,72,25,3,"(72, 25, 3)",C:\Users\VICTUS\Downloads\Research\outputs\NTU_Pose_Output\A008\S013C002P017R001A008.npy
S013C002P017R001A009,NTU,A009,stand_up,low_risk,51,25,3,"(51, 25, 3)",C:\Users\VICTUS\Downloads\Research\outputs\NTU_Pose_Output\A009\S013C002P017R001A009.npy
S013C002P017R001A042,NTU,A042,staggering,moderate_risk,167,25,3,"(167, 25, 3)",C:\Users\VICTUS\Downloads\Research\outputs\NTU_Pose_Output\A042\S013C002P017R001A042.npy
S013C002P017R001A043,NTU,A043,falling_down,high_risk,51,25,3,"(51, 25, 3)",C:\Users\VICTUS\Downloads\Research\outputs\NTU_Pose_Output\A043\S013C002P017R001A043.npy
S013C002P017R002A008,NTU,A008,sit_down,low_risk,63,25,3,"(63, 25, 3)",C:\Users\VICTUS\Downloads\Research\outputs\NTU_Pose_Output\A008\S013C002P017R002A008.npy
S013C002P017R002A009,NTU,A009,stand_up,low_risk,47,25,3,"(47, 25, 3)",C:\Users\VICTUS\Downloads\Research\outputs\NTU_Pose_Output\A009\S013C002P017R002A009.npy
S013C002P017R002A042,NTU,A042,staggering,moderate_risk,115,25,3,"(115, 25, 3)",C:\Users\VICTUS\Downloads\Research\outputs\NTU_Pose_Output\A042\S013C002P017R002A042.npy
S013C002P017R002A043,NTU,A043,falling_down,high_risk,46,25,3,"(46, 25, 3)",C:\Users\VICTUS\Downloads\Research\outputs\NTU_Pose_Output\A043\S013C002P017R002A043.npy
S013C002P018R001A008,NTU,A008,sit_down,low_risk,47,25,3,"(47, 25, 3)",C:\Users\VICTUS\Downloads\Research\outputs\NTU_Pose_Output\A008\S013C002P018R001A008.npy
S013C002P018R001A009,NTU,A009,stand_up,low_risk,43,25,3,"(43, 25, 3)",C:\Users\VICTUS\Downloads\Research\outputs\NTU_Pose_Output\A009\S013C002P018R001A009.npy
S013C002P018R001A042,NTU,A042,staggering,moderate_risk,85,25,3,"(85, 25, 3)",C:\Users\VICTUS\Downloads\Research\outputs\NTU_Pose_Output\A042\S013C002P018R001A042.npy
S013C002P018R001A043,NTU,A043,falling_down,high_risk,45,25,3,"(45, 25, 3)",C:\Users\VICTUS\Downloads\Research\outputs\NTU_Pose_Output\A043\S013C002P018R001A043.npy
S013C002P018R002A008,NTU,A008,sit_down,low_risk,55,25,3,"(55, 25, 3)",C:\Users\VICTUS\Downloads\Research\outputs\NTU_Pose_Output\A008\S013C002P018R002A008.npy
S013C002P018R002A009,NTU,A009,stand_up,low_risk,39,25,3,"(39, 25, 3)",C:\Users\VICTUS\Downloads\Research\outputs\NTU_Pose_Output\A009\S013C002P018R002A009.npy
S013C002P018R002A042,NTU,A042,staggering,moderate_risk,121,25,3,"(121, 25, 3)",C:\Users\VICTUS\Downloads\Research\outputs\NTU_Pose_Output\A042\S013C002P018R002A042.npy
S013C002P018R002A043,NTU,A043,falling_down,high_risk,50,25,3,"(50, 25, 3)",C:\Users\VICTUS\Downloads\Research\outputs\NTU_Pose_Output\A043\S013C002P018R002A043.npy
S013C002P019R001A008,NTU,A008,sit_down,low_risk,70,25,3,"(70, 25, 3)",C:\Users\VICTUS\Downloads\Research\outputs\NTU_Pose_Output\A008\S013C002P019R001A008.npy
S013C002P019R001A009,NTU,A009,stand_up,low_risk,71,25,3,"(71, 25, 3)",C:\Users\VICTUS\Downloads\Research\outputs\NTU_Pose_Output\A009\S013C002P019R001A009.npy
S013C002P019R001A042,NTU,A042,staggering,moderate_risk,81,25,3,"(81, 25, 3)",C:\Users\VICTUS\Downloads\Research\outputs\NTU_Pose_Output\A042\S013C002P019R001A042.npy
S013C002P019R001A043,NTU,A043,falling_down,high_risk,60,25,3,"(60, 25, 3)",C:\Users\VICTUS\Downloads\Research\outputs\NTU_Pose_Output\A043\S013C002P019R001A043.npy
S013C002P019R002A008,NTU,A008,sit_down,low_risk,70,25,3,"(70, 25, 3)",C:\Users\VICTUS\Downloads\Research\outputs\NTU_Pose_Output\A008\S013C002P019R002A008.npy
S013C002P019R002A009,NTU,A009,stand_up,low_risk,63,25,3,"(63, 25, 3)",C:\Users\VICTUS\Downloads\Research\outputs\NTU_Pose_Output\A009\S013C002P019R002A009.npy
S013C002P019R002A042,NTU,A042,staggering,moderate_risk,121,25,3,"(121, 25, 3)",C:\Users\VICTUS\Downloads\Research\outputs\NTU_Pose_Output\A042\S013C002P019R002A042.npy
S013C002P019R002A043,NTU,A043,falling_down,high_risk,57,25,3,"(57, 25, 3)",C:\Users\VICTUS\Downloads\Research\outputs\NTU_Pose_Output\A043\S013C002P019R002A043.npy
S013C002P025R001A008,NTU,A008,sit_down,low_risk,74,25,3,"(74, 25, 3)",C:\Users\VICTUS\Downloads\Research\outputs\NTU_Pose_Output\A008\S013C002P025R001A008.npy
S013C002P025R001A009,NTU,A009,stand_up,low_risk,72,25,3,"(72, 25, 3)",C:\Users\VICTUS\Downloads\Research\outputs\NTU_Pose_Output\A009\S013C002P025R001A009.npy
S013C002P025R001A042,NTU,A042,staggering,moderate_risk,89,25,3,"(89, 25, 3)",C:\Users\VICTUS\Downloads\Research\outputs\NTU_Pose_Output\A042\S013C002P025R001A042.npy
S013C002P025R001A043,NTU,A043,falling_down,high_risk,52,25,3,"(52, 25, 3)",C:\Users\VICTUS\Downloads\Research\outputs\NTU_Pose_Output\A043\S013C002P025R001A043.npy
S013C002P025R002A008,NTU,A008,sit_down,low_risk,90,25,3,"(90, 25, 3)",C:\Users\VICTUS\Downloads\Research\outputs\NTU_Pose_Output\A008\S013C002P025R002A008.npy
S013C002P025R002A009,NTU,A009,stand_up,low_risk,80,25,3,"(80, 25, 3)",C:\Users\VICTUS\Downloads\Research\outputs\NTU_Pose_Output\A009\S013C002P025R002A009.npy
S013C002P025R002A042,NTU,A042,staggering,moderate_risk,79,25,3,"(79, 25, 3)",C:\Users\VICTUS\Downloads\Research\outputs\NTU_Pose_Output\A042\S013C002P025R002A042.npy
S013C002P025R002A043,NTU,A043,falling_down,high_risk,58,25,3,"(58, 25, 3)",C:\Users\VICTUS\Downloads\Research\outputs\NTU_Pose_Output\A043\S013C002P025R002A043.npy
S013C002P027R001A008,NTU,A008,sit_down,low_risk,52,25,3,"(52, 25, 3)",C:\Users\VICTUS\Downloads\Research\outputs\NTU_Pose_Output\A008\S013C002P027R001A008.npy
S013C002P027R001A009,NTU,A009,stand_up,low_risk,54,25,3,"(54, 25, 3)",C:\Users\VICTUS\Downloads\Research\outputs\NTU_Pose_Output\A009\S013C002P027R001A009.npy
S013C002P027R001A042,NTU,A042,staggering,moderate_risk,68,25,3,"(68, 25, 3)",C:\Users\VICTUS\Downloads\Research\outputs\NTU_Pose_Output\A042\S013C002P027R001A042.npy
S013C002P027R001A043,NTU,A043,falling_down,high_risk,57,25,3,"(57, 25, 3)",C:\Users\VICTUS\Downloads\Research\outputs\NTU_Pose_Output\A043\S013C002P027R001A043.npy
S013C002P027R002A008,NTU,A008,sit_down,low_risk,53,25,3,"(53, 25, 3)",C:\Users\VICTUS\Downloads\Research\outputs\NTU_Pose_Output\A008\S013C002P027R002A008.npy
S013C002P027R002A009,NTU,A009,stand_up,low_risk,47,25,3,"(47, 25, 3)",C:\Users\VICTUS\Downloads\Research\outputs\NTU_Pose_Output\A009\S013C002P027R002A009.npy
S013C002P027R002A042,NTU,A042,staggering,moderate_risk,66,25,3,"(66, 25, 3)",C:\Users\VICTUS\Downloads\Research\outputs\NTU_Pose_Output\A042\S013C002P027R002A042.npy
S013C002P027R002A043,NTU,A043,falling_down,high_risk,48,25,3,"(48, 25, 3)",C:\Users\VICTUS\Downloads\Research\outputs\NTU_Pose_Output\A043\S013C002P027R002A043.npy
S013C002P028R001A008,NTU,A008,sit_down,low_risk,47,25,3,"(47, 25, 3)",C:\Users\VICTUS\Downloads\Research\outputs\NTU_Pose_Output\A008\S013C002P028R001A008.npy
S013C002P028R001A009,NTU,A009,stand_up,low_risk,45,25,3,"(45, 25, 3)",C:\Users\VICTUS\Downloads\Research\outputs\NTU_Pose_Output\A009\S013C002P028R001A009.npy
S013C002P028R001A042,NTU,A042,staggering,moderate_risk,132,25,3,"(132, 25, 3)",C:\Users\VICTUS\Downloads\Research\outputs\NTU_Pose_Output\A042\S013C002P028R001A042.npy
S013C002P028R001A043,NTU,A043,falling_down,high_risk,44,25,3,"(44, 25, 3)",C:\Users\VICTUS\Downloads\Research\outputs\NTU_Pose_Output\A043\S013C002P028R001A043.npy
S013C002P028R002A008,NTU,A008,sit_down,low_risk,47,25,3,"(47, 25, 3)",C:\Users\VICTUS\Downloads\Research\outputs\NTU_Pose_Output\A008\S013C002P028R002A008.npy
S013C002P028R002A009,NTU,A009,stand_up,low_risk,47,25,3,"(47, 25, 3)",C:\Users\VICTUS\Downloads\Research\outputs\NTU_Pose_Output\A009\S013C002P028R002A009.npy
S013C002P028R002A042,NTU,A042,staggering,moderate_risk,106,25,3,"(106, 25, 3)",C:\Users\VICTUS\Downloads\Research\outputs\NTU_Pose_Output\A042\S013C002P028R002A042.npy
S013C002P028R002A043,NTU,A043,falling_down,high_risk,43,25,3,"(43, 25, 3)",C:\Users\VICTUS\Downloads\Research\outputs\NTU_Pose_Output\A043\S013C002P028R002A043.npy
S013C002P037R001A008,NTU,A008,sit_down,low_risk,70,25,3,"(70, 25, 3)",C:\Users\VICTUS\Downloads\Research\outputs\NTU_Pose_Output\A008\S013C002P037R001A008.npy
S013C002P037R001A009,NTU,A009,stand_up,low_risk,68,25,3,"(68, 25, 3)",C:\Users\VICTUS\Downloads\Research\outputs\NTU_Pose_Output\A009\S013C002P037R001A009.npy
S013C002P037R001A042,NTU,A042,staggering,moderate_risk,119,25,3,"(119, 25, 3)",C:\Users\VICTUS\Downloads\Research\outputs\NTU_Pose_Output\A042\S013C002P037R001A042.npy
S013C002P037R001A043,NTU,A043,falling_down,high_risk,60,25,3,"(60, 25, 3)",C:\Users\VICTUS\Downloads\Research\outputs\NTU_Pose_Output\A043\S013C002P037R001A043.npy
S013C002P037R002A008,NTU,A008,sit_down,low_risk,64,25,3,"(64, 25, 3)",C:\Users\VICTUS\Downloads\Research\outputs\NTU_Pose_Output\A008\S013C002P037R002A008.npy
S013C002P037R002A009,NTU,A009,stand_up,low_risk,50,25,3,"(50, 25, 3)",C:\Users\VICTUS\Downloads\Research\outputs\NTU_Pose_Output\A009\S013C002P037R002A009.npy
S013C002P037R002A042,NTU,A042,staggering,moderate_risk,106,25,3,"(106, 25, 3)",C:\Users\VICTUS\Downloads\Research\outputs\NTU_Pose_Output\A042\S013C002P037R002A042.npy
S013C002P037R002A043,NTU,A043,falling_down,high_risk,58,25,3,"(58, 25, 3)",C:\Users\VICTUS\Downloads\Research\outputs\NTU_Pose_Output\A043\S013C002P037R002A043.npy
S013C003P007R001A008,NTU,A008,sit_down,low_risk,62,25,3,"(62, 25, 3)",C:\Users\VICTUS\Downloads\Research\outputs\NTU_Pose_Output\A008\S013C003P007R001A008.npy
S013C003P007R001A009,NTU,A009,stand_up,low_risk,68,25,3,"(68, 25, 3)",C:\Users\VICTUS\Downloads\Research\outputs\NTU_Pose_Output\A009\S013C003P007R001A009.npy
S013C003P007R001A042,NTU,A042,staggering,moderate_risk,118,25,3,"(118, 25, 3)",C:\Users\VICTUS\Downloads\Research\outputs\NTU_Pose_Output\A042\S013C003P007R001A042.npy
S013C003P007R001A043,NTU,A043,falling_down,high_risk,67,25,3,"(67, 25, 3)",C:\Users\VICTUS\Downloads\Research\outputs\NTU_Pose_Output\A043\S013C003P007R001A043.npy
S013C003P007R002A008,NTU,A008,sit_down,low_risk,92,25,3,"(92, 25, 3)",C:\Users\VICTUS\Downloads\Research\outputs\NTU_Pose_Output\A008\S013C003P007R002A008.npy
S013C003P007R002A009,NTU,A009,stand_up,low_risk,80,25,3,"(80, 25, 3)",C:\Users\VICTUS\Downloads\Research\outputs\NTU_Pose_Output\A009\S013C003P007R002A009.npy
S013C003P007R002A042,NTU,A042,staggering,moderate_risk,97,25,3,"(97, 25, 3)",C:\Users\VICTUS\Downloads\Research\outputs\NTU_Pose_Output\A042\S013C003P007R002A042.npy
S013C003P007R002A043,NTU,A043,falling_down,high_risk,61,25,3,"(61, 25, 3)",C:\Users\VICTUS\Downloads\Research\outputs\NTU_Pose_Output\A043\S013C003P007R002A043.npy
S013C003P008R001A008,NTU,A008,sit_down,low_risk,79,25,3,"(79, 25, 3)",C:\Users\VICTUS\Downloads\Research\outputs\NTU_Pose_Output\A008\S013C003P008R001A008.npy
S013C003P008R001A009,NTU,A009,stand_up,low_risk,62,25,3,"(62, 25, 3)",C:\Users\VICTUS\Downloads\Research\outputs\NTU_Pose_Output\A009\S013C003P008R001A009.npy
S013C003P008R001A042,NTU,A042,staggering,moderate_risk,106,25,3,"(106, 25, 3)",C:\Users\VICTUS\Downloads\Research\outputs\NTU_Pose_Output\A042\S013C003P008R001A042.npy
S013C003P008R001A043,NTU,A043,falling_down,high_risk,51,25,3,"(51, 25, 3)",C:\Users\VICTUS\Downloads\Research\outputs\NTU_Pose_Output\A043\S013C003P008R001A043.npy
S013C003P008R002A008,NTU,A008,sit_down,low_risk,73,25,3,"(73, 25, 3)",C:\Users\VICTUS\Downloads\Research\outputs\NTU_Pose_Output\A008\S013C003P008R002A008.npy
S013C003P008R002A009,NTU,A009,stand_up,low_risk,67,25,3,"(67, 25, 3)",C:\Users\VICTUS\Downloads\Research\outputs\NTU_Pose_Output\A009\S013C003P008R002A009.npy
S013C003P008R002A042,NTU,A042,staggering,moderate_risk,92,25,3,"(92, 25, 3)",C:\Users\VICTUS\Downloads\Research\outputs\NTU_Pose_Output\A042\S013C003P008R002A042.npy
S013C003P008R002A043,NTU,A043,falling_down,high_risk,60,25,3,"(60, 25, 3)",C:\Users\VICTUS\Downloads\Research\outputs\NTU_Pose_Output\A043\S013C003P008R002A043.npy
S013C003P015R001A008,NTU,A008,sit_down,low_risk,51,25,3,"(51, 25, 3)",C:\Users\VICTUS\Downloads\Research\outputs\NTU_Pose_Output\A008\S013C003P015R001A008.npy
S013C003P015R001A009,NTU,A009,stand_up,low_risk,40,25,3,"(40, 25, 3)",C:\Users\VICTUS\Downloads\Research\outputs\NTU_Pose_Output\A009\S013C003P015R001A009.npy
S013C003P015R001A042,NTU,A042,staggering,moderate_risk,77,25,3,"(77, 25, 3)",C:\Users\VICTUS\Downloads\Research\outputs\NTU_Pose_Output\A042\S013C003P015R001A042.npy
S013C003P015R001A043,NTU,A043,falling_down,high_risk,42,25,3,"(42, 25, 3)",C:\Users\VICTUS\Downloads\Research\outputs\NTU_Pose_Output\A043\S013C003P015R001A043.npy
S013C003P015R002A008,NTU,A008,sit_down,low_risk,47,25,3,"(47, 25, 3)",C:\Users\VICTUS\Downloads\Research\outputs\NTU_Pose_Output\A008\S013C003P015R002A008.npy
S013C003P015R002A009,NTU,A009,stand_up,low_risk,40,25,3,"(40, 25, 3)",C:\Users\VICTUS\Downloads\Research\outputs\NTU_Pose_Output\A009\S013C003P015R002A009.npy
S013C003P015R002A042,NTU,A042,staggering,moderate_risk,74,25,3,"(74, 25, 3)",C:\Users\VICTUS\Downloads\Research\outputs\NTU_Pose_Output\A042\S013C003P015R002A042.npy
S013C003P015R002A043,NTU,A043,falling_down,high_risk,41,25,3,"(41, 25, 3)",C:\Users\VICTUS\Downloads\Research\outputs\NTU_Pose_Output\A043\S013C003P015R002A043.npy
S013C003P016R001A008,NTU,A008,sit_down,low_risk,49,25,3,"(49, 25, 3)",C:\Users\VICTUS\Downloads\Research\outputs\NTU_Pose_Output\A008\S013C003P016R001A008.npy
S013C003P016R001A009,NTU,A009,stand_up,low_risk,46,25,3,"(46, 25, 3)",C:\Users\VICTUS\Downloads\Research\outputs\NTU_Pose_Output\A009\S013C003P016R001A009.npy
S013C003P016R001A042,NTU,A042,staggering,moderate_risk,158,25,3,"(158, 25, 3)",C:\Users\VICTUS\Downloads\Research\outputs\NTU_Pose_Output\A042\S013C003P016R001A042.npy
S013C003P016R001A043,NTU,A043,falling_down,high_risk,52,25,3,"(52, 25, 3)",C:\Users\VICTUS\Downloads\Research\outputs\NTU_Pose_Output\A043\S013C003P016R001A043.npy
S013C003P016R002A008,NTU,A008,sit_down,low_risk,65,25,3,"(65, 25, 3)",C:\Users\VICTUS\Downloads\Research\outputs\NTU_Pose_Output\A008\S013C003P016R002A008.npy
S013C003P016R002A009,NTU,A009,stand_up,low_risk,53,25,3,"(53, 25, 3)",C:\Users\VICTUS\Downloads\Research\outputs\NTU_Pose_Output\A009\S013C003P016R002A009.npy
S013C003P016R002A042,NTU,A042,staggering,moderate_risk,93,25,3,"(93, 25, 3)",C:\Users\VICTUS\Downloads\Research\outputs\NTU_Pose_Output\A042\S013C003P016R002A042.npy
S013C003P016R002A043,NTU,A043,falling_down,high_risk,47,25,3,"(47, 25, 3)",C:\Users\VICTUS\Downloads\Research\outputs\NTU_Pose_Output\A043\S013C003P016R002A043.npy
S013C003P017R001A008,NTU,A008,sit_down,low_risk,72,25,3,"(72, 25, 3)",C:\Users\VICTUS\Downloads\Research\outputs\NTU_Pose_Output\A008\S013C003P017R001A008.npy
S013C003P017R001A009,NTU,A009,stand_up,low_risk,51,25,3,"(51, 25, 3)",C:\Users\VICTUS\Downloads\Research\outputs\NTU_Pose_Output\A009\S013C003P017R001A009.npy
S013C003P017R001A042,NTU,A042,staggering,moderate_risk,167,25,3,"(167, 25, 3)",C:\Users\VICTUS\Downloads\Research\outputs\NTU_Pose_Output\A042\S013C003P017R001A042.npy
S013C003P017R001A043,NTU,A043,falling_down,high_risk,51,25,3,"(51, 25, 3)",C:\Users\VICTUS\Downloads\Research\outputs\NTU_Pose_Output\A043\S013C003P017R001A043.npy
S013C003P017R002A008,NTU,A008,sit_down,low_risk,62,25,3,"(62, 25, 3)",C:\Users\VICTUS\Downloads\Research\outputs\NTU_Pose_Output\A008\S013C003P017R002A008.npy
S013C003P017R002A009,NTU,A009,stand_up,low_risk,48,25,3,"(48, 25, 3)",C:\Users\VICTUS\Downloads\Research\outputs\NTU_Pose_Output\A009\S013C003P017R002A009.npy
S013C003P017R002A042,NTU,A042,staggering,moderate_risk,115,25,3,"(115, 25, 3)",C:\Users\VICTUS\Downloads\Research\outputs\NTU_Pose_Output\A042\S013C003P017R002A042.npy
S013C003P017R002A043,NTU,A043,falling_down,high_risk,45,25,3,"(45, 25, 3)",C:\Users\VICTUS\Downloads\Research\outputs\NTU_Pose_Output\A043\S013C003P017R002A043.npy
S013C003P018R001A008,NTU,A008,sit_down,low_risk,47,25,3,"(47, 25, 3)",C:\Users\VICTUS\Downloads\Research\outputs\NTU_Pose_Output\A008\S013C003P018R001A008.npy
S013C003P018R001A009,NTU,A009,stand_up,low_risk,43,25,3,"(43, 25, 3)",C:\Users\VICTUS\Downloads\Research\outputs\NTU_Pose_Output\A009\S013C003P018R001A009.npy
S013C003P018R001A042,NTU,A042,staggering,moderate_risk,85,25,3,"(85, 25, 3)",C:\Users\VICTUS\Downloads\Research\outputs\NTU_Pose_Output\A042\S013C003P018R001A042.npy
S013C003P018R001A043,NTU,A043,falling_down,high_risk,44,25,3,"(44, 25, 3)",C:\Users\VICTUS\Downloads\Research\outputs\NTU_Pose_Output\A043\S013C003P018R001A043.npy
S013C003P018R002A008,NTU,A008,sit_down,low_risk,55,25,3,"(55, 25, 3)",C:\Users\VICTUS\Downloads\Research\outputs\NTU_Pose_Output\A008\S013C003P018R002A008.npy
S013C003P018R002A009,NTU,A009,stand_up,low_risk,39,25,3,"(39, 25, 3)",C:\Users\VICTUS\Downloads\Research\outputs\NTU_Pose_Output\A009\S013C003P018R002A009.npy
S013C003P018R002A042,NTU,A042,staggering,moderate_risk,122,25,3,"(122, 25, 3)",C:\Users\VICTUS\Downloads\Research\outputs\NTU_Pose_Output\A042\S013C003P018R002A042.npy
S013C003P018R002A043,NTU,A043,falling_down,high_risk,51,25,3,"(51, 25, 3)",C:\Users\VICTUS\Downloads\Research\outputs\NTU_Pose_Output\A043\S013C003P018R002A043.npy
S013C003P019R001A008,NTU,A008,sit_down,low_risk,70,25,3,"(70, 25, 3)",C:\Users\VICTUS\Downloads\Research\outputs\NTU_Pose_Output\A008\S013C003P019R001A008.npy
S013C003P019R001A009,NTU,A009,stand_up,low_risk,71,25,3,"(71, 25, 3)",C:\Users\VICTUS\Downloads\Research\outputs\NTU_Pose_Output\A009\S013C003P019R001A009.npy
S013C003P019R001A042,NTU,A042,staggering,moderate_risk,80,25,3,"(80, 25, 3)",C:\Users\VICTUS\Downloads\Research\outputs\NTU_Pose_Output\A042\S013C003P019R001A042.npy
S013C003P019R001A043,NTU,A043,falling_down,high_risk,59,25,3,"(59, 25, 3)",C:\Users\VICTUS\Downloads\Research\outputs\NTU_Pose_Output\A043\S013C003P019R001A043.npy
S013C003P019R002A008,NTU,A008,sit_down,low_risk,70,25,3,"(70, 25, 3)",C:\Users\VICTUS\Downloads\Research\outputs\NTU_Pose_Output\A008\S013C003P019R002A008.npy
S013C003P019R002A009,NTU,A009,stand_up,low_risk,63,25,3,"(63, 25, 3)",C:\Users\VICTUS\Downloads\Research\outputs\NTU_Pose_Output\A009\S013C003P019R002A009.npy
S013C003P019R002A042,NTU,A042,staggering,moderate_risk,121,25,3,"(121, 25, 3)",C:\Users\VICTUS\Downloads\Research\outputs\NTU_Pose_Output\A042\S013C003P019R002A042.npy
S013C003P019R002A043,NTU,A043,falling_down,high_risk,57,25,3,"(57, 25, 3)",C:\Users\VICTUS\Downloads\Research\outputs\NTU_Pose_Output\A043\S013C003P019R002A043.npy
S013C003P025R001A008,NTU,A008,sit_down,low_risk,74,25,3,"(74, 25, 3)",C:\Users\VICTUS\Downloads\Research\outputs\NTU_Pose_Output\A008\S013C003P025R001A008.npy
S013C003P025R001A009,NTU,A009,stand_up,low_risk,72,25,3,"(72, 25, 3)",C:\Users\VICTUS\Downloads\Research\outputs\NTU_Pose_Output\A009\S013C003P025R001A009.npy
S013C003P025R001A042,NTU,A042,staggering,moderate_risk,89,25,3,"(89, 25, 3)",C:\Users\VICTUS\Downloads\Research\outputs\NTU_Pose_Output\A042\S013C003P025R001A042.npy
S013C003P025R001A043,NTU,A043,falling_down,high_risk,52,25,3,"(52, 25, 3)",C:\Users\VICTUS\Downloads\Research\outputs\NTU_Pose_Output\A043\S013C003P025R001A043.npy
S013C003P025R002A008,NTU,A008,sit_down,low_risk,90,25,3,"(90, 25, 3)",C:\Users\VICTUS\Downloads\Research\outputs\NTU_Pose_Output\A008\S013C003P025R002A008.npy
S013C003P025R002A009,NTU,A009,stand_up,low_risk,79,25,3,"(79, 25, 3)",C:\Users\VICTUS\Downloads\Research\outputs\NTU_Pose_Output\A009\S013C003P025R002A009.npy
S013C003P025R002A042,NTU,A042,staggering,moderate_risk,79,25,3,"(79, 25, 3)",C:\Users\VICTUS\Downloads\Research\outputs\NTU_Pose_Output\A042\S013C003P025R002A042.npy
S013C003P025R002A043,NTU,A043,falling_down,high_risk,57,25,3,"(57, 25, 3)",C:\Users\VICTUS\Downloads\Research\outputs\NTU_Pose_Output\A043\S013C003P025R002A043.npy
S013C003P027R001A008,NTU,A008,sit_down,low_risk,52,25,3,"(52, 25, 3)",C:\Users\VICTUS\Downloads\Research\outputs\NTU_Pose_Output\A008\S013C003P027R001A008.npy
S013C003P027R001A009,NTU,A009,stand_up,low_risk,54,25,3,"(54, 25, 3)",C:\Users\VICTUS\Downloads\Research\outputs\NTU_Pose_Output\A009\S013C003P027R001A009.npy
S013C003P027R001A042,NTU,A042,staggering,moderate_risk,69,25,3,"(69, 25, 3)",C:\Users\VICTUS\Downloads\Research\outputs\NTU_Pose_Output\A042\S013C003P027R001A042.npy
S013C003P027R001A043,NTU,A043,falling_down,high_risk,57,25,3,"(57, 25, 3)",C:\Users\VICTUS\Downloads\Research\outputs\NTU_Pose_Output\A043\S013C003P027R001A043.npy
S013C003P027R002A008,NTU,A008,sit_down,low_risk,53,25,3,"(53, 25, 3)",C:\Users\VICTUS\Downloads\Research\outputs\NTU_Pose_Output\A008\S013C003P027R002A008.npy
S013C003P027R002A009,NTU,A009,stand_up,low_risk,46,25,3,"(46, 25, 3)",C:\Users\VICTUS\Downloads\Research\outputs\NTU_Pose_Output\A009\S013C003P027R002A009.npy
S013C003P027R002A042,NTU,A042,staggering,moderate_risk,67,25,3,"(67, 25, 3)",C:\Users\VICTUS\Downloads\Research\outputs\NTU_Pose_Output\A042\S013C003P027R002A042.npy
S013C003P027R002A043,NTU,A043,falling_down,high_risk,49,25,3,"(49, 25, 3)",C:\Users\VICTUS\Downloads\Research\outputs\NTU_Pose_Output\A043\S013C003P027R002A043.npy
S013C003P028R001A008,NTU,A008,sit_down,low_risk,47,25,3,"(47, 25, 3)",C:\Users\VICTUS\Downloads\Research\outputs\NTU_Pose_Output\A008\S013C003P028R001A008.npy
S013C003P028R001A009,NTU,A009,stand_up,low_risk,46,25,3,"(46, 25, 3)",C:\Users\VICTUS\Downloads\Research\outputs\NTU_Pose_Output\A009\S013C003P028R001A009.npy
S013C003P028R001A042,NTU,A042,staggering,moderate_risk,132,25,3,"(132, 25, 3)",C:\Users\VICTUS\Downloads\Research\outputs\NTU_Pose_Output\A042\S013C003P028R001A042.npy
S013C003P028R001A043,NTU,A043,falling_down,high_risk,44,25,3,"(44, 25, 3)",C:\Users\VICTUS\Downloads\Research\outputs\NTU_Pose_Output\A043\S013C003P028R001A043.npy
S013C003P028R002A008,NTU,A008,sit_down,low_risk,48,25,3,"(48, 25, 3)",C:\Users\VICTUS\Downloads\Research\outputs\NTU_Pose_Output\A008\S013C003P028R002A008.npy
S013C003P028R002A009,NTU,A009,stand_up,low_risk,47,25,3,"(47, 25, 3)",C:\Users\VICTUS\Downloads\Research\outputs\NTU_Pose_Output\A009\S013C003P028R002A009.npy
S013C003P028R002A042,NTU,A042,staggering,moderate_risk,106,25,3,"(106, 25, 3)",C:\Users\VICTUS\Downloads\Research\outputs\NTU_Pose_Output\A042\S013C003P028R002A042.npy
S013C003P028R002A043,NTU,A043,falling_down,high_risk,43,25,3,"(43, 25, 3)",C:\Users\VICTUS\Downloads\Research\outputs\NTU_Pose_Output\A043\S013C003P028R002A043.npy
S013C003P037R001A008,NTU,A008,sit_down,low_risk,70,25,3,"(70, 25, 3)",C:\Users\VICTUS\Downloads\Research\outputs\NTU_Pose_Output\A008\S013C003P037R001A008.npy
S013C003P037R001A009,NTU,A009,stand_up,low_risk,68,25,3,"(68, 25, 3)",C:\Users\VICTUS\Downloads\Research\outputs\NTU_Pose_Output\A009\S013C003P037R001A009.npy
S013C003P037R001A042,NTU,A042,staggering,moderate_risk,121,25,3,"(121, 25, 3)",C:\Users\VICTUS\Downloads\Research\outputs\NTU_Pose_Output\A042\S013C003P037R001A042.npy
S013C003P037R001A043,NTU,A043,falling_down,high_risk,59,25,3,"(59, 25, 3)",C:\Users\VICTUS\Downloads\Research\outputs\NTU_Pose_Output\A043\S013C003P037R001A043.npy
S013C003P037R002A008,NTU,A008,sit_down,low_risk,65,25,3,"(65, 25, 3)",C:\Users\VICTUS\Downloads\Research\outputs\NTU_Pose_Output\A008\S013C003P037R002A008.npy
S013C003P037R002A009,NTU,A009,stand_up,low_risk,49,25,3,"(49, 25, 3)",C:\Users\VICTUS\Downloads\Research\outputs\NTU_Pose_Output\A009\S013C003P037R002A009.npy
S013C003P037R002A042,NTU,A042,staggering,moderate_risk,107,25,3,"(107, 25, 3)",C:\Users\VICTUS\Downloads\Research\outputs\NTU_Pose_Output\A042\S013C003P037R002A042.npy
S013C003P037R002A043,NTU,A043,falling_down,high_risk,58,25,3,"(58, 25, 3)",C:\Users\VICTUS\Downloads\Research\outputs\NTU_Pose_Output\A043\S013C003P037R002A043.npy
S014C001P007R001A008,NTU,A008,sit_down,low_risk,89,25,3,"(89, 25, 3)",C:\Users\VICTUS\Downloads\Research\outputs\NTU_Pose_Output\A008\S014C001P007R001A008.npy
S014C001P007R001A009,NTU,A009,stand_up,low_risk,71,25,3,"(71, 25, 3)",C:\Users\VICTUS\Downloads\Research\outputs\NTU_Pose_Output\A009\S014C001P007R001A009.npy
S014C001P007R001A042,NTU,A042,staggering,moderate_risk,97,25,3,"(97, 25, 3)",C:\Users\VICTUS\Downloads\Research\outputs\NTU_Pose_Output\A042\S014C001P007R001A042.npy
S014C001P007R001A043,NTU,A043,falling_down,high_risk,68,25,3,"(68, 25, 3)",C:\Users\VICTUS\Downloads\Research\outputs\NTU_Pose_Output\A043\S014C001P007R001A043.npy
S014C001P007R002A008,NTU,A008,sit_down,low_risk,106,25,3,"(106, 25, 3)",C:\Users\VICTUS\Downloads\Research\outputs\NTU_Pose_Output\A008\S014C001P007R002A008.npy
S014C001P007R002A009,NTU,A009,stand_up,low_risk,92,25,3,"(92, 25, 3)",C:\Users\VICTUS\Downloads\Research\outputs\NTU_Pose_Output\A009\S014C001P007R002A009.npy
S014C001P007R002A042,NTU,A042,staggering,moderate_risk,95,25,3,"(95, 25, 3)",C:\Users\VICTUS\Downloads\Research\outputs\NTU_Pose_Output\A042\S014C001P007R002A042.npy
S014C001P007R002A043,NTU,A043,falling_down,high_risk,77,25,3,"(77, 25, 3)",C:\Users\VICTUS\Downloads\Research\outputs\NTU_Pose_Output\A043\S014C001P007R002A043.npy
S014C001P008R001A008,NTU,A008,sit_down,low_risk,72,25,3,"(72, 25, 3)",C:\Users\VICTUS\Downloads\Research\outputs\NTU_Pose_Output\A008\S014C001P008R001A008.npy
S014C001P008R001A009,NTU,A009,stand_up,low_risk,81,25,3,"(81, 25, 3)",C:\Users\VICTUS\Downloads\Research\outputs\NTU_Pose_Output\A009\S014C001P008R001A009.npy
S014C001P008R001A042,NTU,A042,staggering,moderate_risk,113,25,3,"(113, 25, 3)",C:\Users\VICTUS\Downloads\Research\outputs\NTU_Pose_Output\A042\S014C001P008R001A042.npy
S014C001P008R001A043,NTU,A043,falling_down,high_risk,64,25,3,"(64, 25, 3)",C:\Users\VICTUS\Downloads\Research\outputs\NTU_Pose_Output\A043\S014C001P008R001A043.npy
S014C001P008R002A008,NTU,A008,sit_down,low_risk,83,25,3,"(83, 25, 3)",C:\Users\VICTUS\Downloads\Research\outputs\NTU_Pose_Output\A008\S014C001P008R002A008.npy
S014C001P008R002A009,NTU,A009,stand_up,low_risk,70,25,3,"(70, 25, 3)",C:\Users\VICTUS\Downloads\Research\outputs\NTU_Pose_Output\A009\S014C001P008R002A009.npy
S014C001P008R002A042,NTU,A042,staggering,moderate_risk,118,25,3,"(118, 25, 3)",C:\Users\VICTUS\Downloads\Research\outputs\NTU_Pose_Output\A042\S014C001P008R002A042.npy
S014C001P008R002A043,NTU,A043,falling_down,high_risk,79,25,3,"(79, 25, 3)",C:\Users\VICTUS\Downloads\Research\outputs\NTU_Pose_Output\A043\S014C001P008R002A043.npy
S014C001P015R001A008,NTU,A008,sit_down,low_risk,63,25,3,"(63, 25, 3)",C:\Users\VICTUS\Downloads\Research\outputs\NTU_Pose_Output\A008\S014C001P015R001A008.npy
S014C001P015R001A009,NTU,A009,stand_up,low_risk,47,25,3,"(47, 25, 3)",C:\Users\VICTUS\Downloads\Research\outputs\NTU_Pose_Output\A009\S014C001P015R001A009.npy
S014C001P015R001A042,NTU,A042,staggering,moderate_risk,75,25,3,"(75, 25, 3)",C:\Users\VICTUS\Downloads\Research\outputs\NTU_Pose_Output\A042\S014C001P015R001A042.npy
S014C001P015R001A043,NTU,A043,falling_down,high_risk,45,25,3,"(45, 25, 3)",C:\Users\VICTUS\Downloads\Research\outputs\NTU_Pose_Output\A043\S014C001P015R001A043.npy
S014C001P015R002A008,NTU,A008,sit_down,low_risk,70,25,3,"(70, 25, 3)",C:\Users\VICTUS\Downloads\Research\outputs\NTU_Pose_Output\A008\S014C001P015R002A008.npy
S014C001P015R002A009,NTU,A009,stand_up,low_risk,62,25,3,"(62, 25, 3)",C:\Users\VICTUS\Downloads\Research\outputs\NTU_Pose_Output\A009\S014C001P015R002A009.npy
S014C001P015R002A042,NTU,A042,staggering,moderate_risk,104,25,3,"(104, 25, 3)",C:\Users\VICTUS\Downloads\Research\outputs\NTU_Pose_Output\A042\S014C001P015R002A042.npy
S014C001P015R002A043,NTU,A043,falling_down,high_risk,55,25,3,"(55, 25, 3)",C:\Users\VICTUS\Downloads\Research\outputs\NTU_Pose_Output\A043\S014C001P015R002A043.npy
S014C001P017R001A008,NTU,A008,sit_down,low_risk,60,25,3,"(60, 25, 3)",C:\Users\VICTUS\Downloads\Research\outputs\NTU_Pose_Output\A008\S014C001P017R001A008.npy
S014C001P017R001A009,NTU,A009,stand_up,low_risk,44,25,3,"(44, 25, 3)",C:\Users\VICTUS\Downloads\Research\outputs\NTU_Pose_Output\A009\S014C001P017R001A009.npy
S014C001P017R001A042,NTU,A042,staggering,moderate_risk,135,25,3,"(135, 25, 3)",C:\Users\VICTUS\Downloads\Research\outputs\NTU_Pose_Output\A042\S014C001P017R001A042.npy
S014C001P017R001A043,NTU,A043,falling_down,high_risk,54,25,3,"(54, 25, 3)",C:\Users\VICTUS\Downloads\Research\outputs\NTU_Pose_Output\A043\S014C001P017R001A043.npy
S014C001P017R002A008,NTU,A008,sit_down,low_risk,62,25,3,"(62, 25, 3)",C:\Users\VICTUS\Downloads\Research\outputs\NTU_Pose_Output\A008\S014C001P017R002A008.npy
S014C001P017R002A009,NTU,A009,stand_up,low_risk,54,25,3,"(54, 25, 3)",C:\Users\VICTUS\Downloads\Research\outputs\NTU_Pose_Output\A009\S014C001P017R002A009.npy
S014C001P017R002A042,NTU,A042,staggering,moderate_risk,149,25,3,"(149, 25, 3)",C:\Users\VICTUS\Downloads\Research\outputs\NTU_Pose_Output\A042\S014C001P017R002A042.npy
S014C001P017R002A043,NTU,A043,falling_down,high_risk,57,25,3,"(57, 25, 3)",C:\Users\VICTUS\Downloads\Research\outputs\NTU_Pose_Output\A043\S014C001P017R002A043.npy
S014C001P019R001A008,NTU,A008,sit_down,low_risk,62,25,3,"(62, 25, 3)",C:\Users\VICTUS\Downloads\Research\outputs\NTU_Pose_Output\A008\S014C001P019R001A008.npy
S014C001P019R001A009,NTU,A009,stand_up,low_risk,47,25,3,"(47, 25, 3)",C:\Users\VICTUS\Downloads\Research\outputs\NTU_Pose_Output\A009\S014C001P019R001A009.npy
S014C001P019R001A042,NTU,A042,staggering,moderate_risk,125,25,3,"(125, 25, 3)",C:\Users\VICTUS\Downloads\Research\outputs\NTU_Pose_Output\A042\S014C001P019R001A042.npy
S014C001P019R001A043,NTU,A043,falling_down,high_risk,57,25,3,"(57, 25, 3)",C:\Users\VICTUS\Downloads\Research\outputs\NTU_Pose_Output\A043\S014C001P019R001A043.npy
S014C001P019R002A008,NTU,A008,sit_down,low_risk,93,25,3,"(93, 25, 3)",C:\Users\VICTUS\Downloads\Research\outputs\NTU_Pose_Output\A008\S014C001P019R002A008.npy
S014C001P019R002A009,NTU,A009,stand_up,low_risk,55,25,3,"(55, 25, 3)",C:\Users\VICTUS\Downloads\Research\outputs\NTU_Pose_Output\A009\S014C001P019R002A009.npy
S014C001P019R002A042,NTU,A042,staggering,moderate_risk,129,25,3,"(129, 25, 3)",C:\Users\VICTUS\Downloads\Research\outputs\NTU_Pose_Output\A042\S014C001P019R002A042.npy
S014C001P019R002A043,NTU,A043,falling_down,high_risk,76,25,3,"(76, 25, 3)",C:\Users\VICTUS\Downloads\Research\outputs\NTU_Pose_Output\A043\S014C001P019R002A043.npy
S014C001P025R001A008,NTU,A008,sit_down,low_risk,91,25,3,"(91, 25, 3)",C:\Users\VICTUS\Downloads\Research\outputs\NTU_Pose_Output\A008\S014C001P025R001A008.npy
S014C001P025R001A009,NTU,A009,stand_up,low_risk,76,25,3,"(76, 25, 3)",C:\Users\VICTUS\Downloads\Research\outputs\NTU_Pose_Output\A009\S014C001P025R001A009.npy
S014C001P025R001A042,NTU,A042,staggering,moderate_risk,108,25,3,"(108, 25, 3)",C:\Users\VICTUS\Downloads\Research\outputs\NTU_Pose_Output\A042\S014C001P025R001A042.npy
S014C001P025R001A043,NTU,A043,falling_down,high_risk,53,25,3,"(53, 25, 3)",C:\Users\VICTUS\Downloads\Research\outputs\NTU_Pose_Output\A043\S014C001P025R001A043.npy
S014C001P025R002A008,NTU,A008,sit_down,low_risk,77,25,3,"(77, 25, 3)",C:\Users\VICTUS\Downloads\Research\outputs\NTU_Pose_Output\A008\S014C001P025R002A008.npy
S014C001P025R002A009,NTU,A009,stand_up,low_risk,65,25,3,"(65, 25, 3)",C:\Users\VICTUS\Downloads\Research\outputs\NTU_Pose_Output\A009\S014C001P025R002A009.npy
S014C001P025R002A042,NTU,A042,staggering,moderate_risk,78,25,3,"(78, 25, 3)",C:\Users\VICTUS\Downloads\Research\outputs\NTU_Pose_Output\A042\S014C001P025R002A042.npy
S014C001P025R002A043,NTU,A043,falling_down,high_risk,54,25,3,"(54, 25, 3)",C:\Users\VICTUS\Downloads\Research\outputs\NTU_Pose_Output\A043\S014C001P025R002A043.npy
S014C001P027R001A008,NTU,A008,sit_down,low_risk,64,25,3,"(64, 25, 3)",C:\Users\VICTUS\Downloads\Research\outputs\NTU_Pose_Output\A008\S014C001P027R001A008.npy
S014C001P027R001A009,NTU,A009,stand_up,low_risk,55,25,3,"(55, 25, 3)",C:\Users\VICTUS\Downloads\Research\outputs\NTU_Pose_Output\A009\S014C001P027R001A009.npy
S014C001P027R001A042,NTU,A042,staggering,moderate_risk,81,25,3,"(81, 25, 3)",C:\Users\VICTUS\Downloads\Research\outputs\NTU_Pose_Output\A042\S014C001P027R001A042.npy
S014C001P027R001A043,NTU,A043,falling_down,high_risk,55,25,3,"(55, 25, 3)",C:\Users\VICTUS\Downloads\Research\outputs\NTU_Pose_Output\A043\S014C001P027R001A043.npy
S014C001P027R002A008,NTU,A008,sit_down,low_risk,58,25,3,"(58, 25, 3)",C:\Users\VICTUS\Downloads\Research\outputs\NTU_Pose_Output\A008\S014C001P027R002A008.npy
S014C001P027R002A009,NTU,A009,stand_up,low_risk,52,25,3,"(52, 25, 3)",C:\Users\VICTUS\Downloads\Research\outputs\NTU_Pose_Output\A009\S014C001P027R002A009.npy
S014C001P027R002A042,NTU,A042,staggering,moderate_risk,75,25,3,"(75, 25, 3)",C:\Users\VICTUS\Downloads\Research\outputs\NTU_Pose_Output\A042\S014C001P027R002A042.npy
S014C001P027R002A043,NTU,A043,falling_down,high_risk,54,25,3,"(54, 25, 3)",C:\Users\VICTUS\Downloads\Research\outputs\NTU_Pose_Output\A043\S014C001P027R002A043.npy
S014C001P037R001A008,NTU,A008,sit_down,low_risk,85,25,3,"(85, 25, 3)",C:\Users\VICTUS\Downloads\Research\outputs\NTU_Pose_Output\A008\S014C001P037R001A008.npy
S014C001P037R001A009,NTU,A009,stand_up,low_risk,85,25,3,"(85, 25, 3)",C:\Users\VICTUS\Downloads\Research\outputs\NTU_Pose_Output\A009\S014C001P037R001A009.npy
S014C001P037R001A042,NTU,A042,staggering,moderate_risk,108,25,3,"(108, 25, 3)",C:\Users\VICTUS\Downloads\Research\outputs\NTU_Pose_Output\A042\S014C001P037R001A042.npy
S014C001P037R001A043,NTU,A043,falling_down,high_risk,63,25,3,"(63, 25, 3)",C:\Users\VICTUS\Downloads\Research\outputs\NTU_Pose_Output\A043\S014C001P037R001A043.npy
S014C001P037R002A008,NTU,A008,sit_down,low_risk,77,25,3,"(77, 25, 3)",C:\Users\VICTUS\Downloads\Research\outputs\NTU_Pose_Output\A008\S014C001P037R002A008.npy
S014C001P037R002A009,NTU,A009,stand_up,low_risk,89,25,3,"(89, 25, 3)",C:\Users\VICTUS\Downloads\Research\outputs\NTU_Pose_Output\A009\S014C001P037R002A009.npy
S014C001P037R002A042,NTU,A042,staggering,moderate_risk,104,25,3,"(104, 25, 3)",C:\Users\VICTUS\Downloads\Research\outputs\NTU_Pose_Output\A042\S014C001P037R002A042.npy
S014C001P037R002A043,NTU,A043,falling_down,high_risk,69,25,3,"(69, 25, 3)",C:\Users\VICTUS\Downloads\Research\outputs\NTU_Pose_Output\A043\S014C001P037R002A043.npy
S014C001P039R001A008,NTU,A008,sit_down,low_risk,67,25,3,"(67, 25, 3)",C:\Users\VICTUS\Downloads\Research\outputs\NTU_Pose_Output\A008\S014C001P039R001A008.npy
S014C001P039R001A009,NTU,A009,stand_up,low_risk,65,25,3,"(65, 25, 3)",C:\Users\VICTUS\Downloads\Research\outputs\NTU_Pose_Output\A009\S014C001P039R001A009.npy
S014C001P039R001A042,NTU,A042,staggering,moderate_risk,109,25,3,"(109, 25, 3)",C:\Users\VICTUS\Downloads\Research\outputs\NTU_Pose_Output\A042\S014C001P039R001A042.npy
S014C001P039R001A043,NTU,A043,falling_down,high_risk,58,25,3,"(58, 25, 3)",C:\Users\VICTUS\Downloads\Research\outputs\NTU_Pose_Output\A043\S014C001P039R001A043.npy
S014C001P039R002A008,NTU,A008,sit_down,low_risk,82,25,3,"(82, 25, 3)",C:\Users\VICTUS\Downloads\Research\outputs\NTU_Pose_Output\A008\S014C001P039R002A008.npy
S014C001P039R002A009,NTU,A009,stand_up,low_risk,79,25,3,"(79, 25, 3)",C:\Users\VICTUS\Downloads\Research\outputs\NTU_Pose_Output\A009\S014C001P039R002A009.npy
S014C001P039R002A042,NTU,A042,staggering,moderate_risk,132,25,3,"(132, 25, 3)",C:\Users\VICTUS\Downloads\Research\outputs\NTU_Pose_Output\A042\S014C001P039R002A042.npy
S014C001P039R002A043,NTU,A043,falling_down,high_risk,64,25,3,"(64, 25, 3)",C:\Users\VICTUS\Downloads\Research\outputs\NTU_Pose_Output\A043\S014C001P039R002A043.npy
S014C002P007R001A008,NTU,A008,sit_down,low_risk,89,25,3,"(89, 25, 3)",C:\Users\VICTUS\Downloads\Research\outputs\NTU_Pose_Output\A008\S014C002P007R001A008.npy
S014C002P007R001A009,NTU,A009,stand_up,low_risk,70,25,3,"(70, 25, 3)",C:\Users\VICTUS\Downloads\Research\outputs\NTU_Pose_Output\A009\S014C002P007R001A009.npy
S014C002P007R001A042,NTU,A042,staggering,moderate_risk,97,25,3,"(97, 25, 3)",C:\Users\VICTUS\Downloads\Research\outputs\NTU_Pose_Output\A042\S014C002P007R001A042.npy
S014C002P007R001A043,NTU,A043,falling_down,high_risk,68,25,3,"(68, 25, 3)",C:\Users\VICTUS\Downloads\Research\outputs\NTU_Pose_Output\A043\S014C002P007R001A043.npy
S014C002P007R002A008,NTU,A008,sit_down,low_risk,106,25,3,"(106, 25, 3)",C:\Users\VICTUS\Downloads\Research\outputs\NTU_Pose_Output\A008\S014C002P007R002A008.npy
S014C002P007R002A009,NTU,A009,stand_up,low_risk,92,25,3,"(92, 25, 3)",C:\Users\VICTUS\Downloads\Research\outputs\NTU_Pose_Output\A009\S014C002P007R002A009.npy
S014C002P007R002A042,NTU,A042,staggering,moderate_risk,95,25,3,"(95, 25, 3)",C:\Users\VICTUS\Downloads\Research\outputs\NTU_Pose_Output\A042\S014C002P007R002A042.npy
S014C002P007R002A043,NTU,A043,falling_down,high_risk,78,25,3,"(78, 25, 3)",C:\Users\VICTUS\Downloads\Research\outputs\NTU_Pose_Output\A043\S014C002P007R002A043.npy
S014C002P008R001A008,NTU,A008,sit_down,low_risk,72,25,3,"(72, 25, 3)",C:\Users\VICTUS\Downloads\Research\outputs\NTU_Pose_Output\A008\S014C002P008R001A008.npy
S014C002P008R001A009,NTU,A009,stand_up,low_risk,81,25,3,"(81, 25, 3)",C:\Users\VICTUS\Downloads\Research\outputs\NTU_Pose_Output\A009\S014C002P008R001A009.npy
S014C002P008R001A042,NTU,A042,staggering,moderate_risk,112,25,3,"(112, 25, 3)",C:\Users\VICTUS\Downloads\Research\outputs\NTU_Pose_Output\A042\S014C002P008R001A042.npy
S014C002P008R001A043,NTU,A043,falling_down,high_risk,64,25,3,"(64, 25, 3)",C:\Users\VICTUS\Downloads\Research\outputs\NTU_Pose_Output\A043\S014C002P008R001A043.npy
S014C002P008R002A008,NTU,A008,sit_down,low_risk,83,25,3,"(83, 25, 3)",C:\Users\VICTUS\Downloads\Research\outputs\NTU_Pose_Output\A008\S014C002P008R002A008.npy
S014C002P008R002A009,NTU,A009,stand_up,low_risk,70,25,3,"(70, 25, 3)",C:\Users\VICTUS\Downloads\Research\outputs\NTU_Pose_Output\A009\S014C002P008R002A009.npy
S014C002P008R002A042,NTU,A042,staggering,moderate_risk,117,25,3,"(117, 25, 3)",C:\Users\VICTUS\Downloads\Research\outputs\NTU_Pose_Output\A042\S014C002P008R002A042.npy
S014C002P008R002A043,NTU,A043,falling_down,high_risk,78,25,3,"(78, 25, 3)",C:\Users\VICTUS\Downloads\Research\outputs\NTU_Pose_Output\A043\S014C002P008R002A043.npy
S014C002P015R001A008,NTU,A008,sit_down,low_risk,65,25,3,"(65, 25, 3)",C:\Users\VICTUS\Downloads\Research\outputs\NTU_Pose_Output\A008\S014C002P015R001A008.npy
S014C002P015R001A009,NTU,A009,stand_up,low_risk,47,25,3,"(47, 25, 3)",C:\Users\VICTUS\Downloads\Research\outputs\NTU_Pose_Output\A009\S014C002P015R001A009.npy
S014C002P015R001A042,NTU,A042,staggering,moderate_risk,76,25,3,"(76, 25, 3)",C:\Users\VICTUS\Downloads\Research\outputs\NTU_Pose_Output\A042\S014C002P015R001A042.npy
S014C002P015R001A043,NTU,A043,falling_down,high_risk,45,25,3,"(45, 25, 3)",C:\Users\VICTUS\Downloads\Research\outputs\NTU_Pose_Output\A043\S014C002P015R001A043.npy
S014C002P015R002A008,NTU,A008,sit_down,low_risk,70,25,3,"(70, 25, 3)",C:\Users\VICTUS\Downloads\Research\outputs\NTU_Pose_Output\A008\S014C002P015R002A008.npy
S014C002P015R002A009,NTU,A009,stand_up,low_risk,62,25,3,"(62, 25, 3)",C:\Users\VICTUS\Downloads\Research\outputs\NTU_Pose_Output\A009\S014C002P015R002A009.npy
S014C002P015R002A042,NTU,A042,staggering,moderate_risk,104,25,3,"(104, 25, 3)",C:\Users\VICTUS\Downloads\Research\outputs\NTU_Pose_Output\A042\S014C002P015R002A042.npy
S014C002P015R002A043,NTU,A043,falling_down,high_risk,55,25,3,"(55, 25, 3)",C:\Users\VICTUS\Downloads\Research\outputs\NTU_Pose_Output\A043\S014C002P015R002A043.npy
S014C002P017R001A008,NTU,A008,sit_down,low_risk,59,25,3,"(59, 25, 3)",C:\Users\VICTUS\Downloads\Research\outputs\NTU_Pose_Output\A008\S014C002P017R001A008.npy
S014C002P017R001A009,NTU,A009,stand_up,low_risk,45,25,3,"(45, 25, 3)",C:\Users\VICTUS\Downloads\Research\outputs\NTU_Pose_Output\A009\S014C002P017R001A009.npy
S014C002P017R001A042,NTU,A042,staggering,moderate_risk,135,25,3,"(135, 25, 3)",C:\Users\VICTUS\Downloads\Research\outputs\NTU_Pose_Output\A042\S014C002P017R001A042.npy
S014C002P017R001A043,NTU,A043,falling_down,high_risk,53,25,3,"(53, 25, 3)",C:\Users\VICTUS\Downloads\Research\outputs\NTU_Pose_Output\A043\S014C002P017R001A043.npy
S014C002P017R002A008,NTU,A008,sit_down,low_risk,64,25,3,"(64, 25, 3)",C:\Users\VICTUS\Downloads\Research\outputs\NTU_Pose_Output\A008\S014C002P017R002A008.npy
S014C002P017R002A009,NTU,A009,stand_up,low_risk,54,25,3,"(54, 25, 3)",C:\Users\VICTUS\Downloads\Research\outputs\NTU_Pose_Output\A009\S014C002P017R002A009.npy
S014C002P017R002A042,NTU,A042,staggering,moderate_risk,150,25,3,"(150, 25, 3)",C:\Users\VICTUS\Downloads\Research\outputs\NTU_Pose_Output\A042\S014C002P017R002A042.npy
S014C002P017R002A043,NTU,A043,falling_down,high_risk,58,25,3,"(58, 25, 3)",C:\Users\VICTUS\Downloads\Research\outputs\NTU_Pose_Output\A043\S014C002P017R002A043.npy
S014C002P019R001A008,NTU,A008,sit_down,low_risk,60,25,3,"(60, 25, 3)",C:\Users\VICTUS\Downloads\Research\outputs\NTU_Pose_Output\A008\S014C002P019R001A008.npy
S014C002P019R001A009,NTU,A009,stand_up,low_risk,47,25,3,"(47, 25, 3)",C:\Users\VICTUS\Downloads\Research\outputs\NTU_Pose_Output\A009\S014C002P019R001A009.npy
S014C002P019R001A042,NTU,A042,staggering,moderate_risk,125,25,3,"(125, 25, 3)",C:\Users\VICTUS\Downloads\Research\outputs\NTU_Pose_Output\A042\S014C002P019R001A042.npy
S014C002P019R001A043,NTU,A043,falling_down,high_risk,57,25,3,"(57, 25, 3)",C:\Users\VICTUS\Downloads\Research\outputs\NTU_Pose_Output\A043\S014C002P019R001A043.npy
S014C002P019R002A008,NTU,A008,sit_down,low_risk,93,25,3,"(93, 25, 3)",C:\Users\VICTUS\Downloads\Research\outputs\NTU_Pose_Output\A008\S014C002P019R002A008.npy
S014C002P019R002A009,NTU,A009,stand_up,low_risk,55,25,3,"(55, 25, 3)",C:\Users\VICTUS\Downloads\Research\outputs\NTU_Pose_Output\A009\S014C002P019R002A009.npy
S014C002P019R002A042,NTU,A042,staggering,moderate_risk,128,25,3,"(128, 25, 3)",C:\Users\VICTUS\Downloads\Research\outputs\NTU_Pose_Output\A042\S014C002P019R002A042.npy
S014C002P019R002A043,NTU,A043,falling_down,high_risk,76,25,3,"(76, 25, 3)",C:\Users\VICTUS\Downloads\Research\outputs\NTU_Pose_Output\A043\S014C002P019R002A043.npy
S014C002P025R001A008,NTU,A008,sit_down,low_risk,90,25,3,"(90, 25, 3)",C:\Users\VICTUS\Downloads\Research\outputs\NTU_Pose_Output\A008\S014C002P025R001A008.npy
S014C002P025R001A009,NTU,A009,stand_up,low_risk,75,25,3,"(75, 25, 3)",C:\Users\VICTUS\Downloads\Research\outputs\NTU_Pose_Output\A009\S014C002P025R001A009.npy
S014C002P025R001A042,NTU,A042,staggering,moderate_risk,108,25,3,"(108, 25, 3)",C:\Users\VICTUS\Downloads\Research\outputs\NTU_Pose_Output\A042\S014C002P025R001A042.npy
S014C002P025R001A043,NTU,A043,falling_down,high_risk,52,25,3,"(52, 25, 3)",C:\Users\VICTUS\Downloads\Research\outputs\NTU_Pose_Output\A043\S014C002P025R001A043.npy
S014C002P025R002A008,NTU,A008,sit_down,low_risk,77,25,3,"(77, 25, 3)",C:\Users\VICTUS\Downloads\Research\outputs\NTU_Pose_Output\A008\S014C002P025R002A008.npy
S014C002P025R002A009,NTU,A009,stand_up,low_risk,64,25,3,"(64, 25, 3)",C:\Users\VICTUS\Downloads\Research\outputs\NTU_Pose_Output\A009\S014C002P025R002A009.npy
S014C002P025R002A042,NTU,A042,staggering,moderate_risk,79,25,3,"(79, 25, 3)",C:\Users\VICTUS\Downloads\Research\outputs\NTU_Pose_Output\A042\S014C002P025R002A042.npy
S014C002P025R002A043,NTU,A043,falling_down,high_risk,54,25,3,"(54, 25, 3)",C:\Users\VICTUS\Downloads\Research\outputs\NTU_Pose_Output\A043\S014C002P025R002A043.npy
S014C002P027R001A008,NTU,A008,sit_down,low_risk,65,25,3,"(65, 25, 3)",C:\Users\VICTUS\Downloads\Research\outputs\NTU_Pose_Output\A008\S014C002P027R001A008.npy
S014C002P027R001A009,NTU,A009,stand_up,low_risk,56,25,3,"(56, 25, 3)",C:\Users\VICTUS\Downloads\Research\outputs\NTU_Pose_Output\A009\S014C002P027R001A009.npy
S014C002P027R001A042,NTU,A042,staggering,moderate_risk,80,25,3,"(80, 25, 3)",C:\Users\VICTUS\Downloads\Research\outputs\NTU_Pose_Output\A042\S014C002P027R001A042.npy
S014C002P027R001A043,NTU,A043,falling_down,high_risk,54,25,3,"(54, 25, 3)",C:\Users\VICTUS\Downloads\Research\outputs\NTU_Pose_Output\A043\S014C002P027R001A043.npy
S014C002P027R002A008,NTU,A008,sit_down,low_risk,58,25,3,"(58, 25, 3)",C:\Users\VICTUS\Downloads\Research\outputs\NTU_Pose_Output\A008\S014C002P027R002A008.npy
S014C002P027R002A009,NTU,A009,stand_up,low_risk,53,25,3,"(53, 25, 3)",C:\Users\VICTUS\Downloads\Research\outputs\NTU_Pose_Output\A009\S014C002P027R002A009.npy
S014C002P027R002A042,NTU,A042,staggering,moderate_risk,75,25,3,"(75, 25, 3)",C:\Users\VICTUS\Downloads\Research\outputs\NTU_Pose_Output\A042\S014C002P027R002A042.npy
S014C002P027R002A043,NTU,A043,falling_down,high_risk,54,25,3,"(54, 25, 3)",C:\Users\VICTUS\Downloads\Research\outputs\NTU_Pose_Output\A043\S014C002P027R002A043.npy
S014C002P037R001A008,NTU,A008,sit_down,low_risk,85,25,3,"(85, 25, 3)",C:\Users\VICTUS\Downloads\Research\outputs\NTU_Pose_Output\A008\S014C002P037R001A008.npy
S014C002P037R001A009,NTU,A009,stand_up,low_risk,85,25,3,"(85, 25, 3)",C:\Users\VICTUS\Downloads\Research\outputs\NTU_Pose_Output\A009\S014C002P037R001A009.npy
S014C002P037R001A042,NTU,A042,staggering,moderate_risk,109,25,3,"(109, 25, 3)",C:\Users\VICTUS\Downloads\Research\outputs\NTU_Pose_Output\A042\S014C002P037R001A042.npy
S014C002P037R001A043,NTU,A043,falling_down,high_risk,63,25,3,"(63, 25, 3)",C:\Users\VICTUS\Downloads\Research\outputs\NTU_Pose_Output\A043\S014C002P037R001A043.npy
S014C002P037R002A008,NTU,A008,sit_down,low_risk,77,25,3,"(77, 25, 3)",C:\Users\VICTUS\Downloads\Research\outputs\NTU_Pose_Output\A008\S014C002P037R002A008.npy
S014C002P037R002A009,NTU,A009,stand_up,low_risk,89,25,3,"(89, 25, 3)",C:\Users\VICTUS\Downloads\Research\outputs\NTU_Pose_Output\A009\S014C002P037R002A009.npy
S014C002P037R002A042,NTU,A042,staggering,moderate_risk,104,25,3,"(104, 25, 3)",C:\Users\VICTUS\Downloads\Research\outputs\NTU_Pose_Output\A042\S014C002P037R002A042.npy
S014C002P037R002A043,NTU,A043,falling_down,high_risk,70,25,3,"(70, 25, 3)",C:\Users\VICTUS\Downloads\Research\outputs\NTU_Pose_Output\A043\S014C002P037R002A043.npy
S014C002P039R001A008,NTU,A008,sit_down,low_risk,68,25,3,"(68, 25, 3)",C:\Users\VICTUS\Downloads\Research\outputs\NTU_Pose_Output\A008\S014C002P039R001A008.npy
S014C002P039R001A009,NTU,A009,stand_up,low_risk,65,25,3,"(65, 25, 3)",C:\Users\VICTUS\Downloads\Research\outputs\NTU_Pose_Output\A009\S014C002P039R001A009.npy
S014C002P039R001A042,NTU,A042,staggering,moderate_risk,109,25,3,"(109, 25, 3)",C:\Users\VICTUS\Downloads\Research\outputs\NTU_Pose_Output\A042\S014C002P039R001A042.npy
S014C002P039R001A043,NTU,A043,falling_down,high_risk,57,25,3,"(57, 25, 3)",C:\Users\VICTUS\Downloads\Research\outputs\NTU_Pose_Output\A043\S014C002P039R001A043.npy
S014C002P039R002A008,NTU,A008,sit_down,low_risk,83,25,3,"(83, 25, 3)",C:\Users\VICTUS\Downloads\Research\outputs\NTU_Pose_Output\A008\S014C002P039R002A008.npy
S014C002P039R002A009,NTU,A009,stand_up,low_risk,79,25,3,"(79, 25, 3)",C:\Users\VICTUS\Downloads\Research\outputs\NTU_Pose_Output\A009\S014C002P039R002A009.npy
S014C002P039R002A042,NTU,A042,staggering,moderate_risk,133,25,3,"(133, 25, 3)",C:\Users\VICTUS\Downloads\Research\outputs\NTU_Pose_Output\A042\S014C002P039R002A042.npy
S014C002P039R002A043,NTU,A043,falling_down,high_risk,65,25,3,"(65, 25, 3)",C:\Users\VICTUS\Downloads\Research\outputs\NTU_Pose_Output\A043\S014C002P039R002A043.npy
S014C003P007R001A008,NTU,A008,sit_down,low_risk,89,25,3,"(89, 25, 3)",C:\Users\VICTUS\Downloads\Research\outputs\NTU_Pose_Output\A008\S014C003P007R001A008.npy
S014C003P007R001A009,NTU,A009,stand_up,low_risk,71,25,3,"(71, 25, 3)",C:\Users\VICTUS\Downloads\Research\outputs\NTU_Pose_Output\A009\S014C003P007R001A009.npy
S014C003P007R001A042,NTU,A042,staggering,moderate_risk,97,25,3,"(97, 25, 3)",C:\Users\VICTUS\Downloads\Research\outputs\NTU_Pose_Output\A042\S014C003P007R001A042.npy
S014C003P007R001A043,NTU,A043,falling_down,high_risk,68,25,3,"(68, 25, 3)",C:\Users\VICTUS\Downloads\Research\outputs\NTU_Pose_Output\A043\S014C003P007R001A043.npy
S014C003P007R002A008,NTU,A008,sit_down,low_risk,106,25,3,"(106, 25, 3)",C:\Users\VICTUS\Downloads\Research\outputs\NTU_Pose_Output\A008\S014C003P007R002A008.npy
S014C003P007R002A009,NTU,A009,stand_up,low_risk,91,25,3,"(91, 25, 3)",C:\Users\VICTUS\Downloads\Research\outputs\NTU_Pose_Output\A009\S014C003P007R002A009.npy
S014C003P007R002A042,NTU,A042,staggering,moderate_risk,95,25,3,"(95, 25, 3)",C:\Users\VICTUS\Downloads\Research\outputs\NTU_Pose_Output\A042\S014C003P007R002A042.npy
S014C003P007R002A043,NTU,A043,falling_down,high_risk,78,25,3,"(78, 25, 3)",C:\Users\VICTUS\Downloads\Research\outputs\NTU_Pose_Output\A043\S014C003P007R002A043.npy
S014C003P008R001A008,NTU,A008,sit_down,low_risk,72,25,3,"(72, 25, 3)",C:\Users\VICTUS\Downloads\Research\outputs\NTU_Pose_Output\A008\S014C003P008R001A008.npy
S014C003P008R001A009,NTU,A009,stand_up,low_risk,81,25,3,"(81, 25, 3)",C:\Users\VICTUS\Downloads\Research\outputs\NTU_Pose_Output\A009\S014C003P008R001A009.npy
S014C003P008R001A042,NTU,A042,staggering,moderate_risk,113,25,3,"(113, 25, 3)",C:\Users\VICTUS\Downloads\Research\outputs\NTU_Pose_Output\A042\S014C003P008R001A042.npy
S014C003P008R001A043,NTU,A043,falling_down,high_risk,64,25,3,"(64, 25, 3)",C:\Users\VICTUS\Downloads\Research\outputs\NTU_Pose_Output\A043\S014C003P008R001A043.npy
S014C003P008R002A008,NTU,A008,sit_down,low_risk,83,25,3,"(83, 25, 3)",C:\Users\VICTUS\Downloads\Research\outputs\NTU_Pose_Output\A008\S014C003P008R002A008.npy
S014C003P008R002A009,NTU,A009,stand_up,low_risk,70,25,3,"(70, 25, 3)",C:\Users\VICTUS\Downloads\Research\outputs\NTU_Pose_Output\A009\S014C003P008R002A009.npy
S014C003P008R002A042,NTU,A042,staggering,moderate_risk,118,25,3,"(118, 25, 3)",C:\Users\VICTUS\Downloads\Research\outputs\NTU_Pose_Output\A042\S014C003P008R002A042.npy
S014C003P008R002A043,NTU,A043,falling_down,high_risk,78,25,3,"(78, 25, 3)",C:\Users\VICTUS\Downloads\Research\outputs\NTU_Pose_Output\A043\S014C003P008R002A043.npy
S014C003P015R001A008,NTU,A008,sit_down,low_risk,65,25,3,"(65, 25, 3)",C:\Users\VICTUS\Downloads\Research\outputs\NTU_Pose_Output\A008\S014C003P015R001A008.npy
S014C003P015R001A009,NTU,A009,stand_up,low_risk,48,25,3,"(48, 25, 3)",C:\Users\VICTUS\Downloads\Research\outputs\NTU_Pose_Output\A009\S014C003P015R001A009.npy
S014C003P015R001A042,NTU,A042,staggering,moderate_risk,75,25,3,"(75, 25, 3)",C:\Users\VICTUS\Downloads\Research\outputs\NTU_Pose_Output\A042\S014C003P015R001A042.npy
S014C003P015R001A043,NTU,A043,falling_down,high_risk,45,25,3,"(45, 25, 3)",C:\Users\VICTUS\Downloads\Research\outputs\NTU_Pose_Output\A043\S014C003P015R001A043.npy
S014C003P015R002A008,NTU,A008,sit_down,low_risk,70,25,3,"(70, 25, 3)",C:\Users\VICTUS\Downloads\Research\outputs\NTU_Pose_Output\A008\S014C003P015R002A008.npy
S014C003P015R002A009,NTU,A009,stand_up,low_risk,62,25,3,"(62, 25, 3)",C:\Users\VICTUS\Downloads\Research\outputs\NTU_Pose_Output\A009\S014C003P015R002A009.npy
S014C003P015R002A042,NTU,A042,staggering,moderate_risk,104,25,3,"(104, 25, 3)",C:\Users\VICTUS\Downloads\Research\outputs\NTU_Pose_Output\A042\S014C003P015R002A042.npy
S014C003P015R002A043,NTU,A043,falling_down,high_risk,55,25,3,"(55, 25, 3)",C:\Users\VICTUS\Downloads\Research\outputs\NTU_Pose_Output\A043\S014C003P015R002A043.npy
S014C003P017R001A008,NTU,A008,sit_down,low_risk,60,25,3,"(60, 25, 3)",C:\Users\VICTUS\Downloads\Research\outputs\NTU_Pose_Output\A008\S014C003P017R001A008.npy
S014C003P017R001A009,NTU,A009,stand_up,low_risk,44,25,3,"(44, 25, 3)",C:\Users\VICTUS\Downloads\Research\outputs\NTU_Pose_Output\A009\S014C003P017R001A009.npy
S014C003P017R001A042,NTU,A042,staggering,moderate_risk,135,25,3,"(135, 25, 3)",C:\Users\VICTUS\Downloads\Research\outputs\NTU_Pose_Output\A042\S014C003P017R001A042.npy
S014C003P017R001A043,NTU,A043,falling_down,high_risk,55,25,3,"(55, 25, 3)",C:\Users\VICTUS\Downloads\Research\outputs\NTU_Pose_Output\A043\S014C003P017R001A043.npy
S014C003P017R002A008,NTU,A008,sit_down,low_risk,64,25,3,"(64, 25, 3)",C:\Users\VICTUS\Downloads\Research\outputs\NTU_Pose_Output\A008\S014C003P017R002A008.npy
S014C003P017R002A009,NTU,A009,stand_up,low_risk,54,25,3,"(54, 25, 3)",C:\Users\VICTUS\Downloads\Research\outputs\NTU_Pose_Output\A009\S014C003P017R002A009.npy
S014C003P017R002A042,NTU,A042,staggering,moderate_risk,150,25,3,"(150, 25, 3)",C:\Users\VICTUS\Downloads\Research\outputs\NTU_Pose_Output\A042\S014C003P017R002A042.npy
S014C003P017R002A043,NTU,A043,falling_down,high_risk,57,25,3,"(57, 25, 3)",C:\Users\VICTUS\Downloads\Research\outputs\NTU_Pose_Output\A043\S014C003P017R002A043.npy
S014C003P019R001A008,NTU,A008,sit_down,low_risk,62,25,3,"(62, 25, 3)",C:\Users\VICTUS\Downloads\Research\outputs\NTU_Pose_Output\A008\S014C003P019R001A008.npy
S014C003P019R001A009,NTU,A009,stand_up,low_risk,48,25,3,"(48, 25, 3)",C:\Users\VICTUS\Downloads\Research\outputs\NTU_Pose_Output\A009\S014C003P019R001A009.npy
S014C003P019R001A042,NTU,A042,staggering,moderate_risk,124,25,3,"(124, 25, 3)",C:\Users\VICTUS\Downloads\Research\outputs\NTU_Pose_Output\A042\S014C003P019R001A042.npy
S014C003P019R001A043,NTU,A043,falling_down,high_risk,57,25,3,"(57, 25, 3)",C:\Users\VICTUS\Downloads\Research\outputs\NTU_Pose_Output\A043\S014C003P019R001A043.npy
S014C003P019R002A008,NTU,A008,sit_down,low_risk,93,25,3,"(93, 25, 3)",C:\Users\VICTUS\Downloads\Research\outputs\NTU_Pose_Output\A008\S014C003P019R002A008.npy
S014C003P019R002A009,NTU,A009,stand_up,low_risk,55,25,3,"(55, 25, 3)",C:\Users\VICTUS\Downloads\Research\outputs\NTU_Pose_Output\A009\S014C003P019R002A009.npy
S014C003P019R002A042,NTU,A042,staggering,moderate_risk,128,25,3,"(128, 25, 3)",C:\Users\VICTUS\Downloads\Research\outputs\NTU_Pose_Output\A042\S014C003P019R002A042.npy
S014C003P019R002A043,NTU,A043,falling_down,high_risk,76,25,3,"(76, 25, 3)",C:\Users\VICTUS\Downloads\Research\outputs\NTU_Pose_Output\A043\S014C003P019R002A043.npy
S014C003P025R001A008,NTU,A008,sit_down,low_risk,90,25,3,"(90, 25, 3)",C:\Users\VICTUS\Downloads\Research\outputs\NTU_Pose_Output\A008\S014C003P025R001A008.npy
S014C003P025R001A009,NTU,A009,stand_up,low_risk,76,25,3,"(76, 25, 3)",C:\Users\VICTUS\Downloads\Research\outputs\NTU_Pose_Output\A009\S014C003P025R001A009.npy
S014C003P025R001A042,NTU,A042,staggering,moderate_risk,108,25,3,"(108, 25, 3)",C:\Users\VICTUS\Downloads\Research\outputs\NTU_Pose_Output\A042\S014C003P025R001A042.npy
S014C003P025R001A043,NTU,A043,falling_down,high_risk,53,25,3,"(53, 25, 3)",C:\Users\VICTUS\Downloads\Research\outputs\NTU_Pose_Output\A043\S014C003P025R001A043.npy
S014C003P025R002A008,NTU,A008,sit_down,low_risk,77,25,3,"(77, 25, 3)",C:\Users\VICTUS\Downloads\Research\outputs\NTU_Pose_Output\A008\S014C003P025R002A008.npy
S014C003P025R002A009,NTU,A009,stand_up,low_risk,65,25,3,"(65, 25, 3)",C:\Users\VICTUS\Downloads\Research\outputs\NTU_Pose_Output\A009\S014C003P025R002A009.npy
S014C003P025R002A042,NTU,A042,staggering,moderate_risk,79,25,3,"(79, 25, 3)",C:\Users\VICTUS\Downloads\Research\outputs\NTU_Pose_Output\A042\S014C003P025R002A042.npy
S014C003P025R002A043,NTU,A043,falling_down,high_risk,54,25,3,"(54, 25, 3)",C:\Users\VICTUS\Downloads\Research\outputs\NTU_Pose_Output\A043\S014C003P025R002A043.npy
S014C003P027R001A008,NTU,A008,sit_down,low_risk,64,25,3,"(64, 25, 3)",C:\Users\VICTUS\Downloads\Research\outputs\NTU_Pose_Output\A008\S014C003P027R001A008.npy
S014C003P027R001A009,NTU,A009,stand_up,low_risk,56,25,3,"(56, 25, 3)",C:\Users\VICTUS\Downloads\Research\outputs\NTU_Pose_Output\A009\S014C003P027R001A009.npy
S014C003P027R001A042,NTU,A042,staggering,moderate_risk,81,25,3,"(81, 25, 3)",C:\Users\VICTUS\Downloads\Research\outputs\NTU_Pose_Output\A042\S014C003P027R001A042.npy
S014C003P027R001A043,NTU,A043,falling_down,high_risk,55,25,3,"(55, 25, 3)",C:\Users\VICTUS\Downloads\Research\outputs\NTU_Pose_Output\A043\S014C003P027R001A043.npy
S014C003P027R002A008,NTU,A008,sit_down,low_risk,58,25,3,"(58, 25, 3)",C:\Users\VICTUS\Downloads\Research\outputs\NTU_Pose_Output\A008\S014C003P027R002A008.npy
S014C003P027R002A009,NTU,A009,stand_up,low_risk,52,25,3,"(52, 25, 3)",C:\Users\VICTUS\Downloads\Research\outputs\NTU_Pose_Output\A009\S014C003P027R002A009.npy
S014C003P027R002A042,NTU,A042,staggering,moderate_risk,75,25,3,"(75, 25, 3)",C:\Users\VICTUS\Downloads\Research\outputs\NTU_Pose_Output\A042\S014C003P027R002A042.npy
S014C003P027R002A043,NTU,A043,falling_down,high_risk,54,25,3,"(54, 25, 3)",C:\Users\VICTUS\Downloads\Research\outputs\NTU_Pose_Output\A043\S014C003P027R002A043.npy
S014C003P037R001A008,NTU,A008,sit_down,low_risk,86,25,3,"(86, 25, 3)",C:\Users\VICTUS\Downloads\Research\outputs\NTU_Pose_Output\A008\S014C003P037R001A008.npy
S014C003P037R001A009,NTU,A009,stand_up,low_risk,85,25,3,"(85, 25, 3)",C:\Users\VICTUS\Downloads\Research\outputs\NTU_Pose_Output\A009\S014C003P037R001A009.npy
S014C003P037R001A042,NTU,A042,staggering,moderate_risk,109,25,3,"(109, 25, 3)",C:\Users\VICTUS\Downloads\Research\outputs\NTU_Pose_Output\A042\S014C003P037R001A042.npy
S014C003P037R001A043,NTU,A043,falling_down,high_risk,63,25,3,"(63, 25, 3)",C:\Users\VICTUS\Downloads\Research\outputs\NTU_Pose_Output\A043\S014C003P037R001A043.npy
S014C003P037R002A008,NTU,A008,sit_down,low_risk,77,25,3,"(77, 25, 3)",C:\Users\VICTUS\Downloads\Research\outputs\NTU_Pose_Output\A008\S014C003P037R002A008.npy
S014C003P037R002A009,NTU,A009,stand_up,low_risk,89,25,3,"(89, 25, 3)",C:\Users\VICTUS\Downloads\Research\outputs\NTU_Pose_Output\A009\S014C003P037R002A009.npy
S014C003P037R002A042,NTU,A042,staggering,moderate_risk,103,25,3,"(103, 25, 3)",C:\Users\VICTUS\Downloads\Research\outputs\NTU_Pose_Output\A042\S014C003P037R002A042.npy
S014C003P037R002A043,NTU,A043,falling_down,high_risk,69,25,3,"(69, 25, 3)",C:\Users\VICTUS\Downloads\Research\outputs\NTU_Pose_Output\A043\S014C003P037R002A043.npy
S014C003P039R001A008,NTU,A008,sit_down,low_risk,67,25,3,"(67, 25, 3)",C:\Users\VICTUS\Downloads\Research\outputs\NTU_Pose_Output\A008\S014C003P039R001A008.npy
S014C003P039R001A009,NTU,A009,stand_up,low_risk,66,25,3,"(66, 25, 3)",C:\Users\VICTUS\Downloads\Research\outputs\NTU_Pose_Output\A009\S014C003P039R001A009.npy
S014C003P039R001A042,NTU,A042,staggering,moderate_risk,109,25,3,"(109, 25, 3)",C:\Users\VICTUS\Downloads\Research\outputs\NTU_Pose_Output\A042\S014C003P039R001A042.npy
S014C003P039R001A043,NTU,A043,falling_down,high_risk,58,25,3,"(58, 25, 3)",C:\Users\VICTUS\Downloads\Research\outputs\NTU_Pose_Output\A043\S014C003P039R001A043.npy
S014C003P039R002A008,NTU,A008,sit_down,low_risk,83,25,3,"(83, 25, 3)",C:\Users\VICTUS\Downloads\Research\outputs\NTU_Pose_Output\A008\S014C003P039R002A008.npy
S014C003P039R002A009,NTU,A009,stand_up,low_risk,79,25,3,"(79, 25, 3)",C:\Users\VICTUS\Downloads\Research\outputs\NTU_Pose_Output\A009\S014C003P039R002A009.npy
S014C003P039R002A042,NTU,A042,staggering,moderate_risk,133,25,3,"(133, 25, 3)",C:\Users\VICTUS\Downloads\Research\outputs\NTU_Pose_Output\A042\S014C003P039R002A042.npy
S014C003P039R002A043,NTU,A043,falling_down,high_risk,64,25,3,"(64, 25, 3)",C:\Users\VICTUS\Downloads\Research\outputs\NTU_Pose_Output\A043\S014C003P039R002A043.npy
S015C001P007R001A008,NTU,A008,sit_down,low_risk,80,25,3,"(80, 25, 3)",C:\Users\VICTUS\Downloads\Research\outputs\NTU_Pose_Output\A008\S015C001P007R001A008.npy
S015C001P007R001A009,NTU,A009,stand_up,low_risk,57,25,3,"(57, 25, 3)",C:\Users\VICTUS\Downloads\Research\outputs\NTU_Pose_Output\A009\S015C001P007R001A009.npy
S015C001P007R001A042,NTU,A042,staggering,moderate_risk,112,25,3,"(112, 25, 3)",C:\Users\VICTUS\Downloads\Research\outputs\NTU_Pose_Output\A042\S015C001P007R001A042.npy
S015C001P007R001A043,NTU,A043,falling_down,high_risk,60,25,3,"(60, 25, 3)",C:\Users\VICTUS\Downloads\Research\outputs\NTU_Pose_Output\A043\S015C001P007R001A043.npy
S015C001P007R002A008,NTU,A008,sit_down,low_risk,88,25,3,"(88, 25, 3)",C:\Users\VICTUS\Downloads\Research\outputs\NTU_Pose_Output\A008\S015C001P007R002A008.npy
S015C001P007R002A009,NTU,A009,stand_up,low_risk,60,25,3,"(60, 25, 3)",C:\Users\VICTUS\Downloads\Research\outputs\NTU_Pose_Output\A009\S015C001P007R002A009.npy
S015C001P007R002A042,NTU,A042,staggering,moderate_risk,142,25,3,"(142, 25, 3)",C:\Users\VICTUS\Downloads\Research\outputs\NTU_Pose_Output\A042\S015C001P007R002A042.npy
S015C001P007R002A043,NTU,A043,falling_down,high_risk,62,25,3,"(62, 25, 3)",C:\Users\VICTUS\Downloads\Research\outputs\NTU_Pose_Output\A043\S015C001P007R002A043.npy
S015C001P008R001A008,NTU,A008,sit_down,low_risk,76,25,3,"(76, 25, 3)",C:\Users\VICTUS\Downloads\Research\outputs\NTU_Pose_Output\A008\S015C001P008R001A008.npy
S015C001P008R001A009,NTU,A009,stand_up,low_risk,68,25,3,"(68, 25, 3)",C:\Users\VICTUS\Downloads\Research\outputs\NTU_Pose_Output\A009\S015C001P008R001A009.npy
S015C001P008R001A042,NTU,A042,staggering,moderate_risk,105,25,3,"(105, 25, 3)",C:\Users\VICTUS\Downloads\Research\outputs\NTU_Pose_Output\A042\S015C001P008R001A042.npy
S015C001P008R001A043,NTU,A043,falling_down,high_risk,74,25,3,"(74, 25, 3)",C:\Users\VICTUS\Downloads\Research\outputs\NTU_Pose_Output\A043\S015C001P008R001A043.npy
S015C001P008R002A008,NTU,A008,sit_down,low_risk,69,25,3,"(69, 25, 3)",C:\Users\VICTUS\Downloads\Research\outputs\NTU_Pose_Output\A008\S015C001P008R002A008.npy
S015C001P008R002A009,NTU,A009,stand_up,low_risk,61,25,3,"(61, 25, 3)",C:\Users\VICTUS\Downloads\Research\outputs\NTU_Pose_Output\A009\S015C001P008R002A009.npy
S015C001P008R002A042,NTU,A042,staggering,moderate_risk,90,25,3,"(90, 25, 3)",C:\Users\VICTUS\Downloads\Research\outputs\NTU_Pose_Output\A042\S015C001P008R002A042.npy
S015C001P008R002A043,NTU,A043,falling_down,high_risk,53,25,3,"(53, 25, 3)",C:\Users\VICTUS\Downloads\Research\outputs\NTU_Pose_Output\A043\S015C001P008R002A043.npy
S015C001P015R001A008,NTU,A008,sit_down,low_risk,71,25,3,"(71, 25, 3)",C:\Users\VICTUS\Downloads\Research\outputs\NTU_Pose_Output\A008\S015C001P015R001A008.npy
S015C001P015R001A009,NTU,A009,stand_up,low_risk,61,25,3,"(61, 25, 3)",C:\Users\VICTUS\Downloads\Research\outputs\NTU_Pose_Output\A009\S015C001P015R001A009.npy
S015C001P015R001A042,NTU,A042,staggering,moderate_risk,99,25,3,"(99, 25, 3)",C:\Users\VICTUS\Downloads\Research\outputs\NTU_Pose_Output\A042\S015C001P015R001A042.npy
S015C001P015R001A043,NTU,A043,falling_down,high_risk,50,25,3,"(50, 25, 3)",C:\Users\VICTUS\Downloads\Research\outputs\NTU_Pose_Output\A043\S015C001P015R001A043.npy
S015C001P015R002A008,NTU,A008,sit_down,low_risk,59,25,3,"(59, 25, 3)",C:\Users\VICTUS\Downloads\Research\outputs\NTU_Pose_Output\A008\S015C001P015R002A008.npy
S015C001P015R002A009,NTU,A009,stand_up,low_risk,54,25,3,"(54, 25, 3)",C:\Users\VICTUS\Downloads\Research\outputs\NTU_Pose_Output\A009\S015C001P015R002A009.npy
S015C001P015R002A042,NTU,A042,staggering,moderate_risk,100,25,3,"(100, 25, 3)",C:\Users\VICTUS\Downloads\Research\outputs\NTU_Pose_Output\A042\S015C001P015R002A042.npy
S015C001P015R002A043,NTU,A043,falling_down,high_risk,58,25,3,"(58, 25, 3)",C:\Users\VICTUS\Downloads\Research\outputs\NTU_Pose_Output\A043\S015C001P015R002A043.npy
S015C001P016R001A008,NTU,A008,sit_down,low_risk,55,25,3,"(55, 25, 3)",C:\Users\VICTUS\Downloads\Research\outputs\NTU_Pose_Output\A008\S015C001P016R001A008.npy
S015C001P016R001A009,NTU,A009,stand_up,low_risk,46,25,3,"(46, 25, 3)",C:\Users\VICTUS\Downloads\Research\outputs\NTU_Pose_Output\A009\S015C001P016R001A009.npy
S015C001P016R001A042,NTU,A042,staggering,moderate_risk,123,25,3,"(123, 25, 3)",C:\Users\VICTUS\Downloads\Research\outputs\NTU_Pose_Output\A042\S015C001P016R001A042.npy
S015C001P016R001A043,NTU,A043,falling_down,high_risk,48,25,3,"(48, 25, 3)",C:\Users\VICTUS\Downloads\Research\outputs\NTU_Pose_Output\A043\S015C001P016R001A043.npy
S015C001P016R002A008,NTU,A008,sit_down,low_risk,54,25,3,"(54, 25, 3)",C:\Users\VICTUS\Downloads\Research\outputs\NTU_Pose_Output\A008\S015C001P016R002A008.npy
S015C001P016R002A009,NTU,A009,stand_up,low_risk,49,25,3,"(49, 25, 3)",C:\Users\VICTUS\Downloads\Research\outputs\NTU_Pose_Output\A009\S015C001P016R002A009.npy
S015C001P016R002A042,NTU,A042,staggering,moderate_risk,102,25,3,"(102, 25, 3)",C:\Users\VICTUS\Downloads\Research\outputs\NTU_Pose_Output\A042\S015C001P016R002A042.npy
S015C001P016R002A043,NTU,A043,falling_down,high_risk,45,25,3,"(45, 25, 3)",C:\Users\VICTUS\Downloads\Research\outputs\NTU_Pose_Output\A043\S015C001P016R002A043.npy
S015C001P017R001A008,NTU,A008,sit_down,low_risk,66,25,3,"(66, 25, 3)",C:\Users\VICTUS\Downloads\Research\outputs\NTU_Pose_Output\A008\S015C001P017R001A008.npy
S015C001P017R001A009,NTU,A009,stand_up,low_risk,57,25,3,"(57, 25, 3)",C:\Users\VICTUS\Downloads\Research\outputs\NTU_Pose_Output\A009\S015C001P017R001A009.npy
S015C001P017R001A042,NTU,A042,staggering,moderate_risk,129,25,3,"(129, 25, 3)",C:\Users\VICTUS\Downloads\Research\outputs\NTU_Pose_Output\A042\S015C001P017R001A042.npy
S015C001P017R001A043,NTU,A043,falling_down,high_risk,49,25,3,"(49, 25, 3)",C:\Users\VICTUS\Downloads\Research\outputs\NTU_Pose_Output\A043\S015C001P017R001A043.npy
S015C001P017R002A008,NTU,A008,sit_down,low_risk,77,25,3,"(77, 25, 3)",C:\Users\VICTUS\Downloads\Research\outputs\NTU_Pose_Output\A008\S015C001P017R002A008.npy
S015C001P017R002A009,NTU,A009,stand_up,low_risk,62,25,3,"(62, 25, 3)",C:\Users\VICTUS\Downloads\Research\outputs\NTU_Pose_Output\A009\S015C001P017R002A009.npy
S015C001P017R002A042,NTU,A042,staggering,moderate_risk,105,25,3,"(105, 25, 3)",C:\Users\VICTUS\Downloads\Research\outputs\NTU_Pose_Output\A042\S015C001P017R002A042.npy
S015C001P017R002A043,NTU,A043,falling_down,high_risk,49,25,3,"(49, 25, 3)",C:\Users\VICTUS\Downloads\Research\outputs\NTU_Pose_Output\A043\S015C001P017R002A043.npy
S015C001P019R001A008,NTU,A008,sit_down,low_risk,75,25,3,"(75, 25, 3)",C:\Users\VICTUS\Downloads\Research\outputs\NTU_Pose_Output\A008\S015C001P019R001A008.npy
S015C001P019R001A009,NTU,A009,stand_up,low_risk,69,25,3,"(69, 25, 3)",C:\Users\VICTUS\Downloads\Research\outputs\NTU_Pose_Output\A009\S015C001P019R001A009.npy
S015C001P019R001A042,NTU,A042,staggering,moderate_risk,127,25,3,"(127, 25, 3)",C:\Users\VICTUS\Downloads\Research\outputs\NTU_Pose_Output\A042\S015C001P019R001A042.npy
S015C001P019R001A043,NTU,A043,falling_down,high_risk,74,25,3,"(74, 25, 3)",C:\Users\VICTUS\Downloads\Research\outputs\NTU_Pose_Output\A043\S015C001P019R001A043.npy
S015C001P019R002A008,NTU,A008,sit_down,low_risk,84,25,3,"(84, 25, 3)",C:\Users\VICTUS\Downloads\Research\outputs\NTU_Pose_Output\A008\S015C001P019R002A008.npy
S015C001P019R002A009,NTU,A009,stand_up,low_risk,73,25,3,"(73, 25, 3)",C:\Users\VICTUS\Downloads\Research\outputs\NTU_Pose_Output\A009\S015C001P019R002A009.npy
S015C001P019R002A042,NTU,A042,staggering,moderate_risk,126,25,3,"(126, 25, 3)",C:\Users\VICTUS\Downloads\Research\outputs\NTU_Pose_Output\A042\S015C001P019R002A042.npy
S015C001P019R002A043,NTU,A043,falling_down,high_risk,64,25,3,"(64, 25, 3)",C:\Users\VICTUS\Downloads\Research\outputs\NTU_Pose_Output\A043\S015C001P019R002A043.npy
S015C001P025R001A008,NTU,A008,sit_down,low_risk,72,25,3,"(72, 25, 3)",C:\Users\VICTUS\Downloads\Research\outputs\NTU_Pose_Output\A008\S015C001P025R001A008.npy
S015C001P025R001A009,NTU,A009,stand_up,low_risk,73,25,3,"(73, 25, 3)",C:\Users\VICTUS\Downloads\Research\outputs\NTU_Pose_Output\A009\S015C001P025R001A009.npy
S015C001P025R001A042,NTU,A042,staggering,moderate_risk,101,25,3,"(101, 25, 3)",C:\Users\VICTUS\Downloads\Research\outputs\NTU_Pose_Output\A042\S015C001P025R001A042.npy
S015C001P025R001A043,NTU,A043,falling_down,high_risk,61,25,3,"(61, 25, 3)",C:\Users\VICTUS\Downloads\Research\outputs\NTU_Pose_Output\A043\S015C001P025R001A043.npy
S015C001P025R002A008,NTU,A008,sit_down,low_risk,73,25,3,"(73, 25, 3)",C:\Users\VICTUS\Downloads\Research\outputs\NTU_Pose_Output\A008\S015C001P025R002A008.npy
S015C001P025R002A009,NTU,A009,stand_up,low_risk,74,25,3,"(74, 25, 3)",C:\Users\VICTUS\Downloads\Research\outputs\NTU_Pose_Output\A009\S015C001P025R002A009.npy
S015C001P025R002A042,NTU,A042,staggering,moderate_risk,101,25,3,"(101, 25, 3)",C:\Users\VICTUS\Downloads\Research\outputs\NTU_Pose_Output\A042\S015C001P025R002A042.npy
S015C001P025R002A043,NTU,A043,falling_down,high_risk,62,25,3,"(62, 25, 3)",C:\Users\VICTUS\Downloads\Research\outputs\NTU_Pose_Output\A043\S015C001P025R002A043.npy
S015C001P037R001A008,NTU,A008,sit_down,low_risk,76,25,3,"(76, 25, 3)",C:\Users\VICTUS\Downloads\Research\outputs\NTU_Pose_Output\A008\S015C001P037R001A008.npy
S015C001P037R001A009,NTU,A009,stand_up,low_risk,76,25,3,"(76, 25, 3)",C:\Users\VICTUS\Downloads\Research\outputs\NTU_Pose_Output\A009\S015C001P037R001A009.npy
S015C001P037R001A042,NTU,A042,staggering,moderate_risk,117,25,3,"(117, 25, 3)",C:\Users\VICTUS\Downloads\Research\outputs\NTU_Pose_Output\A042\S015C001P037R001A042.npy
S015C001P037R001A043,NTU,A043,falling_down,high_risk,60,25,3,"(60, 25, 3)",C:\Users\VICTUS\Downloads\Research\outputs\NTU_Pose_Output\A043\S015C001P037R001A043.npy
S015C001P037R002A008,NTU,A008,sit_down,low_risk,79,25,3,"(79, 25, 3)",C:\Users\VICTUS\Downloads\Research\outputs\NTU_Pose_Output\A008\S015C001P037R002A008.npy
S015C001P037R002A009,NTU,A009,stand_up,low_risk,83,25,3,"(83, 25, 3)",C:\Users\VICTUS\Downloads\Research\outputs\NTU_Pose_Output\A009\S015C001P037R002A009.npy
S015C001P037R002A042,NTU,A042,staggering,moderate_risk,118,25,3,"(118, 25, 3)",C:\Users\VICTUS\Downloads\Research\outputs\NTU_Pose_Output\A042\S015C001P037R002A042.npy
S015C001P037R002A043,NTU,A043,falling_down,high_risk,58,25,3,"(58, 25, 3)",C:\Users\VICTUS\Downloads\Research\outputs\NTU_Pose_Output\A043\S015C001P037R002A043.npy
S015C002P007R001A008,NTU,A008,sit_down,low_risk,80,25,3,"(80, 25, 3)",C:\Users\VICTUS\Downloads\Research\outputs\NTU_Pose_Output\A008\S015C002P007R001A008.npy
S015C002P007R001A009,NTU,A009,stand_up,low_risk,56,25,3,"(56, 25, 3)",C:\Users\VICTUS\Downloads\Research\outputs\NTU_Pose_Output\A009\S015C002P007R001A009.npy
S015C002P007R001A042,NTU,A042,staggering,moderate_risk,113,25,3,"(113, 25, 3)",C:\Users\VICTUS\Downloads\Research\outputs\NTU_Pose_Output\A042\S015C002P007R001A042.npy
S015C002P007R001A043,NTU,A043,falling_down,high_risk,58,25,3,"(58, 25, 3)",C:\Users\VICTUS\Downloads\Research\outputs\NTU_Pose_Output\A043\S015C002P007R001A043.npy
S015C002P007R002A008,NTU,A008,sit_down,low_risk,88,25,3,"(88, 25, 3)",C:\Users\VICTUS\Downloads\Research\outputs\NTU_Pose_Output\A008\S015C002P007R002A008.npy
S015C002P007R002A009,NTU,A009,stand_up,low_risk,59,25,3,"(59, 25, 3)",C:\Users\VICTUS\Downloads\Research\outputs\NTU_Pose_Output\A009\S015C002P007R002A009.npy
S015C002P007R002A042,NTU,A042,staggering,moderate_risk,144,25,3,"(144, 25, 3)",C:\Users\VICTUS\Downloads\Research\outputs\NTU_Pose_Output\A042\S015C002P007R002A042.npy
S015C002P007R002A043,NTU,A043,falling_down,high_risk,62,25,3,"(62, 25, 3)",C:\Users\VICTUS\Downloads\Research\outputs\NTU_Pose_Output\A043\S015C002P007R002A043.npy
S015C002P008R001A008,NTU,A008,sit_down,low_risk,77,25,3,"(77, 25, 3)",C:\Users\VICTUS\Downloads\Research\outputs\NTU_Pose_Output\A008\S015C002P008R001A008.npy
S015C002P008R001A009,NTU,A009,stand_up,low_risk,68,25,3,"(68, 25, 3)",C:\Users\VICTUS\Downloads\Research\outputs\NTU_Pose_Output\A009\S015C002P008R001A009.npy
S015C002P008R001A042,NTU,A042,staggering,moderate_risk,105,25,3,"(105, 25, 3)",C:\Users\VICTUS\Downloads\Research\outputs\NTU_Pose_Output\A042\S015C002P008R001A042.npy
S015C002P008R001A043,NTU,A043,falling_down,high_risk,75,25,3,"(75, 25, 3)",C:\Users\VICTUS\Downloads\Research\outputs\NTU_Pose_Output\A043\S015C002P008R001A043.npy
S015C002P008R002A008,NTU,A008,sit_down,low_risk,69,25,3,"(69, 25, 3)",C:\Users\VICTUS\Downloads\Research\outputs\NTU_Pose_Output\A008\S015C002P008R002A008.npy
S015C002P008R002A009,NTU,A009,stand_up,low_risk,61,25,3,"(61, 25, 3)",C:\Users\VICTUS\Downloads\Research\outputs\NTU_Pose_Output\A009\S015C002P008R002A009.npy
S015C002P008R002A042,NTU,A042,staggering,moderate_risk,89,25,3,"(89, 25, 3)",C:\Users\VICTUS\Downloads\Research\outputs\NTU_Pose_Output\A042\S015C002P008R002A042.npy
S015C002P008R002A043,NTU,A043,falling_down,high_risk,54,25,3,"(54, 25, 3)",C:\Users\VICTUS\Downloads\Research\outputs\NTU_Pose_Output\A043\S015C002P008R002A043.npy
S015C002P015R001A008,NTU,A008,sit_down,low_risk,72,25,3,"(72, 25, 3)",C:\Users\VICTUS\Downloads\Research\outputs\NTU_Pose_Output\A008\S015C002P015R001A008.npy
S015C002P015R001A009,NTU,A009,stand_up,low_risk,61,25,3,"(61, 25, 3)",C:\Users\VICTUS\Downloads\Research\outputs\NTU_Pose_Output\A009\S015C002P015R001A009.npy
S015C002P015R001A042,NTU,A042,staggering,moderate_risk,99,25,3,"(99, 25, 3)",C:\Users\VICTUS\Downloads\Research\outputs\NTU_Pose_Output\A042\S015C002P015R001A042.npy
S015C002P015R001A043,NTU,A043,falling_down,high_risk,50,25,3,"(50, 25, 3)",C:\Users\VICTUS\Downloads\Research\outputs\NTU_Pose_Output\A043\S015C002P015R001A043.npy
S015C002P015R002A008,NTU,A008,sit_down,low_risk,60,25,3,"(60, 25, 3)",C:\Users\VICTUS\Downloads\Research\outputs\NTU_Pose_Output\A008\S015C002P015R002A008.npy
S015C002P015R002A009,NTU,A009,stand_up,low_risk,53,25,3,"(53, 25, 3)",C:\Users\VICTUS\Downloads\Research\outputs\NTU_Pose_Output\A009\S015C002P015R002A009.npy
S015C002P015R002A042,NTU,A042,staggering,moderate_risk,100,25,3,"(100, 25, 3)",C:\Users\VICTUS\Downloads\Research\outputs\NTU_Pose_Output\A042\S015C002P015R002A042.npy
S015C002P015R002A043,NTU,A043,falling_down,high_risk,58,25,3,"(58, 25, 3)",C:\Users\VICTUS\Downloads\Research\outputs\NTU_Pose_Output\A043\S015C002P015R002A043.npy
S015C002P016R001A008,NTU,A008,sit_down,low_risk,54,25,3,"(54, 25, 3)",C:\Users\VICTUS\Downloads\Research\outputs\NTU_Pose_Output\A008\S015C002P016R001A008.npy
S015C002P016R001A009,NTU,A009,stand_up,low_risk,46,25,3,"(46, 25, 3)",C:\Users\VICTUS\Downloads\Research\outputs\NTU_Pose_Output\A009\S015C002P016R001A009.npy
S015C002P016R001A042,NTU,A042,staggering,moderate_risk,123,25,3,"(123, 25, 3)",C:\Users\VICTUS\Downloads\Research\outputs\NTU_Pose_Output\A042\S015C002P016R001A042.npy
S015C002P016R001A043,NTU,A043,falling_down,high_risk,48,25,3,"(48, 25, 3)",C:\Users\VICTUS\Downloads\Research\outputs\NTU_Pose_Output\A043\S015C002P016R001A043.npy
S015C002P016R002A008,NTU,A008,sit_down,low_risk,55,25,3,"(55, 25, 3)",C:\Users\VICTUS\Downloads\Research\outputs\NTU_Pose_Output\A008\S015C002P016R002A008.npy
S015C002P016R002A009,NTU,A009,stand_up,low_risk,49,25,3,"(49, 25, 3)",C:\Users\VICTUS\Downloads\Research\outputs\NTU_Pose_Output\A009\S015C002P016R002A009.npy
S015C002P016R002A042,NTU,A042,staggering,moderate_risk,102,25,3,"(102, 25, 3)",C:\Users\VICTUS\Downloads\Research\outputs\NTU_Pose_Output\A042\S015C002P016R002A042.npy
S015C002P016R002A043,NTU,A043,falling_down,high_risk,45,25,3,"(45, 25, 3)",C:\Users\VICTUS\Downloads\Research\outputs\NTU_Pose_Output\A043\S015C002P016R002A043.npy
S015C002P017R001A008,NTU,A008,sit_down,low_risk,66,25,3,"(66, 25, 3)",C:\Users\VICTUS\Downloads\Research\outputs\NTU_Pose_Output\A008\S015C002P017R001A008.npy
S015C002P017R001A009,NTU,A009,stand_up,low_risk,57,25,3,"(57, 25, 3)",C:\Users\VICTUS\Downloads\Research\outputs\NTU_Pose_Output\A009\S015C002P017R001A009.npy
S015C002P017R001A042,NTU,A042,staggering,moderate_risk,129,25,3,"(129, 25, 3)",C:\Users\VICTUS\Downloads\Research\outputs\NTU_Pose_Output\A042\S015C002P017R001A042.npy
S015C002P017R001A043,NTU,A043,falling_down,high_risk,49,25,3,"(49, 25, 3)",C:\Users\VICTUS\Downloads\Research\outputs\NTU_Pose_Output\A043\S015C002P017R001A043.npy
S015C002P017R002A008,NTU,A008,sit_down,low_risk,78,25,3,"(78, 25, 3)",C:\Users\VICTUS\Downloads\Research\outputs\NTU_Pose_Output\A008\S015C002P017R002A008.npy
S015C002P017R002A009,NTU,A009,stand_up,low_risk,62,25,3,"(62, 25, 3)",C:\Users\VICTUS\Downloads\Research\outputs\NTU_Pose_Output\A009\S015C002P017R002A009.npy
S015C002P017R002A042,NTU,A042,staggering,moderate_risk,105,25,3,"(105, 25, 3)",C:\Users\VICTUS\Downloads\Research\outputs\NTU_Pose_Output\A042\S015C002P017R002A042.npy
S015C002P017R002A043,NTU,A043,falling_down,high_risk,49,25,3,"(49, 25, 3)",C:\Users\VICTUS\Downloads\Research\outputs\NTU_Pose_Output\A043\S015C002P017R002A043.npy
S015C002P019R001A008,NTU,A008,sit_down,low_risk,75,25,3,"(75, 25, 3)",C:\Users\VICTUS\Downloads\Research\outputs\NTU_Pose_Output\A008\S015C002P019R001A008.npy
S015C002P019R001A009,NTU,A009,stand_up,low_risk,70,25,3,"(70, 25, 3)",C:\Users\VICTUS\Downloads\Research\outputs\NTU_Pose_Output\A009\S015C002P019R001A009.npy
S015C002P019R001A042,NTU,A042,staggering,moderate_risk,128,25,3,"(128, 25, 3)",C:\Users\VICTUS\Downloads\Research\outputs\NTU_Pose_Output\A042\S015C002P019R001A042.npy
S015C002P019R001A043,NTU,A043,falling_down,high_risk,75,25,3,"(75, 25, 3)",C:\Users\VICTUS\Downloads\Research\outputs\NTU_Pose_Output\A043\S015C002P019R001A043.npy
S015C002P019R002A008,NTU,A008,sit_down,low_risk,84,25,3,"(84, 25, 3)",C:\Users\VICTUS\Downloads\Research\outputs\NTU_Pose_Output\A008\S015C002P019R002A008.npy
S015C002P019R002A009,NTU,A009,stand_up,low_risk,73,25,3,"(73, 25, 3)",C:\Users\VICTUS\Downloads\Research\outputs\NTU_Pose_Output\A009\S015C002P019R002A009.npy
S015C002P019R002A042,NTU,A042,staggering,moderate_risk,126,25,3,"(126, 25, 3)",C:\Users\VICTUS\Downloads\Research\outputs\NTU_Pose_Output\A042\S015C002P019R002A042.npy
S015C002P019R002A043,NTU,A043,falling_down,high_risk,64,25,3,"(64, 25, 3)",C:\Users\VICTUS\Downloads\Research\outputs\NTU_Pose_Output\A043\S015C002P019R002A043.npy
S015C002P025R001A008,NTU,A008,sit_down,low_risk,73,25,3,"(73, 25, 3)",C:\Users\VICTUS\Downloads\Research\outputs\NTU_Pose_Output\A008\S015C002P025R001A008.npy
S015C002P025R001A009,NTU,A009,stand_up,low_risk,72,25,3,"(72, 25, 3)",C:\Users\VICTUS\Downloads\Research\outputs\NTU_Pose_Output\A009\S015C002P025R001A009.npy
S015C002P025R001A042,NTU,A042,staggering,moderate_risk,100,25,3,"(100, 25, 3)",C:\Users\VICTUS\Downloads\Research\outputs\NTU_Pose_Output\A042\S015C002P025R001A042.npy
S015C002P025R001A043,NTU,A043,falling_down,high_risk,61,25,3,"(61, 25, 3)",C:\Users\VICTUS\Downloads\Research\outputs\NTU_Pose_Output\A043\S015C002P025R001A043.npy
S015C002P025R002A008,NTU,A008,sit_down,low_risk,73,25,3,"(73, 25, 3)",C:\Users\VICTUS\Downloads\Research\outputs\NTU_Pose_Output\A008\S015C002P025R002A008.npy
S015C002P025R002A009,NTU,A009,stand_up,low_risk,74,25,3,"(74, 25, 3)",C:\Users\VICTUS\Downloads\Research\outputs\NTU_Pose_Output\A009\S015C002P025R002A009.npy
S015C002P025R002A042,NTU,A042,staggering,moderate_risk,102,25,3,"(102, 25, 3)",C:\Users\VICTUS\Downloads\Research\outputs\NTU_Pose_Output\A042\S015C002P025R002A042.npy
S015C002P025R002A043,NTU,A043,falling_down,high_risk,62,25,3,"(62, 25, 3)",C:\Users\VICTUS\Downloads\Research\outputs\NTU_Pose_Output\A043\S015C002P025R002A043.npy
S015C002P037R001A008,NTU,A008,sit_down,low_risk,75,25,3,"(75, 25, 3)",C:\Users\VICTUS\Downloads\Research\outputs\NTU_Pose_Output\A008\S015C002P037R001A008.npy
S015C002P037R001A009,NTU,A009,stand_up,low_risk,76,25,3,"(76, 25, 3)",C:\Users\VICTUS\Downloads\Research\outputs\NTU_Pose_Output\A009\S015C002P037R001A009.npy
S015C002P037R001A042,NTU,A042,staggering,moderate_risk,116,25,3,"(116, 25, 3)",C:\Users\VICTUS\Downloads\Research\outputs\NTU_Pose_Output\A042\S015C002P037R001A042.npy
S015C002P037R001A043,NTU,A043,falling_down,high_risk,60,25,3,"(60, 25, 3)",C:\Users\VICTUS\Downloads\Research\outputs\NTU_Pose_Output\A043\S015C002P037R001A043.npy
S015C002P037R002A008,NTU,A008,sit_down,low_risk,80,25,3,"(80, 25, 3)",C:\Users\VICTUS\Downloads\Research\outputs\NTU_Pose_Output\A008\S015C002P037R002A008.npy
S015C002P037R002A009,NTU,A009,stand_up,low_risk,83,25,3,"(83, 25, 3)",C:\Users\VICTUS\Downloads\Research\outputs\NTU_Pose_Output\A009\S015C002P037R002A009.npy
S015C002P037R002A042,NTU,A042,staggering,moderate_risk,117,25,3,"(117, 25, 3)",C:\Users\VICTUS\Downloads\Research\outputs\NTU_Pose_Output\A042\S015C002P037R002A042.npy
S015C002P037R002A043,NTU,A043,falling_down,high_risk,58,25,3,"(58, 25, 3)",C:\Users\VICTUS\Downloads\Research\outputs\NTU_Pose_Output\A043\S015C002P037R002A043.npy
S015C003P007R001A008,NTU,A008,sit_down,low_risk,80,25,3,"(80, 25, 3)",C:\Users\VICTUS\Downloads\Research\outputs\NTU_Pose_Output\A008\S015C003P007R001A008.npy
S015C003P007R001A009,NTU,A009,stand_up,low_risk,57,25,3,"(57, 25, 3)",C:\Users\VICTUS\Downloads\Research\outputs\NTU_Pose_Output\A009\S015C003P007R001A009.npy
S015C003P007R001A042,NTU,A042,staggering,moderate_risk,113,25,3,"(113, 25, 3)",C:\Users\VICTUS\Downloads\Research\outputs\NTU_Pose_Output\A042\S015C003P007R001A042.npy
S015C003P007R001A043,NTU,A043,falling_down,high_risk,60,25,3,"(60, 25, 3)",C:\Users\VICTUS\Downloads\Research\outputs\NTU_Pose_Output\A043\S015C003P007R001A043.npy
S015C003P007R002A008,NTU,A008,sit_down,low_risk,88,25,3,"(88, 25, 3)",C:\Users\VICTUS\Downloads\Research\outputs\NTU_Pose_Output\A008\S015C003P007R002A008.npy
S015C003P007R002A009,NTU,A009,stand_up,low_risk,59,25,3,"(59, 25, 3)",C:\Users\VICTUS\Downloads\Research\outputs\NTU_Pose_Output\A009\S015C003P007R002A009.npy
S015C003P007R002A042,NTU,A042,staggering,moderate_risk,144,25,3,"(144, 25, 3)",C:\Users\VICTUS\Downloads\Research\outputs\NTU_Pose_Output\A042\S015C003P007R002A042.npy
S015C003P007R002A043,NTU,A043,falling_down,high_risk,62,25,3,"(62, 25, 3)",C:\Users\VICTUS\Downloads\Research\outputs\NTU_Pose_Output\A043\S015C003P007R002A043.npy
S015C003P008R001A008,NTU,A008,sit_down,low_risk,76,25,3,"(76, 25, 3)",C:\Users\VICTUS\Downloads\Research\outputs\NTU_Pose_Output\A008\S015C003P008R001A008.npy
S015C003P008R001A009,NTU,A009,stand_up,low_risk,68,25,3,"(68, 25, 3)",C:\Users\VICTUS\Downloads\Research\outputs\NTU_Pose_Output\A009\S015C003P008R001A009.npy
S015C003P008R001A042,NTU,A042,staggering,moderate_risk,106,25,3,"(106, 25, 3)",C:\Users\VICTUS\Downloads\Research\outputs\NTU_Pose_Output\A042\S015C003P008R001A042.npy
S015C003P008R001A043,NTU,A043,falling_down,high_risk,75,25,3,"(75, 25, 3)",C:\Users\VICTUS\Downloads\Research\outputs\NTU_Pose_Output\A043\S015C003P008R001A043.npy
S015C003P008R002A008,NTU,A008,sit_down,low_risk,69,25,3,"(69, 25, 3)",C:\Users\VICTUS\Downloads\Research\outputs\NTU_Pose_Output\A008\S015C003P008R002A008.npy
S015C003P008R002A009,NTU,A009,stand_up,low_risk,61,25,3,"(61, 25, 3)",C:\Users\VICTUS\Downloads\Research\outputs\NTU_Pose_Output\A009\S015C003P008R002A009.npy
S015C003P008R002A042,NTU,A042,staggering,moderate_risk,91,25,3,"(91, 25, 3)",C:\Users\VICTUS\Downloads\Research\outputs\NTU_Pose_Output\A042\S015C003P008R002A042.npy
S015C003P008R002A043,NTU,A043,falling_down,high_risk,55,25,3,"(55, 25, 3)",C:\Users\VICTUS\Downloads\Research\outputs\NTU_Pose_Output\A043\S015C003P008R002A043.npy
S015C003P015R001A008,NTU,A008,sit_down,low_risk,72,25,3,"(72, 25, 3)",C:\Users\VICTUS\Downloads\Research\outputs\NTU_Pose_Output\A008\S015C003P015R001A008.npy
S015C003P015R001A009,NTU,A009,stand_up,low_risk,61,25,3,"(61, 25, 3)",C:\Users\VICTUS\Downloads\Research\outputs\NTU_Pose_Output\A009\S015C003P015R001A009.npy
S015C003P015R001A042,NTU,A042,staggering,moderate_risk,99,25,3,"(99, 25, 3)",C:\Users\VICTUS\Downloads\Research\outputs\NTU_Pose_Output\A042\S015C003P015R001A042.npy
S015C003P015R001A043,NTU,A043,falling_down,high_risk,50,25,3,"(50, 25, 3)",C:\Users\VICTUS\Downloads\Research\outputs\NTU_Pose_Output\A043\S015C003P015R001A043.npy
S015C003P015R002A008,NTU,A008,sit_down,low_risk,59,25,3,"(59, 25, 3)",C:\Users\VICTUS\Downloads\Research\outputs\NTU_Pose_Output\A008\S015C003P015R002A008.npy
S015C003P015R002A009,NTU,A009,stand_up,low_risk,54,25,3,"(54, 25, 3)",C:\Users\VICTUS\Downloads\Research\outputs\NTU_Pose_Output\A009\S015C003P015R002A009.npy
S015C003P015R002A042,NTU,A042,staggering,moderate_risk,99,25,3,"(99, 25, 3)",C:\Users\VICTUS\Downloads\Research\outputs\NTU_Pose_Output\A042\S015C003P015R002A042.npy
S015C003P015R002A043,NTU,A043,falling_down,high_risk,58,25,3,"(58, 25, 3)",C:\Users\VICTUS\Downloads\Research\outputs\NTU_Pose_Output\A043\S015C003P015R002A043.npy
S015C003P016R001A008,NTU,A008,sit_down,low_risk,55,25,3,"(55, 25, 3)",C:\Users\VICTUS\Downloads\Research\outputs\NTU_Pose_Output\A008\S015C003P016R001A008.npy
S015C003P016R001A009,NTU,A009,stand_up,low_risk,46,25,3,"(46, 25, 3)",C:\Users\VICTUS\Downloads\Research\outputs\NTU_Pose_Output\A009\S015C003P016R001A009.npy
S015C003P016R001A042,NTU,A042,staggering,moderate_risk,122,25,3,"(122, 25, 3)",C:\Users\VICTUS\Downloads\Research\outputs\NTU_Pose_Output\A042\S015C003P016R001A042.npy
S015C003P016R001A043,NTU,A043,falling_down,high_risk,48,25,3,"(48, 25, 3)",C:\Users\VICTUS\Downloads\Research\outputs\NTU_Pose_Output\A043\S015C003P016R001A043.npy
S015C003P016R002A008,NTU,A008,sit_down,low_risk,54,25,3,"(54, 25, 3)",C:\Users\VICTUS\Downloads\Research\outputs\NTU_Pose_Output\A008\S015C003P016R002A008.npy
S015C003P016R002A009,NTU,A009,stand_up,low_risk,49,25,3,"(49, 25, 3)",C:\Users\VICTUS\Downloads\Research\outputs\NTU_Pose_Output\A009\S015C003P016R002A009.npy
S015C003P016R002A042,NTU,A042,staggering,moderate_risk,102,25,3,"(102, 25, 3)",C:\Users\VICTUS\Downloads\Research\outputs\NTU_Pose_Output\A042\S015C003P016R002A042.npy
S015C003P016R002A043,NTU,A043,falling_down,high_risk,45,25,3,"(45, 25, 3)",C:\Users\VICTUS\Downloads\Research\outputs\NTU_Pose_Output\A043\S015C003P016R002A043.npy
S015C003P017R001A008,NTU,A008,sit_down,low_risk,66,25,3,"(66, 25, 3)",C:\Users\VICTUS\Downloads\Research\outputs\NTU_Pose_Output\A008\S015C003P017R001A008.npy
S015C003P017R001A009,NTU,A009,stand_up,low_risk,57,25,3,"(57, 25, 3)",C:\Users\VICTUS\Downloads\Research\outputs\NTU_Pose_Output\A009\S015C003P017R001A009.npy
S015C003P017R001A042,NTU,A042,staggering,moderate_risk,129,25,3,"(129, 25, 3)",C:\Users\VICTUS\Downloads\Research\outputs\NTU_Pose_Output\A042\S015C003P017R001A042.npy
S015C003P017R001A043,NTU,A043,falling_down,high_risk,49,25,3,"(49, 25, 3)",C:\Users\VICTUS\Downloads\Research\outputs\NTU_Pose_Output\A043\S015C003P017R001A043.npy
S015C003P017R002A008,NTU,A008,sit_down,low_risk,78,25,3,"(78, 25, 3)",C:\Users\VICTUS\Downloads\Research\outputs\NTU_Pose_Output\A008\S015C003P017R002A008.npy
S015C003P017R002A009,NTU,A009,stand_up,low_risk,62,25,3,"(62, 25, 3)",C:\Users\VICTUS\Downloads\Research\outputs\NTU_Pose_Output\A009\S015C003P017R002A009.npy
S015C003P017R002A042,NTU,A042,staggering,moderate_risk,104,25,3,"(104, 25, 3)",C:\Users\VICTUS\Downloads\Research\outputs\NTU_Pose_Output\A042\S015C003P017R002A042.npy
S015C003P017R002A043,NTU,A043,falling_down,high_risk,49,25,3,"(49, 25, 3)",C:\Users\VICTUS\Downloads\Research\outputs\NTU_Pose_Output\A043\S015C003P017R002A043.npy
S015C003P019R001A008,NTU,A008,sit_down,low_risk,75,25,3,"(75, 25, 3)",C:\Users\VICTUS\Downloads\Research\outputs\NTU_Pose_Output\A008\S015C003P019R001A008.npy
S015C003P019R001A009,NTU,A009,stand_up,low_risk,69,25,3,"(69, 25, 3)",C:\Users\VICTUS\Downloads\Research\outputs\NTU_Pose_Output\A009\S015C003P019R001A009.npy
S015C003P019R001A042,NTU,A042,staggering,moderate_risk,127,25,3,"(127, 25, 3)",C:\Users\VICTUS\Downloads\Research\outputs\NTU_Pose_Output\A042\S015C003P019R001A042.npy
S015C003P019R001A043,NTU,A043,falling_down,high_risk,74,25,3,"(74, 25, 3)",C:\Users\VICTUS\Downloads\Research\outputs\NTU_Pose_Output\A043\S015C003P019R001A043.npy
S015C003P019R002A008,NTU,A008,sit_down,low_risk,84,25,3,"(84, 25, 3)",C:\Users\VICTUS\Downloads\Research\outputs\NTU_Pose_Output\A008\S015C003P019R002A008.npy
S015C003P019R002A009,NTU,A009,stand_up,low_risk,73,25,3,"(73, 25, 3)",C:\Users\VICTUS\Downloads\Research\outputs\NTU_Pose_Output\A009\S015C003P019R002A009.npy
S015C003P019R002A042,NTU,A042,staggering,moderate_risk,126,25,3,"(126, 25, 3)",C:\Users\VICTUS\Downloads\Research\outputs\NTU_Pose_Output\A042\S015C003P019R002A042.npy
S015C003P019R002A043,NTU,A043,falling_down,high_risk,64,25,3,"(64, 25, 3)",C:\Users\VICTUS\Downloads\Research\outputs\NTU_Pose_Output\A043\S015C003P019R002A043.npy
S015C003P025R001A008,NTU,A008,sit_down,low_risk,72,25,3,"(72, 25, 3)",C:\Users\VICTUS\Downloads\Research\outputs\NTU_Pose_Output\A008\S015C003P025R001A008.npy
S015C003P025R001A009,NTU,A009,stand_up,low_risk,73,25,3,"(73, 25, 3)",C:\Users\VICTUS\Downloads\Research\outputs\NTU_Pose_Output\A009\S015C003P025R001A009.npy
S015C003P025R001A042,NTU,A042,staggering,moderate_risk,101,25,3,"(101, 25, 3)",C:\Users\VICTUS\Downloads\Research\outputs\NTU_Pose_Output\A042\S015C003P025R001A042.npy
S015C003P025R001A043,NTU,A043,falling_down,high_risk,61,25,3,"(61, 25, 3)",C:\Users\VICTUS\Downloads\Research\outputs\NTU_Pose_Output\A043\S015C003P025R001A043.npy
S015C003P025R002A008,NTU,A008,sit_down,low_risk,73,25,3,"(73, 25, 3)",C:\Users\VICTUS\Downloads\Research\outputs\NTU_Pose_Output\A008\S015C003P025R002A008.npy
S015C003P025R002A009,NTU,A009,stand_up,low_risk,74,25,3,"(74, 25, 3)",C:\Users\VICTUS\Downloads\Research\outputs\NTU_Pose_Output\A009\S015C003P025R002A009.npy
S015C003P025R002A042,NTU,A042,staggering,moderate_risk,102,25,3,"(102, 25, 3)",C:\Users\VICTUS\Downloads\Research\outputs\NTU_Pose_Output\A042\S015C003P025R002A042.npy
S015C003P025R002A043,NTU,A043,falling_down,high_risk,61,25,3,"(61, 25, 3)",C:\Users\VICTUS\Downloads\Research\outputs\NTU_Pose_Output\A043\S015C003P025R002A043.npy
S015C003P037R001A008,NTU,A008,sit_down,low_risk,76,25,3,"(76, 25, 3)",C:\Users\VICTUS\Downloads\Research\outputs\NTU_Pose_Output\A008\S015C003P037R001A008.npy
S015C003P037R001A009,NTU,A009,stand_up,low_risk,76,25,3,"(76, 25, 3)",C:\Users\VICTUS\Downloads\Research\outputs\NTU_Pose_Output\A009\S015C003P037R001A009.npy
S015C003P037R001A042,NTU,A042,staggering,moderate_risk,117,25,3,"(117, 25, 3)",C:\Users\VICTUS\Downloads\Research\outputs\NTU_Pose_Output\A042\S015C003P037R001A042.npy
S015C003P037R001A043,NTU,A043,falling_down,high_risk,60,25,3,"(60, 25, 3)",C:\Users\VICTUS\Downloads\Research\outputs\NTU_Pose_Output\A043\S015C003P037R001A043.npy
S015C003P037R002A008,NTU,A008,sit_down,low_risk,80,25,3,"(80, 25, 3)",C:\Users\VICTUS\Downloads\Research\outputs\NTU_Pose_Output\A008\S015C003P037R002A008.npy
S015C003P037R002A009,NTU,A009,stand_up,low_risk,83,25,3,"(83, 25, 3)",C:\Users\VICTUS\Downloads\Research\outputs\NTU_Pose_Output\A009\S015C003P037R002A009.npy
S015C003P037R002A042,NTU,A042,staggering,moderate_risk,117,25,3,"(117, 25, 3)",C:\Users\VICTUS\Downloads\Research\outputs\NTU_Pose_Output\A042\S015C003P037R002A042.npy
S015C003P037R002A043,NTU,A043,falling_down,high_risk,59,25,3,"(59, 25, 3)",C:\Users\VICTUS\Downloads\Research\outputs\NTU_Pose_Output\A043\S015C003P037R002A043.npy
S016C001P007R001A008,NTU,A008,sit_down,low_risk,77,25,3,"(77, 25, 3)",C:\Users\VICTUS\Downloads\Research\outputs\NTU_Pose_Output\A008\S016C001P007R001A008.npy
S016C001P007R001A009,NTU,A009,stand_up,low_risk,59,25,3,"(59, 25, 3)",C:\Users\VICTUS\Downloads\Research\outputs\NTU_Pose_Output\A009\S016C001P007R001A009.npy
S016C001P007R001A042,NTU,A042,staggering,moderate_risk,73,25,3,"(73, 25, 3)",C:\Users\VICTUS\Downloads\Research\outputs\NTU_Pose_Output\A042\S016C001P007R001A042.npy
S016C001P007R001A043,NTU,A043,falling_down,high_risk,64,25,3,"(64, 25, 3)",C:\Users\VICTUS\Downloads\Research\outputs\NTU_Pose_Output\A043\S016C001P007R001A043.npy
S016C001P007R002A008,NTU,A008,sit_down,low_risk,54,25,3,"(54, 25, 3)",C:\Users\VICTUS\Downloads\Research\outputs\NTU_Pose_Output\A008\S016C001P007R002A008.npy
S016C001P007R002A009,NTU,A009,stand_up,low_risk,50,25,3,"(50, 25, 3)",C:\Users\VICTUS\Downloads\Research\outputs\NTU_Pose_Output\A009\S016C001P007R002A009.npy
S016C001P007R002A042,NTU,A042,staggering,moderate_risk,99,25,3,"(99, 25, 3)",C:\Users\VICTUS\Downloads\Research\outputs\NTU_Pose_Output\A042\S016C001P007R002A042.npy
S016C001P007R002A043,NTU,A043,falling_down,high_risk,52,25,3,"(52, 25, 3)",C:\Users\VICTUS\Downloads\Research\outputs\NTU_Pose_Output\A043\S016C001P007R002A043.npy
S016C001P008R001A008,NTU,A008,sit_down,low_risk,70,25,3,"(70, 25, 3)",C:\Users\VICTUS\Downloads\Research\outputs\NTU_Pose_Output\A008\S016C001P008R001A008.npy
S016C001P008R001A009,NTU,A009,stand_up,low_risk,52,25,3,"(52, 25, 3)",C:\Users\VICTUS\Downloads\Research\outputs\NTU_Pose_Output\A009\S016C001P008R001A009.npy
S016C001P008R001A042,NTU,A042,staggering,moderate_risk,138,25,3,"(138, 25, 3)",C:\Users\VICTUS\Downloads\Research\outputs\NTU_Pose_Output\A042\S016C001P008R001A042.npy
S016C001P008R001A043,NTU,A043,falling_down,high_risk,64,25,3,"(64, 25, 3)",C:\Users\VICTUS\Downloads\Research\outputs\NTU_Pose_Output\A043\S016C001P008R001A043.npy
S016C001P008R002A008,NTU,A008,sit_down,low_risk,78,25,3,"(78, 25, 3)",C:\Users\VICTUS\Downloads\Research\outputs\NTU_Pose_Output\A008\S016C001P008R002A008.npy
S016C001P008R002A009,NTU,A009,stand_up,low_risk,61,25,3,"(61, 25, 3)",C:\Users\VICTUS\Downloads\Research\outputs\NTU_Pose_Output\A009\S016C001P008R002A009.npy
S016C001P008R002A042,NTU,A042,staggering,moderate_risk,119,25,3,"(119, 25, 3)",C:\Users\VICTUS\Downloads\Research\outputs\NTU_Pose_Output\A042\S016C001P008R002A042.npy
S016C001P008R002A043,NTU,A043,falling_down,high_risk,59,25,3,"(59, 25, 3)",C:\Users\VICTUS\Downloads\Research\outputs\NTU_Pose_Output\A043\S016C001P008R002A043.npy
S016C001P019R001A008,NTU,A008,sit_down,low_risk,81,25,3,"(81, 25, 3)",C:\Users\VICTUS\Downloads\Research\outputs\NTU_Pose_Output\A008\S016C001P019R001A008.npy
S016C001P019R001A009,NTU,A009,stand_up,low_risk,52,25,3,"(52, 25, 3)",C:\Users\VICTUS\Downloads\Research\outputs\NTU_Pose_Output\A009\S016C001P019R001A009.npy
S016C001P019R001A042,NTU,A042,staggering,moderate_risk,81,25,3,"(81, 25, 3)",C:\Users\VICTUS\Downloads\Research\outputs\NTU_Pose_Output\A042\S016C001P019R001A042.npy
S016C001P019R001A043,NTU,A043,falling_down,high_risk,60,25,3,"(60, 25, 3)",C:\Users\VICTUS\Downloads\Research\outputs\NTU_Pose_Output\A043\S016C001P019R001A043.npy
S016C001P019R002A008,NTU,A008,sit_down,low_risk,80,25,3,"(80, 25, 3)",C:\Users\VICTUS\Downloads\Research\outputs\NTU_Pose_Output\A008\S016C001P019R002A008.npy
S016C001P019R002A009,NTU,A009,stand_up,low_risk,49,25,3,"(49, 25, 3)",C:\Users\VICTUS\Downloads\Research\outputs\NTU_Pose_Output\A009\S016C001P019R002A009.npy
S016C001P019R002A042,NTU,A042,staggering,moderate_risk,92,25,3,"(92, 25, 3)",C:\Users\VICTUS\Downloads\Research\outputs\NTU_Pose_Output\A042\S016C001P019R002A042.npy
S016C001P019R002A043,NTU,A043,falling_down,high_risk,65,25,3,"(65, 25, 3)",C:\Users\VICTUS\Downloads\Research\outputs\NTU_Pose_Output\A043\S016C001P019R002A043.npy
S016C001P021R001A008,NTU,A008,sit_down,low_risk,78,25,3,"(78, 25, 3)",C:\Users\VICTUS\Downloads\Research\outputs\NTU_Pose_Output\A008\S016C001P021R001A008.npy
S016C001P021R001A009,NTU,A009,stand_up,low_risk,60,25,3,"(60, 25, 3)",C:\Users\VICTUS\Downloads\Research\outputs\NTU_Pose_Output\A009\S016C001P021R001A009.npy
S016C001P021R001A042,NTU,A042,staggering,moderate_risk,116,25,3,"(116, 25, 3)",C:\Users\VICTUS\Downloads\Research\outputs\NTU_Pose_Output\A042\S016C001P021R001A042.npy
S016C001P021R001A043,NTU,A043,falling_down,high_risk,58,25,3,"(58, 25, 3)",C:\Users\VICTUS\Downloads\Research\outputs\NTU_Pose_Output\A043\S016C001P021R001A043.npy
S016C001P021R002A008,NTU,A008,sit_down,low_risk,78,25,3,"(78, 25, 3)",C:\Users\VICTUS\Downloads\Research\outputs\NTU_Pose_Output\A008\S016C001P021R002A008.npy
S016C001P021R002A009,NTU,A009,stand_up,low_risk,56,25,3,"(56, 25, 3)",C:\Users\VICTUS\Downloads\Research\outputs\NTU_Pose_Output\A009\S016C001P021R002A009.npy
S016C001P021R002A042,NTU,A042,staggering,moderate_risk,107,25,3,"(107, 25, 3)",C:\Users\VICTUS\Downloads\Research\outputs\NTU_Pose_Output\A042\S016C001P021R002A042.npy
S016C001P021R002A043,NTU,A043,falling_down,high_risk,71,25,3,"(71, 25, 3)",C:\Users\VICTUS\Downloads\Research\outputs\NTU_Pose_Output\A043\S016C001P021R002A043.npy
S016C001P025R001A008,NTU,A008,sit_down,low_risk,93,25,3,"(93, 25, 3)",C:\Users\VICTUS\Downloads\Research\outputs\NTU_Pose_Output\A008\S016C001P025R001A008.npy
S016C001P025R001A009,NTU,A009,stand_up,low_risk,66,25,3,"(66, 25, 3)",C:\Users\VICTUS\Downloads\Research\outputs\NTU_Pose_Output\A009\S016C001P025R001A009.npy
S016C001P025R001A042,NTU,A042,staggering,moderate_risk,94,25,3,"(94, 25, 3)",C:\Users\VICTUS\Downloads\Research\outputs\NTU_Pose_Output\A042\S016C001P025R001A042.npy
S016C001P025R001A043,NTU,A043,falling_down,high_risk,58,25,3,"(58, 25, 3)",C:\Users\VICTUS\Downloads\Research\outputs\NTU_Pose_Output\A043\S016C001P025R001A043.npy
S016C001P025R002A008,NTU,A008,sit_down,low_risk,59,25,3,"(59, 25, 3)",C:\Users\VICTUS\Downloads\Research\outputs\NTU_Pose_Output\A008\S016C001P025R002A008.npy
S016C001P025R002A009,NTU,A009,stand_up,low_risk,67,25,3,"(67, 25, 3)",C:\Users\VICTUS\Downloads\Research\outputs\NTU_Pose_Output\A009\S016C001P025R002A009.npy
S016C001P025R002A042,NTU,A042,staggering,moderate_risk,80,25,3,"(80, 25, 3)",C:\Users\VICTUS\Downloads\Research\outputs\NTU_Pose_Output\A042\S016C001P025R002A042.npy
S016C001P025R002A043,NTU,A043,falling_down,high_risk,58,25,3,"(58, 25, 3)",C:\Users\VICTUS\Downloads\Research\outputs\NTU_Pose_Output\A043\S016C001P025R002A043.npy
S016C001P039R001A008,NTU,A008,sit_down,low_risk,82,25,3,"(82, 25, 3)",C:\Users\VICTUS\Downloads\Research\outputs\NTU_Pose_Output\A008\S016C001P039R001A008.npy
S016C001P039R001A009,NTU,A009,stand_up,low_risk,51,25,3,"(51, 25, 3)",C:\Users\VICTUS\Downloads\Research\outputs\NTU_Pose_Output\A009\S016C001P039R001A009.npy
S016C001P039R001A042,NTU,A042,staggering,moderate_risk,116,25,3,"(116, 25, 3)",C:\Users\VICTUS\Downloads\Research\outputs\NTU_Pose_Output\A042\S016C001P039R001A042.npy
S016C001P039R001A043,NTU,A043,falling_down,high_risk,55,25,3,"(55, 25, 3)",C:\Users\VICTUS\Downloads\Research\outputs\NTU_Pose_Output\A043\S016C001P039R001A043.npy
S016C001P039R002A008,NTU,A008,sit_down,low_risk,64,25,3,"(64, 25, 3)",C:\Users\VICTUS\Downloads\Research\outputs\NTU_Pose_Output\A008\S016C001P039R002A008.npy
S016C001P039R002A009,NTU,A009,stand_up,low_risk,84,25,3,"(84, 25, 3)",C:\Users\VICTUS\Downloads\Research\outputs\NTU_Pose_Output\A009\S016C001P039R002A009.npy
S016C001P039R002A042,NTU,A042,staggering,moderate_risk,109,25,3,"(109, 25, 3)",C:\Users\VICTUS\Downloads\Research\outputs\NTU_Pose_Output\A042\S016C001P039R002A042.npy
S016C001P039R002A043,NTU,A043,falling_down,high_risk,61,25,3,"(61, 25, 3)",C:\Users\VICTUS\Downloads\Research\outputs\NTU_Pose_Output\A043\S016C001P039R002A043.npy
S016C001P040R001A008,NTU,A008,sit_down,low_risk,83,25,3,"(83, 25, 3)",C:\Users\VICTUS\Downloads\Research\outputs\NTU_Pose_Output\A008\S016C001P040R001A008.npy
S016C001P040R001A009,NTU,A009,stand_up,low_risk,72,25,3,"(72, 25, 3)",C:\Users\VICTUS\Downloads\Research\outputs\NTU_Pose_Output\A009\S016C001P040R001A009.npy
S016C001P040R001A042,NTU,A042,staggering,moderate_risk,130,25,3,"(130, 25, 3)",C:\Users\VICTUS\Downloads\Research\outputs\NTU_Pose_Output\A042\S016C001P040R001A042.npy
S016C001P040R001A043,NTU,A043,falling_down,high_risk,53,25,3,"(53, 25, 3)",C:\Users\VICTUS\Downloads\Research\outputs\NTU_Pose_Output\A043\S016C001P040R001A043.npy
S016C001P040R002A008,NTU,A008,sit_down,low_risk,64,25,3,"(64, 25, 3)",C:\Users\VICTUS\Downloads\Research\outputs\NTU_Pose_Output\A008\S016C001P040R002A008.npy
S016C001P040R002A009,NTU,A009,stand_up,low_risk,47,25,3,"(47, 25, 3)",C:\Users\VICTUS\Downloads\Research\outputs\NTU_Pose_Output\A009\S016C001P040R002A009.npy
S016C001P040R002A042,NTU,A042,staggering,moderate_risk,104,25,3,"(104, 25, 3)",C:\Users\VICTUS\Downloads\Research\outputs\NTU_Pose_Output\A042\S016C001P040R002A042.npy
S016C001P040R002A043,NTU,A043,falling_down,high_risk,54,25,3,"(54, 25, 3)",C:\Users\VICTUS\Downloads\Research\outputs\NTU_Pose_Output\A043\S016C001P040R002A043.npy
S016C002P007R001A008,NTU,A008,sit_down,low_risk,77,25,3,"(77, 25, 3)",C:\Users\VICTUS\Downloads\Research\outputs\NTU_Pose_Output\A008\S016C002P007R001A008.npy
S016C002P007R001A009,NTU,A009,stand_up,low_risk,59,25,3,"(59, 25, 3)",C:\Users\VICTUS\Downloads\Research\outputs\NTU_Pose_Output\A009\S016C002P007R001A009.npy
S016C002P007R001A042,NTU,A042,staggering,moderate_risk,73,25,3,"(73, 25, 3)",C:\Users\VICTUS\Downloads\Research\outputs\NTU_Pose_Output\A042\S016C002P007R001A042.npy
S016C002P007R001A043,NTU,A043,falling_down,high_risk,63,25,3,"(63, 25, 3)",C:\Users\VICTUS\Downloads\Research\outputs\NTU_Pose_Output\A043\S016C002P007R001A043.npy
S016C002P007R002A008,NTU,A008,sit_down,low_risk,54,25,3,"(54, 25, 3)",C:\Users\VICTUS\Downloads\Research\outputs\NTU_Pose_Output\A008\S016C002P007R002A008.npy
S016C002P007R002A009,NTU,A009,stand_up,low_risk,50,25,3,"(50, 25, 3)",C:\Users\VICTUS\Downloads\Research\outputs\NTU_Pose_Output\A009\S016C002P007R002A009.npy
S016C002P007R002A042,NTU,A042,staggering,moderate_risk,99,25,3,"(99, 25, 3)",C:\Users\VICTUS\Downloads\Research\outputs\NTU_Pose_Output\A042\S016C002P007R002A042.npy
S016C002P007R002A043,NTU,A043,falling_down,high_risk,53,25,3,"(53, 25, 3)",C:\Users\VICTUS\Downloads\Research\outputs\NTU_Pose_Output\A043\S016C002P007R002A043.npy
S016C002P008R001A008,NTU,A008,sit_down,low_risk,70,25,3,"(70, 25, 3)",C:\Users\VICTUS\Downloads\Research\outputs\NTU_Pose_Output\A008\S016C002P008R001A008.npy
S016C002P008R001A009,NTU,A009,stand_up,low_risk,52,25,3,"(52, 25, 3)",C:\Users\VICTUS\Downloads\Research\outputs\NTU_Pose_Output\A009\S016C002P008R001A009.npy
S016C002P008R001A042,NTU,A042,staggering,moderate_risk,138,25,3,"(138, 25, 3)",C:\Users\VICTUS\Downloads\Research\outputs\NTU_Pose_Output\A042\S016C002P008R001A042.npy
S016C002P008R001A043,NTU,A043,falling_down,high_risk,63,25,3,"(63, 25, 3)",C:\Users\VICTUS\Downloads\Research\outputs\NTU_Pose_Output\A043\S016C002P008R001A043.npy
S016C002P008R002A008,NTU,A008,sit_down,low_risk,78,25,3,"(78, 25, 3)",C:\Users\VICTUS\Downloads\Research\outputs\NTU_Pose_Output\A008\S016C002P008R002A008.npy
S016C002P008R002A009,NTU,A009,stand_up,low_risk,60,25,3,"(60, 25, 3)",C:\Users\VICTUS\Downloads\Research\outputs\NTU_Pose_Output\A009\S016C002P008R002A009.npy
S016C002P008R002A042,NTU,A042,staggering,moderate_risk,120,25,3,"(120, 25, 3)",C:\Users\VICTUS\Downloads\Research\outputs\NTU_Pose_Output\A042\S016C002P008R002A042.npy
S016C002P008R002A043,NTU,A043,falling_down,high_risk,60,25,3,"(60, 25, 3)",C:\Users\VICTUS\Downloads\Research\outputs\NTU_Pose_Output\A043\S016C002P008R002A043.npy
S016C002P019R001A008,NTU,A008,sit_down,low_risk,80,25,3,"(80, 25, 3)",C:\Users\VICTUS\Downloads\Research\outputs\NTU_Pose_Output\A008\S016C002P019R001A008.npy
S016C002P019R001A009,NTU,A009,stand_up,low_risk,52,25,3,"(52, 25, 3)",C:\Users\VICTUS\Downloads\Research\outputs\NTU_Pose_Output\A009\S016C002P019R001A009.npy
S016C002P019R001A042,NTU,A042,staggering,moderate_risk,81,25,3,"(81, 25, 3)",C:\Users\VICTUS\Downloads\Research\outputs\NTU_Pose_Output\A042\S016C002P019R001A042.npy
S016C002P019R001A043,NTU,A043,falling_down,high_risk,59,25,3,"(59, 25, 3)",C:\Users\VICTUS\Downloads\Research\outputs\NTU_Pose_Output\A043\S016C002P019R001A043.npy
S016C002P019R002A008,NTU,A008,sit_down,low_risk,81,25,3,"(81, 25, 3)",C:\Users\VICTUS\Downloads\Research\outputs\NTU_Pose_Output\A008\S016C002P019R002A008.npy
S016C002P019R002A009,NTU,A009,stand_up,low_risk,50,25,3,"(50, 25, 3)",C:\Users\VICTUS\Downloads\Research\outputs\NTU_Pose_Output\A009\S016C002P019R002A009.npy
S016C002P019R002A042,NTU,A042,staggering,moderate_risk,91,25,3,"(91, 25, 3)",C:\Users\VICTUS\Downloads\Research\outputs\NTU_Pose_Output\A042\S016C002P019R002A042.npy
S016C002P019R002A043,NTU,A043,falling_down,high_risk,65,25,3,"(65, 25, 3)",C:\Users\VICTUS\Downloads\Research\outputs\NTU_Pose_Output\A043\S016C002P019R002A043.npy
S016C002P021R001A008,NTU,A008,sit_down,low_risk,78,25,3,"(78, 25, 3)",C:\Users\VICTUS\Downloads\Research\outputs\NTU_Pose_Output\A008\S016C002P021R001A008.npy
S016C002P021R001A009,NTU,A009,stand_up,low_risk,61,25,3,"(61, 25, 3)",C:\Users\VICTUS\Downloads\Research\outputs\NTU_Pose_Output\A009\S016C002P021R001A009.npy
S016C002P021R001A042,NTU,A042,staggering,moderate_risk,116,25,3,"(116, 25, 3)",C:\Users\VICTUS\Downloads\Research\outputs\NTU_Pose_Output\A042\S016C002P021R001A042.npy
S016C002P021R001A043,NTU,A043,falling_down,high_risk,58,25,3,"(58, 25, 3)",C:\Users\VICTUS\Downloads\Research\outputs\NTU_Pose_Output\A043\S016C002P021R001A043.npy
S016C002P021R002A008,NTU,A008,sit_down,low_risk,77,25,3,"(77, 25, 3)",C:\Users\VICTUS\Downloads\Research\outputs\NTU_Pose_Output\A008\S016C002P021R002A008.npy
S016C002P021R002A009,NTU,A009,stand_up,low_risk,56,25,3,"(56, 25, 3)",C:\Users\VICTUS\Downloads\Research\outputs\NTU_Pose_Output\A009\S016C002P021R002A009.npy
S016C002P021R002A042,NTU,A042,staggering,moderate_risk,106,25,3,"(106, 25, 3)",C:\Users\VICTUS\Downloads\Research\outputs\NTU_Pose_Output\A042\S016C002P021R002A042.npy
S016C002P021R002A043,NTU,A043,falling_down,high_risk,69,25,3,"(69, 25, 3)",C:\Users\VICTUS\Downloads\Research\outputs\NTU_Pose_Output\A043\S016C002P021R002A043.npy
S016C002P025R001A008,NTU,A008,sit_down,low_risk,92,25,3,"(92, 25, 3)",C:\Users\VICTUS\Downloads\Research\outputs\NTU_Pose_Output\A008\S016C002P025R001A008.npy
S016C002P025R001A009,NTU,A009,stand_up,low_risk,66,25,3,"(66, 25, 3)",C:\Users\VICTUS\Downloads\Research\outputs\NTU_Pose_Output\A009\S016C002P025R001A009.npy
S016C002P025R001A042,NTU,A042,staggering,moderate_risk,94,25,3,"(94, 25, 3)",C:\Users\VICTUS\Downloads\Research\outputs\NTU_Pose_Output\A042\S016C002P025R001A042.npy
S016C002P025R001A043,NTU,A043,falling_down,high_risk,59,25,3,"(59, 25, 3)",C:\Users\VICTUS\Downloads\Research\outputs\NTU_Pose_Output\A043\S016C002P025R001A043.npy
S016C002P025R002A008,NTU,A008,sit_down,low_risk,60,25,3,"(60, 25, 3)",C:\Users\VICTUS\Downloads\Research\outputs\NTU_Pose_Output\A008\S016C002P025R002A008.npy
S016C002P025R002A009,NTU,A009,stand_up,low_risk,67,25,3,"(67, 25, 3)",C:\Users\VICTUS\Downloads\Research\outputs\NTU_Pose_Output\A009\S016C002P025R002A009.npy
S016C002P025R002A042,NTU,A042,staggering,moderate_risk,79,25,3,"(79, 25, 3)",C:\Users\VICTUS\Downloads\Research\outputs\NTU_Pose_Output\A042\S016C002P025R002A042.npy
S016C002P025R002A043,NTU,A043,falling_down,high_risk,58,25,3,"(58, 25, 3)",C:\Users\VICTUS\Downloads\Research\outputs\NTU_Pose_Output\A043\S016C002P025R002A043.npy
S016C002P039R001A008,NTU,A008,sit_down,low_risk,81,25,3,"(81, 25, 3)",C:\Users\VICTUS\Downloads\Research\outputs\NTU_Pose_Output\A008\S016C002P039R001A008.npy
S016C002P039R001A009,NTU,A009,stand_up,low_risk,51,25,3,"(51, 25, 3)",C:\Users\VICTUS\Downloads\Research\outputs\NTU_Pose_Output\A009\S016C002P039R001A009.npy
S016C002P039R001A042,NTU,A042,staggering,moderate_risk,115,25,3,"(115, 25, 3)",C:\Users\VICTUS\Downloads\Research\outputs\NTU_Pose_Output\A042\S016C002P039R001A042.npy
S016C002P039R001A043,NTU,A043,falling_down,high_risk,55,25,3,"(55, 25, 3)",C:\Users\VICTUS\Downloads\Research\outputs\NTU_Pose_Output\A043\S016C002P039R001A043.npy
S016C002P039R002A008,NTU,A008,sit_down,low_risk,64,25,3,"(64, 25, 3)",C:\Users\VICTUS\Downloads\Research\outputs\NTU_Pose_Output\A008\S016C002P039R002A008.npy
S016C002P039R002A009,NTU,A009,stand_up,low_risk,83,25,3,"(83, 25, 3)",C:\Users\VICTUS\Downloads\Research\outputs\NTU_Pose_Output\A009\S016C002P039R002A009.npy
S016C002P039R002A042,NTU,A042,staggering,moderate_risk,110,25,3,"(110, 25, 3)",C:\Users\VICTUS\Downloads\Research\outputs\NTU_Pose_Output\A042\S016C002P039R002A042.npy
S016C002P039R002A043,NTU,A043,falling_down,high_risk,62,25,3,"(62, 25, 3)",C:\Users\VICTUS\Downloads\Research\outputs\NTU_Pose_Output\A043\S016C002P039R002A043.npy
S016C002P040R001A008,NTU,A008,sit_down,low_risk,82,25,3,"(82, 25, 3)",C:\Users\VICTUS\Downloads\Research\outputs\NTU_Pose_Output\A008\S016C002P040R001A008.npy
S016C002P040R001A009,NTU,A009,stand_up,low_risk,72,25,3,"(72, 25, 3)",C:\Users\VICTUS\Downloads\Research\outputs\NTU_Pose_Output\A009\S016C002P040R001A009.npy
S016C002P040R001A042,NTU,A042,staggering,moderate_risk,129,25,3,"(129, 25, 3)",C:\Users\VICTUS\Downloads\Research\outputs\NTU_Pose_Output\A042\S016C002P040R001A042.npy
S016C002P040R001A043,NTU,A043,falling_down,high_risk,53,25,3,"(53, 25, 3)",C:\Users\VICTUS\Downloads\Research\outputs\NTU_Pose_Output\A043\S016C002P040R001A043.npy
S016C002P040R002A008,NTU,A008,sit_down,low_risk,66,25,3,"(66, 25, 3)",C:\Users\VICTUS\Downloads\Research\outputs\NTU_Pose_Output\A008\S016C002P040R002A008.npy
S016C002P040R002A009,NTU,A009,stand_up,low_risk,47,25,3,"(47, 25, 3)",C:\Users\VICTUS\Downloads\Research\outputs\NTU_Pose_Output\A009\S016C002P040R002A009.npy
S016C002P040R002A042,NTU,A042,staggering,moderate_risk,103,25,3,"(103, 25, 3)",C:\Users\VICTUS\Downloads\Research\outputs\NTU_Pose_Output\A042\S016C002P040R002A042.npy
S016C002P040R002A043,NTU,A043,falling_down,high_risk,54,25,3,"(54, 25, 3)",C:\Users\VICTUS\Downloads\Research\outputs\NTU_Pose_Output\A043\S016C002P040R002A043.npy
S016C003P007R001A008,NTU,A008,sit_down,low_risk,77,25,3,"(77, 25, 3)",C:\Users\VICTUS\Downloads\Research\outputs\NTU_Pose_Output\A008\S016C003P007R001A008.npy
S016C003P007R001A009,NTU,A009,stand_up,low_risk,59,25,3,"(59, 25, 3)",C:\Users\VICTUS\Downloads\Research\outputs\NTU_Pose_Output\A009\S016C003P007R001A009.npy
S016C003P007R001A042,NTU,A042,staggering,moderate_risk,73,25,3,"(73, 25, 3)",C:\Users\VICTUS\Downloads\Research\outputs\NTU_Pose_Output\A042\S016C003P007R001A042.npy
S016C003P007R001A043,NTU,A043,falling_down,high_risk,65,25,3,"(65, 25, 3)",C:\Users\VICTUS\Downloads\Research\outputs\NTU_Pose_Output\A043\S016C003P007R001A043.npy
S016C003P007R002A008,NTU,A008,sit_down,low_risk,54,25,3,"(54, 25, 3)",C:\Users\VICTUS\Downloads\Research\outputs\NTU_Pose_Output\A008\S016C003P007R002A008.npy
S016C003P007R002A009,NTU,A009,stand_up,low_risk,50,25,3,"(50, 25, 3)",C:\Users\VICTUS\Downloads\Research\outputs\NTU_Pose_Output\A009\S016C003P007R002A009.npy
S016C003P007R002A042,NTU,A042,staggering,moderate_risk,99,25,3,"(99, 25, 3)",C:\Users\VICTUS\Downloads\Research\outputs\NTU_Pose_Output\A042\S016C003P007R002A042.npy
S016C003P007R002A043,NTU,A043,falling_down,high_risk,53,25,3,"(53, 25, 3)",C:\Users\VICTUS\Downloads\Research\outputs\NTU_Pose_Output\A043\S016C003P007R002A043.npy
S016C003P008R001A008,NTU,A008,sit_down,low_risk,70,25,3,"(70, 25, 3)",C:\Users\VICTUS\Downloads\Research\outputs\NTU_Pose_Output\A008\S016C003P008R001A008.npy
S016C003P008R001A009,NTU,A009,stand_up,low_risk,52,25,3,"(52, 25, 3)",C:\Users\VICTUS\Downloads\Research\outputs\NTU_Pose_Output\A009\S016C003P008R001A009.npy
S016C003P008R001A042,NTU,A042,staggering,moderate_risk,138,25,3,"(138, 25, 3)",C:\Users\VICTUS\Downloads\Research\outputs\NTU_Pose_Output\A042\S016C003P008R001A042.npy
S016C003P008R001A043,NTU,A043,falling_down,high_risk,63,25,3,"(63, 25, 3)",C:\Users\VICTUS\Downloads\Research\outputs\NTU_Pose_Output\A043\S016C003P008R001A043.npy
S016C003P008R002A008,NTU,A008,sit_down,low_risk,78,25,3,"(78, 25, 3)",C:\Users\VICTUS\Downloads\Research\outputs\NTU_Pose_Output\A008\S016C003P008R002A008.npy
S016C003P008R002A009,NTU,A009,stand_up,low_risk,60,25,3,"(60, 25, 3)",C:\Users\VICTUS\Downloads\Research\outputs\NTU_Pose_Output\A009\S016C003P008R002A009.npy
S016C003P008R002A042,NTU,A042,staggering,moderate_risk,121,25,3,"(121, 25, 3)",C:\Users\VICTUS\Downloads\Research\outputs\NTU_Pose_Output\A042\S016C003P008R002A042.npy
S016C003P008R002A043,NTU,A043,falling_down,high_risk,61,25,3,"(61, 25, 3)",C:\Users\VICTUS\Downloads\Research\outputs\NTU_Pose_Output\A043\S016C003P008R002A043.npy
S016C003P019R001A008,NTU,A008,sit_down,low_risk,80,25,3,"(80, 25, 3)",C:\Users\VICTUS\Downloads\Research\outputs\NTU_Pose_Output\A008\S016C003P019R001A008.npy
S016C003P019R001A009,NTU,A009,stand_up,low_risk,52,25,3,"(52, 25, 3)",C:\Users\VICTUS\Downloads\Research\outputs\NTU_Pose_Output\A009\S016C003P019R001A009.npy
S016C003P019R001A042,NTU,A042,staggering,moderate_risk,83,25,3,"(83, 25, 3)",C:\Users\VICTUS\Downloads\Research\outputs\NTU_Pose_Output\A042\S016C003P019R001A042.npy
S016C003P019R001A043,NTU,A043,falling_down,high_risk,60,25,3,"(60, 25, 3)",C:\Users\VICTUS\Downloads\Research\outputs\NTU_Pose_Output\A043\S016C003P019R001A043.npy
S016C003P019R002A008,NTU,A008,sit_down,low_risk,81,25,3,"(81, 25, 3)",C:\Users\VICTUS\Downloads\Research\outputs\NTU_Pose_Output\A008\S016C003P019R002A008.npy
S016C003P019R002A009,NTU,A009,stand_up,low_risk,49,25,3,"(49, 25, 3)",C:\Users\VICTUS\Downloads\Research\outputs\NTU_Pose_Output\A009\S016C003P019R002A009.npy
S016C003P019R002A042,NTU,A042,staggering,moderate_risk,91,25,3,"(91, 25, 3)",C:\Users\VICTUS\Downloads\Research\outputs\NTU_Pose_Output\A042\S016C003P019R002A042.npy
S016C003P019R002A043,NTU,A043,falling_down,high_risk,65,25,3,"(65, 25, 3)",C:\Users\VICTUS\Downloads\Research\outputs\NTU_Pose_Output\A043\S016C003P019R002A043.npy
S016C003P021R001A008,NTU,A008,sit_down,low_risk,78,25,3,"(78, 25, 3)",C:\Users\VICTUS\Downloads\Research\outputs\NTU_Pose_Output\A008\S016C003P021R001A008.npy
S016C003P021R001A009,NTU,A009,stand_up,low_risk,60,25,3,"(60, 25, 3)",C:\Users\VICTUS\Downloads\Research\outputs\NTU_Pose_Output\A009\S016C003P021R001A009.npy
S016C003P021R001A042,NTU,A042,staggering,moderate_risk,116,25,3,"(116, 25, 3)",C:\Users\VICTUS\Downloads\Research\outputs\NTU_Pose_Output\A042\S016C003P021R001A042.npy
S016C003P021R001A043,NTU,A043,falling_down,high_risk,58,25,3,"(58, 25, 3)",C:\Users\VICTUS\Downloads\Research\outputs\NTU_Pose_Output\A043\S016C003P021R001A043.npy
S016C003P021R002A008,NTU,A008,sit_down,low_risk,78,25,3,"(78, 25, 3)",C:\Users\VICTUS\Downloads\Research\outputs\NTU_Pose_Output\A008\S016C003P021R002A008.npy
S016C003P021R002A009,NTU,A009,stand_up,low_risk,55,25,3,"(55, 25, 3)",C:\Users\VICTUS\Downloads\Research\outputs\NTU_Pose_Output\A009\S016C003P021R002A009.npy
S016C003P021R002A042,NTU,A042,staggering,moderate_risk,107,25,3,"(107, 25, 3)",C:\Users\VICTUS\Downloads\Research\outputs\NTU_Pose_Output\A042\S016C003P021R002A042.npy
S016C003P021R002A043,NTU,A043,falling_down,high_risk,71,25,3,"(71, 25, 3)",C:\Users\VICTUS\Downloads\Research\outputs\NTU_Pose_Output\A043\S016C003P021R002A043.npy
S016C003P025R001A008,NTU,A008,sit_down,low_risk,92,25,3,"(92, 25, 3)",C:\Users\VICTUS\Downloads\Research\outputs\NTU_Pose_Output\A008\S016C003P025R001A008.npy
S016C003P025R001A009,NTU,A009,stand_up,low_risk,66,25,3,"(66, 25, 3)",C:\Users\VICTUS\Downloads\Research\outputs\NTU_Pose_Output\A009\S016C003P025R001A009.npy
S016C003P025R001A042,NTU,A042,staggering,moderate_risk,94,25,3,"(94, 25, 3)",C:\Users\VICTUS\Downloads\Research\outputs\NTU_Pose_Output\A042\S016C003P025R001A042.npy
S016C003P025R001A043,NTU,A043,falling_down,high_risk,58,25,3,"(58, 25, 3)",C:\Users\VICTUS\Downloads\Research\outputs\NTU_Pose_Output\A043\S016C003P025R001A043.npy
S016C003P025R002A008,NTU,A008,sit_down,low_risk,59,25,3,"(59, 25, 3)",C:\Users\VICTUS\Downloads\Research\outputs\NTU_Pose_Output\A008\S016C003P025R002A008.npy
S016C003P025R002A009,NTU,A009,stand_up,low_risk,67,25,3,"(67, 25, 3)",C:\Users\VICTUS\Downloads\Research\outputs\NTU_Pose_Output\A009\S016C003P025R002A009.npy
S016C003P025R002A042,NTU,A042,staggering,moderate_risk,80,25,3,"(80, 25, 3)",C:\Users\VICTUS\Downloads\Research\outputs\NTU_Pose_Output\A042\S016C003P025R002A042.npy
S016C003P025R002A043,NTU,A043,falling_down,high_risk,59,25,3,"(59, 25, 3)",C:\Users\VICTUS\Downloads\Research\outputs\NTU_Pose_Output\A043\S016C003P025R002A043.npy
S016C003P039R001A008,NTU,A008,sit_down,low_risk,82,25,3,"(82, 25, 3)",C:\Users\VICTUS\Downloads\Research\outputs\NTU_Pose_Output\A008\S016C003P039R001A008.npy
S016C003P039R001A009,NTU,A009,stand_up,low_risk,51,25,3,"(51, 25, 3)",C:\Users\VICTUS\Downloads\Research\outputs\NTU_Pose_Output\A009\S016C003P039R001A009.npy
S016C003P039R001A042,NTU,A042,staggering,moderate_risk,116,25,3,"(116, 25, 3)",C:\Users\VICTUS\Downloads\Research\outputs\NTU_Pose_Output\A042\S016C003P039R001A042.npy
S016C003P039R001A043,NTU,A043,falling_down,high_risk,55,25,3,"(55, 25, 3)",C:\Users\VICTUS\Downloads\Research\outputs\NTU_Pose_Output\A043\S016C003P039R001A043.npy
S016C003P039R002A008,NTU,A008,sit_down,low_risk,64,25,3,"(64, 25, 3)",C:\Users\VICTUS\Downloads\Research\outputs\NTU_Pose_Output\A008\S016C003P039R002A008.npy
S016C003P039R002A009,NTU,A009,stand_up,low_risk,84,25,3,"(84, 25, 3)",C:\Users\VICTUS\Downloads\Research\outputs\NTU_Pose_Output\A009\S016C003P039R002A009.npy
S016C003P039R002A042,NTU,A042,staggering,moderate_risk,110,25,3,"(110, 25, 3)",C:\Users\VICTUS\Downloads\Research\outputs\NTU_Pose_Output\A042\S016C003P039R002A042.npy
S016C003P039R002A043,NTU,A043,falling_down,high_risk,62,25,3,"(62, 25, 3)",C:\Users\VICTUS\Downloads\Research\outputs\NTU_Pose_Output\A043\S016C003P039R002A043.npy
S016C003P040R001A008,NTU,A008,sit_down,low_risk,82,25,3,"(82, 25, 3)",C:\Users\VICTUS\Downloads\Research\outputs\NTU_Pose_Output\A008\S016C003P040R001A008.npy
S016C003P040R001A009,NTU,A009,stand_up,low_risk,71,25,3,"(71, 25, 3)",C:\Users\VICTUS\Downloads\Research\outputs\NTU_Pose_Output\A009\S016C003P040R001A009.npy
S016C003P040R001A042,NTU,A042,staggering,moderate_risk,129,25,3,"(129, 25, 3)",C:\Users\VICTUS\Downloads\Research\outputs\NTU_Pose_Output\A042\S016C003P040R001A042.npy
S016C003P040R001A043,NTU,A043,falling_down,high_risk,53,25,3,"(53, 25, 3)",C:\Users\VICTUS\Downloads\Research\outputs\NTU_Pose_Output\A043\S016C003P040R001A043.npy
S016C003P040R002A008,NTU,A008,sit_down,low_risk,66,25,3,"(66, 25, 3)",C:\Users\VICTUS\Downloads\Research\outputs\NTU_Pose_Output\A008\S016C003P040R002A008.npy
S016C003P040R002A009,NTU,A009,stand_up,low_risk,47,25,3,"(47, 25, 3)",C:\Users\VICTUS\Downloads\Research\outputs\NTU_Pose_Output\A009\S016C003P040R002A009.npy
S016C003P040R002A042,NTU,A042,staggering,moderate_risk,103,25,3,"(103, 25, 3)",C:\Users\VICTUS\Downloads\Research\outputs\NTU_Pose_Output\A042\S016C003P040R002A042.npy
S016C003P040R002A043,NTU,A043,falling_down,high_risk,54,25,3,"(54, 25, 3)",C:\Users\VICTUS\Downloads\Research\outputs\NTU_Pose_Output\A043\S016C003P040R002A043.npy
S017C001P003R001A008,NTU,A008,sit_down,low_risk,98,25,3,"(98, 25, 3)",C:\Users\VICTUS\Downloads\Research\outputs\NTU_Pose_Output\A008\S017C001P003R001A008.npy
S017C001P003R001A009,NTU,A009,stand_up,low_risk,51,25,3,"(51, 25, 3)",C:\Users\VICTUS\Downloads\Research\outputs\NTU_Pose_Output\A009\S017C001P003R001A009.npy
S017C001P003R001A042,NTU,A042,staggering,moderate_risk,144,25,3,"(144, 25, 3)",C:\Users\VICTUS\Downloads\Research\outputs\NTU_Pose_Output\A042\S017C001P003R001A042.npy
S017C001P003R001A043,NTU,A043,falling_down,high_risk,71,25,3,"(71, 25, 3)",C:\Users\VICTUS\Downloads\Research\outputs\NTU_Pose_Output\A043\S017C001P003R001A043.npy
S017C001P003R002A008,NTU,A008,sit_down,low_risk,96,25,3,"(96, 25, 3)",C:\Users\VICTUS\Downloads\Research\outputs\NTU_Pose_Output\A008\S017C001P003R002A008.npy
S017C001P003R002A009,NTU,A009,stand_up,low_risk,54,25,3,"(54, 25, 3)",C:\Users\VICTUS\Downloads\Research\outputs\NTU_Pose_Output\A009\S017C001P003R002A009.npy
S017C001P003R002A042,NTU,A042,staggering,moderate_risk,106,25,3,"(106, 25, 3)",C:\Users\VICTUS\Downloads\Research\outputs\NTU_Pose_Output\A042\S017C001P003R002A042.npy
S017C001P003R002A043,NTU,A043,falling_down,high_risk,71,25,3,"(71, 25, 3)",C:\Users\VICTUS\Downloads\Research\outputs\NTU_Pose_Output\A043\S017C001P003R002A043.npy
S017C001P007R001A008,NTU,A008,sit_down,low_risk,82,25,3,"(82, 25, 3)",C:\Users\VICTUS\Downloads\Research\outputs\NTU_Pose_Output\A008\S017C001P007R001A008.npy
S017C001P007R001A009,NTU,A009,stand_up,low_risk,44,25,3,"(44, 25, 3)",C:\Users\VICTUS\Downloads\Research\outputs\NTU_Pose_Output\A009\S017C001P007R001A009.npy
S017C001P007R001A042,NTU,A042,staggering,moderate_risk,109,25,3,"(109, 25, 3)",C:\Users\VICTUS\Downloads\Research\outputs\NTU_Pose_Output\A042\S017C001P007R001A042.npy
S017C001P007R001A043,NTU,A043,falling_down,high_risk,62,25,3,"(62, 25, 3)",C:\Users\VICTUS\Downloads\Research\outputs\NTU_Pose_Output\A043\S017C001P007R001A043.npy
S017C001P007R002A008,NTU,A008,sit_down,low_risk,71,25,3,"(71, 25, 3)",C:\Users\VICTUS\Downloads\Research\outputs\NTU_Pose_Output\A008\S017C001P007R002A008.npy
S017C001P007R002A009,NTU,A009,stand_up,low_risk,58,25,3,"(58, 25, 3)",C:\Users\VICTUS\Downloads\Research\outputs\NTU_Pose_Output\A009\S017C001P007R002A009.npy
S017C001P007R002A042,NTU,A042,staggering,moderate_risk,110,25,3,"(110, 25, 3)",C:\Users\VICTUS\Downloads\Research\outputs\NTU_Pose_Output\A042\S017C001P007R002A042.npy
S017C001P007R002A043,NTU,A043,falling_down,high_risk,52,25,3,"(52, 25, 3)",C:\Users\VICTUS\Downloads\Research\outputs\NTU_Pose_Output\A043\S017C001P007R002A043.npy
S017C001P008R001A008,NTU,A008,sit_down,low_risk,71,25,3,"(71, 25, 3)",C:\Users\VICTUS\Downloads\Research\outputs\NTU_Pose_Output\A008\S017C001P008R001A008.npy
S017C001P008R001A009,NTU,A009,stand_up,low_risk,72,25,3,"(72, 25, 3)",C:\Users\VICTUS\Downloads\Research\outputs\NTU_Pose_Output\A009\S017C001P008R001A009.npy
S017C001P008R001A042,NTU,A042,staggering,moderate_risk,117,25,3,"(117, 25, 3)",C:\Users\VICTUS\Downloads\Research\outputs\NTU_Pose_Output\A042\S017C001P008R001A042.npy
S017C001P008R001A043,NTU,A043,falling_down,high_risk,65,25,3,"(65, 25, 3)",C:\Users\VICTUS\Downloads\Research\outputs\NTU_Pose_Output\A043\S017C001P008R001A043.npy
S017C001P008R002A008,NTU,A008,sit_down,low_risk,75,25,3,"(75, 25, 3)",C:\Users\VICTUS\Downloads\Research\outputs\NTU_Pose_Output\A008\S017C001P008R002A008.npy
S017C001P008R002A009,NTU,A009,stand_up,low_risk,49,25,3,"(49, 25, 3)",C:\Users\VICTUS\Downloads\Research\outputs\NTU_Pose_Output\A009\S017C001P008R002A009.npy
S017C001P008R002A042,NTU,A042,staggering,moderate_risk,142,25,3,"(142, 25, 3)",C:\Users\VICTUS\Downloads\Research\outputs\NTU_Pose_Output\A042\S017C001P008R002A042.npy
S017C001P008R002A043,NTU,A043,falling_down,high_risk,49,25,3,"(49, 25, 3)",C:\Users\VICTUS\Downloads\Research\outputs\NTU_Pose_Output\A043\S017C001P008R002A043.npy
S017C001P009R001A008,NTU,A008,sit_down,low_risk,85,25,3,"(85, 25, 3)",C:\Users\VICTUS\Downloads\Research\outputs\NTU_Pose_Output\A008\S017C001P009R001A008.npy
S017C001P009R001A009,NTU,A009,stand_up,low_risk,63,25,3,"(63, 25, 3)",C:\Users\VICTUS\Downloads\Research\outputs\NTU_Pose_Output\A009\S017C001P009R001A009.npy
S017C001P009R001A042,NTU,A042,staggering,moderate_risk,166,25,3,"(166, 25, 3)",C:\Users\VICTUS\Downloads\Research\outputs\NTU_Pose_Output\A042\S017C001P009R001A042.npy
S017C001P009R001A043,NTU,A043,falling_down,high_risk,59,25,3,"(59, 25, 3)",C:\Users\VICTUS\Downloads\Research\outputs\NTU_Pose_Output\A043\S017C001P009R001A043.npy
S017C001P009R002A008,NTU,A008,sit_down,low_risk,76,25,3,"(76, 25, 3)",C:\Users\VICTUS\Downloads\Research\outputs\NTU_Pose_Output\A008\S017C001P009R002A008.npy
S017C001P009R002A009,NTU,A009,stand_up,low_risk,50,25,3,"(50, 25, 3)",C:\Users\VICTUS\Downloads\Research\outputs\NTU_Pose_Output\A009\S017C001P009R002A009.npy
S017C001P009R002A042,NTU,A042,staggering,moderate_risk,142,25,3,"(142, 25, 3)",C:\Users\VICTUS\Downloads\Research\outputs\NTU_Pose_Output\A042\S017C001P009R002A042.npy
S017C001P009R002A043,NTU,A043,falling_down,high_risk,51,25,3,"(51, 25, 3)",C:\Users\VICTUS\Downloads\Research\outputs\NTU_Pose_Output\A043\S017C001P009R002A043.npy
S017C001P015R001A008,NTU,A008,sit_down,low_risk,54,25,3,"(54, 25, 3)",C:\Users\VICTUS\Downloads\Research\outputs\NTU_Pose_Output\A008\S017C001P015R001A008.npy
S017C001P015R001A009,NTU,A009,stand_up,low_risk,53,25,3,"(53, 25, 3)",C:\Users\VICTUS\Downloads\Research\outputs\NTU_Pose_Output\A009\S017C001P015R001A009.npy
S017C001P015R001A042,NTU,A042,staggering,moderate_risk,76,25,3,"(76, 25, 3)",C:\Users\VICTUS\Downloads\Research\outputs\NTU_Pose_Output\A042\S017C001P015R001A042.npy
S017C001P015R001A043,NTU,A043,falling_down,high_risk,49,25,3,"(49, 25, 3)",C:\Users\VICTUS\Downloads\Research\outputs\NTU_Pose_Output\A043\S017C001P015R001A043.npy
S017C001P015R002A008,NTU,A008,sit_down,low_risk,52,25,3,"(52, 25, 3)",C:\Users\VICTUS\Downloads\Research\outputs\NTU_Pose_Output\A008\S017C001P015R002A008.npy
S017C001P015R002A009,NTU,A009,stand_up,low_risk,43,25,3,"(43, 25, 3)",C:\Users\VICTUS\Downloads\Research\outputs\NTU_Pose_Output\A009\S017C001P015R002A009.npy
S017C001P015R002A042,NTU,A042,staggering,moderate_risk,88,25,3,"(88, 25, 3)",C:\Users\VICTUS\Downloads\Research\outputs\NTU_Pose_Output\A042\S017C001P015R002A042.npy
S017C001P015R002A043,NTU,A043,falling_down,high_risk,46,25,3,"(46, 25, 3)",C:\Users\VICTUS\Downloads\Research\outputs\NTU_Pose_Output\A043\S017C001P015R002A043.npy
S017C001P016R001A008,NTU,A008,sit_down,low_risk,64,25,3,"(64, 25, 3)",C:\Users\VICTUS\Downloads\Research\outputs\NTU_Pose_Output\A008\S017C001P016R001A008.npy
S017C001P016R001A009,NTU,A009,stand_up,low_risk,48,25,3,"(48, 25, 3)",C:\Users\VICTUS\Downloads\Research\outputs\NTU_Pose_Output\A009\S017C001P016R001A009.npy
S017C001P016R001A042,NTU,A042,staggering,moderate_risk,129,25,3,"(129, 25, 3)",C:\Users\VICTUS\Downloads\Research\outputs\NTU_Pose_Output\A042\S017C001P016R001A042.npy
S017C001P016R001A043,NTU,A043,falling_down,high_risk,61,25,3,"(61, 25, 3)",C:\Users\VICTUS\Downloads\Research\outputs\NTU_Pose_Output\A043\S017C001P016R001A043.npy
S017C001P016R002A008,NTU,A008,sit_down,low_risk,53,25,3,"(53, 25, 3)",C:\Users\VICTUS\Downloads\Research\outputs\NTU_Pose_Output\A008\S017C001P016R002A008.npy
S017C001P016R002A009,NTU,A009,stand_up,low_risk,55,25,3,"(55, 25, 3)",C:\Users\VICTUS\Downloads\Research\outputs\NTU_Pose_Output\A009\S017C001P016R002A009.npy
S017C001P016R002A042,NTU,A042,staggering,moderate_risk,78,25,3,"(78, 25, 3)",C:\Users\VICTUS\Downloads\Research\outputs\NTU_Pose_Output\A042\S017C001P016R002A042.npy
S017C001P016R002A043,NTU,A043,falling_down,high_risk,57,25,3,"(57, 25, 3)",C:\Users\VICTUS\Downloads\Research\outputs\NTU_Pose_Output\A043\S017C001P016R002A043.npy
S017C001P017R001A008,NTU,A008,sit_down,low_risk,70,25,3,"(70, 25, 3)",C:\Users\VICTUS\Downloads\Research\outputs\NTU_Pose_Output\A008\S017C001P017R001A008.npy
S017C001P017R001A009,NTU,A009,stand_up,low_risk,52,25,3,"(52, 25, 3)",C:\Users\VICTUS\Downloads\Research\outputs\NTU_Pose_Output\A009\S017C001P017R001A009.npy
S017C001P017R001A042,NTU,A042,staggering,moderate_risk,117,25,3,"(117, 25, 3)",C:\Users\VICTUS\Downloads\Research\outputs\NTU_Pose_Output\A042\S017C001P017R001A042.npy
S017C001P017R001A043,NTU,A043,falling_down,high_risk,54,25,3,"(54, 25, 3)",C:\Users\VICTUS\Downloads\Research\outputs\NTU_Pose_Output\A043\S017C001P017R001A043.npy
S017C001P017R002A008,NTU,A008,sit_down,low_risk,56,25,3,"(56, 25, 3)",C:\Users\VICTUS\Downloads\Research\outputs\NTU_Pose_Output\A008\S017C001P017R002A008.npy
S017C001P017R002A009,NTU,A009,stand_up,low_risk,52,25,3,"(52, 25, 3)",C:\Users\VICTUS\Downloads\Research\outputs\NTU_Pose_Output\A009\S017C001P017R002A009.npy
S017C001P017R002A042,NTU,A042,staggering,moderate_risk,107,25,3,"(107, 25, 3)",C:\Users\VICTUS\Downloads\Research\outputs\NTU_Pose_Output\A042\S017C001P017R002A042.npy
S017C001P017R002A043,NTU,A043,falling_down,high_risk,52,25,3,"(52, 25, 3)",C:\Users\VICTUS\Downloads\Research\outputs\NTU_Pose_Output\A043\S017C001P017R002A043.npy
S017C001P020R001A008,NTU,A008,sit_down,low_risk,77,25,3,"(77, 25, 3)",C:\Users\VICTUS\Downloads\Research\outputs\NTU_Pose_Output\A008\S017C001P020R001A008.npy
S017C001P020R001A009,NTU,A009,stand_up,low_risk,57,25,3,"(57, 25, 3)",C:\Users\VICTUS\Downloads\Research\outputs\NTU_Pose_Output\A009\S017C001P020R001A009.npy
S017C001P020R001A042,NTU,A042,staggering,moderate_risk,124,25,3,"(124, 25, 3)",C:\Users\VICTUS\Downloads\Research\outputs\NTU_Pose_Output\A042\S017C001P020R001A042.npy
S017C001P020R001A043,NTU,A043,falling_down,high_risk,58,25,3,"(58, 25, 3)",C:\Users\VICTUS\Downloads\Research\outputs\NTU_Pose_Output\A043\S017C001P020R001A043.npy
S017C001P020R002A008,NTU,A008,sit_down,low_risk,81,25,3,"(81, 25, 3)",C:\Users\VICTUS\Downloads\Research\outputs\NTU_Pose_Output\A008\S017C001P020R002A008.npy
S017C001P020R002A009,NTU,A009,stand_up,low_risk,59,25,3,"(59, 25, 3)",C:\Users\VICTUS\Downloads\Research\outputs\NTU_Pose_Output\A009\S017C001P020R002A009.npy
S017C001P020R002A042,NTU,A042,staggering,moderate_risk,129,25,3,"(129, 25, 3)",C:\Users\VICTUS\Downloads\Research\outputs\NTU_Pose_Output\A042\S017C001P020R002A042.npy
S017C001P020R002A043,NTU,A043,falling_down,high_risk,54,25,3,"(54, 25, 3)",C:\Users\VICTUS\Downloads\Research\outputs\NTU_Pose_Output\A043\S017C001P020R002A043.npy
S017C002P003R001A008,NTU,A008,sit_down,low_risk,99,25,3,"(99, 25, 3)",C:\Users\VICTUS\Downloads\Research\outputs\NTU_Pose_Output\A008\S017C002P003R001A008.npy
S017C002P003R001A009,NTU,A009,stand_up,low_risk,51,25,3,"(51, 25, 3)",C:\Users\VICTUS\Downloads\Research\outputs\NTU_Pose_Output\A009\S017C002P003R001A009.npy
S017C002P003R001A042,NTU,A042,staggering,moderate_risk,139,25,3,"(139, 25, 3)",C:\Users\VICTUS\Downloads\Research\outputs\NTU_Pose_Output\A042\S017C002P003R001A042.npy
S017C002P003R001A043,NTU,A043,falling_down,high_risk,71,25,3,"(71, 25, 3)",C:\Users\VICTUS\Downloads\Research\outputs\NTU_Pose_Output\A043\S017C002P003R001A043.npy
S017C002P003R002A008,NTU,A008,sit_down,low_risk,98,25,3,"(98, 25, 3)",C:\Users\VICTUS\Downloads\Research\outputs\NTU_Pose_Output\A008\S017C002P003R002A008.npy
S017C002P003R002A009,NTU,A009,stand_up,low_risk,54,25,3,"(54, 25, 3)",C:\Users\VICTUS\Downloads\Research\outputs\NTU_Pose_Output\A009\S017C002P003R002A009.npy
S017C002P003R002A042,NTU,A042,staggering,moderate_risk,105,25,3,"(105, 25, 3)",C:\Users\VICTUS\Downloads\Research\outputs\NTU_Pose_Output\A042\S017C002P003R002A042.npy
S017C002P003R002A043,NTU,A043,falling_down,high_risk,72,25,3,"(72, 25, 3)",C:\Users\VICTUS\Downloads\Research\outputs\NTU_Pose_Output\A043\S017C002P003R002A043.npy
S017C002P007R001A008,NTU,A008,sit_down,low_risk,81,25,3,"(81, 25, 3)",C:\Users\VICTUS\Downloads\Research\outputs\NTU_Pose_Output\A008\S017C002P007R001A008.npy
S017C002P007R001A009,NTU,A009,stand_up,low_risk,44,25,3,"(44, 25, 3)",C:\Users\VICTUS\Downloads\Research\outputs\NTU_Pose_Output\A009\S017C002P007R001A009.npy
S017C002P007R001A042,NTU,A042,staggering,moderate_risk,109,25,3,"(109, 25, 3)",C:\Users\VICTUS\Downloads\Research\outputs\NTU_Pose_Output\A042\S017C002P007R001A042.npy
S017C002P007R001A043,NTU,A043,falling_down,high_risk,62,25,3,"(62, 25, 3)",C:\Users\VICTUS\Downloads\Research\outputs\NTU_Pose_Output\A043\S017C002P007R001A043.npy
S017C002P007R002A008,NTU,A008,sit_down,low_risk,71,25,3,"(71, 25, 3)",C:\Users\VICTUS\Downloads\Research\outputs\NTU_Pose_Output\A008\S017C002P007R002A008.npy
S017C002P007R002A009,NTU,A009,stand_up,low_risk,58,25,3,"(58, 25, 3)",C:\Users\VICTUS\Downloads\Research\outputs\NTU_Pose_Output\A009\S017C002P007R002A009.npy
S017C002P007R002A042,NTU,A042,staggering,moderate_risk,111,25,3,"(111, 25, 3)",C:\Users\VICTUS\Downloads\Research\outputs\NTU_Pose_Output\A042\S017C002P007R002A042.npy
S017C002P007R002A043,NTU,A043,falling_down,high_risk,52,25,3,"(52, 25, 3)",C:\Users\VICTUS\Downloads\Research\outputs\NTU_Pose_Output\A043\S017C002P007R002A043.npy
S017C002P008R001A008,NTU,A008,sit_down,low_risk,70,25,3,"(70, 25, 3)",C:\Users\VICTUS\Downloads\Research\outputs\NTU_Pose_Output\A008\S017C002P008R001A008.npy
S017C002P008R001A009,NTU,A009,stand_up,low_risk,71,25,3,"(71, 25, 3)",C:\Users\VICTUS\Downloads\Research\outputs\NTU_Pose_Output\A009\S017C002P008R001A009.npy
S017C002P008R001A042,NTU,A042,staggering,moderate_risk,118,25,3,"(118, 25, 3)",C:\Users\VICTUS\Downloads\Research\outputs\NTU_Pose_Output\A042\S017C002P008R001A042.npy
S017C002P008R001A043,NTU,A043,falling_down,high_risk,65,25,3,"(65, 25, 3)",C:\Users\VICTUS\Downloads\Research\outputs\NTU_Pose_Output\A043\S017C002P008R001A043.npy
S017C002P008R002A008,NTU,A008,sit_down,low_risk,75,25,3,"(75, 25, 3)",C:\Users\VICTUS\Downloads\Research\outputs\NTU_Pose_Output\A008\S017C002P008R002A008.npy
S017C002P008R002A009,NTU,A009,stand_up,low_risk,50,25,3,"(50, 25, 3)",C:\Users\VICTUS\Downloads\Research\outputs\NTU_Pose_Output\A009\S017C002P008R002A009.npy
S017C002P008R002A042,NTU,A042,staggering,moderate_risk,143,25,3,"(143, 25, 3)",C:\Users\VICTUS\Downloads\Research\outputs\NTU_Pose_Output\A042\S017C002P008R002A042.npy
S017C002P008R002A043,NTU,A043,falling_down,high_risk,49,25,3,"(49, 25, 3)",C:\Users\VICTUS\Downloads\Research\outputs\NTU_Pose_Output\A043\S017C002P008R002A043.npy
S017C002P009R001A008,NTU,A008,sit_down,low_risk,86,25,3,"(86, 25, 3)",C:\Users\VICTUS\Downloads\Research\outputs\NTU_Pose_Output\A008\S017C002P009R001A008.npy
S017C002P009R001A009,NTU,A009,stand_up,low_risk,63,25,3,"(63, 25, 3)",C:\Users\VICTUS\Downloads\Research\outputs\NTU_Pose_Output\A009\S017C002P009R001A009.npy
S017C002P009R001A042,NTU,A042,staggering,moderate_risk,166,25,3,"(166, 25, 3)",C:\Users\VICTUS\Downloads\Research\outputs\NTU_Pose_Output\A042\S017C002P009R001A042.npy
S017C002P009R001A043,NTU,A043,falling_down,high_risk,59,25,3,"(59, 25, 3)",C:\Users\VICTUS\Downloads\Research\outputs\NTU_Pose_Output\A043\S017C002P009R001A043.npy
S017C002P009R002A008,NTU,A008,sit_down,low_risk,76,25,3,"(76, 25, 3)",C:\Users\VICTUS\Downloads\Research\outputs\NTU_Pose_Output\A008\S017C002P009R002A008.npy
S017C002P009R002A009,NTU,A009,stand_up,low_risk,50,25,3,"(50, 25, 3)",C:\Users\VICTUS\Downloads\Research\outputs\NTU_Pose_Output\A009\S017C002P009R002A009.npy
S017C002P009R002A042,NTU,A042,staggering,moderate_risk,142,25,3,"(142, 25, 3)",C:\Users\VICTUS\Downloads\Research\outputs\NTU_Pose_Output\A042\S017C002P009R002A042.npy
S017C002P009R002A043,NTU,A043,falling_down,high_risk,51,25,3,"(51, 25, 3)",C:\Users\VICTUS\Downloads\Research\outputs\NTU_Pose_Output\A043\S017C002P009R002A043.npy
S017C002P015R001A008,NTU,A008,sit_down,low_risk,55,25,3,"(55, 25, 3)",C:\Users\VICTUS\Downloads\Research\outputs\NTU_Pose_Output\A008\S017C002P015R001A008.npy
S017C002P015R001A009,NTU,A009,stand_up,low_risk,53,25,3,"(53, 25, 3)",C:\Users\VICTUS\Downloads\Research\outputs\NTU_Pose_Output\A009\S017C002P015R001A009.npy
S017C002P015R001A042,NTU,A042,staggering,moderate_risk,76,25,3,"(76, 25, 3)",C:\Users\VICTUS\Downloads\Research\outputs\NTU_Pose_Output\A042\S017C002P015R001A042.npy
S017C002P015R001A043,NTU,A043,falling_down,high_risk,50,25,3,"(50, 25, 3)",C:\Users\VICTUS\Downloads\Research\outputs\NTU_Pose_Output\A043\S017C002P015R001A043.npy
S017C002P015R002A008,NTU,A008,sit_down,low_risk,52,25,3,"(52, 25, 3)",C:\Users\VICTUS\Downloads\Research\outputs\NTU_Pose_Output\A008\S017C002P015R002A008.npy
S017C002P015R002A009,NTU,A009,stand_up,low_risk,43,25,3,"(43, 25, 3)",C:\Users\VICTUS\Downloads\Research\outputs\NTU_Pose_Output\A009\S017C002P015R002A009.npy
S017C002P015R002A042,NTU,A042,staggering,moderate_risk,88,25,3,"(88, 25, 3)",C:\Users\VICTUS\Downloads\Research\outputs\NTU_Pose_Output\A042\S017C002P015R002A042.npy
S017C002P015R002A043,NTU,A043,falling_down,high_risk,46,25,3,"(46, 25, 3)",C:\Users\VICTUS\Downloads\Research\outputs\NTU_Pose_Output\A043\S017C002P015R002A043.npy
S017C002P016R001A008,NTU,A008,sit_down,low_risk,62,25,3,"(62, 25, 3)",C:\Users\VICTUS\Downloads\Research\outputs\NTU_Pose_Output\A008\S017C002P016R001A008.npy
S017C002P016R001A009,NTU,A009,stand_up,low_risk,47,25,3,"(47, 25, 3)",C:\Users\VICTUS\Downloads\Research\outputs\NTU_Pose_Output\A009\S017C002P016R001A009.npy
S017C002P016R001A042,NTU,A042,staggering,moderate_risk,130,25,3,"(130, 25, 3)",C:\Users\VICTUS\Downloads\Research\outputs\NTU_Pose_Output\A042\S017C002P016R001A042.npy
S017C002P016R001A043,NTU,A043,falling_down,high_risk,62,25,3,"(62, 25, 3)",C:\Users\VICTUS\Downloads\Research\outputs\NTU_Pose_Output\A043\S017C002P016R001A043.npy
S017C002P016R002A008,NTU,A008,sit_down,low_risk,53,25,3,"(53, 25, 3)",C:\Users\VICTUS\Downloads\Research\outputs\NTU_Pose_Output\A008\S017C002P016R002A008.npy
S017C002P016R002A009,NTU,A009,stand_up,low_risk,56,25,3,"(56, 25, 3)",C:\Users\VICTUS\Downloads\Research\outputs\NTU_Pose_Output\A009\S017C002P016R002A009.npy
S017C002P016R002A042,NTU,A042,staggering,moderate_risk,76,25,3,"(76, 25, 3)",C:\Users\VICTUS\Downloads\Research\outputs\NTU_Pose_Output\A042\S017C002P016R002A042.npy
S017C002P016R002A043,NTU,A043,falling_down,high_risk,56,25,3,"(56, 25, 3)",C:\Users\VICTUS\Downloads\Research\outputs\NTU_Pose_Output\A043\S017C002P016R002A043.npy
S017C002P017R001A008,NTU,A008,sit_down,low_risk,70,25,3,"(70, 25, 3)",C:\Users\VICTUS\Downloads\Research\outputs\NTU_Pose_Output\A008\S017C002P017R001A008.npy
S017C002P017R001A009,NTU,A009,stand_up,low_risk,52,25,3,"(52, 25, 3)",C:\Users\VICTUS\Downloads\Research\outputs\NTU_Pose_Output\A009\S017C002P017R001A009.npy
S017C002P017R001A042,NTU,A042,staggering,moderate_risk,117,25,3,"(117, 25, 3)",C:\Users\VICTUS\Downloads\Research\outputs\NTU_Pose_Output\A042\S017C002P017R001A042.npy
S017C002P017R001A043,NTU,A043,falling_down,high_risk,53,25,3,"(53, 25, 3)",C:\Users\VICTUS\Downloads\Research\outputs\NTU_Pose_Output\A043\S017C002P017R001A043.npy
S017C002P017R002A008,NTU,A008,sit_down,low_risk,56,25,3,"(56, 25, 3)",C:\Users\VICTUS\Downloads\Research\outputs\NTU_Pose_Output\A008\S017C002P017R002A008.npy
S017C002P017R002A009,NTU,A009,stand_up,low_risk,52,25,3,"(52, 25, 3)",C:\Users\VICTUS\Downloads\Research\outputs\NTU_Pose_Output\A009\S017C002P017R002A009.npy
S017C002P017R002A042,NTU,A042,staggering,moderate_risk,106,25,3,"(106, 25, 3)",C:\Users\VICTUS\Downloads\Research\outputs\NTU_Pose_Output\A042\S017C002P017R002A042.npy
S017C002P017R002A043,NTU,A043,falling_down,high_risk,53,25,3,"(53, 25, 3)",C:\Users\VICTUS\Downloads\Research\outputs\NTU_Pose_Output\A043\S017C002P017R002A043.npy
S017C002P020R001A008,NTU,A008,sit_down,low_risk,77,25,3,"(77, 25, 3)",C:\Users\VICTUS\Downloads\Research\outputs\NTU_Pose_Output\A008\S017C002P020R001A008.npy
S017C002P020R001A009,NTU,A009,stand_up,low_risk,56,25,3,"(56, 25, 3)",C:\Users\VICTUS\Downloads\Research\outputs\NTU_Pose_Output\A009\S017C002P020R001A009.npy
S017C002P020R001A042,NTU,A042,staggering,moderate_risk,125,25,3,"(125, 25, 3)",C:\Users\VICTUS\Downloads\Research\outputs\NTU_Pose_Output\A042\S017C002P020R001A042.npy
S017C002P020R001A043,NTU,A043,falling_down,high_risk,58,25,3,"(58, 25, 3)",C:\Users\VICTUS\Downloads\Research\outputs\NTU_Pose_Output\A043\S017C002P020R001A043.npy
S017C002P020R002A008,NTU,A008,sit_down,low_risk,81,25,3,"(81, 25, 3)",C:\Users\VICTUS\Downloads\Research\outputs\NTU_Pose_Output\A008\S017C002P020R002A008.npy
S017C002P020R002A009,NTU,A009,stand_up,low_risk,58,25,3,"(58, 25, 3)",C:\Users\VICTUS\Downloads\Research\outputs\NTU_Pose_Output\A009\S017C002P020R002A009.npy
S017C002P020R002A042,NTU,A042,staggering,moderate_risk,130,25,3,"(130, 25, 3)",C:\Users\VICTUS\Downloads\Research\outputs\NTU_Pose_Output\A042\S017C002P020R002A042.npy
S017C002P020R002A043,NTU,A043,falling_down,high_risk,54,25,3,"(54, 25, 3)",C:\Users\VICTUS\Downloads\Research\outputs\NTU_Pose_Output\A043\S017C002P020R002A043.npy
S017C003P003R001A008,NTU,A008,sit_down,low_risk,98,25,3,"(98, 25, 3)",C:\Users\VICTUS\Downloads\Research\outputs\NTU_Pose_Output\A008\S017C003P003R001A008.npy
S017C003P003R001A009,NTU,A009,stand_up,low_risk,51,25,3,"(51, 25, 3)",C:\Users\VICTUS\Downloads\Research\outputs\NTU_Pose_Output\A009\S017C003P003R001A009.npy
S017C003P003R001A042,NTU,A042,staggering,moderate_risk,144,25,3,"(144, 25, 3)",C:\Users\VICTUS\Downloads\Research\outputs\NTU_Pose_Output\A042\S017C003P003R001A042.npy
S017C003P003R001A043,NTU,A043,falling_down,high_risk,71,25,3,"(71, 25, 3)",C:\Users\VICTUS\Downloads\Research\outputs\NTU_Pose_Output\A043\S017C003P003R001A043.npy
S017C003P003R002A008,NTU,A008,sit_down,low_risk,98,25,3,"(98, 25, 3)",C:\Users\VICTUS\Downloads\Research\outputs\NTU_Pose_Output\A008\S017C003P003R002A008.npy
S017C003P003R002A009,NTU,A009,stand_up,low_risk,54,25,3,"(54, 25, 3)",C:\Users\VICTUS\Downloads\Research\outputs\NTU_Pose_Output\A009\S017C003P003R002A009.npy
S017C003P003R002A042,NTU,A042,staggering,moderate_risk,105,25,3,"(105, 25, 3)",C:\Users\VICTUS\Downloads\Research\outputs\NTU_Pose_Output\A042\S017C003P003R002A042.npy
S017C003P003R002A043,NTU,A043,falling_down,high_risk,71,25,3,"(71, 25, 3)",C:\Users\VICTUS\Downloads\Research\outputs\NTU_Pose_Output\A043\S017C003P003R002A043.npy
S017C003P007R001A008,NTU,A008,sit_down,low_risk,82,25,3,"(82, 25, 3)",C:\Users\VICTUS\Downloads\Research\outputs\NTU_Pose_Output\A008\S017C003P007R001A008.npy
S017C003P007R001A009,NTU,A009,stand_up,low_risk,44,25,3,"(44, 25, 3)",C:\Users\VICTUS\Downloads\Research\outputs\NTU_Pose_Output\A009\S017C003P007R001A009.npy
S017C003P007R001A042,NTU,A042,staggering,moderate_risk,109,25,3,"(109, 25, 3)",C:\Users\VICTUS\Downloads\Research\outputs\NTU_Pose_Output\A042\S017C003P007R001A042.npy
S017C003P007R001A043,NTU,A043,falling_down,high_risk,62,25,3,"(62, 25, 3)",C:\Users\VICTUS\Downloads\Research\outputs\NTU_Pose_Output\A043\S017C003P007R001A043.npy
S017C003P007R002A008,NTU,A008,sit_down,low_risk,71,25,3,"(71, 25, 3)",C:\Users\VICTUS\Downloads\Research\outputs\NTU_Pose_Output\A008\S017C003P007R002A008.npy
S017C003P007R002A009,NTU,A009,stand_up,low_risk,58,25,3,"(58, 25, 3)",C:\Users\VICTUS\Downloads\Research\outputs\NTU_Pose_Output\A009\S017C003P007R002A009.npy
S017C003P007R002A042,NTU,A042,staggering,moderate_risk,111,25,3,"(111, 25, 3)",C:\Users\VICTUS\Downloads\Research\outputs\NTU_Pose_Output\A042\S017C003P007R002A042.npy
S017C003P007R002A043,NTU,A043,falling_down,high_risk,51,25,3,"(51, 25, 3)",C:\Users\VICTUS\Downloads\Research\outputs\NTU_Pose_Output\A043\S017C003P007R002A043.npy
S017C003P008R001A008,NTU,A008,sit_down,low_risk,70,25,3,"(70, 25, 3)",C:\Users\VICTUS\Downloads\Research\outputs\NTU_Pose_Output\A008\S017C003P008R001A008.npy
S017C003P008R001A009,NTU,A009,stand_up,low_risk,71,25,3,"(71, 25, 3)",C:\Users\VICTUS\Downloads\Research\outputs\NTU_Pose_Output\A009\S017C003P008R001A009.npy
S017C003P008R001A042,NTU,A042,staggering,moderate_risk,118,25,3,"(118, 25, 3)",C:\Users\VICTUS\Downloads\Research\outputs\NTU_Pose_Output\A042\S017C003P008R001A042.npy
S017C003P008R001A043,NTU,A043,falling_down,high_risk,65,25,3,"(65, 25, 3)",C:\Users\VICTUS\Downloads\Research\outputs\NTU_Pose_Output\A043\S017C003P008R001A043.npy
S017C003P008R002A008,NTU,A008,sit_down,low_risk,75,25,3,"(75, 25, 3)",C:\Users\VICTUS\Downloads\Research\outputs\NTU_Pose_Output\A008\S017C003P008R002A008.npy
S017C003P008R002A009,NTU,A009,stand_up,low_risk,49,25,3,"(49, 25, 3)",C:\Users\VICTUS\Downloads\Research\outputs\NTU_Pose_Output\A009\S017C003P008R002A009.npy
S017C003P008R002A042,NTU,A042,staggering,moderate_risk,143,25,3,"(143, 25, 3)",C:\Users\VICTUS\Downloads\Research\outputs\NTU_Pose_Output\A042\S017C003P008R002A042.npy
S017C003P008R002A043,NTU,A043,falling_down,high_risk,48,25,3,"(48, 25, 3)",C:\Users\VICTUS\Downloads\Research\outputs\NTU_Pose_Output\A043\S017C003P008R002A043.npy
S017C003P009R001A008,NTU,A008,sit_down,low_risk,86,25,3,"(86, 25, 3)",C:\Users\VICTUS\Downloads\Research\outputs\NTU_Pose_Output\A008\S017C003P009R001A008.npy
S017C003P009R001A009,NTU,A009,stand_up,low_risk,62,25,3,"(62, 25, 3)",C:\Users\VICTUS\Downloads\Research\outputs\NTU_Pose_Output\A009\S017C003P009R001A009.npy
S017C003P009R001A042,NTU,A042,staggering,moderate_risk,166,25,3,"(166, 25, 3)",C:\Users\VICTUS\Downloads\Research\outputs\NTU_Pose_Output\A042\S017C003P009R001A042.npy
S017C003P009R001A043,NTU,A043,falling_down,high_risk,59,25,3,"(59, 25, 3)",C:\Users\VICTUS\Downloads\Research\outputs\NTU_Pose_Output\A043\S017C003P009R001A043.npy
S017C003P009R002A008,NTU,A008,sit_down,low_risk,77,25,3,"(77, 25, 3)",C:\Users\VICTUS\Downloads\Research\outputs\NTU_Pose_Output\A008\S017C003P009R002A008.npy
S017C003P009R002A009,NTU,A009,stand_up,low_risk,50,25,3,"(50, 25, 3)",C:\Users\VICTUS\Downloads\Research\outputs\NTU_Pose_Output\A009\S017C003P009R002A009.npy
S017C003P009R002A042,NTU,A042,staggering,moderate_risk,143,25,3,"(143, 25, 3)",C:\Users\VICTUS\Downloads\Research\outputs\NTU_Pose_Output\A042\S017C003P009R002A042.npy
S017C003P009R002A043,NTU,A043,falling_down,high_risk,51,25,3,"(51, 25, 3)",C:\Users\VICTUS\Downloads\Research\outputs\NTU_Pose_Output\A043\S017C003P009R002A043.npy
S017C003P015R001A008,NTU,A008,sit_down,low_risk,55,25,3,"(55, 25, 3)",C:\Users\VICTUS\Downloads\Research\outputs\NTU_Pose_Output\A008\S017C003P015R001A008.npy
S017C003P015R001A009,NTU,A009,stand_up,low_risk,53,25,3,"(53, 25, 3)",C:\Users\VICTUS\Downloads\Research\outputs\NTU_Pose_Output\A009\S017C003P015R001A009.npy
S017C003P015R001A042,NTU,A042,staggering,moderate_risk,76,25,3,"(76, 25, 3)",C:\Users\VICTUS\Downloads\Research\outputs\NTU_Pose_Output\A042\S017C003P015R001A042.npy
S017C003P015R001A043,NTU,A043,falling_down,high_risk,50,25,3,"(50, 25, 3)",C:\Users\VICTUS\Downloads\Research\outputs\NTU_Pose_Output\A043\S017C003P015R001A043.npy
S017C003P015R002A008,NTU,A008,sit_down,low_risk,52,25,3,"(52, 25, 3)",C:\Users\VICTUS\Downloads\Research\outputs\NTU_Pose_Output\A008\S017C003P015R002A008.npy
S017C003P015R002A009,NTU,A009,stand_up,low_risk,43,25,3,"(43, 25, 3)",C:\Users\VICTUS\Downloads\Research\outputs\NTU_Pose_Output\A009\S017C003P015R002A009.npy
S017C003P015R002A042,NTU,A042,staggering,moderate_risk,88,25,3,"(88, 25, 3)",C:\Users\VICTUS\Downloads\Research\outputs\NTU_Pose_Output\A042\S017C003P015R002A042.npy
S017C003P015R002A043,NTU,A043,falling_down,high_risk,46,25,3,"(46, 25, 3)",C:\Users\VICTUS\Downloads\Research\outputs\NTU_Pose_Output\A043\S017C003P015R002A043.npy
S017C003P016R001A008,NTU,A008,sit_down,low_risk,64,25,3,"(64, 25, 3)",C:\Users\VICTUS\Downloads\Research\outputs\NTU_Pose_Output\A008\S017C003P016R001A008.npy
S017C003P016R001A009,NTU,A009,stand_up,low_risk,48,25,3,"(48, 25, 3)",C:\Users\VICTUS\Downloads\Research\outputs\NTU_Pose_Output\A009\S017C003P016R001A009.npy
S017C003P016R001A042,NTU,A042,staggering,moderate_risk,130,25,3,"(130, 25, 3)",C:\Users\VICTUS\Downloads\Research\outputs\NTU_Pose_Output\A042\S017C003P016R001A042.npy
S017C003P016R001A043,NTU,A043,falling_down,high_risk,61,25,3,"(61, 25, 3)",C:\Users\VICTUS\Downloads\Research\outputs\NTU_Pose_Output\A043\S017C003P016R001A043.npy
S017C003P016R002A008,NTU,A008,sit_down,low_risk,54,25,3,"(54, 25, 3)",C:\Users\VICTUS\Downloads\Research\outputs\NTU_Pose_Output\A008\S017C003P016R002A008.npy
S017C003P016R002A009,NTU,A009,stand_up,low_risk,56,25,3,"(56, 25, 3)",C:\Users\VICTUS\Downloads\Research\outputs\NTU_Pose_Output\A009\S017C003P016R002A009.npy
S017C003P016R002A042,NTU,A042,staggering,moderate_risk,77,25,3,"(77, 25, 3)",C:\Users\VICTUS\Downloads\Research\outputs\NTU_Pose_Output\A042\S017C003P016R002A042.npy
S017C003P016R002A043,NTU,A043,falling_down,high_risk,57,25,3,"(57, 25, 3)",C:\Users\VICTUS\Downloads\Research\outputs\NTU_Pose_Output\A043\S017C003P016R002A043.npy
S017C003P017R001A008,NTU,A008,sit_down,low_risk,69,25,3,"(69, 25, 3)",C:\Users\VICTUS\Downloads\Research\outputs\NTU_Pose_Output\A008\S017C003P017R001A008.npy
S017C003P017R001A009,NTU,A009,stand_up,low_risk,52,25,3,"(52, 25, 3)",C:\Users\VICTUS\Downloads\Research\outputs\NTU_Pose_Output\A009\S017C003P017R001A009.npy
S017C003P017R001A042,NTU,A042,staggering,moderate_risk,118,25,3,"(118, 25, 3)",C:\Users\VICTUS\Downloads\Research\outputs\NTU_Pose_Output\A042\S017C003P017R001A042.npy
S017C003P017R001A043,NTU,A043,falling_down,high_risk,54,25,3,"(54, 25, 3)",C:\Users\VICTUS\Downloads\Research\outputs\NTU_Pose_Output\A043\S017C003P017R001A043.npy
S017C003P017R002A008,NTU,A008,sit_down,low_risk,57,25,3,"(57, 25, 3)",C:\Users\VICTUS\Downloads\Research\outputs\NTU_Pose_Output\A008\S017C003P017R002A008.npy
S017C003P017R002A009,NTU,A009,stand_up,low_risk,52,25,3,"(52, 25, 3)",C:\Users\VICTUS\Downloads\Research\outputs\NTU_Pose_Output\A009\S017C003P017R002A009.npy
S017C003P017R002A042,NTU,A042,staggering,moderate_risk,107,25,3,"(107, 25, 3)",C:\Users\VICTUS\Downloads\Research\outputs\NTU_Pose_Output\A042\S017C003P017R002A042.npy
S017C003P017R002A043,NTU,A043,falling_down,high_risk,52,25,3,"(52, 25, 3)",C:\Users\VICTUS\Downloads\Research\outputs\NTU_Pose_Output\A043\S017C003P017R002A043.npy
S017C003P020R001A008,NTU,A008,sit_down,low_risk,76,25,3,"(76, 25, 3)",C:\Users\VICTUS\Downloads\Research\outputs\NTU_Pose_Output\A008\S017C003P020R001A008.npy
S017C003P020R001A009,NTU,A009,stand_up,low_risk,57,25,3,"(57, 25, 3)",C:\Users\VICTUS\Downloads\Research\outputs\NTU_Pose_Output\A009\S017C003P020R001A009.npy
S017C003P020R001A042,NTU,A042,staggering,moderate_risk,125,25,3,"(125, 25, 3)",C:\Users\VICTUS\Downloads\Research\outputs\NTU_Pose_Output\A042\S017C003P020R001A042.npy
S017C003P020R001A043,NTU,A043,falling_down,high_risk,58,25,3,"(58, 25, 3)",C:\Users\VICTUS\Downloads\Research\outputs\NTU_Pose_Output\A043\S017C003P020R001A043.npy
S017C003P020R002A008,NTU,A008,sit_down,low_risk,81,25,3,"(81, 25, 3)",C:\Users\VICTUS\Downloads\Research\outputs\NTU_Pose_Output\A008\S017C003P020R002A008.npy
S017C003P020R002A009,NTU,A009,stand_up,low_risk,59,25,3,"(59, 25, 3)",C:\Users\VICTUS\Downloads\Research\outputs\NTU_Pose_Output\A009\S017C003P020R002A009.npy
S017C003P020R002A042,NTU,A042,staggering,moderate_risk,129,25,3,"(129, 25, 3)",C:\Users\VICTUS\Downloads\Research\outputs\NTU_Pose_Output\A042\S017C003P020R002A042.npy
S017C003P020R002A043,NTU,A043,falling_down,high_risk,54,25,3,"(54, 25, 3)",C:\Users\VICTUS\Downloads\Research\outputs\NTU_Pose_Output\A043\S017C003P020R002A043.npy
S018C001P008R001A080,NTU,A080,squat_down,moderate_risk,92,25,3,"(92, 25, 3)",C:\Users\VICTUS\Downloads\Research\outputs\NTU_Pose_Output\A080\S018C001P008R001A080.npy
S018C001P008R002A080,NTU,A080,squat_down,moderate_risk,72,25,3,"(72, 25, 3)",C:\Users\VICTUS\Downloads\Research\outputs\NTU_Pose_Output\A080\S018C001P008R002A080.npy
S018C001P041R001A080,NTU,A080,squat_down,moderate_risk,67,25,3,"(67, 25, 3)",C:\Users\VICTUS\Downloads\Research\outputs\NTU_Pose_Output\A080\S018C001P041R001A080.npy
S018C001P041R002A080,NTU,A080,squat_down,moderate_risk,67,25,3,"(67, 25, 3)",C:\Users\VICTUS\Downloads\Research\outputs\NTU_Pose_Output\A080\S018C001P041R002A080.npy
S018C001P042R001A080,NTU,A080,squat_down,moderate_risk,65,25,3,"(65, 25, 3)",C:\Users\VICTUS\Downloads\Research\outputs\NTU_Pose_Output\A080\S018C001P042R001A080.npy
S018C001P042R002A080,NTU,A080,squat_down,moderate_risk,75,25,3,"(75, 25, 3)",C:\Users\VICTUS\Downloads\Research\outputs\NTU_Pose_Output\A080\S018C001P042R002A080.npy
S018C001P043R001A080,NTU,A080,squat_down,moderate_risk,47,25,3,"(47, 25, 3)",C:\Users\VICTUS\Downloads\Research\outputs\NTU_Pose_Output\A080\S018C001P043R001A080.npy
S018C001P043R002A080,NTU,A080,squat_down,moderate_risk,57,25,3,"(57, 25, 3)",C:\Users\VICTUS\Downloads\Research\outputs\NTU_Pose_Output\A080\S018C001P043R002A080.npy
S018C001P044R001A080,NTU,A080,squat_down,moderate_risk,41,25,3,"(41, 25, 3)",C:\Users\VICTUS\Downloads\Research\outputs\NTU_Pose_Output\A080\S018C001P044R001A080.npy
S018C001P044R002A080,NTU,A080,squat_down,moderate_risk,38,25,3,"(38, 25, 3)",C:\Users\VICTUS\Downloads\Research\outputs\NTU_Pose_Output\A080\S018C001P044R002A080.npy
S018C001P045R001A080,NTU,A080,squat_down,moderate_risk,37,25,3,"(37, 25, 3)",C:\Users\VICTUS\Downloads\Research\outputs\NTU_Pose_Output\A080\S018C001P045R001A080.npy
S018C001P045R002A080,NTU,A080,squat_down,moderate_risk,33,25,3,"(33, 25, 3)",C:\Users\VICTUS\Downloads\Research\outputs\NTU_Pose_Output\A080\S018C001P045R002A080.npy
S018C002P008R001A080,NTU,A080,squat_down,moderate_risk,93,25,3,"(93, 25, 3)",C:\Users\VICTUS\Downloads\Research\outputs\NTU_Pose_Output\A080\S018C002P008R001A080.npy
S018C002P008R002A080,NTU,A080,squat_down,moderate_risk,73,25,3,"(73, 25, 3)",C:\Users\VICTUS\Downloads\Research\outputs\NTU_Pose_Output\A080\S018C002P008R002A080.npy
S018C002P041R001A080,NTU,A080,squat_down,moderate_risk,68,25,3,"(68, 25, 3)",C:\Users\VICTUS\Downloads\Research\outputs\NTU_Pose_Output\A080\S018C002P041R001A080.npy
S018C002P041R002A080,NTU,A080,squat_down,moderate_risk,67,25,3,"(67, 25, 3)",C:\Users\VICTUS\Downloads\Research\outputs\NTU_Pose_Output\A080\S018C002P041R002A080.npy
S018C002P042R001A080,NTU,A080,squat_down,moderate_risk,67,25,3,"(67, 25, 3)",C:\Users\VICTUS\Downloads\Research\outputs\NTU_Pose_Output\A080\S018C002P042R001A080.npy
S018C002P042R002A080,NTU,A080,squat_down,moderate_risk,72,25,3,"(72, 25, 3)",C:\Users\VICTUS\Downloads\Research\outputs\NTU_Pose_Output\A080\S018C002P042R002A080.npy
S018C002P043R001A080,NTU,A080,squat_down,moderate_risk,48,25,3,"(48, 25, 3)",C:\Users\VICTUS\Downloads\Research\outputs\NTU_Pose_Output\A080\S018C002P043R001A080.npy
S018C002P043R002A080,NTU,A080,squat_down,moderate_risk,57,25,3,"(57, 25, 3)",C:\Users\VICTUS\Downloads\Research\outputs\NTU_Pose_Output\A080\S018C002P043R002A080.npy
S018C002P044R001A080,NTU,A080,squat_down,moderate_risk,43,25,3,"(43, 25, 3)",C:\Users\VICTUS\Downloads\Research\outputs\NTU_Pose_Output\A080\S018C002P044R001A080.npy
S018C002P044R002A080,NTU,A080,squat_down,moderate_risk,37,25,3,"(37, 25, 3)",C:\Users\VICTUS\Downloads\Research\outputs\NTU_Pose_Output\A080\S018C002P044R002A080.npy
S018C002P045R001A080,NTU,A080,squat_down,moderate_risk,37,25,3,"(37, 25, 3)",C:\Users\VICTUS\Downloads\Research\outputs\NTU_Pose_Output\A080\S018C002P045R001A080.npy
S018C002P045R002A080,NTU,A080,squat_down,moderate_risk,33,25,3,"(33, 25, 3)",C:\Users\VICTUS\Downloads\Research\outputs\NTU_Pose_Output\A080\S018C002P045R002A080.npy
S018C003P008R001A080,NTU,A080,squat_down,moderate_risk,91,25,3,"(91, 25, 3)",C:\Users\VICTUS\Downloads\Research\outputs\NTU_Pose_Output\A080\S018C003P008R001A080.npy
S018C003P008R002A080,NTU,A080,squat_down,moderate_risk,71,25,3,"(71, 25, 3)",C:\Users\VICTUS\Downloads\Research\outputs\NTU_Pose_Output\A080\S018C003P008R002A080.npy
S018C003P041R001A080,NTU,A080,squat_down,moderate_risk,66,25,3,"(66, 25, 3)",C:\Users\VICTUS\Downloads\Research\outputs\NTU_Pose_Output\A080\S018C003P041R001A080.npy
S018C003P041R002A080,NTU,A080,squat_down,moderate_risk,66,25,3,"(66, 25, 3)",C:\Users\VICTUS\Downloads\Research\outputs\NTU_Pose_Output\A080\S018C003P041R002A080.npy
S018C003P042R001A080,NTU,A080,squat_down,moderate_risk,65,25,3,"(65, 25, 3)",C:\Users\VICTUS\Downloads\Research\outputs\NTU_Pose_Output\A080\S018C003P042R001A080.npy
S018C003P042R002A080,NTU,A080,squat_down,moderate_risk,74,25,3,"(74, 25, 3)",C:\Users\VICTUS\Downloads\Research\outputs\NTU_Pose_Output\A080\S018C003P042R002A080.npy
S018C003P043R001A080,NTU,A080,squat_down,moderate_risk,46,25,3,"(46, 25, 3)",C:\Users\VICTUS\Downloads\Research\outputs\NTU_Pose_Output\A080\S018C003P043R001A080.npy
S018C003P043R002A080,NTU,A080,squat_down,moderate_risk,57,25,3,"(57, 25, 3)",C:\Users\VICTUS\Downloads\Research\outputs\NTU_Pose_Output\A080\S018C003P043R002A080.npy
S018C003P044R001A080,NTU,A080,squat_down,moderate_risk,41,25,3,"(41, 25, 3)",C:\Users\VICTUS\Downloads\Research\outputs\NTU_Pose_Output\A080\S018C003P044R001A080.npy
S018C003P044R002A080,NTU,A080,squat_down,moderate_risk,37,25,3,"(37, 25, 3)",C:\Users\VICTUS\Downloads\Research\outputs\NTU_Pose_Output\A080\S018C003P044R002A080.npy
S018C003P045R001A080,NTU,A080,squat_down,moderate_risk,37,25,3,"(37, 25, 3)",C:\Users\VICTUS\Downloads\Research\outputs\NTU_Pose_Output\A080\S018C003P045R001A080.npy
S018C003P045R002A080,NTU,A080,squat_down,moderate_risk,33,25,3,"(33, 25, 3)",C:\Users\VICTUS\Downloads\Research\outputs\NTU_Pose_Output\A080\S018C003P045R002A080.npy
S019C001P008R001A080,NTU,A080,squat_down,moderate_risk,45,25,3,"(45, 25, 3)",C:\Users\VICTUS\Downloads\Research\outputs\NTU_Pose_Output\A080\S019C001P008R001A080.npy
S019C001P008R002A080,NTU,A080,squat_down,moderate_risk,51,25,3,"(51, 25, 3)",C:\Users\VICTUS\Downloads\Research\outputs\NTU_Pose_Output\A080\S019C001P008R002A080.npy
S019C001P041R001A080,NTU,A080,squat_down,moderate_risk,57,25,3,"(57, 25, 3)",C:\Users\VICTUS\Downloads\Research\outputs\NTU_Pose_Output\A080\S019C001P041R001A080.npy
S019C001P041R002A080,NTU,A080,squat_down,moderate_risk,59,25,3,"(59, 25, 3)",C:\Users\VICTUS\Downloads\Research\outputs\NTU_Pose_Output\A080\S019C001P041R002A080.npy
S019C001P042R001A080,NTU,A080,squat_down,moderate_risk,43,25,3,"(43, 25, 3)",C:\Users\VICTUS\Downloads\Research\outputs\NTU_Pose_Output\A080\S019C001P042R001A080.npy
S019C001P042R002A080,NTU,A080,squat_down,moderate_risk,36,25,3,"(36, 25, 3)",C:\Users\VICTUS\Downloads\Research\outputs\NTU_Pose_Output\A080\S019C001P042R002A080.npy
S019C001P046R001A080,NTU,A080,squat_down,moderate_risk,58,25,3,"(58, 25, 3)",C:\Users\VICTUS\Downloads\Research\outputs\NTU_Pose_Output\A080\S019C001P046R001A080.npy
S019C001P046R002A080,NTU,A080,squat_down,moderate_risk,53,25,3,"(53, 25, 3)",C:\Users\VICTUS\Downloads\Research\outputs\NTU_Pose_Output\A080\S019C001P046R002A080.npy
S019C001P047R001A080,NTU,A080,squat_down,moderate_risk,39,25,3,"(39, 25, 3)",C:\Users\VICTUS\Downloads\Research\outputs\NTU_Pose_Output\A080\S019C001P047R001A080.npy
S019C001P047R002A080,NTU,A080,squat_down,moderate_risk,35,25,3,"(35, 25, 3)",C:\Users\VICTUS\Downloads\Research\outputs\NTU_Pose_Output\A080\S019C001P047R002A080.npy
S019C001P048R001A080,NTU,A080,squat_down,moderate_risk,51,25,3,"(51, 25, 3)",C:\Users\VICTUS\Downloads\Research\outputs\NTU_Pose_Output\A080\S019C001P048R001A080.npy
S019C001P048R002A080,NTU,A080,squat_down,moderate_risk,48,25,3,"(48, 25, 3)",C:\Users\VICTUS\Downloads\Research\outputs\NTU_Pose_Output\A080\S019C001P048R002A080.npy
S019C001P049R001A080,NTU,A080,squat_down,moderate_risk,81,25,3,"(81, 25, 3)",C:\Users\VICTUS\Downloads\Research\outputs\NTU_Pose_Output\A080\S019C001P049R001A080.npy
S019C001P049R002A080,NTU,A080,squat_down,moderate_risk,59,25,3,"(59, 25, 3)",C:\Users\VICTUS\Downloads\Research\outputs\NTU_Pose_Output\A080\S019C001P049R002A080.npy
S019C001P050R001A080,NTU,A080,squat_down,moderate_risk,41,25,3,"(41, 25, 3)",C:\Users\VICTUS\Downloads\Research\outputs\NTU_Pose_Output\A080\S019C001P050R001A080.npy
S019C001P050R002A080,NTU,A080,squat_down,moderate_risk,51,25,3,"(51, 25, 3)",C:\Users\VICTUS\Downloads\Research\outputs\NTU_Pose_Output\A080\S019C001P050R002A080.npy
S019C001P051R001A080,NTU,A080,squat_down,moderate_risk,29,25,3,"(29, 25, 3)",C:\Users\VICTUS\Downloads\Research\outputs\NTU_Pose_Output\A080\S019C001P051R001A080.npy
S019C001P051R002A080,NTU,A080,squat_down,moderate_risk,50,25,3,"(50, 25, 3)",C:\Users\VICTUS\Downloads\Research\outputs\NTU_Pose_Output\A080\S019C001P051R002A080.npy
S019C002P008R001A080,NTU,A080,squat_down,moderate_risk,46,25,3,"(46, 25, 3)",C:\Users\VICTUS\Downloads\Research\outputs\NTU_Pose_Output\A080\S019C002P008R001A080.npy
S019C002P008R002A080,NTU,A080,squat_down,moderate_risk,52,25,3,"(52, 25, 3)",C:\Users\VICTUS\Downloads\Research\outputs\NTU_Pose_Output\A080\S019C002P008R002A080.npy
S019C002P041R001A080,NTU,A080,squat_down,moderate_risk,57,25,3,"(57, 25, 3)",C:\Users\VICTUS\Downloads\Research\outputs\NTU_Pose_Output\A080\S019C002P041R001A080.npy
S019C002P041R002A080,NTU,A080,squat_down,moderate_risk,58,25,3,"(58, 25, 3)",C:\Users\VICTUS\Downloads\Research\outputs\NTU_Pose_Output\A080\S019C002P041R002A080.npy
S019C002P042R001A080,NTU,A080,squat_down,moderate_risk,45,25,3,"(45, 25, 3)",C:\Users\VICTUS\Downloads\Research\outputs\NTU_Pose_Output\A080\S019C002P042R001A080.npy
S019C002P042R002A080,NTU,A080,squat_down,moderate_risk,35,25,3,"(35, 25, 3)",C:\Users\VICTUS\Downloads\Research\outputs\NTU_Pose_Output\A080\S019C002P042R002A080.npy
S019C002P046R001A080,NTU,A080,squat_down,moderate_risk,59,25,3,"(59, 25, 3)",C:\Users\VICTUS\Downloads\Research\outputs\NTU_Pose_Output\A080\S019C002P046R001A080.npy
S019C002P046R002A080,NTU,A080,squat_down,moderate_risk,53,25,3,"(53, 25, 3)",C:\Users\VICTUS\Downloads\Research\outputs\NTU_Pose_Output\A080\S019C002P046R002A080.npy
S019C002P047R001A080,NTU,A080,squat_down,moderate_risk,40,25,3,"(40, 25, 3)",C:\Users\VICTUS\Downloads\Research\outputs\NTU_Pose_Output\A080\S019C002P047R001A080.npy
S019C002P047R002A080,NTU,A080,squat_down,moderate_risk,35,25,3,"(35, 25, 3)",C:\Users\VICTUS\Downloads\Research\outputs\NTU_Pose_Output\A080\S019C002P047R002A080.npy
S019C002P048R001A080,NTU,A080,squat_down,moderate_risk,51,25,3,"(51, 25, 3)",C:\Users\VICTUS\Downloads\Research\outputs\NTU_Pose_Output\A080\S019C002P048R001A080.npy
S019C002P048R002A080,NTU,A080,squat_down,moderate_risk,48,25,3,"(48, 25, 3)",C:\Users\VICTUS\Downloads\Research\outputs\NTU_Pose_Output\A080\S019C002P048R002A080.npy
S019C002P049R001A080,NTU,A080,squat_down,moderate_risk,82,25,3,"(82, 25, 3)",C:\Users\VICTUS\Downloads\Research\outputs\NTU_Pose_Output\A080\S019C002P049R001A080.npy
S019C002P049R002A080,NTU,A080,squat_down,moderate_risk,57,25,3,"(57, 25, 3)",C:\Users\VICTUS\Downloads\Research\outputs\NTU_Pose_Output\A080\S019C002P049R002A080.npy
S019C002P050R001A080,NTU,A080,squat_down,moderate_risk,41,25,3,"(41, 25, 3)",C:\Users\VICTUS\Downloads\Research\outputs\NTU_Pose_Output\A080\S019C002P050R001A080.npy
S019C002P050R002A080,NTU,A080,squat_down,moderate_risk,52,25,3,"(52, 25, 3)",C:\Users\VICTUS\Downloads\Research\outputs\NTU_Pose_Output\A080\S019C002P050R002A080.npy
S019C002P051R001A080,NTU,A080,squat_down,moderate_risk,30,25,3,"(30, 25, 3)",C:\Users\VICTUS\Downloads\Research\outputs\NTU_Pose_Output\A080\S019C002P051R001A080.npy
S019C002P051R002A080,NTU,A080,squat_down,moderate_risk,50,25,3,"(50, 25, 3)",C:\Users\VICTUS\Downloads\Research\outputs\NTU_Pose_Output\A080\S019C002P051R002A080.npy
S019C003P008R001A080,NTU,A080,squat_down,moderate_risk,45,25,3,"(45, 25, 3)",C:\Users\VICTUS\Downloads\Research\outputs\NTU_Pose_Output\A080\S019C003P008R001A080.npy
S019C003P008R002A080,NTU,A080,squat_down,moderate_risk,51,25,3,"(51, 25, 3)",C:\Users\VICTUS\Downloads\Research\outputs\NTU_Pose_Output\A080\S019C003P008R002A080.npy
S019C003P041R001A080,NTU,A080,squat_down,moderate_risk,56,25,3,"(56, 25, 3)",C:\Users\VICTUS\Downloads\Research\outputs\NTU_Pose_Output\A080\S019C003P041R001A080.npy
S019C003P041R002A080,NTU,A080,squat_down,moderate_risk,59,25,3,"(59, 25, 3)",C:\Users\VICTUS\Downloads\Research\outputs\NTU_Pose_Output\A080\S019C003P041R002A080.npy
S019C003P042R001A080,NTU,A080,squat_down,moderate_risk,43,25,3,"(43, 25, 3)",C:\Users\VICTUS\Downloads\Research\outputs\NTU_Pose_Output\A080\S019C003P042R001A080.npy
S019C003P042R002A080,NTU,A080,squat_down,moderate_risk,35,25,3,"(35, 25, 3)",C:\Users\VICTUS\Downloads\Research\outputs\NTU_Pose_Output\A080\S019C003P042R002A080.npy
S019C003P046R001A080,NTU,A080,squat_down,moderate_risk,57,25,3,"(57, 25, 3)",C:\Users\VICTUS\Downloads\Research\outputs\NTU_Pose_Output\A080\S019C003P046R001A080.npy
S019C003P046R002A080,NTU,A080,squat_down,moderate_risk,53,25,3,"(53, 25, 3)",C:\Users\VICTUS\Downloads\Research\outputs\NTU_Pose_Output\A080\S019C003P046R002A080.npy
S019C003P047R001A080,NTU,A080,squat_down,moderate_risk,38,25,3,"(38, 25, 3)",C:\Users\VICTUS\Downloads\Research\outputs\NTU_Pose_Output\A080\S019C003P047R001A080.npy
S019C003P047R002A080,NTU,A080,squat_down,moderate_risk,34,25,3,"(34, 25, 3)",C:\Users\VICTUS\Downloads\Research\outputs\NTU_Pose_Output\A080\S019C003P047R002A080.npy
S019C003P048R001A080,NTU,A080,squat_down,moderate_risk,50,25,3,"(50, 25, 3)",C:\Users\VICTUS\Downloads\Research\outputs\NTU_Pose_Output\A080\S019C003P048R001A080.npy
S019C003P048R002A080,NTU,A080,squat_down,moderate_risk,47,25,3,"(47, 25, 3)",C:\Users\VICTUS\Downloads\Research\outputs\NTU_Pose_Output\A080\S019C003P048R002A080.npy
S019C003P049R001A080,NTU,A080,squat_down,moderate_risk,79,25,3,"(79, 25, 3)",C:\Users\VICTUS\Downloads\Research\outputs\NTU_Pose_Output\A080\S019C003P049R001A080.npy
S019C003P049R002A080,NTU,A080,squat_down,moderate_risk,58,25,3,"(58, 25, 3)",C:\Users\VICTUS\Downloads\Research\outputs\NTU_Pose_Output\A080\S019C003P049R002A080.npy
S019C003P050R001A080,NTU,A080,squat_down,moderate_risk,40,25,3,"(40, 25, 3)",C:\Users\VICTUS\Downloads\Research\outputs\NTU_Pose_Output\A080\S019C003P050R001A080.npy
S019C003P050R002A080,NTU,A080,squat_down,moderate_risk,50,25,3,"(50, 25, 3)",C:\Users\VICTUS\Downloads\Research\outputs\NTU_Pose_Output\A080\S019C003P050R002A080.npy
S019C003P051R001A080,NTU,A080,squat_down,moderate_risk,29,25,3,"(29, 25, 3)",C:\Users\VICTUS\Downloads\Research\outputs\NTU_Pose_Output\A080\S019C003P051R001A080.npy
S019C003P051R002A080,NTU,A080,squat_down,moderate_risk,50,25,3,"(50, 25, 3)",C:\Users\VICTUS\Downloads\Research\outputs\NTU_Pose_Output\A080\S019C003P051R002A080.npy
S020C001P008R001A080,NTU,A080,squat_down,moderate_risk,32,25,3,"(32, 25, 3)",C:\Users\VICTUS\Downloads\Research\outputs\NTU_Pose_Output\A080\S020C001P008R001A080.npy
S020C001P008R002A080,NTU,A080,squat_down,moderate_risk,37,25,3,"(37, 25, 3)",C:\Users\VICTUS\Downloads\Research\outputs\NTU_Pose_Output\A080\S020C001P008R002A080.npy
S020C001P041R001A080,NTU,A080,squat_down,moderate_risk,35,25,3,"(35, 25, 3)",C:\Users\VICTUS\Downloads\Research\outputs\NTU_Pose_Output\A080\S020C001P041R001A080.npy
S020C001P041R002A080,NTU,A080,squat_down,moderate_risk,41,25,3,"(41, 25, 3)",C:\Users\VICTUS\Downloads\Research\outputs\NTU_Pose_Output\A080\S020C001P041R002A080.npy
S020C001P043R001A080,NTU,A080,squat_down,moderate_risk,53,25,3,"(53, 25, 3)",C:\Users\VICTUS\Downloads\Research\outputs\NTU_Pose_Output\A080\S020C001P043R001A080.npy
S020C001P043R002A080,NTU,A080,squat_down,moderate_risk,58,25,3,"(58, 25, 3)",C:\Users\VICTUS\Downloads\Research\outputs\NTU_Pose_Output\A080\S020C001P043R002A080.npy
S020C001P044R001A080,NTU,A080,squat_down,moderate_risk,40,25,3,"(40, 25, 3)",C:\Users\VICTUS\Downloads\Research\outputs\NTU_Pose_Output\A080\S020C001P044R001A080.npy
S020C001P044R002A080,NTU,A080,squat_down,moderate_risk,41,25,3,"(41, 25, 3)",C:\Users\VICTUS\Downloads\Research\outputs\NTU_Pose_Output\A080\S020C001P044R002A080.npy
S020C001P052R001A080,NTU,A080,squat_down,moderate_risk,52,25,3,"(52, 25, 3)",C:\Users\VICTUS\Downloads\Research\outputs\NTU_Pose_Output\A080\S020C001P052R001A080.npy
S020C001P052R002A080,NTU,A080,squat_down,moderate_risk,47,25,3,"(47, 25, 3)",C:\Users\VICTUS\Downloads\Research\outputs\NTU_Pose_Output\A080\S020C001P052R002A080.npy
S020C001P053R001A080,NTU,A080,squat_down,moderate_risk,49,25,3,"(49, 25, 3)",C:\Users\VICTUS\Downloads\Research\outputs\NTU_Pose_Output\A080\S020C001P053R001A080.npy
S020C001P053R002A080,NTU,A080,squat_down,moderate_risk,38,25,3,"(38, 25, 3)",C:\Users\VICTUS\Downloads\Research\outputs\NTU_Pose_Output\A080\S020C001P053R002A080.npy
S020C001P054R001A080,NTU,A080,squat_down,moderate_risk,48,25,3,"(48, 25, 3)",C:\Users\VICTUS\Downloads\Research\outputs\NTU_Pose_Output\A080\S020C001P054R001A080.npy
S020C001P054R002A080,NTU,A080,squat_down,moderate_risk,36,25,3,"(36, 25, 3)",C:\Users\VICTUS\Downloads\Research\outputs\NTU_Pose_Output\A080\S020C001P054R002A080.npy
S020C002P008R001A080,NTU,A080,squat_down,moderate_risk,31,25,3,"(31, 25, 3)",C:\Users\VICTUS\Downloads\Research\outputs\NTU_Pose_Output\A080\S020C002P008R001A080.npy
S020C002P008R002A080,NTU,A080,squat_down,moderate_risk,36,25,3,"(36, 25, 3)",C:\Users\VICTUS\Downloads\Research\outputs\NTU_Pose_Output\A080\S020C002P008R002A080.npy
S020C002P041R001A080,NTU,A080,squat_down,moderate_risk,35,25,3,"(35, 25, 3)",C:\Users\VICTUS\Downloads\Research\outputs\NTU_Pose_Output\A080\S020C002P041R001A080.npy
S020C002P041R002A080,NTU,A080,squat_down,moderate_risk,41,25,3,"(41, 25, 3)",C:\Users\VICTUS\Downloads\Research\outputs\NTU_Pose_Output\A080\S020C002P041R002A080.npy
S020C002P043R001A080,NTU,A080,squat_down,moderate_risk,54,25,3,"(54, 25, 3)",C:\Users\VICTUS\Downloads\Research\outputs\NTU_Pose_Output\A080\S020C002P043R001A080.npy
S020C002P043R002A080,NTU,A080,squat_down,moderate_risk,58,25,3,"(58, 25, 3)",C:\Users\VICTUS\Downloads\Research\outputs\NTU_Pose_Output\A080\S020C002P043R002A080.npy
S020C002P044R001A080,NTU,A080,squat_down,moderate_risk,40,25,3,"(40, 25, 3)",C:\Users\VICTUS\Downloads\Research\outputs\NTU_Pose_Output\A080\S020C002P044R001A080.npy
S020C002P044R002A080,NTU,A080,squat_down,moderate_risk,41,25,3,"(41, 25, 3)",C:\Users\VICTUS\Downloads\Research\outputs\NTU_Pose_Output\A080\S020C002P044R002A080.npy
S020C002P052R001A080,NTU,A080,squat_down,moderate_risk,52,25,3,"(52, 25, 3)",C:\Users\VICTUS\Downloads\Research\outputs\NTU_Pose_Output\A080\S020C002P052R001A080.npy
S020C002P052R002A080,NTU,A080,squat_down,moderate_risk,46,25,3,"(46, 25, 3)",C:\Users\VICTUS\Downloads\Research\outputs\NTU_Pose_Output\A080\S020C002P052R002A080.npy
S020C002P053R001A080,NTU,A080,squat_down,moderate_risk,49,25,3,"(49, 25, 3)",C:\Users\VICTUS\Downloads\Research\outputs\NTU_Pose_Output\A080\S020C002P053R001A080.npy
S020C002P053R002A080,NTU,A080,squat_down,moderate_risk,37,25,3,"(37, 25, 3)",C:\Users\VICTUS\Downloads\Research\outputs\NTU_Pose_Output\A080\S020C002P053R002A080.npy
S020C002P054R001A080,NTU,A080,squat_down,moderate_risk,49,25,3,"(49, 25, 3)",C:\Users\VICTUS\Downloads\Research\outputs\NTU_Pose_Output\A080\S020C002P054R001A080.npy
S020C002P054R002A080,NTU,A080,squat_down,moderate_risk,36,25,3,"(36, 25, 3)",C:\Users\VICTUS\Downloads\Research\outputs\NTU_Pose_Output\A080\S020C002P054R002A080.npy
S020C003P008R001A080,NTU,A080,squat_down,moderate_risk,42,25,3,"(42, 25, 3)",C:\Users\VICTUS\Downloads\Research\outputs\NTU_Pose_Output\A080\S020C003P008R001A080.npy
S020C003P008R002A080,NTU,A080,squat_down,moderate_risk,48,25,3,"(48, 25, 3)",C:\Users\VICTUS\Downloads\Research\outputs\NTU_Pose_Output\A080\S020C003P008R002A080.npy
S020C003P041R001A080,NTU,A080,squat_down,moderate_risk,46,25,3,"(46, 25, 3)",C:\Users\VICTUS\Downloads\Research\outputs\NTU_Pose_Output\A080\S020C003P041R001A080.npy
S020C003P041R002A080,NTU,A080,squat_down,moderate_risk,54,25,3,"(54, 25, 3)",C:\Users\VICTUS\Downloads\Research\outputs\NTU_Pose_Output\A080\S020C003P041R002A080.npy
S020C003P043R001A080,NTU,A080,squat_down,moderate_risk,71,25,3,"(71, 25, 3)",C:\Users\VICTUS\Downloads\Research\outputs\NTU_Pose_Output\A080\S020C003P043R001A080.npy
S020C003P043R002A080,NTU,A080,squat_down,moderate_risk,76,25,3,"(76, 25, 3)",C:\Users\VICTUS\Downloads\Research\outputs\NTU_Pose_Output\A080\S020C003P043R002A080.npy
S020C003P044R001A080,NTU,A080,squat_down,moderate_risk,52,25,3,"(52, 25, 3)",C:\Users\VICTUS\Downloads\Research\outputs\NTU_Pose_Output\A080\S020C003P044R001A080.npy
S020C003P044R002A080,NTU,A080,squat_down,moderate_risk,53,25,3,"(53, 25, 3)",C:\Users\VICTUS\Downloads\Research\outputs\NTU_Pose_Output\A080\S020C003P044R002A080.npy
S020C003P052R001A080,NTU,A080,squat_down,moderate_risk,67,25,3,"(67, 25, 3)",C:\Users\VICTUS\Downloads\Research\outputs\NTU_Pose_Output\A080\S020C003P052R001A080.npy
S020C003P052R002A080,NTU,A080,squat_down,moderate_risk,60,25,3,"(60, 25, 3)",C:\Users\VICTUS\Downloads\Research\outputs\NTU_Pose_Output\A080\S020C003P052R002A080.npy
S020C003P053R001A080,NTU,A080,squat_down,moderate_risk,65,25,3,"(65, 25, 3)",C:\Users\VICTUS\Downloads\Research\outputs\NTU_Pose_Output\A080\S020C003P053R001A080.npy
S020C003P053R002A080,NTU,A080,squat_down,moderate_risk,49,25,3,"(49, 25, 3)",C:\Users\VICTUS\Downloads\Research\outputs\NTU_Pose_Output\A080\S020C003P053R002A080.npy
S020C003P054R001A080,NTU,A080,squat_down,moderate_risk,63,25,3,"(63, 25, 3)",C:\Users\VICTUS\Downloads\Research\outputs\NTU_Pose_Output\A080\S020C003P054R001A080.npy
S020C003P054R002A080,NTU,A080,squat_down,moderate_risk,47,25,3,"(47, 25, 3)",C:\Users\VICTUS\Downloads\Research\outputs\NTU_Pose_Output\A080\S020C003P054R002A080.npy
S021C001P055R001A080,NTU,A080,squat_down,moderate_risk,26,25,3,"(26, 25, 3)",C:\Users\VICTUS\Downloads\Research\outputs\NTU_Pose_Output\A080\S021C001P055R001A080.npy
S021C001P055R002A080,NTU,A080,squat_down,moderate_risk,30,25,3,"(30, 25, 3)",C:\Users\VICTUS\Downloads\Research\outputs\NTU_Pose_Output\A080\S021C001P055R002A080.npy
S021C001P056R001A080,NTU,A080,squat_down,moderate_risk,40,25,3,"(40, 25, 3)",C:\Users\VICTUS\Downloads\Research\outputs\NTU_Pose_Output\A080\S021C001P056R001A080.npy
S021C001P056R002A080,NTU,A080,squat_down,moderate_risk,34,25,3,"(34, 25, 3)",C:\Users\VICTUS\Downloads\Research\outputs\NTU_Pose_Output\A080\S021C001P056R002A080.npy
S021C001P057R001A080,NTU,A080,squat_down,moderate_risk,33,25,3,"(33, 25, 3)",C:\Users\VICTUS\Downloads\Research\outputs\NTU_Pose_Output\A080\S021C001P057R001A080.npy
S021C001P057R002A080,NTU,A080,squat_down,moderate_risk,38,25,3,"(38, 25, 3)",C:\Users\VICTUS\Downloads\Research\outputs\NTU_Pose_Output\A080\S021C001P057R002A080.npy
S021C001P058R001A080,NTU,A080,squat_down,moderate_risk,35,25,3,"(35, 25, 3)",C:\Users\VICTUS\Downloads\Research\outputs\NTU_Pose_Output\A080\S021C001P058R001A080.npy
S021C001P058R002A080,NTU,A080,squat_down,moderate_risk,32,25,3,"(32, 25, 3)",C:\Users\VICTUS\Downloads\Research\outputs\NTU_Pose_Output\A080\S021C001P058R002A080.npy
S021C001P059R001A080,NTU,A080,squat_down,moderate_risk,39,25,3,"(39, 25, 3)",C:\Users\VICTUS\Downloads\Research\outputs\NTU_Pose_Output\A080\S021C001P059R001A080.npy
S021C001P059R002A080,NTU,A080,squat_down,moderate_risk,40,25,3,"(40, 25, 3)",C:\Users\VICTUS\Downloads\Research\outputs\NTU_Pose_Output\A080\S021C001P059R002A080.npy
S021C001P060R001A080,NTU,A080,squat_down,moderate_risk,43,25,3,"(43, 25, 3)",C:\Users\VICTUS\Downloads\Research\outputs\NTU_Pose_Output\A080\S021C001P060R001A080.npy
S021C001P060R002A080,NTU,A080,squat_down,moderate_risk,38,25,3,"(38, 25, 3)",C:\Users\VICTUS\Downloads\Research\outputs\NTU_Pose_Output\A080\S021C001P060R002A080.npy
S021C002P055R001A080,NTU,A080,squat_down,moderate_risk,27,25,3,"(27, 25, 3)",C:\Users\VICTUS\Downloads\Research\outputs\NTU_Pose_Output\A080\S021C002P055R001A080.npy
S021C002P055R002A080,NTU,A080,squat_down,moderate_risk,29,25,3,"(29, 25, 3)",C:\Users\VICTUS\Downloads\Research\outputs\NTU_Pose_Output\A080\S021C002P055R002A080.npy
S021C002P056R001A080,NTU,A080,squat_down,moderate_risk,26,25,3,"(26, 25, 3)",C:\Users\VICTUS\Downloads\Research\outputs\NTU_Pose_Output\A080\S021C002P056R001A080.npy
S021C002P056R002A080,NTU,A080,squat_down,moderate_risk,34,25,3,"(34, 25, 3)",C:\Users\VICTUS\Downloads\Research\outputs\NTU_Pose_Output\A080\S021C002P056R002A080.npy
S021C002P057R001A080,NTU,A080,squat_down,moderate_risk,32,25,3,"(32, 25, 3)",C:\Users\VICTUS\Downloads\Research\outputs\NTU_Pose_Output\A080\S021C002P057R001A080.npy
S021C002P057R002A080,NTU,A080,squat_down,moderate_risk,39,25,3,"(39, 25, 3)",C:\Users\VICTUS\Downloads\Research\outputs\NTU_Pose_Output\A080\S021C002P057R002A080.npy
S021C002P058R001A080,NTU,A080,squat_down,moderate_risk,36,25,3,"(36, 25, 3)",C:\Users\VICTUS\Downloads\Research\outputs\NTU_Pose_Output\A080\S021C002P058R001A080.npy
S021C002P058R002A080,NTU,A080,squat_down,moderate_risk,32,25,3,"(32, 25, 3)",C:\Users\VICTUS\Downloads\Research\outputs\NTU_Pose_Output\A080\S021C002P058R002A080.npy
S021C002P059R001A080,NTU,A080,squat_down,moderate_risk,39,25,3,"(39, 25, 3)",C:\Users\VICTUS\Downloads\Research\outputs\NTU_Pose_Output\A080\S021C002P059R001A080.npy
S021C002P059R002A080,NTU,A080,squat_down,moderate_risk,40,25,3,"(40, 25, 3)",C:\Users\VICTUS\Downloads\Research\outputs\NTU_Pose_Output\A080\S021C002P059R002A080.npy
S021C002P060R001A080,NTU,A080,squat_down,moderate_risk,44,25,3,"(44, 25, 3)",C:\Users\VICTUS\Downloads\Research\outputs\NTU_Pose_Output\A080\S021C002P060R001A080.npy
S021C002P060R002A080,NTU,A080,squat_down,moderate_risk,39,25,3,"(39, 25, 3)",C:\Users\VICTUS\Downloads\Research\outputs\NTU_Pose_Output\A080\S021C002P060R002A080.npy
S021C003P055R001A080,NTU,A080,squat_down,moderate_risk,53,25,3,"(53, 25, 3)",C:\Users\VICTUS\Downloads\Research\outputs\NTU_Pose_Output\A080\S021C003P055R001A080.npy
S021C003P055R002A080,NTU,A080,squat_down,moderate_risk,58,25,3,"(58, 25, 3)",C:\Users\VICTUS\Downloads\Research\outputs\NTU_Pose_Output\A080\S021C003P055R002A080.npy
S021C003P056R001A080,NTU,A080,squat_down,moderate_risk,52,25,3,"(52, 25, 3)",C:\Users\VICTUS\Downloads\Research\outputs\NTU_Pose_Output\A080\S021C003P056R001A080.npy
S021C003P056R002A080,NTU,A080,squat_down,moderate_risk,44,25,3,"(44, 25, 3)",C:\Users\VICTUS\Downloads\Research\outputs\NTU_Pose_Output\A080\S021C003P056R002A080.npy
S021C003P057R001A080,NTU,A080,squat_down,moderate_risk,42,25,3,"(42, 25, 3)",C:\Users\VICTUS\Downloads\Research\outputs\NTU_Pose_Output\A080\S021C003P057R001A080.npy
S021C003P057R002A080,NTU,A080,squat_down,moderate_risk,50,25,3,"(50, 25, 3)",C:\Users\VICTUS\Downloads\Research\outputs\NTU_Pose_Output\A080\S021C003P057R002A080.npy
S021C003P058R001A080,NTU,A080,squat_down,moderate_risk,46,25,3,"(46, 25, 3)",C:\Users\VICTUS\Downloads\Research\outputs\NTU_Pose_Output\A080\S021C003P058R001A080.npy
S021C003P058R002A080,NTU,A080,squat_down,moderate_risk,42,25,3,"(42, 25, 3)",C:\Users\VICTUS\Downloads\Research\outputs\NTU_Pose_Output\A080\S021C003P058R002A080.npy
S021C003P059R001A080,NTU,A080,squat_down,moderate_risk,51,25,3,"(51, 25, 3)",C:\Users\VICTUS\Downloads\Research\outputs\NTU_Pose_Output\A080\S021C003P059R001A080.npy
S021C003P059R002A080,NTU,A080,squat_down,moderate_risk,52,25,3,"(52, 25, 3)",C:\Users\VICTUS\Downloads\Research\outputs\NTU_Pose_Output\A080\S021C003P059R002A080.npy
S021C003P060R001A080,NTU,A080,squat_down,moderate_risk,57,25,3,"(57, 25, 3)",C:\Users\VICTUS\Downloads\Research\outputs\NTU_Pose_Output\A080\S021C003P060R001A080.npy
S021C003P060R002A080,NTU,A080,squat_down,moderate_risk,50,25,3,"(50, 25, 3)",C:\Users\VICTUS\Downloads\Research\outputs\NTU_Pose_Output\A080\S021C003P060R002A080.npy
S022C001P061R001A080,NTU,A080,squat_down,moderate_risk,33,25,3,"(33, 25, 3)",C:\Users\VICTUS\Downloads\Research\outputs\NTU_Pose_Output\A080\S022C001P061R001A080.npy
S022C001P061R002A080,NTU,A080,squat_down,moderate_risk,31,25,3,"(31, 25, 3)",C:\Users\VICTUS\Downloads\Research\outputs\NTU_Pose_Output\A080\S022C001P061R002A080.npy
S022C001P062R001A080,NTU,A080,squat_down,moderate_risk,38,25,3,"(38, 25, 3)",C:\Users\VICTUS\Downloads\Research\outputs\NTU_Pose_Output\A080\S022C001P062R001A080.npy
S022C001P062R002A080,NTU,A080,squat_down,moderate_risk,35,25,3,"(35, 25, 3)",C:\Users\VICTUS\Downloads\Research\outputs\NTU_Pose_Output\A080\S022C001P062R002A080.npy
S022C001P063R001A080,NTU,A080,squat_down,moderate_risk,37,25,3,"(37, 25, 3)",C:\Users\VICTUS\Downloads\Research\outputs\NTU_Pose_Output\A080\S022C001P063R001A080.npy
S022C001P063R002A080,NTU,A080,squat_down,moderate_risk,33,25,3,"(33, 25, 3)",C:\Users\VICTUS\Downloads\Research\outputs\NTU_Pose_Output\A080\S022C001P063R002A080.npy
S022C001P064R001A080,NTU,A080,squat_down,moderate_risk,30,25,3,"(30, 25, 3)",C:\Users\VICTUS\Downloads\Research\outputs\NTU_Pose_Output\A080\S022C001P064R001A080.npy
S022C001P064R002A080,NTU,A080,squat_down,moderate_risk,39,25,3,"(39, 25, 3)",C:\Users\VICTUS\Downloads\Research\outputs\NTU_Pose_Output\A080\S022C001P064R002A080.npy
S022C001P065R001A080,NTU,A080,squat_down,moderate_risk,42,25,3,"(42, 25, 3)",C:\Users\VICTUS\Downloads\Research\outputs\NTU_Pose_Output\A080\S022C001P065R001A080.npy
S022C001P065R002A080,NTU,A080,squat_down,moderate_risk,39,25,3,"(39, 25, 3)",C:\Users\VICTUS\Downloads\Research\outputs\NTU_Pose_Output\A080\S022C001P065R002A080.npy
S022C001P066R001A080,NTU,A080,squat_down,moderate_risk,35,25,3,"(35, 25, 3)",C:\Users\VICTUS\Downloads\Research\outputs\NTU_Pose_Output\A080\S022C001P066R001A080.npy
S022C001P066R002A080,NTU,A080,squat_down,moderate_risk,40,25,3,"(40, 25, 3)",C:\Users\VICTUS\Downloads\Research\outputs\NTU_Pose_Output\A080\S022C001P066R002A080.npy
S022C001P067R001A080,NTU,A080,squat_down,moderate_risk,24,25,3,"(24, 25, 3)",C:\Users\VICTUS\Downloads\Research\outputs\NTU_Pose_Output\A080\S022C001P067R001A080.npy
S022C001P067R002A080,NTU,A080,squat_down,moderate_risk,24,25,3,"(24, 25, 3)",C:\Users\VICTUS\Downloads\Research\outputs\NTU_Pose_Output\A080\S022C001P067R002A080.npy
S022C002P061R001A080,NTU,A080,squat_down,moderate_risk,33,25,3,"(33, 25, 3)",C:\Users\VICTUS\Downloads\Research\outputs\NTU_Pose_Output\A080\S022C002P061R001A080.npy
S022C002P061R002A080,NTU,A080,squat_down,moderate_risk,30,25,3,"(30, 25, 3)",C:\Users\VICTUS\Downloads\Research\outputs\NTU_Pose_Output\A080\S022C002P061R002A080.npy
S022C002P062R001A080,NTU,A080,squat_down,moderate_risk,39,25,3,"(39, 25, 3)",C:\Users\VICTUS\Downloads\Research\outputs\NTU_Pose_Output\A080\S022C002P062R001A080.npy
S022C002P062R002A080,NTU,A080,squat_down,moderate_risk,35,25,3,"(35, 25, 3)",C:\Users\VICTUS\Downloads\Research\outputs\NTU_Pose_Output\A080\S022C002P062R002A080.npy
S022C002P063R001A080,NTU,A080,squat_down,moderate_risk,35,25,3,"(35, 25, 3)",C:\Users\VICTUS\Downloads\Research\outputs\NTU_Pose_Output\A080\S022C002P063R001A080.npy
S022C002P063R002A080,NTU,A080,squat_down,moderate_risk,31,25,3,"(31, 25, 3)",C:\Users\VICTUS\Downloads\Research\outputs\NTU_Pose_Output\A080\S022C002P063R002A080.npy
S022C002P064R001A080,NTU,A080,squat_down,moderate_risk,28,25,3,"(28, 25, 3)",C:\Users\VICTUS\Downloads\Research\outputs\NTU_Pose_Output\A080\S022C002P064R001A080.npy
S022C002P064R002A080,NTU,A080,squat_down,moderate_risk,36,25,3,"(36, 25, 3)",C:\Users\VICTUS\Downloads\Research\outputs\NTU_Pose_Output\A080\S022C002P064R002A080.npy
S022C002P065R001A080,NTU,A080,squat_down,moderate_risk,42,25,3,"(42, 25, 3)",C:\Users\VICTUS\Downloads\Research\outputs\NTU_Pose_Output\A080\S022C002P065R001A080.npy
S022C002P065R002A080,NTU,A080,squat_down,moderate_risk,39,25,3,"(39, 25, 3)",C:\Users\VICTUS\Downloads\Research\outputs\NTU_Pose_Output\A080\S022C002P065R002A080.npy
S022C002P066R001A080,NTU,A080,squat_down,moderate_risk,34,25,3,"(34, 25, 3)",C:\Users\VICTUS\Downloads\Research\outputs\NTU_Pose_Output\A080\S022C002P066R001A080.npy
S022C002P066R002A080,NTU,A080,squat_down,moderate_risk,40,25,3,"(40, 25, 3)",C:\Users\VICTUS\Downloads\Research\outputs\NTU_Pose_Output\A080\S022C002P066R002A080.npy
S022C002P067R001A080,NTU,A080,squat_down,moderate_risk,24,25,3,"(24, 25, 3)",C:\Users\VICTUS\Downloads\Research\outputs\NTU_Pose_Output\A080\S022C002P067R001A080.npy
S022C002P067R002A080,NTU,A080,squat_down,moderate_risk,24,25,3,"(24, 25, 3)",C:\Users\VICTUS\Downloads\Research\outputs\NTU_Pose_Output\A080\S022C002P067R002A080.npy
S022C003P061R001A080,NTU,A080,squat_down,moderate_risk,43,25,3,"(43, 25, 3)",C:\Users\VICTUS\Downloads\Research\outputs\NTU_Pose_Output\A080\S022C003P061R001A080.npy
S022C003P061R002A080,NTU,A080,squat_down,moderate_risk,39,25,3,"(39, 25, 3)",C:\Users\VICTUS\Downloads\Research\outputs\NTU_Pose_Output\A080\S022C003P061R002A080.npy
S022C003P062R001A080,NTU,A080,squat_down,moderate_risk,50,25,3,"(50, 25, 3)",C:\Users\VICTUS\Downloads\Research\outputs\NTU_Pose_Output\A080\S022C003P062R001A080.npy
S022C003P062R002A080,NTU,A080,squat_down,moderate_risk,46,25,3,"(46, 25, 3)",C:\Users\VICTUS\Downloads\Research\outputs\NTU_Pose_Output\A080\S022C003P062R002A080.npy
S022C003P063R001A080,NTU,A080,squat_down,moderate_risk,48,25,3,"(48, 25, 3)",C:\Users\VICTUS\Downloads\Research\outputs\NTU_Pose_Output\A080\S022C003P063R001A080.npy
S022C003P063R002A080,NTU,A080,squat_down,moderate_risk,44,25,3,"(44, 25, 3)",C:\Users\VICTUS\Downloads\Research\outputs\NTU_Pose_Output\A080\S022C003P063R002A080.npy
S022C003P064R001A080,NTU,A080,squat_down,moderate_risk,39,25,3,"(39, 25, 3)",C:\Users\VICTUS\Downloads\Research\outputs\NTU_Pose_Output\A080\S022C003P064R001A080.npy
S022C003P064R002A080,NTU,A080,squat_down,moderate_risk,50,25,3,"(50, 25, 3)",C:\Users\VICTUS\Downloads\Research\outputs\NTU_Pose_Output\A080\S022C003P064R002A080.npy
S022C003P065R001A080,NTU,A080,squat_down,moderate_risk,54,25,3,"(54, 25, 3)",C:\Users\VICTUS\Downloads\Research\outputs\NTU_Pose_Output\A080\S022C003P065R001A080.npy
S022C003P065R002A080,NTU,A080,squat_down,moderate_risk,51,25,3,"(51, 25, 3)",C:\Users\VICTUS\Downloads\Research\outputs\NTU_Pose_Output\A080\S022C003P065R002A080.npy
S022C003P066R001A080,NTU,A080,squat_down,moderate_risk,46,25,3,"(46, 25, 3)",C:\Users\VICTUS\Downloads\Research\outputs\NTU_Pose_Output\A080\S022C003P066R001A080.npy
S022C003P066R002A080,NTU,A080,squat_down,moderate_risk,53,25,3,"(53, 25, 3)",C:\Users\VICTUS\Downloads\Research\outputs\NTU_Pose_Output\A080\S022C003P066R002A080.npy
S022C003P067R001A080,NTU,A080,squat_down,moderate_risk,32,25,3,"(32, 25, 3)",C:\Users\VICTUS\Downloads\Research\outputs\NTU_Pose_Output\A080\S022C003P067R001A080.npy
S022C003P067R002A080,NTU,A080,squat_down,moderate_risk,31,25,3,"(31, 25, 3)",C:\Users\VICTUS\Downloads\Research\outputs\NTU_Pose_Output\A080\S022C003P067R002A080.npy
S023C001P055R001A080,NTU,A080,squat_down,moderate_risk,35,25,3,"(35, 25, 3)",C:\Users\VICTUS\Downloads\Research\outputs\NTU_Pose_Output\A080\S023C001P055R001A080.npy
S023C001P055R002A080,NTU,A080,squat_down,moderate_risk,68,25,3,"(68, 25, 3)",C:\Users\VICTUS\Downloads\Research\outputs\NTU_Pose_Output\A080\S023C001P055R002A080.npy
S023C001P056R001A080,NTU,A080,squat_down,moderate_risk,36,25,3,"(36, 25, 3)",C:\Users\VICTUS\Downloads\Research\outputs\NTU_Pose_Output\A080\S023C001P056R001A080.npy
S023C001P056R002A080,NTU,A080,squat_down,moderate_risk,35,25,3,"(35, 25, 3)",C:\Users\VICTUS\Downloads\Research\outputs\NTU_Pose_Output\A080\S023C001P056R002A080.npy
S023C001P057R001A080,NTU,A080,squat_down,moderate_risk,36,25,3,"(36, 25, 3)",C:\Users\VICTUS\Downloads\Research\outputs\NTU_Pose_Output\A080\S023C001P057R001A080.npy
S023C001P057R002A080,NTU,A080,squat_down,moderate_risk,29,25,3,"(29, 25, 3)",C:\Users\VICTUS\Downloads\Research\outputs\NTU_Pose_Output\A080\S023C001P057R002A080.npy
S023C001P058R001A080,NTU,A080,squat_down,moderate_risk,32,25,3,"(32, 25, 3)",C:\Users\VICTUS\Downloads\Research\outputs\NTU_Pose_Output\A080\S023C001P058R001A080.npy
S023C001P058R002A080,NTU,A080,squat_down,moderate_risk,32,25,3,"(32, 25, 3)",C:\Users\VICTUS\Downloads\Research\outputs\NTU_Pose_Output\A080\S023C001P058R002A080.npy
S023C001P059R001A080,NTU,A080,squat_down,moderate_risk,31,25,3,"(31, 25, 3)",C:\Users\VICTUS\Downloads\Research\outputs\NTU_Pose_Output\A080\S023C001P059R001A080.npy
S023C001P059R002A080,NTU,A080,squat_down,moderate_risk,34,25,3,"(34, 25, 3)",C:\Users\VICTUS\Downloads\Research\outputs\NTU_Pose_Output\A080\S023C001P059R002A080.npy
S023C001P060R001A080,NTU,A080,squat_down,moderate_risk,35,25,3,"(35, 25, 3)",C:\Users\VICTUS\Downloads\Research\outputs\NTU_Pose_Output\A080\S023C001P060R001A080.npy
S023C001P060R002A080,NTU,A080,squat_down,moderate_risk,32,25,3,"(32, 25, 3)",C:\Users\VICTUS\Downloads\Research\outputs\NTU_Pose_Output\A080\S023C001P060R002A080.npy
S023C001P061R001A080,NTU,A080,squat_down,moderate_risk,29,25,3,"(29, 25, 3)",C:\Users\VICTUS\Downloads\Research\outputs\NTU_Pose_Output\A080\S023C001P061R001A080.npy
S023C001P061R002A080,NTU,A080,squat_down,moderate_risk,34,25,3,"(34, 25, 3)",C:\Users\VICTUS\Downloads\Research\outputs\NTU_Pose_Output\A080\S023C001P061R002A080.npy
S023C001P062R001A080,NTU,A080,squat_down,moderate_risk,35,25,3,"(35, 25, 3)",C:\Users\VICTUS\Downloads\Research\outputs\NTU_Pose_Output\A080\S023C001P062R001A080.npy
S023C001P062R002A080,NTU,A080,squat_down,moderate_risk,28,25,3,"(28, 25, 3)",C:\Users\VICTUS\Downloads\Research\outputs\NTU_Pose_Output\A080\S023C001P062R002A080.npy
S023C001P063R001A080,NTU,A080,squat_down,moderate_risk,36,25,3,"(36, 25, 3)",C:\Users\VICTUS\Downloads\Research\outputs\NTU_Pose_Output\A080\S023C001P063R001A080.npy
S023C001P063R002A080,NTU,A080,squat_down,moderate_risk,30,25,3,"(30, 25, 3)",C:\Users\VICTUS\Downloads\Research\outputs\NTU_Pose_Output\A080\S023C001P063R002A080.npy
S023C001P064R001A080,NTU,A080,squat_down,moderate_risk,35,25,3,"(35, 25, 3)",C:\Users\VICTUS\Downloads\Research\outputs\NTU_Pose_Output\A080\S023C001P064R001A080.npy
S023C001P064R002A080,NTU,A080,squat_down,moderate_risk,42,25,3,"(42, 25, 3)",C:\Users\VICTUS\Downloads\Research\outputs\NTU_Pose_Output\A080\S023C001P064R002A080.npy
S023C001P065R001A080,NTU,A080,squat_down,moderate_risk,35,25,3,"(35, 25, 3)",C:\Users\VICTUS\Downloads\Research\outputs\NTU_Pose_Output\A080\S023C001P065R001A080.npy
S023C001P065R002A080,NTU,A080,squat_down,moderate_risk,33,25,3,"(33, 25, 3)",C:\Users\VICTUS\Downloads\Research\outputs\NTU_Pose_Output\A080\S023C001P065R002A080.npy
S023C001P066R001A080,NTU,A080,squat_down,moderate_risk,33,25,3,"(33, 25, 3)",C:\Users\VICTUS\Downloads\Research\outputs\NTU_Pose_Output\A080\S023C001P066R001A080.npy
S023C001P066R002A080,NTU,A080,squat_down,moderate_risk,44,25,3,"(44, 25, 3)",C:\Users\VICTUS\Downloads\Research\outputs\NTU_Pose_Output\A080\S023C001P066R002A080.npy
S023C001P067R001A080,NTU,A080,squat_down,moderate_risk,19,25,3,"(19, 25, 3)",C:\Users\VICTUS\Downloads\Research\outputs\NTU_Pose_Output\A080\S023C001P067R001A080.npy
S023C001P067R002A080,NTU,A080,squat_down,moderate_risk,24,25,3,"(24, 25, 3)",C:\Users\VICTUS\Downloads\Research\outputs\NTU_Pose_Output\A080\S023C001P067R002A080.npy
S023C001P068R001A080,NTU,A080,squat_down,moderate_risk,34,25,3,"(34, 25, 3)",C:\Users\VICTUS\Downloads\Research\outputs\NTU_Pose_Output\A080\S023C001P068R001A080.npy
S023C001P068R002A080,NTU,A080,squat_down,moderate_risk,36,25,3,"(36, 25, 3)",C:\Users\VICTUS\Downloads\Research\outputs\NTU_Pose_Output\A080\S023C001P068R002A080.npy
S023C002P055R001A080,NTU,A080,squat_down,moderate_risk,34,25,3,"(34, 25, 3)",C:\Users\VICTUS\Downloads\Research\outputs\NTU_Pose_Output\A080\S023C002P055R001A080.npy
S023C002P055R002A080,NTU,A080,squat_down,moderate_risk,68,25,3,"(68, 25, 3)",C:\Users\VICTUS\Downloads\Research\outputs\NTU_Pose_Output\A080\S023C002P055R002A080.npy
S023C002P056R001A080,NTU,A080,squat_down,moderate_risk,36,25,3,"(36, 25, 3)",C:\Users\VICTUS\Downloads\Research\outputs\NTU_Pose_Output\A080\S023C002P056R001A080.npy
S023C002P056R002A080,NTU,A080,squat_down,moderate_risk,35,25,3,"(35, 25, 3)",C:\Users\VICTUS\Downloads\Research\outputs\NTU_Pose_Output\A080\S023C002P056R002A080.npy
S023C002P057R001A080,NTU,A080,squat_down,moderate_risk,37,25,3,"(37, 25, 3)",C:\Users\VICTUS\Downloads\Research\outputs\NTU_Pose_Output\A080\S023C002P057R001A080.npy
S023C002P057R002A080,NTU,A080,squat_down,moderate_risk,29,25,3,"(29, 25, 3)",C:\Users\VICTUS\Downloads\Research\outputs\NTU_Pose_Output\A080\S023C002P057R002A080.npy
S023C002P058R001A080,NTU,A080,squat_down,moderate_risk,32,25,3,"(32, 25, 3)",C:\Users\VICTUS\Downloads\Research\outputs\NTU_Pose_Output\A080\S023C002P058R001A080.npy
S023C002P058R002A080,NTU,A080,squat_down,moderate_risk,31,25,3,"(31, 25, 3)",C:\Users\VICTUS\Downloads\Research\outputs\NTU_Pose_Output\A080\S023C002P058R002A080.npy
S023C002P059R001A080,NTU,A080,squat_down,moderate_risk,32,25,3,"(32, 25, 3)",C:\Users\VICTUS\Downloads\Research\outputs\NTU_Pose_Output\A080\S023C002P059R001A080.npy
S023C002P059R002A080,NTU,A080,squat_down,moderate_risk,34,25,3,"(34, 25, 3)",C:\Users\VICTUS\Downloads\Research\outputs\NTU_Pose_Output\A080\S023C002P059R002A080.npy
S023C002P060R001A080,NTU,A080,squat_down,moderate_risk,36,25,3,"(36, 25, 3)",C:\Users\VICTUS\Downloads\Research\outputs\NTU_Pose_Output\A080\S023C002P060R001A080.npy
S023C002P060R002A080,NTU,A080,squat_down,moderate_risk,32,25,3,"(32, 25, 3)",C:\Users\VICTUS\Downloads\Research\outputs\NTU_Pose_Output\A080\S023C002P060R002A080.npy
S023C002P061R001A080,NTU,A080,squat_down,moderate_risk,29,25,3,"(29, 25, 3)",C:\Users\VICTUS\Downloads\Research\outputs\NTU_Pose_Output\A080\S023C002P061R001A080.npy
S023C002P061R002A080,NTU,A080,squat_down,moderate_risk,34,25,3,"(34, 25, 3)",C:\Users\VICTUS\Downloads\Research\outputs\NTU_Pose_Output\A080\S023C002P061R002A080.npy
S023C002P062R001A080,NTU,A080,squat_down,moderate_risk,34,25,3,"(34, 25, 3)",C:\Users\VICTUS\Downloads\Research\outputs\NTU_Pose_Output\A080\S023C002P062R001A080.npy
S023C002P062R002A080,NTU,A080,squat_down,moderate_risk,28,25,3,"(28, 25, 3)",C:\Users\VICTUS\Downloads\Research\outputs\NTU_Pose_Output\A080\S023C002P062R002A080.npy
S023C002P063R001A080,NTU,A080,squat_down,moderate_risk,37,25,3,"(37, 25, 3)",C:\Users\VICTUS\Downloads\Research\outputs\NTU_Pose_Output\A080\S023C002P063R001A080.npy
S023C002P063R002A080,NTU,A080,squat_down,moderate_risk,30,25,3,"(30, 25, 3)",C:\Users\VICTUS\Downloads\Research\outputs\NTU_Pose_Output\A080\S023C002P063R002A080.npy
S023C002P064R001A080,NTU,A080,squat_down,moderate_risk,35,25,3,"(35, 25, 3)",C:\Users\VICTUS\Downloads\Research\outputs\NTU_Pose_Output\A080\S023C002P064R001A080.npy
S023C002P064R002A080,NTU,A080,squat_down,moderate_risk,42,25,3,"(42, 25, 3)",C:\Users\VICTUS\Downloads\Research\outputs\NTU_Pose_Output\A080\S023C002P064R002A080.npy
S023C002P065R001A080,NTU,A080,squat_down,moderate_risk,36,25,3,"(36, 25, 3)",C:\Users\VICTUS\Downloads\Research\outputs\NTU_Pose_Output\A080\S023C002P065R001A080.npy
S023C002P065R002A080,NTU,A080,squat_down,moderate_risk,33,25,3,"(33, 25, 3)",C:\Users\VICTUS\Downloads\Research\outputs\NTU_Pose_Output\A080\S023C002P065R002A080.npy
S023C002P066R001A080,NTU,A080,squat_down,moderate_risk,33,25,3,"(33, 25, 3)",C:\Users\VICTUS\Downloads\Research\outputs\NTU_Pose_Output\A080\S023C002P066R001A080.npy
S023C002P066R002A080,NTU,A080,squat_down,moderate_risk,42,25,3,"(42, 25, 3)",C:\Users\VICTUS\Downloads\Research\outputs\NTU_Pose_Output\A080\S023C002P066R002A080.npy
S023C002P067R001A080,NTU,A080,squat_down,moderate_risk,20,25,3,"(20, 25, 3)",C:\Users\VICTUS\Downloads\Research\outputs\NTU_Pose_Output\A080\S023C002P067R001A080.npy
S023C002P067R002A080,NTU,A080,squat_down,moderate_risk,23,25,3,"(23, 25, 3)",C:\Users\VICTUS\Downloads\Research\outputs\NTU_Pose_Output\A080\S023C002P067R002A080.npy
S023C002P068R001A080,NTU,A080,squat_down,moderate_risk,34,25,3,"(34, 25, 3)",C:\Users\VICTUS\Downloads\Research\outputs\NTU_Pose_Output\A080\S023C002P068R001A080.npy
S023C002P068R002A080,NTU,A080,squat_down,moderate_risk,36,25,3,"(36, 25, 3)",C:\Users\VICTUS\Downloads\Research\outputs\NTU_Pose_Output\A080\S023C002P068R002A080.npy
S023C003P055R001A080,NTU,A080,squat_down,moderate_risk,45,25,3,"(45, 25, 3)",C:\Users\VICTUS\Downloads\Research\outputs\NTU_Pose_Output\A080\S023C003P055R001A080.npy
S023C003P055R002A080,NTU,A080,squat_down,moderate_risk,89,25,3,"(89, 25, 3)",C:\Users\VICTUS\Downloads\Research\outputs\NTU_Pose_Output\A080\S023C003P055R002A080.npy
S023C003P056R001A080,NTU,A080,squat_down,moderate_risk,46,25,3,"(46, 25, 3)",C:\Users\VICTUS\Downloads\Research\outputs\NTU_Pose_Output\A080\S023C003P056R001A080.npy
S023C003P056R002A080,NTU,A080,squat_down,moderate_risk,44,25,3,"(44, 25, 3)",C:\Users\VICTUS\Downloads\Research\outputs\NTU_Pose_Output\A080\S023C003P056R002A080.npy
S023C003P057R001A080,NTU,A080,squat_down,moderate_risk,47,25,3,"(47, 25, 3)",C:\Users\VICTUS\Downloads\Research\outputs\NTU_Pose_Output\A080\S023C003P057R001A080.npy
S023C003P057R002A080,NTU,A080,squat_down,moderate_risk,38,25,3,"(38, 25, 3)",C:\Users\VICTUS\Downloads\Research\outputs\NTU_Pose_Output\A080\S023C003P057R002A080.npy
S023C003P058R001A080,NTU,A080,squat_down,moderate_risk,41,25,3,"(41, 25, 3)",C:\Users\VICTUS\Downloads\Research\outputs\NTU_Pose_Output\A080\S023C003P058R001A080.npy
S023C003P058R002A080,NTU,A080,squat_down,moderate_risk,40,25,3,"(40, 25, 3)",C:\Users\VICTUS\Downloads\Research\outputs\NTU_Pose_Output\A080\S023C003P058R002A080.npy
S023C003P059R001A080,NTU,A080,squat_down,moderate_risk,40,25,3,"(40, 25, 3)",C:\Users\VICTUS\Downloads\Research\outputs\NTU_Pose_Output\A080\S023C003P059R001A080.npy
S023C003P059R002A080,NTU,A080,squat_down,moderate_risk,44,25,3,"(44, 25, 3)",C:\Users\VICTUS\Downloads\Research\outputs\NTU_Pose_Output\A080\S023C003P059R002A080.npy
S023C003P060R001A080,NTU,A080,squat_down,moderate_risk,45,25,3,"(45, 25, 3)",C:\Users\VICTUS\Downloads\Research\outputs\NTU_Pose_Output\A080\S023C003P060R001A080.npy
S023C003P060R002A080,NTU,A080,squat_down,moderate_risk,41,25,3,"(41, 25, 3)",C:\Users\VICTUS\Downloads\Research\outputs\NTU_Pose_Output\A080\S023C003P060R002A080.npy
S023C003P061R001A080,NTU,A080,squat_down,moderate_risk,38,25,3,"(38, 25, 3)",C:\Users\VICTUS\Downloads\Research\outputs\NTU_Pose_Output\A080\S023C003P061R001A080.npy
S023C003P061R002A080,NTU,A080,squat_down,moderate_risk,44,25,3,"(44, 25, 3)",C:\Users\VICTUS\Downloads\Research\outputs\NTU_Pose_Output\A080\S023C003P061R002A080.npy
S023C003P062R001A080,NTU,A080,squat_down,moderate_risk,45,25,3,"(45, 25, 3)",C:\Users\VICTUS\Downloads\Research\outputs\NTU_Pose_Output\A080\S023C003P062R001A080.npy
S023C003P062R002A080,NTU,A080,squat_down,moderate_risk,37,25,3,"(37, 25, 3)",C:\Users\VICTUS\Downloads\Research\outputs\NTU_Pose_Output\A080\S023C003P062R002A080.npy
S023C003P063R001A080,NTU,A080,squat_down,moderate_risk,48,25,3,"(48, 25, 3)",C:\Users\VICTUS\Downloads\Research\outputs\NTU_Pose_Output\A080\S023C003P063R001A080.npy
S023C003P063R002A080,NTU,A080,squat_down,moderate_risk,38,25,3,"(38, 25, 3)",C:\Users\VICTUS\Downloads\Research\outputs\NTU_Pose_Output\A080\S023C003P063R002A080.npy
S023C003P064R001A080,NTU,A080,squat_down,moderate_risk,45,25,3,"(45, 25, 3)",C:\Users\VICTUS\Downloads\Research\outputs\NTU_Pose_Output\A080\S023C003P064R001A080.npy
S023C003P064R002A080,NTU,A080,squat_down,moderate_risk,53,25,3,"(53, 25, 3)",C:\Users\VICTUS\Downloads\Research\outputs\NTU_Pose_Output\A080\S023C003P064R002A080.npy
S023C003P065R001A080,NTU,A080,squat_down,moderate_risk,45,25,3,"(45, 25, 3)",C:\Users\VICTUS\Downloads\Research\outputs\NTU_Pose_Output\A080\S023C003P065R001A080.npy
S023C003P065R002A080,NTU,A080,squat_down,moderate_risk,42,25,3,"(42, 25, 3)",C:\Users\VICTUS\Downloads\Research\outputs\NTU_Pose_Output\A080\S023C003P065R002A080.npy
S023C003P066R001A080,NTU,A080,squat_down,moderate_risk,43,25,3,"(43, 25, 3)",C:\Users\VICTUS\Downloads\Research\outputs\NTU_Pose_Output\A080\S023C003P066R001A080.npy
S023C003P066R002A080,NTU,A080,squat_down,moderate_risk,56,25,3,"(56, 25, 3)",C:\Users\VICTUS\Downloads\Research\outputs\NTU_Pose_Output\A080\S023C003P066R002A080.npy
S023C003P067R001A080,NTU,A080,squat_down,moderate_risk,25,25,3,"(25, 25, 3)",C:\Users\VICTUS\Downloads\Research\outputs\NTU_Pose_Output\A080\S023C003P067R001A080.npy
S023C003P067R002A080,NTU,A080,squat_down,moderate_risk,30,25,3,"(30, 25, 3)",C:\Users\VICTUS\Downloads\Research\outputs\NTU_Pose_Output\A080\S023C003P067R002A080.npy
S023C003P068R001A080,NTU,A080,squat_down,moderate_risk,44,25,3,"(44, 25, 3)",C:\Users\VICTUS\Downloads\Research\outputs\NTU_Pose_Output\A080\S023C003P068R001A080.npy
S023C003P068R002A080,NTU,A080,squat_down,moderate_risk,47,25,3,"(47, 25, 3)",C:\Users\VICTUS\Downloads\Research\outputs\NTU_Pose_Output\A080\S023C003P068R002A080.npy
S024C001P057R001A080,NTU,A080,squat_down,moderate_risk,32,25,3,"(32, 25, 3)",C:\Users\VICTUS\Downloads\Research\outputs\NTU_Pose_Output\A080\S024C001P057R001A080.npy
S024C001P057R002A080,NTU,A080,squat_down,moderate_risk,26,25,3,"(26, 25, 3)",C:\Users\VICTUS\Downloads\Research\outputs\NTU_Pose_Output\A080\S024C001P057R002A080.npy
S024C001P060R001A080,NTU,A080,squat_down,moderate_risk,28,25,3,"(28, 25, 3)",C:\Users\VICTUS\Downloads\Research\outputs\NTU_Pose_Output\A080\S024C001P060R001A080.npy
S024C001P060R002A080,NTU,A080,squat_down,moderate_risk,26,25,3,"(26, 25, 3)",C:\Users\VICTUS\Downloads\Research\outputs\NTU_Pose_Output\A080\S024C001P060R002A080.npy
S024C001P061R001A080,NTU,A080,squat_down,moderate_risk,33,25,3,"(33, 25, 3)",C:\Users\VICTUS\Downloads\Research\outputs\NTU_Pose_Output\A080\S024C001P061R001A080.npy
S024C001P061R002A080,NTU,A080,squat_down,moderate_risk,29,25,3,"(29, 25, 3)",C:\Users\VICTUS\Downloads\Research\outputs\NTU_Pose_Output\A080\S024C001P061R002A080.npy
S024C001P062R001A080,NTU,A080,squat_down,moderate_risk,27,25,3,"(27, 25, 3)",C:\Users\VICTUS\Downloads\Research\outputs\NTU_Pose_Output\A080\S024C001P062R001A080.npy
S024C001P062R002A080,NTU,A080,squat_down,moderate_risk,27,25,3,"(27, 25, 3)",C:\Users\VICTUS\Downloads\Research\outputs\NTU_Pose_Output\A080\S024C001P062R002A080.npy
S024C001P063R001A080,NTU,A080,squat_down,moderate_risk,34,25,3,"(34, 25, 3)",C:\Users\VICTUS\Downloads\Research\outputs\NTU_Pose_Output\A080\S024C001P063R001A080.npy
S024C001P063R002A080,NTU,A080,squat_down,moderate_risk,30,25,3,"(30, 25, 3)",C:\Users\VICTUS\Downloads\Research\outputs\NTU_Pose_Output\A080\S024C001P063R002A080.npy
S024C001P064R001A080,NTU,A080,squat_down,moderate_risk,47,25,3,"(47, 25, 3)",C:\Users\VICTUS\Downloads\Research\outputs\NTU_Pose_Output\A080\S024C001P064R001A080.npy
S024C001P064R002A080,NTU,A080,squat_down,moderate_risk,31,25,3,"(31, 25, 3)",C:\Users\VICTUS\Downloads\Research\outputs\NTU_Pose_Output\A080\S024C001P064R002A080.npy
S024C001P067R001A080,NTU,A080,squat_down,moderate_risk,24,25,3,"(24, 25, 3)",C:\Users\VICTUS\Downloads\Research\outputs\NTU_Pose_Output\A080\S024C001P067R001A080.npy
S024C001P067R002A080,NTU,A080,squat_down,moderate_risk,20,25,3,"(20, 25, 3)",C:\Users\VICTUS\Downloads\Research\outputs\NTU_Pose_Output\A080\S024C001P067R002A080.npy
S024C002P057R001A080,NTU,A080,squat_down,moderate_risk,32,25,3,"(32, 25, 3)",C:\Users\VICTUS\Downloads\Research\outputs\NTU_Pose_Output\A080\S024C002P057R001A080.npy
S024C002P057R002A080,NTU,A080,squat_down,moderate_risk,27,25,3,"(27, 25, 3)",C:\Users\VICTUS\Downloads\Research\outputs\NTU_Pose_Output\A080\S024C002P057R002A080.npy
S024C002P060R001A080,NTU,A080,squat_down,moderate_risk,29,25,3,"(29, 25, 3)",C:\Users\VICTUS\Downloads\Research\outputs\NTU_Pose_Output\A080\S024C002P060R001A080.npy
S024C002P060R002A080,NTU,A080,squat_down,moderate_risk,27,25,3,"(27, 25, 3)",C:\Users\VICTUS\Downloads\Research\outputs\NTU_Pose_Output\A080\S024C002P060R002A080.npy
S024C002P061R001A080,NTU,A080,squat_down,moderate_risk,33,25,3,"(33, 25, 3)",C:\Users\VICTUS\Downloads\Research\outputs\NTU_Pose_Output\A080\S024C002P061R001A080.npy
S024C002P061R002A080,NTU,A080,squat_down,moderate_risk,29,25,3,"(29, 25, 3)",C:\Users\VICTUS\Downloads\Research\outputs\NTU_Pose_Output\A080\S024C002P061R002A080.npy
S024C002P062R001A080,NTU,A080,squat_down,moderate_risk,27,25,3,"(27, 25, 3)",C:\Users\VICTUS\Downloads\Research\outputs\NTU_Pose_Output\A080\S024C002P062R001A080.npy
S024C002P062R002A080,NTU,A080,squat_down,moderate_risk,28,25,3,"(28, 25, 3)",C:\Users\VICTUS\Downloads\Research\outputs\NTU_Pose_Output\A080\S024C002P062R002A080.npy
S024C002P063R001A080,NTU,A080,squat_down,moderate_risk,34,25,3,"(34, 25, 3)",C:\Users\VICTUS\Downloads\Research\outputs\NTU_Pose_Output\A080\S024C002P063R001A080.npy
S024C002P063R002A080,NTU,A080,squat_down,moderate_risk,30,25,3,"(30, 25, 3)",C:\Users\VICTUS\Downloads\Research\outputs\NTU_Pose_Output\A080\S024C002P063R002A080.npy
S024C002P064R001A080,NTU,A080,squat_down,moderate_risk,48,25,3,"(48, 25, 3)",C:\Users\VICTUS\Downloads\Research\outputs\NTU_Pose_Output\A080\S024C002P064R001A080.npy
S024C002P064R002A080,NTU,A080,squat_down,moderate_risk,31,25,3,"(31, 25, 3)",C:\Users\VICTUS\Downloads\Research\outputs\NTU_Pose_Output\A080\S024C002P064R002A080.npy
S024C002P067R001A080,NTU,A080,squat_down,moderate_risk,25,25,3,"(25, 25, 3)",C:\Users\VICTUS\Downloads\Research\outputs\NTU_Pose_Output\A080\S024C002P067R001A080.npy
S024C002P067R002A080,NTU,A080,squat_down,moderate_risk,20,25,3,"(20, 25, 3)",C:\Users\VICTUS\Downloads\Research\outputs\NTU_Pose_Output\A080\S024C002P067R002A080.npy
S024C003P057R001A080,NTU,A080,squat_down,moderate_risk,41,25,3,"(41, 25, 3)",C:\Users\VICTUS\Downloads\Research\outputs\NTU_Pose_Output\A080\S024C003P057R001A080.npy
S024C003P057R002A080,NTU,A080,squat_down,moderate_risk,36,25,3,"(36, 25, 3)",C:\Users\VICTUS\Downloads\Research\outputs\NTU_Pose_Output\A080\S024C003P057R002A080.npy
S024C003P060R001A080,NTU,A080,squat_down,moderate_risk,37,25,3,"(37, 25, 3)",C:\Users\VICTUS\Downloads\Research\outputs\NTU_Pose_Output\A080\S024C003P060R001A080.npy
S024C003P060R002A080,NTU,A080,squat_down,moderate_risk,35,25,3,"(35, 25, 3)",C:\Users\VICTUS\Downloads\Research\outputs\NTU_Pose_Output\A080\S024C003P060R002A080.npy
S024C003P061R001A080,NTU,A080,squat_down,moderate_risk,43,25,3,"(43, 25, 3)",C:\Users\VICTUS\Downloads\Research\outputs\NTU_Pose_Output\A080\S024C003P061R001A080.npy
S024C003P061R002A080,NTU,A080,squat_down,moderate_risk,39,25,3,"(39, 25, 3)",C:\Users\VICTUS\Downloads\Research\outputs\NTU_Pose_Output\A080\S024C003P061R002A080.npy
S024C003P062R001A080,NTU,A080,squat_down,moderate_risk,35,25,3,"(35, 25, 3)",C:\Users\VICTUS\Downloads\Research\outputs\NTU_Pose_Output\A080\S024C003P062R001A080.npy
S024C003P062R002A080,NTU,A080,squat_down,moderate_risk,36,25,3,"(36, 25, 3)",C:\Users\VICTUS\Downloads\Research\outputs\NTU_Pose_Output\A080\S024C003P062R002A080.npy
S024C003P063R001A080,NTU,A080,squat_down,moderate_risk,44,25,3,"(44, 25, 3)",C:\Users\VICTUS\Downloads\Research\outputs\NTU_Pose_Output\A080\S024C003P063R001A080.npy
S024C003P063R002A080,NTU,A080,squat_down,moderate_risk,40,25,3,"(40, 25, 3)",C:\Users\VICTUS\Downloads\Research\outputs\NTU_Pose_Output\A080\S024C003P063R002A080.npy
S024C003P064R001A080,NTU,A080,squat_down,moderate_risk,62,25,3,"(62, 25, 3)",C:\Users\VICTUS\Downloads\Research\outputs\NTU_Pose_Output\A080\S024C003P064R001A080.npy
S024C003P064R002A080,NTU,A080,squat_down,moderate_risk,40,25,3,"(40, 25, 3)",C:\Users\VICTUS\Downloads\Research\outputs\NTU_Pose_Output\A080\S024C003P064R002A080.npy
S024C003P067R001A080,NTU,A080,squat_down,moderate_risk,32,25,3,"(32, 25, 3)",C:\Users\VICTUS\Downloads\Research\outputs\NTU_Pose_Output\A080\S024C003P067R001A080.npy
S024C003P067R002A080,NTU,A080,squat_down,moderate_risk,26,25,3,"(26, 25, 3)",C:\Users\VICTUS\Downloads\Research\outputs\NTU_Pose_Output\A080\S024C003P067R002A080.npy
S025C001P055R001A080,NTU,A080,squat_down,moderate_risk,29,25,3,"(29, 25, 3)",C:\Users\VICTUS\Downloads\Research\outputs\NTU_Pose_Output\A080\S025C001P055R001A080.npy
S025C001P055R002A080,NTU,A080,squat_down,moderate_risk,32,25,3,"(32, 25, 3)",C:\Users\VICTUS\Downloads\Research\outputs\NTU_Pose_Output\A080\S025C001P055R002A080.npy
S025C001P056R001A080,NTU,A080,squat_down,moderate_risk,41,25,3,"(41, 25, 3)",C:\Users\VICTUS\Downloads\Research\outputs\NTU_Pose_Output\A080\S025C001P056R001A080.npy
S025C001P056R002A080,NTU,A080,squat_down,moderate_risk,28,25,3,"(28, 25, 3)",C:\Users\VICTUS\Downloads\Research\outputs\NTU_Pose_Output\A080\S025C001P056R002A080.npy
S025C001P058R001A080,NTU,A080,squat_down,moderate_risk,27,25,3,"(27, 25, 3)",C:\Users\VICTUS\Downloads\Research\outputs\NTU_Pose_Output\A080\S025C001P058R001A080.npy
S025C001P058R002A080,NTU,A080,squat_down,moderate_risk,29,25,3,"(29, 25, 3)",C:\Users\VICTUS\Downloads\Research\outputs\NTU_Pose_Output\A080\S025C001P058R002A080.npy
S025C001P059R001A080,NTU,A080,squat_down,moderate_risk,30,25,3,"(30, 25, 3)",C:\Users\VICTUS\Downloads\Research\outputs\NTU_Pose_Output\A080\S025C001P059R001A080.npy
S025C001P059R002A080,NTU,A080,squat_down,moderate_risk,40,25,3,"(40, 25, 3)",C:\Users\VICTUS\Downloads\Research\outputs\NTU_Pose_Output\A080\S025C001P059R002A080.npy
S025C001P065R001A080,NTU,A080,squat_down,moderate_risk,30,25,3,"(30, 25, 3)",C:\Users\VICTUS\Downloads\Research\outputs\NTU_Pose_Output\A080\S025C001P065R001A080.npy
S025C001P065R002A080,NTU,A080,squat_down,moderate_risk,30,25,3,"(30, 25, 3)",C:\Users\VICTUS\Downloads\Research\outputs\NTU_Pose_Output\A080\S025C001P065R002A080.npy
S025C001P066R001A080,NTU,A080,squat_down,moderate_risk,27,25,3,"(27, 25, 3)",C:\Users\VICTUS\Downloads\Research\outputs\NTU_Pose_Output\A080\S025C001P066R001A080.npy
S025C001P066R002A080,NTU,A080,squat_down,moderate_risk,29,25,3,"(29, 25, 3)",C:\Users\VICTUS\Downloads\Research\outputs\NTU_Pose_Output\A080\S025C001P066R002A080.npy
S025C001P068R001A080,NTU,A080,squat_down,moderate_risk,33,25,3,"(33, 25, 3)",C:\Users\VICTUS\Downloads\Research\outputs\NTU_Pose_Output\A080\S025C001P068R001A080.npy
S025C001P068R002A080,NTU,A080,squat_down,moderate_risk,30,25,3,"(30, 25, 3)",C:\Users\VICTUS\Downloads\Research\outputs\NTU_Pose_Output\A080\S025C001P068R002A080.npy
S025C002P055R001A080,NTU,A080,squat_down,moderate_risk,29,25,3,"(29, 25, 3)",C:\Users\VICTUS\Downloads\Research\outputs\NTU_Pose_Output\A080\S025C002P055R001A080.npy
S025C002P055R002A080,NTU,A080,squat_down,moderate_risk,31,25,3,"(31, 25, 3)",C:\Users\VICTUS\Downloads\Research\outputs\NTU_Pose_Output\A080\S025C002P055R002A080.npy
S025C002P056R001A080,NTU,A080,squat_down,moderate_risk,41,25,3,"(41, 25, 3)",C:\Users\VICTUS\Downloads\Research\outputs\NTU_Pose_Output\A080\S025C002P056R001A080.npy
S025C002P056R002A080,NTU,A080,squat_down,moderate_risk,28,25,3,"(28, 25, 3)",C:\Users\VICTUS\Downloads\Research\outputs\NTU_Pose_Output\A080\S025C002P056R002A080.npy
S025C002P058R001A080,NTU,A080,squat_down,moderate_risk,27,25,3,"(27, 25, 3)",C:\Users\VICTUS\Downloads\Research\outputs\NTU_Pose_Output\A080\S025C002P058R001A080.npy
S025C002P058R002A080,NTU,A080,squat_down,moderate_risk,28,25,3,"(28, 25, 3)",C:\Users\VICTUS\Downloads\Research\outputs\NTU_Pose_Output\A080\S025C002P058R002A080.npy
S025C002P059R001A080,NTU,A080,squat_down,moderate_risk,31,25,3,"(31, 25, 3)",C:\Users\VICTUS\Downloads\Research\outputs\NTU_Pose_Output\A080\S025C002P059R001A080.npy
S025C002P059R002A080,NTU,A080,squat_down,moderate_risk,39,25,3,"(39, 25, 3)",C:\Users\VICTUS\Downloads\Research\outputs\NTU_Pose_Output\A080\S025C002P059R002A080.npy
S025C002P065R001A080,NTU,A080,squat_down,moderate_risk,30,25,3,"(30, 25, 3)",C:\Users\VICTUS\Downloads\Research\outputs\NTU_Pose_Output\A080\S025C002P065R001A080.npy
S025C002P065R002A080,NTU,A080,squat_down,moderate_risk,31,25,3,"(31, 25, 3)",C:\Users\VICTUS\Downloads\Research\outputs\NTU_Pose_Output\A080\S025C002P065R002A080.npy
S025C002P066R001A080,NTU,A080,squat_down,moderate_risk,27,25,3,"(27, 25, 3)",C:\Users\VICTUS\Downloads\Research\outputs\NTU_Pose_Output\A080\S025C002P066R001A080.npy
S025C002P066R002A080,NTU,A080,squat_down,moderate_risk,29,25,3,"(29, 25, 3)",C:\Users\VICTUS\Downloads\Research\outputs\NTU_Pose_Output\A080\S025C002P066R002A080.npy
S025C002P068R001A080,NTU,A080,squat_down,moderate_risk,33,25,3,"(33, 25, 3)",C:\Users\VICTUS\Downloads\Research\outputs\NTU_Pose_Output\A080\S025C002P068R001A080.npy
S025C002P068R002A080,NTU,A080,squat_down,moderate_risk,31,25,3,"(31, 25, 3)",C:\Users\VICTUS\Downloads\Research\outputs\NTU_Pose_Output\A080\S025C002P068R002A080.npy
S025C003P055R001A080,NTU,A080,squat_down,moderate_risk,39,25,3,"(39, 25, 3)",C:\Users\VICTUS\Downloads\Research\outputs\NTU_Pose_Output\A080\S025C003P055R001A080.npy
S025C003P055R002A080,NTU,A080,squat_down,moderate_risk,41,25,3,"(41, 25, 3)",C:\Users\VICTUS\Downloads\Research\outputs\NTU_Pose_Output\A080\S025C003P055R002A080.npy
S025C003P056R001A080,NTU,A080,squat_down,moderate_risk,52,25,3,"(52, 25, 3)",C:\Users\VICTUS\Downloads\Research\outputs\NTU_Pose_Output\A080\S025C003P056R001A080.npy
S025C003P056R002A080,NTU,A080,squat_down,moderate_risk,36,25,3,"(36, 25, 3)",C:\Users\VICTUS\Downloads\Research\outputs\NTU_Pose_Output\A080\S025C003P056R002A080.npy
S025C003P058R001A080,NTU,A080,squat_down,moderate_risk,35,25,3,"(35, 25, 3)",C:\Users\VICTUS\Downloads\Research\outputs\NTU_Pose_Output\A080\S025C003P058R001A080.npy
S025C003P058R002A080,NTU,A080,squat_down,moderate_risk,36,25,3,"(36, 25, 3)",C:\Users\VICTUS\Downloads\Research\outputs\NTU_Pose_Output\A080\S025C003P058R002A080.npy
S025C003P059R001A080,NTU,A080,squat_down,moderate_risk,40,25,3,"(40, 25, 3)",C:\Users\VICTUS\Downloads\Research\outputs\NTU_Pose_Output\A080\S025C003P059R001A080.npy
S025C003P059R002A080,NTU,A080,squat_down,moderate_risk,51,25,3,"(51, 25, 3)",C:\Users\VICTUS\Downloads\Research\outputs\NTU_Pose_Output\A080\S025C003P059R002A080.npy
S025C003P065R001A080,NTU,A080,squat_down,moderate_risk,38,25,3,"(38, 25, 3)",C:\Users\VICTUS\Downloads\Research\outputs\NTU_Pose_Output\A080\S025C003P065R001A080.npy
S025C003P065R002A080,NTU,A080,squat_down,moderate_risk,39,25,3,"(39, 25, 3)",C:\Users\VICTUS\Downloads\Research\outputs\NTU_Pose_Output\A080\S025C003P065R002A080.npy
S025C003P066R001A080,NTU,A080,squat_down,moderate_risk,35,25,3,"(35, 25, 3)",C:\Users\VICTUS\Downloads\Research\outputs\NTU_Pose_Output\A080\S025C003P066R001A080.npy
S025C003P066R002A080,NTU,A080,squat_down,moderate_risk,37,25,3,"(37, 25, 3)",C:\Users\VICTUS\Downloads\Research\outputs\NTU_Pose_Output\A080\S025C003P066R002A080.npy
S025C003P068R001A080,NTU,A080,squat_down,moderate_risk,43,25,3,"(43, 25, 3)",C:\Users\VICTUS\Downloads\Research\outputs\NTU_Pose_Output\A080\S025C003P068R001A080.npy
S025C003P068R002A080,NTU,A080,squat_down,moderate_risk,40,25,3,"(40, 25, 3)",C:\Users\VICTUS\Downloads\Research\outputs\NTU_Pose_Output\A080\S025C003P068R002A080.npy
S026C001P008R001A080,NTU,A080,squat_down,moderate_risk,41,25,3,"(41, 25, 3)",C:\Users\VICTUS\Downloads\Research\outputs\NTU_Pose_Output\A080\S026C001P008R001A080.npy
S026C001P008R002A080,NTU,A080,squat_down,moderate_risk,34,25,3,"(34, 25, 3)",C:\Users\VICTUS\Downloads\Research\outputs\NTU_Pose_Output\A080\S026C001P008R002A080.npy
S026C001P041R001A080,NTU,A080,squat_down,moderate_risk,45,25,3,"(45, 25, 3)",C:\Users\VICTUS\Downloads\Research\outputs\NTU_Pose_Output\A080\S026C001P041R001A080.npy
S026C001P041R002A080,NTU,A080,squat_down,moderate_risk,37,25,3,"(37, 25, 3)",C:\Users\VICTUS\Downloads\Research\outputs\NTU_Pose_Output\A080\S026C001P041R002A080.npy
S026C001P044R001A080,NTU,A080,squat_down,moderate_risk,41,25,3,"(41, 25, 3)",C:\Users\VICTUS\Downloads\Research\outputs\NTU_Pose_Output\A080\S026C001P044R001A080.npy
S026C001P044R002A080,NTU,A080,squat_down,moderate_risk,49,25,3,"(49, 25, 3)",C:\Users\VICTUS\Downloads\Research\outputs\NTU_Pose_Output\A080\S026C001P044R002A080.npy
S026C001P049R001A080,NTU,A080,squat_down,moderate_risk,40,25,3,"(40, 25, 3)",C:\Users\VICTUS\Downloads\Research\outputs\NTU_Pose_Output\A080\S026C001P049R001A080.npy
S026C001P049R002A080,NTU,A080,squat_down,moderate_risk,45,25,3,"(45, 25, 3)",C:\Users\VICTUS\Downloads\Research\outputs\NTU_Pose_Output\A080\S026C001P049R002A080.npy
S026C001P050R001A080,NTU,A080,squat_down,moderate_risk,34,25,3,"(34, 25, 3)",C:\Users\VICTUS\Downloads\Research\outputs\NTU_Pose_Output\A080\S026C001P050R001A080.npy
S026C001P050R002A080,NTU,A080,squat_down,moderate_risk,47,25,3,"(47, 25, 3)",C:\Users\VICTUS\Downloads\Research\outputs\NTU_Pose_Output\A080\S026C001P050R002A080.npy
S026C001P051R001A080,NTU,A080,squat_down,moderate_risk,26,25,3,"(26, 25, 3)",C:\Users\VICTUS\Downloads\Research\outputs\NTU_Pose_Output\A080\S026C001P051R001A080.npy
S026C001P051R002A080,NTU,A080,squat_down,moderate_risk,28,25,3,"(28, 25, 3)",C:\Users\VICTUS\Downloads\Research\outputs\NTU_Pose_Output\A080\S026C001P051R002A080.npy
S026C001P069R001A080,NTU,A080,squat_down,moderate_risk,42,25,3,"(42, 25, 3)",C:\Users\VICTUS\Downloads\Research\outputs\NTU_Pose_Output\A080\S026C001P069R001A080.npy
S026C001P069R002A080,NTU,A080,squat_down,moderate_risk,40,25,3,"(40, 25, 3)",C:\Users\VICTUS\Downloads\Research\outputs\NTU_Pose_Output\A080\S026C001P069R002A080.npy
S026C001P070R001A080,NTU,A080,squat_down,moderate_risk,49,25,3,"(49, 25, 3)",C:\Users\VICTUS\Downloads\Research\outputs\NTU_Pose_Output\A080\S026C001P070R001A080.npy
S026C001P070R002A080,NTU,A080,squat_down,moderate_risk,43,25,3,"(43, 25, 3)",C:\Users\VICTUS\Downloads\Research\outputs\NTU_Pose_Output\A080\S026C001P070R002A080.npy
S026C001P071R001A080,NTU,A080,squat_down,moderate_risk,43,25,3,"(43, 25, 3)",C:\Users\VICTUS\Downloads\Research\outputs\NTU_Pose_Output\A080\S026C001P071R001A080.npy
S026C001P071R002A080,NTU,A080,squat_down,moderate_risk,37,25,3,"(37, 25, 3)",C:\Users\VICTUS\Downloads\Research\outputs\NTU_Pose_Output\A080\S026C001P071R002A080.npy
S026C001P072R001A080,NTU,A080,squat_down,moderate_risk,38,25,3,"(38, 25, 3)",C:\Users\VICTUS\Downloads\Research\outputs\NTU_Pose_Output\A080\S026C001P072R001A080.npy
S026C001P072R002A080,NTU,A080,squat_down,moderate_risk,26,25,3,"(26, 25, 3)",C:\Users\VICTUS\Downloads\Research\outputs\NTU_Pose_Output\A080\S026C001P072R002A080.npy
S026C001P074R001A080,NTU,A080,squat_down,moderate_risk,42,25,3,"(42, 25, 3)",C:\Users\VICTUS\Downloads\Research\outputs\NTU_Pose_Output\A080\S026C001P074R001A080.npy
S026C001P074R002A080,NTU,A080,squat_down,moderate_risk,37,25,3,"(37, 25, 3)",C:\Users\VICTUS\Downloads\Research\outputs\NTU_Pose_Output\A080\S026C001P074R002A080.npy
S026C001P075R001A080,NTU,A080,squat_down,moderate_risk,65,25,3,"(65, 25, 3)",C:\Users\VICTUS\Downloads\Research\outputs\NTU_Pose_Output\A080\S026C001P075R001A080.npy
S026C001P075R002A080,NTU,A080,squat_down,moderate_risk,58,25,3,"(58, 25, 3)",C:\Users\VICTUS\Downloads\Research\outputs\NTU_Pose_Output\A080\S026C001P075R002A080.npy
S026C001P076R001A080,NTU,A080,squat_down,moderate_risk,34,25,3,"(34, 25, 3)",C:\Users\VICTUS\Downloads\Research\outputs\NTU_Pose_Output\A080\S026C001P076R001A080.npy
S026C001P076R002A080,NTU,A080,squat_down,moderate_risk,34,25,3,"(34, 25, 3)",C:\Users\VICTUS\Downloads\Research\outputs\NTU_Pose_Output\A080\S026C001P076R002A080.npy
S026C001P077R001A080,NTU,A080,squat_down,moderate_risk,63,25,3,"(63, 25, 3)",C:\Users\VICTUS\Downloads\Research\outputs\NTU_Pose_Output\A080\S026C001P077R001A080.npy
S026C001P077R002A080,NTU,A080,squat_down,moderate_risk,32,25,3,"(32, 25, 3)",C:\Users\VICTUS\Downloads\Research\outputs\NTU_Pose_Output\A080\S026C001P077R002A080.npy
S026C002P008R001A080,NTU,A080,squat_down,moderate_risk,42,25,3,"(42, 25, 3)",C:\Users\VICTUS\Downloads\Research\outputs\NTU_Pose_Output\A080\S026C002P008R001A080.npy
S026C002P008R002A080,NTU,A080,squat_down,moderate_risk,33,25,3,"(33, 25, 3)",C:\Users\VICTUS\Downloads\Research\outputs\NTU_Pose_Output\A080\S026C002P008R002A080.npy
S026C002P041R001A080,NTU,A080,squat_down,moderate_risk,46,25,3,"(46, 25, 3)",C:\Users\VICTUS\Downloads\Research\outputs\NTU_Pose_Output\A080\S026C002P041R001A080.npy
S026C002P041R002A080,NTU,A080,squat_down,moderate_risk,37,25,3,"(37, 25, 3)",C:\Users\VICTUS\Downloads\Research\outputs\NTU_Pose_Output\A080\S026C002P041R002A080.npy
S026C002P044R001A080,NTU,A080,squat_down,moderate_risk,41,25,3,"(41, 25, 3)",C:\Users\VICTUS\Downloads\Research\outputs\NTU_Pose_Output\A080\S026C002P044R001A080.npy
S026C002P044R002A080,NTU,A080,squat_down,moderate_risk,49,25,3,"(49, 25, 3)",C:\Users\VICTUS\Downloads\Research\outputs\NTU_Pose_Output\A080\S026C002P044R002A080.npy
S026C002P049R001A080,NTU,A080,squat_down,moderate_risk,41,25,3,"(41, 25, 3)",C:\Users\VICTUS\Downloads\Research\outputs\NTU_Pose_Output\A080\S026C002P049R001A080.npy
S026C002P049R002A080,NTU,A080,squat_down,moderate_risk,44,25,3,"(44, 25, 3)",C:\Users\VICTUS\Downloads\Research\outputs\NTU_Pose_Output\A080\S026C002P049R002A080.npy
S026C002P050R001A080,NTU,A080,squat_down,moderate_risk,34,25,3,"(34, 25, 3)",C:\Users\VICTUS\Downloads\Research\outputs\NTU_Pose_Output\A080\S026C002P050R001A080.npy
S026C002P050R002A080,NTU,A080,squat_down,moderate_risk,47,25,3,"(47, 25, 3)",C:\Users\VICTUS\Downloads\Research\outputs\NTU_Pose_Output\A080\S026C002P050R002A080.npy
S026C002P051R001A080,NTU,A080,squat_down,moderate_risk,26,25,3,"(26, 25, 3)",C:\Users\VICTUS\Downloads\Research\outputs\NTU_Pose_Output\A080\S026C002P051R001A080.npy
S026C002P051R002A080,NTU,A080,squat_down,moderate_risk,29,25,3,"(29, 25, 3)",C:\Users\VICTUS\Downloads\Research\outputs\NTU_Pose_Output\A080\S026C002P051R002A080.npy
S026C002P069R001A080,NTU,A080,squat_down,moderate_risk,43,25,3,"(43, 25, 3)",C:\Users\VICTUS\Downloads\Research\outputs\NTU_Pose_Output\A080\S026C002P069R001A080.npy
S026C002P069R002A080,NTU,A080,squat_down,moderate_risk,39,25,3,"(39, 25, 3)",C:\Users\VICTUS\Downloads\Research\outputs\NTU_Pose_Output\A080\S026C002P069R002A080.npy
S026C002P070R001A080,NTU,A080,squat_down,moderate_risk,49,25,3,"(49, 25, 3)",C:\Users\VICTUS\Downloads\Research\outputs\NTU_Pose_Output\A080\S026C002P070R001A080.npy
S026C002P070R002A080,NTU,A080,squat_down,moderate_risk,42,25,3,"(42, 25, 3)",C:\Users\VICTUS\Downloads\Research\outputs\NTU_Pose_Output\A080\S026C002P070R002A080.npy
S026C002P071R001A080,NTU,A080,squat_down,moderate_risk,44,25,3,"(44, 25, 3)",C:\Users\VICTUS\Downloads\Research\outputs\NTU_Pose_Output\A080\S026C002P071R001A080.npy
S026C002P071R002A080,NTU,A080,squat_down,moderate_risk,36,25,3,"(36, 25, 3)",C:\Users\VICTUS\Downloads\Research\outputs\NTU_Pose_Output\A080\S026C002P071R002A080.npy
S026C002P072R001A080,NTU,A080,squat_down,moderate_risk,39,25,3,"(39, 25, 3)",C:\Users\VICTUS\Downloads\Research\outputs\NTU_Pose_Output\A080\S026C002P072R001A080.npy
S026C002P072R002A080,NTU,A080,squat_down,moderate_risk,26,25,3,"(26, 25, 3)",C:\Users\VICTUS\Downloads\Research\outputs\NTU_Pose_Output\A080\S026C002P072R002A080.npy
S026C002P074R001A080,NTU,A080,squat_down,moderate_risk,42,25,3,"(42, 25, 3)",C:\Users\VICTUS\Downloads\Research\outputs\NTU_Pose_Output\A080\S026C002P074R001A080.npy
S026C002P074R002A080,NTU,A080,squat_down,moderate_risk,36,25,3,"(36, 25, 3)",C:\Users\VICTUS\Downloads\Research\outputs\NTU_Pose_Output\A080\S026C002P074R002A080.npy
S026C002P075R001A080,NTU,A080,squat_down,moderate_risk,67,25,3,"(67, 25, 3)",C:\Users\VICTUS\Downloads\Research\outputs\NTU_Pose_Output\A080\S026C002P075R001A080.npy
S026C002P075R002A080,NTU,A080,squat_down,moderate_risk,60,25,3,"(60, 25, 3)",C:\Users\VICTUS\Downloads\Research\outputs\NTU_Pose_Output\A080\S026C002P075R002A080.npy
S026C002P076R001A080,NTU,A080,squat_down,moderate_risk,34,25,3,"(34, 25, 3)",C:\Users\VICTUS\Downloads\Research\outputs\NTU_Pose_Output\A080\S026C002P076R001A080.npy
S026C002P076R002A080,NTU,A080,squat_down,moderate_risk,33,25,3,"(33, 25, 3)",C:\Users\VICTUS\Downloads\Research\outputs\NTU_Pose_Output\A080\S026C002P076R002A080.npy
S026C002P077R001A080,NTU,A080,squat_down,moderate_risk,64,25,3,"(64, 25, 3)",C:\Users\VICTUS\Downloads\Research\outputs\NTU_Pose_Output\A080\S026C002P077R001A080.npy
S026C002P077R002A080,NTU,A080,squat_down,moderate_risk,32,25,3,"(32, 25, 3)",C:\Users\VICTUS\Downloads\Research\outputs\NTU_Pose_Output\A080\S026C002P077R002A080.npy
S026C003P008R001A080,NTU,A080,squat_down,moderate_risk,55,25,3,"(55, 25, 3)",C:\Users\VICTUS\Downloads\Research\outputs\NTU_Pose_Output\A080\S026C003P008R001A080.npy
S026C003P008R002A080,NTU,A080,squat_down,moderate_risk,43,25,3,"(43, 25, 3)",C:\Users\VICTUS\Downloads\Research\outputs\NTU_Pose_Output\A080\S026C003P008R002A080.npy
S026C003P041R001A080,NTU,A080,squat_down,moderate_risk,61,25,3,"(61, 25, 3)",C:\Users\VICTUS\Downloads\Research\outputs\NTU_Pose_Output\A080\S026C003P041R001A080.npy
S026C003P041R002A080,NTU,A080,squat_down,moderate_risk,49,25,3,"(49, 25, 3)",C:\Users\VICTUS\Downloads\Research\outputs\NTU_Pose_Output\A080\S026C003P041R002A080.npy
S026C003P044R001A080,NTU,A080,squat_down,moderate_risk,54,25,3,"(54, 25, 3)",C:\Users\VICTUS\Downloads\Research\outputs\NTU_Pose_Output\A080\S026C003P044R001A080.npy
S026C003P044R002A080,NTU,A080,squat_down,moderate_risk,64,25,3,"(64, 25, 3)",C:\Users\VICTUS\Downloads\Research\outputs\NTU_Pose_Output\A080\S026C003P044R002A080.npy
S026C003P049R001A080,NTU,A080,squat_down,moderate_risk,52,25,3,"(52, 25, 3)",C:\Users\VICTUS\Downloads\Research\outputs\NTU_Pose_Output\A080\S026C003P049R001A080.npy
S026C003P049R002A080,NTU,A080,squat_down,moderate_risk,59,25,3,"(59, 25, 3)",C:\Users\VICTUS\Downloads\Research\outputs\NTU_Pose_Output\A080\S026C003P049R002A080.npy
S026C003P050R001A080,NTU,A080,squat_down,moderate_risk,46,25,3,"(46, 25, 3)",C:\Users\VICTUS\Downloads\Research\outputs\NTU_Pose_Output\A080\S026C003P050R001A080.npy
S026C003P050R002A080,NTU,A080,squat_down,moderate_risk,62,25,3,"(62, 25, 3)",C:\Users\VICTUS\Downloads\Research\outputs\NTU_Pose_Output\A080\S026C003P050R002A080.npy
S026C003P051R001A080,NTU,A080,squat_down,moderate_risk,33,25,3,"(33, 25, 3)",C:\Users\VICTUS\Downloads\Research\outputs\NTU_Pose_Output\A080\S026C003P051R001A080.npy
S026C003P051R002A080,NTU,A080,squat_down,moderate_risk,37,25,3,"(37, 25, 3)",C:\Users\VICTUS\Downloads\Research\outputs\NTU_Pose_Output\A080\S026C003P051R002A080.npy
S026C003P069R001A080,NTU,A080,squat_down,moderate_risk,55,25,3,"(55, 25, 3)",C:\Users\VICTUS\Downloads\Research\outputs\NTU_Pose_Output\A080\S026C003P069R001A080.npy
S026C003P069R002A080,NTU,A080,squat_down,moderate_risk,51,25,3,"(51, 25, 3)",C:\Users\VICTUS\Downloads\Research\outputs\NTU_Pose_Output\A080\S026C003P069R002A080.npy
S026C003P070R001A080,NTU,A080,squat_down,moderate_risk,62,25,3,"(62, 25, 3)",C:\Users\VICTUS\Downloads\Research\outputs\NTU_Pose_Output\A080\S026C003P070R001A080.npy
S026C003P070R002A080,NTU,A080,squat_down,moderate_risk,55,25,3,"(55, 25, 3)",C:\Users\VICTUS\Downloads\Research\outputs\NTU_Pose_Output\A080\S026C003P070R002A080.npy
S026C003P071R001A080,NTU,A080,squat_down,moderate_risk,57,25,3,"(57, 25, 3)",C:\Users\VICTUS\Downloads\Research\outputs\NTU_Pose_Output\A080\S026C003P071R001A080.npy
S026C003P071R002A080,NTU,A080,squat_down,moderate_risk,48,25,3,"(48, 25, 3)",C:\Users\VICTUS\Downloads\Research\outputs\NTU_Pose_Output\A080\S026C003P071R002A080.npy
S026C003P072R001A080,NTU,A080,squat_down,moderate_risk,50,25,3,"(50, 25, 3)",C:\Users\VICTUS\Downloads\Research\outputs\NTU_Pose_Output\A080\S026C003P072R001A080.npy
S026C003P072R002A080,NTU,A080,squat_down,moderate_risk,35,25,3,"(35, 25, 3)",C:\Users\VICTUS\Downloads\Research\outputs\NTU_Pose_Output\A080\S026C003P072R002A080.npy
S026C003P074R001A080,NTU,A080,squat_down,moderate_risk,55,25,3,"(55, 25, 3)",C:\Users\VICTUS\Downloads\Research\outputs\NTU_Pose_Output\A080\S026C003P074R001A080.npy
S026C003P074R002A080,NTU,A080,squat_down,moderate_risk,48,25,3,"(48, 25, 3)",C:\Users\VICTUS\Downloads\Research\outputs\NTU_Pose_Output\A080\S026C003P074R002A080.npy
S026C003P075R001A080,NTU,A080,squat_down,moderate_risk,87,25,3,"(87, 25, 3)",C:\Users\VICTUS\Downloads\Research\outputs\NTU_Pose_Output\A080\S026C003P075R001A080.npy
S026C003P075R002A080,NTU,A080,squat_down,moderate_risk,79,25,3,"(79, 25, 3)",C:\Users\VICTUS\Downloads\Research\outputs\NTU_Pose_Output\A080\S026C003P075R002A080.npy
S026C003P076R001A080,NTU,A080,squat_down,moderate_risk,44,25,3,"(44, 25, 3)",C:\Users\VICTUS\Downloads\Research\outputs\NTU_Pose_Output\A080\S026C003P076R001A080.npy
S026C003P076R002A080,NTU,A080,squat_down,moderate_risk,45,25,3,"(45, 25, 3)",C:\Users\VICTUS\Downloads\Research\outputs\NTU_Pose_Output\A080\S026C003P076R002A080.npy
S026C003P077R001A080,NTU,A080,squat_down,moderate_risk,83,25,3,"(83, 25, 3)",C:\Users\VICTUS\Downloads\Research\outputs\NTU_Pose_Output\A080\S026C003P077R001A080.npy
S026C003P077R002A080,NTU,A080,squat_down,moderate_risk,42,25,3,"(42, 25, 3)",C:\Users\VICTUS\Downloads\Research\outputs\NTU_Pose_Output\A080\S026C003P077R002A080.npy
S027C001P006R001A080,NTU,A080,squat_down,moderate_risk,43,25,3,"(43, 25, 3)",C:\Users\VICTUS\Downloads\Research\outputs\NTU_Pose_Output\A080\S027C001P006R001A080.npy
S027C001P006R002A080,NTU,A080,squat_down,moderate_risk,34,25,3,"(34, 25, 3)",C:\Users\VICTUS\Downloads\Research\outputs\NTU_Pose_Output\A080\S027C001P006R002A080.npy
S027C001P008R001A080,NTU,A080,squat_down,moderate_risk,31,25,3,"(31, 25, 3)",C:\Users\VICTUS\Downloads\Research\outputs\NTU_Pose_Output\A080\S027C001P008R001A080.npy
S027C001P008R002A080,NTU,A080,squat_down,moderate_risk,29,25,3,"(29, 25, 3)",C:\Users\VICTUS\Downloads\Research\outputs\NTU_Pose_Output\A080\S027C001P008R002A080.npy
S027C001P011R001A080,NTU,A080,squat_down,moderate_risk,39,25,3,"(39, 25, 3)",C:\Users\VICTUS\Downloads\Research\outputs\NTU_Pose_Output\A080\S027C001P011R001A080.npy
S027C001P011R002A080,NTU,A080,squat_down,moderate_risk,36,25,3,"(36, 25, 3)",C:\Users\VICTUS\Downloads\Research\outputs\NTU_Pose_Output\A080\S027C001P011R002A080.npy
S027C001P041R001A080,NTU,A080,squat_down,moderate_risk,44,25,3,"(44, 25, 3)",C:\Users\VICTUS\Downloads\Research\outputs\NTU_Pose_Output\A080\S027C001P041R001A080.npy
S027C001P041R002A080,NTU,A080,squat_down,moderate_risk,40,25,3,"(40, 25, 3)",C:\Users\VICTUS\Downloads\Research\outputs\NTU_Pose_Output\A080\S027C001P041R002A080.npy
S027C001P043R001A080,NTU,A080,squat_down,moderate_risk,33,25,3,"(33, 25, 3)",C:\Users\VICTUS\Downloads\Research\outputs\NTU_Pose_Output\A080\S027C001P043R001A080.npy
S027C001P043R002A080,NTU,A080,squat_down,moderate_risk,53,25,3,"(53, 25, 3)",C:\Users\VICTUS\Downloads\Research\outputs\NTU_Pose_Output\A080\S027C001P043R002A080.npy
S027C001P044R001A080,NTU,A080,squat_down,moderate_risk,44,25,3,"(44, 25, 3)",C:\Users\VICTUS\Downloads\Research\outputs\NTU_Pose_Output\A080\S027C001P044R001A080.npy
S027C001P044R002A080,NTU,A080,squat_down,moderate_risk,37,25,3,"(37, 25, 3)",C:\Users\VICTUS\Downloads\Research\outputs\NTU_Pose_Output\A080\S027C001P044R002A080.npy
S027C001P078R001A080,NTU,A080,squat_down,moderate_risk,62,25,3,"(62, 25, 3)",C:\Users\VICTUS\Downloads\Research\outputs\NTU_Pose_Output\A080\S027C001P078R001A080.npy
S027C001P078R002A080,NTU,A080,squat_down,moderate_risk,34,25,3,"(34, 25, 3)",C:\Users\VICTUS\Downloads\Research\outputs\NTU_Pose_Output\A080\S027C001P078R002A080.npy
S027C001P079R001A080,NTU,A080,squat_down,moderate_risk,36,25,3,"(36, 25, 3)",C:\Users\VICTUS\Downloads\Research\outputs\NTU_Pose_Output\A080\S027C001P079R001A080.npy
S027C001P079R002A080,NTU,A080,squat_down,moderate_risk,33,25,3,"(33, 25, 3)",C:\Users\VICTUS\Downloads\Research\outputs\NTU_Pose_Output\A080\S027C001P079R002A080.npy
S027C001P080R001A080,NTU,A080,squat_down,moderate_risk,70,25,3,"(70, 25, 3)",C:\Users\VICTUS\Downloads\Research\outputs\NTU_Pose_Output\A080\S027C001P080R001A080.npy
S027C001P080R002A080,NTU,A080,squat_down,moderate_risk,40,25,3,"(40, 25, 3)",C:\Users\VICTUS\Downloads\Research\outputs\NTU_Pose_Output\A080\S027C001P080R002A080.npy
S027C001P081R001A080,NTU,A080,squat_down,moderate_risk,47,25,3,"(47, 25, 3)",C:\Users\VICTUS\Downloads\Research\outputs\NTU_Pose_Output\A080\S027C001P081R001A080.npy
S027C001P081R002A080,NTU,A080,squat_down,moderate_risk,43,25,3,"(43, 25, 3)",C:\Users\VICTUS\Downloads\Research\outputs\NTU_Pose_Output\A080\S027C001P081R002A080.npy
S027C001P082R001A080,NTU,A080,squat_down,moderate_risk,25,25,3,"(25, 25, 3)",C:\Users\VICTUS\Downloads\Research\outputs\NTU_Pose_Output\A080\S027C001P082R001A080.npy
S027C001P082R002A080,NTU,A080,squat_down,moderate_risk,29,25,3,"(29, 25, 3)",C:\Users\VICTUS\Downloads\Research\outputs\NTU_Pose_Output\A080\S027C001P082R002A080.npy
S027C001P083R001A080,NTU,A080,squat_down,moderate_risk,27,25,3,"(27, 25, 3)",C:\Users\VICTUS\Downloads\Research\outputs\NTU_Pose_Output\A080\S027C001P083R001A080.npy
S027C001P083R002A080,NTU,A080,squat_down,moderate_risk,28,25,3,"(28, 25, 3)",C:\Users\VICTUS\Downloads\Research\outputs\NTU_Pose_Output\A080\S027C001P083R002A080.npy
S027C001P084R001A080,NTU,A080,squat_down,moderate_risk,28,25,3,"(28, 25, 3)",C:\Users\VICTUS\Downloads\Research\outputs\NTU_Pose_Output\A080\S027C001P084R001A080.npy
S027C001P084R002A080,NTU,A080,squat_down,moderate_risk,32,25,3,"(32, 25, 3)",C:\Users\VICTUS\Downloads\Research\outputs\NTU_Pose_Output\A080\S027C001P084R002A080.npy
S027C001P085R001A080,NTU,A080,squat_down,moderate_risk,43,25,3,"(43, 25, 3)",C:\Users\VICTUS\Downloads\Research\outputs\NTU_Pose_Output\A080\S027C001P085R001A080.npy
S027C001P085R002A080,NTU,A080,squat_down,moderate_risk,50,25,3,"(50, 25, 3)",C:\Users\VICTUS\Downloads\Research\outputs\NTU_Pose_Output\A080\S027C001P085R002A080.npy
S027C001P086R001A080,NTU,A080,squat_down,moderate_risk,40,25,3,"(40, 25, 3)",C:\Users\VICTUS\Downloads\Research\outputs\NTU_Pose_Output\A080\S027C001P086R001A080.npy
S027C001P086R002A080,NTU,A080,squat_down,moderate_risk,33,25,3,"(33, 25, 3)",C:\Users\VICTUS\Downloads\Research\outputs\NTU_Pose_Output\A080\S027C001P086R002A080.npy
S027C002P006R001A080,NTU,A080,squat_down,moderate_risk,43,25,3,"(43, 25, 3)",C:\Users\VICTUS\Downloads\Research\outputs\NTU_Pose_Output\A080\S027C002P006R001A080.npy
S027C002P006R002A080,NTU,A080,squat_down,moderate_risk,34,25,3,"(34, 25, 3)",C:\Users\VICTUS\Downloads\Research\outputs\NTU_Pose_Output\A080\S027C002P006R002A080.npy
S027C002P008R001A080,NTU,A080,squat_down,moderate_risk,32,25,3,"(32, 25, 3)",C:\Users\VICTUS\Downloads\Research\outputs\NTU_Pose_Output\A080\S027C002P008R001A080.npy
S027C002P008R002A080,NTU,A080,squat_down,moderate_risk,30,25,3,"(30, 25, 3)",C:\Users\VICTUS\Downloads\Research\outputs\NTU_Pose_Output\A080\S027C002P008R002A080.npy
S027C002P011R001A080,NTU,A080,squat_down,moderate_risk,39,25,3,"(39, 25, 3)",C:\Users\VICTUS\Downloads\Research\outputs\NTU_Pose_Output\A080\S027C002P011R001A080.npy
S027C002P011R002A080,NTU,A080,squat_down,moderate_risk,36,25,3,"(36, 25, 3)",C:\Users\VICTUS\Downloads\Research\outputs\NTU_Pose_Output\A080\S027C002P011R002A080.npy
S027C002P041R001A080,NTU,A080,squat_down,moderate_risk,42,25,3,"(42, 25, 3)",C:\Users\VICTUS\Downloads\Research\outputs\NTU_Pose_Output\A080\S027C002P041R001A080.npy
S027C002P041R002A080,NTU,A080,squat_down,moderate_risk,38,25,3,"(38, 25, 3)",C:\Users\VICTUS\Downloads\Research\outputs\NTU_Pose_Output\A080\S027C002P041R002A080.npy
S027C002P043R001A080,NTU,A080,squat_down,moderate_risk,33,25,3,"(33, 25, 3)",C:\Users\VICTUS\Downloads\Research\outputs\NTU_Pose_Output\A080\S027C002P043R001A080.npy
S027C002P043R002A080,NTU,A080,squat_down,moderate_risk,52,25,3,"(52, 25, 3)",C:\Users\VICTUS\Downloads\Research\outputs\NTU_Pose_Output\A080\S027C002P043R002A080.npy
S027C002P044R001A080,NTU,A080,squat_down,moderate_risk,41,25,3,"(41, 25, 3)",C:\Users\VICTUS\Downloads\Research\outputs\NTU_Pose_Output\A080\S027C002P044R001A080.npy
S027C002P044R002A080,NTU,A080,squat_down,moderate_risk,35,25,3,"(35, 25, 3)",C:\Users\VICTUS\Downloads\Research\outputs\NTU_Pose_Output\A080\S027C002P044R002A080.npy
S027C002P078R001A080,NTU,A080,squat_down,moderate_risk,62,25,3,"(62, 25, 3)",C:\Users\VICTUS\Downloads\Research\outputs\NTU_Pose_Output\A080\S027C002P078R001A080.npy
S027C002P078R002A080,NTU,A080,squat_down,moderate_risk,34,25,3,"(34, 25, 3)",C:\Users\VICTUS\Downloads\Research\outputs\NTU_Pose_Output\A080\S027C002P078R002A080.npy
S027C002P079R001A080,NTU,A080,squat_down,moderate_risk,36,25,3,"(36, 25, 3)",C:\Users\VICTUS\Downloads\Research\outputs\NTU_Pose_Output\A080\S027C002P079R001A080.npy
S027C002P079R002A080,NTU,A080,squat_down,moderate_risk,33,25,3,"(33, 25, 3)",C:\Users\VICTUS\Downloads\Research\outputs\NTU_Pose_Output\A080\S027C002P079R002A080.npy
S027C002P080R001A080,NTU,A080,squat_down,moderate_risk,71,25,3,"(71, 25, 3)",C:\Users\VICTUS\Downloads\Research\outputs\NTU_Pose_Output\A080\S027C002P080R001A080.npy
S027C002P080R002A080,NTU,A080,squat_down,moderate_risk,39,25,3,"(39, 25, 3)",C:\Users\VICTUS\Downloads\Research\outputs\NTU_Pose_Output\A080\S027C002P080R002A080.npy
S027C002P081R001A080,NTU,A080,squat_down,moderate_risk,47,25,3,"(47, 25, 3)",C:\Users\VICTUS\Downloads\Research\outputs\NTU_Pose_Output\A080\S027C002P081R001A080.npy
S027C002P081R002A080,NTU,A080,squat_down,moderate_risk,43,25,3,"(43, 25, 3)",C:\Users\VICTUS\Downloads\Research\outputs\NTU_Pose_Output\A080\S027C002P081R002A080.npy
S027C002P082R001A080,NTU,A080,squat_down,moderate_risk,26,25,3,"(26, 25, 3)",C:\Users\VICTUS\Downloads\Research\outputs\NTU_Pose_Output\A080\S027C002P082R001A080.npy
S027C002P082R002A080,NTU,A080,squat_down,moderate_risk,30,25,3,"(30, 25, 3)",C:\Users\VICTUS\Downloads\Research\outputs\NTU_Pose_Output\A080\S027C002P082R002A080.npy
S027C002P083R001A080,NTU,A080,squat_down,moderate_risk,27,25,3,"(27, 25, 3)",C:\Users\VICTUS\Downloads\Research\outputs\NTU_Pose_Output\A080\S027C002P083R001A080.npy
S027C002P083R002A080,NTU,A080,squat_down,moderate_risk,28,25,3,"(28, 25, 3)",C:\Users\VICTUS\Downloads\Research\outputs\NTU_Pose_Output\A080\S027C002P083R002A080.npy
S027C002P084R001A080,NTU,A080,squat_down,moderate_risk,28,25,3,"(28, 25, 3)",C:\Users\VICTUS\Downloads\Research\outputs\NTU_Pose_Output\A080\S027C002P084R001A080.npy
S027C002P084R002A080,NTU,A080,squat_down,moderate_risk,33,25,3,"(33, 25, 3)",C:\Users\VICTUS\Downloads\Research\outputs\NTU_Pose_Output\A080\S027C002P084R002A080.npy
S027C002P085R001A080,NTU,A080,squat_down,moderate_risk,43,25,3,"(43, 25, 3)",C:\Users\VICTUS\Downloads\Research\outputs\NTU_Pose_Output\A080\S027C002P085R001A080.npy
S027C002P085R002A080,NTU,A080,squat_down,moderate_risk,51,25,3,"(51, 25, 3)",C:\Users\VICTUS\Downloads\Research\outputs\NTU_Pose_Output\A080\S027C002P085R002A080.npy
S027C002P086R001A080,NTU,A080,squat_down,moderate_risk,41,25,3,"(41, 25, 3)",C:\Users\VICTUS\Downloads\Research\outputs\NTU_Pose_Output\A080\S027C002P086R001A080.npy
S027C002P086R002A080,NTU,A080,squat_down,moderate_risk,32,25,3,"(32, 25, 3)",C:\Users\VICTUS\Downloads\Research\outputs\NTU_Pose_Output\A080\S027C002P086R002A080.npy
S027C003P006R001A080,NTU,A080,squat_down,moderate_risk,57,25,3,"(57, 25, 3)",C:\Users\VICTUS\Downloads\Research\outputs\NTU_Pose_Output\A080\S027C003P006R001A080.npy
S027C003P006R002A080,NTU,A080,squat_down,moderate_risk,45,25,3,"(45, 25, 3)",C:\Users\VICTUS\Downloads\Research\outputs\NTU_Pose_Output\A080\S027C003P006R002A080.npy
S027C003P008R001A080,NTU,A080,squat_down,moderate_risk,40,25,3,"(40, 25, 3)",C:\Users\VICTUS\Downloads\Research\outputs\NTU_Pose_Output\A080\S027C003P008R001A080.npy
S027C003P008R002A080,NTU,A080,squat_down,moderate_risk,38,25,3,"(38, 25, 3)",C:\Users\VICTUS\Downloads\Research\outputs\NTU_Pose_Output\A080\S027C003P008R002A080.npy
S027C003P011R001A080,NTU,A080,squat_down,moderate_risk,52,25,3,"(52, 25, 3)",C:\Users\VICTUS\Downloads\Research\outputs\NTU_Pose_Output\A080\S027C003P011R001A080.npy
S027C003P011R002A080,NTU,A080,squat_down,moderate_risk,47,25,3,"(47, 25, 3)",C:\Users\VICTUS\Downloads\Research\outputs\NTU_Pose_Output\A080\S027C003P011R002A080.npy
S027C003P041R001A080,NTU,A080,squat_down,moderate_risk,58,25,3,"(58, 25, 3)",C:\Users\VICTUS\Downloads\Research\outputs\NTU_Pose_Output\A080\S027C003P041R001A080.npy
S027C003P041R002A080,NTU,A080,squat_down,moderate_risk,54,25,3,"(54, 25, 3)",C:\Users\VICTUS\Downloads\Research\outputs\NTU_Pose_Output\A080\S027C003P041R002A080.npy
S027C003P043R001A080,NTU,A080,squat_down,moderate_risk,44,25,3,"(44, 25, 3)",C:\Users\VICTUS\Downloads\Research\outputs\NTU_Pose_Output\A080\S027C003P043R001A080.npy
S027C003P043R002A080,NTU,A080,squat_down,moderate_risk,69,25,3,"(69, 25, 3)",C:\Users\VICTUS\Downloads\Research\outputs\NTU_Pose_Output\A080\S027C003P043R002A080.npy
S027C003P044R001A080,NTU,A080,squat_down,moderate_risk,57,25,3,"(57, 25, 3)",C:\Users\VICTUS\Downloads\Research\outputs\NTU_Pose_Output\A080\S027C003P044R001A080.npy
S027C003P044R002A080,NTU,A080,squat_down,moderate_risk,47,25,3,"(47, 25, 3)",C:\Users\VICTUS\Downloads\Research\outputs\NTU_Pose_Output\A080\S027C003P044R002A080.npy
S027C003P078R001A080,NTU,A080,squat_down,moderate_risk,80,25,3,"(80, 25, 3)",C:\Users\VICTUS\Downloads\Research\outputs\NTU_Pose_Output\A080\S027C003P078R001A080.npy
S027C003P078R002A080,NTU,A080,squat_down,moderate_risk,44,25,3,"(44, 25, 3)",C:\Users\VICTUS\Downloads\Research\outputs\NTU_Pose_Output\A080\S027C003P078R002A080.npy
S027C003P079R001A080,NTU,A080,squat_down,moderate_risk,47,25,3,"(47, 25, 3)",C:\Users\VICTUS\Downloads\Research\outputs\NTU_Pose_Output\A080\S027C003P079R001A080.npy
S027C003P079R002A080,NTU,A080,squat_down,moderate_risk,43,25,3,"(43, 25, 3)",C:\Users\VICTUS\Downloads\Research\outputs\NTU_Pose_Output\A080\S027C003P079R002A080.npy
S027C003P080R001A080,NTU,A080,squat_down,moderate_risk,92,25,3,"(92, 25, 3)",C:\Users\VICTUS\Downloads\Research\outputs\NTU_Pose_Output\A080\S027C003P080R001A080.npy
S027C003P080R002A080,NTU,A080,squat_down,moderate_risk,51,25,3,"(51, 25, 3)",C:\Users\VICTUS\Downloads\Research\outputs\NTU_Pose_Output\A080\S027C003P080R002A080.npy
S027C003P081R001A080,NTU,A080,squat_down,moderate_risk,61,25,3,"(61, 25, 3)",C:\Users\VICTUS\Downloads\Research\outputs\NTU_Pose_Output\A080\S027C003P081R001A080.npy
S027C003P081R002A080,NTU,A080,squat_down,moderate_risk,55,25,3,"(55, 25, 3)",C:\Users\VICTUS\Downloads\Research\outputs\NTU_Pose_Output\A080\S027C003P081R002A080.npy
S027C003P082R001A080,NTU,A080,squat_down,moderate_risk,33,25,3,"(33, 25, 3)",C:\Users\VICTUS\Downloads\Research\outputs\NTU_Pose_Output\A080\S027C003P082R001A080.npy
S027C003P082R002A080,NTU,A080,squat_down,moderate_risk,38,25,3,"(38, 25, 3)",C:\Users\VICTUS\Downloads\Research\outputs\NTU_Pose_Output\A080\S027C003P082R002A080.npy
S027C003P083R001A080,NTU,A080,squat_down,moderate_risk,36,25,3,"(36, 25, 3)",C:\Users\VICTUS\Downloads\Research\outputs\NTU_Pose_Output\A080\S027C003P083R001A080.npy
S027C003P083R002A080,NTU,A080,squat_down,moderate_risk,37,25,3,"(37, 25, 3)",C:\Users\VICTUS\Downloads\Research\outputs\NTU_Pose_Output\A080\S027C003P083R002A080.npy
S027C003P084R001A080,NTU,A080,squat_down,moderate_risk,36,25,3,"(36, 25, 3)",C:\Users\VICTUS\Downloads\Research\outputs\NTU_Pose_Output\A080\S027C003P084R001A080.npy
S027C003P084R002A080,NTU,A080,squat_down,moderate_risk,44,25,3,"(44, 25, 3)",C:\Users\VICTUS\Downloads\Research\outputs\NTU_Pose_Output\A080\S027C003P084R002A080.npy
S027C003P085R001A080,NTU,A080,squat_down,moderate_risk,55,25,3,"(55, 25, 3)",C:\Users\VICTUS\Downloads\Research\outputs\NTU_Pose_Output\A080\S027C003P085R001A080.npy
S027C003P085R002A080,NTU,A080,squat_down,moderate_risk,66,25,3,"(66, 25, 3)",C:\Users\VICTUS\Downloads\Research\outputs\NTU_Pose_Output\A080\S027C003P085R002A080.npy
S027C003P086R001A080,NTU,A080,squat_down,moderate_risk,52,25,3,"(52, 25, 3)",C:\Users\VICTUS\Downloads\Research\outputs\NTU_Pose_Output\A080\S027C003P086R001A080.npy
S027C003P086R002A080,NTU,A080,squat_down,moderate_risk,43,25,3,"(43, 25, 3)",C:\Users\VICTUS\Downloads\Research\outputs\NTU_Pose_Output\A080\S027C003P086R002A080.npy
S028C001P008R001A080,NTU,A080,squat_down,moderate_risk,33,25,3,"(33, 25, 3)",C:\Users\VICTUS\Downloads\Research\outputs\NTU_Pose_Output\A080\S028C001P008R001A080.npy
S028C001P008R002A080,NTU,A080,squat_down,moderate_risk,37,25,3,"(37, 25, 3)",C:\Users\VICTUS\Downloads\Research\outputs\NTU_Pose_Output\A080\S028C001P008R002A080.npy
S028C001P041R001A080,NTU,A080,squat_down,moderate_risk,35,25,3,"(35, 25, 3)",C:\Users\VICTUS\Downloads\Research\outputs\NTU_Pose_Output\A080\S028C001P041R001A080.npy
S028C001P041R002A080,NTU,A080,squat_down,moderate_risk,45,25,3,"(45, 25, 3)",C:\Users\VICTUS\Downloads\Research\outputs\NTU_Pose_Output\A080\S028C001P041R002A080.npy
S028C001P042R001A080,NTU,A080,squat_down,moderate_risk,32,25,3,"(32, 25, 3)",C:\Users\VICTUS\Downloads\Research\outputs\NTU_Pose_Output\A080\S028C001P042R001A080.npy
S028C001P042R002A080,NTU,A080,squat_down,moderate_risk,31,25,3,"(31, 25, 3)",C:\Users\VICTUS\Downloads\Research\outputs\NTU_Pose_Output\A080\S028C001P042R002A080.npy
S028C001P043R001A080,NTU,A080,squat_down,moderate_risk,31,25,3,"(31, 25, 3)",C:\Users\VICTUS\Downloads\Research\outputs\NTU_Pose_Output\A080\S028C001P043R001A080.npy
S028C001P043R002A080,NTU,A080,squat_down,moderate_risk,38,25,3,"(38, 25, 3)",C:\Users\VICTUS\Downloads\Research\outputs\NTU_Pose_Output\A080\S028C001P043R002A080.npy
S028C001P046R001A080,NTU,A080,squat_down,moderate_risk,37,25,3,"(37, 25, 3)",C:\Users\VICTUS\Downloads\Research\outputs\NTU_Pose_Output\A080\S028C001P046R001A080.npy
S028C001P046R002A080,NTU,A080,squat_down,moderate_risk,29,25,3,"(29, 25, 3)",C:\Users\VICTUS\Downloads\Research\outputs\NTU_Pose_Output\A080\S028C001P046R002A080.npy
S028C001P048R001A080,NTU,A080,squat_down,moderate_risk,32,25,3,"(32, 25, 3)",C:\Users\VICTUS\Downloads\Research\outputs\NTU_Pose_Output\A080\S028C001P048R001A080.npy
S028C001P048R002A080,NTU,A080,squat_down,moderate_risk,36,25,3,"(36, 25, 3)",C:\Users\VICTUS\Downloads\Research\outputs\NTU_Pose_Output\A080\S028C001P048R002A080.npy
S028C001P070R001A080,NTU,A080,squat_down,moderate_risk,47,25,3,"(47, 25, 3)",C:\Users\VICTUS\Downloads\Research\outputs\NTU_Pose_Output\A080\S028C001P070R001A080.npy
S028C001P070R002A080,NTU,A080,squat_down,moderate_risk,46,25,3,"(46, 25, 3)",C:\Users\VICTUS\Downloads\Research\outputs\NTU_Pose_Output\A080\S028C001P070R002A080.npy
S028C001P073R001A080,NTU,A080,squat_down,moderate_risk,43,25,3,"(43, 25, 3)",C:\Users\VICTUS\Downloads\Research\outputs\NTU_Pose_Output\A080\S028C001P073R001A080.npy
S028C001P073R002A080,NTU,A080,squat_down,moderate_risk,49,25,3,"(49, 25, 3)",C:\Users\VICTUS\Downloads\Research\outputs\NTU_Pose_Output\A080\S028C001P073R002A080.npy
S028C001P087R001A080,NTU,A080,squat_down,moderate_risk,34,25,3,"(34, 25, 3)",C:\Users\VICTUS\Downloads\Research\outputs\NTU_Pose_Output\A080\S028C001P087R001A080.npy
S028C001P087R002A080,NTU,A080,squat_down,moderate_risk,44,25,3,"(44, 25, 3)",C:\Users\VICTUS\Downloads\Research\outputs\NTU_Pose_Output\A080\S028C001P087R002A080.npy
S028C002P008R001A080,NTU,A080,squat_down,moderate_risk,33,25,3,"(33, 25, 3)",C:\Users\VICTUS\Downloads\Research\outputs\NTU_Pose_Output\A080\S028C002P008R001A080.npy
S028C002P008R002A080,NTU,A080,squat_down,moderate_risk,37,25,3,"(37, 25, 3)",C:\Users\VICTUS\Downloads\Research\outputs\NTU_Pose_Output\A080\S028C002P008R002A080.npy
S028C002P041R001A080,NTU,A080,squat_down,moderate_risk,35,25,3,"(35, 25, 3)",C:\Users\VICTUS\Downloads\Research\outputs\NTU_Pose_Output\A080\S028C002P041R001A080.npy
S028C002P041R002A080,NTU,A080,squat_down,moderate_risk,45,25,3,"(45, 25, 3)",C:\Users\VICTUS\Downloads\Research\outputs\NTU_Pose_Output\A080\S028C002P041R002A080.npy
S028C002P042R001A080,NTU,A080,squat_down,moderate_risk,32,25,3,"(32, 25, 3)",C:\Users\VICTUS\Downloads\Research\outputs\NTU_Pose_Output\A080\S028C002P042R001A080.npy
S028C002P042R002A080,NTU,A080,squat_down,moderate_risk,32,25,3,"(32, 25, 3)",C:\Users\VICTUS\Downloads\Research\outputs\NTU_Pose_Output\A080\S028C002P042R002A080.npy
S028C002P043R001A080,NTU,A080,squat_down,moderate_risk,31,25,3,"(31, 25, 3)",C:\Users\VICTUS\Downloads\Research\outputs\NTU_Pose_Output\A080\S028C002P043R001A080.npy
S028C002P043R002A080,NTU,A080,squat_down,moderate_risk,38,25,3,"(38, 25, 3)",C:\Users\VICTUS\Downloads\Research\outputs\NTU_Pose_Output\A080\S028C002P043R002A080.npy
S028C002P046R001A080,NTU,A080,squat_down,moderate_risk,37,25,3,"(37, 25, 3)",C:\Users\VICTUS\Downloads\Research\outputs\NTU_Pose_Output\A080\S028C002P046R001A080.npy
S028C002P046R002A080,NTU,A080,squat_down,moderate_risk,28,25,3,"(28, 25, 3)",C:\Users\VICTUS\Downloads\Research\outputs\NTU_Pose_Output\A080\S028C002P046R002A080.npy
S028C002P048R001A080,NTU,A080,squat_down,moderate_risk,32,25,3,"(32, 25, 3)",C:\Users\VICTUS\Downloads\Research\outputs\NTU_Pose_Output\A080\S028C002P048R001A080.npy
S028C002P048R002A080,NTU,A080,squat_down,moderate_risk,36,25,3,"(36, 25, 3)",C:\Users\VICTUS\Downloads\Research\outputs\NTU_Pose_Output\A080\S028C002P048R002A080.npy
S028C002P070R001A080,NTU,A080,squat_down,moderate_risk,47,25,3,"(47, 25, 3)",C:\Users\VICTUS\Downloads\Research\outputs\NTU_Pose_Output\A080\S028C002P070R001A080.npy
S028C002P070R002A080,NTU,A080,squat_down,moderate_risk,46,25,3,"(46, 25, 3)",C:\Users\VICTUS\Downloads\Research\outputs\NTU_Pose_Output\A080\S028C002P070R002A080.npy
S028C002P073R001A080,NTU,A080,squat_down,moderate_risk,45,25,3,"(45, 25, 3)",C:\Users\VICTUS\Downloads\Research\outputs\NTU_Pose_Output\A080\S028C002P073R001A080.npy
S028C002P073R002A080,NTU,A080,squat_down,moderate_risk,50,25,3,"(50, 25, 3)",C:\Users\VICTUS\Downloads\Research\outputs\NTU_Pose_Output\A080\S028C002P073R002A080.npy
S028C002P087R001A080,NTU,A080,squat_down,moderate_risk,34,25,3,"(34, 25, 3)",C:\Users\VICTUS\Downloads\Research\outputs\NTU_Pose_Output\A080\S028C002P087R001A080.npy
S028C002P087R002A080,NTU,A080,squat_down,moderate_risk,44,25,3,"(44, 25, 3)",C:\Users\VICTUS\Downloads\Research\outputs\NTU_Pose_Output\A080\S028C002P087R002A080.npy
S028C003P008R001A080,NTU,A080,squat_down,moderate_risk,43,25,3,"(43, 25, 3)",C:\Users\VICTUS\Downloads\Research\outputs\NTU_Pose_Output\A080\S028C003P008R001A080.npy
S028C003P008R002A080,NTU,A080,squat_down,moderate_risk,49,25,3,"(49, 25, 3)",C:\Users\VICTUS\Downloads\Research\outputs\NTU_Pose_Output\A080\S028C003P008R002A080.npy
S028C003P041R001A080,NTU,A080,squat_down,moderate_risk,46,25,3,"(46, 25, 3)",C:\Users\VICTUS\Downloads\Research\outputs\NTU_Pose_Output\A080\S028C003P041R001A080.npy
S028C003P041R002A080,NTU,A080,squat_down,moderate_risk,60,25,3,"(60, 25, 3)",C:\Users\VICTUS\Downloads\Research\outputs\NTU_Pose_Output\A080\S028C003P041R002A080.npy
S028C003P042R001A080,NTU,A080,squat_down,moderate_risk,42,25,3,"(42, 25, 3)",C:\Users\VICTUS\Downloads\Research\outputs\NTU_Pose_Output\A080\S028C003P042R001A080.npy
S028C003P042R002A080,NTU,A080,squat_down,moderate_risk,42,25,3,"(42, 25, 3)",C:\Users\VICTUS\Downloads\Research\outputs\NTU_Pose_Output\A080\S028C003P042R002A080.npy
S028C003P043R001A080,NTU,A080,squat_down,moderate_risk,43,25,3,"(43, 25, 3)",C:\Users\VICTUS\Downloads\Research\outputs\NTU_Pose_Output\A080\S028C003P043R001A080.npy
S028C003P043R002A080,NTU,A080,squat_down,moderate_risk,50,25,3,"(50, 25, 3)",C:\Users\VICTUS\Downloads\Research\outputs\NTU_Pose_Output\A080\S028C003P043R002A080.npy
S028C003P046R001A080,NTU,A080,squat_down,moderate_risk,49,25,3,"(49, 25, 3)",C:\Users\VICTUS\Downloads\Research\outputs\NTU_Pose_Output\A080\S028C003P046R001A080.npy
S028C003P046R002A080,NTU,A080,squat_down,moderate_risk,37,25,3,"(37, 25, 3)",C:\Users\VICTUS\Downloads\Research\outputs\NTU_Pose_Output\A080\S028C003P046R002A080.npy
S028C003P048R001A080,NTU,A080,squat_down,moderate_risk,43,25,3,"(43, 25, 3)",C:\Users\VICTUS\Downloads\Research\outputs\NTU_Pose_Output\A080\S028C003P048R001A080.npy
S028C003P048R002A080,NTU,A080,squat_down,moderate_risk,48,25,3,"(48, 25, 3)",C:\Users\VICTUS\Downloads\Research\outputs\NTU_Pose_Output\A080\S028C003P048R002A080.npy
S028C003P070R001A080,NTU,A080,squat_down,moderate_risk,61,25,3,"(61, 25, 3)",C:\Users\VICTUS\Downloads\Research\outputs\NTU_Pose_Output\A080\S028C003P070R001A080.npy
S028C003P070R002A080,NTU,A080,squat_down,moderate_risk,59,25,3,"(59, 25, 3)",C:\Users\VICTUS\Downloads\Research\outputs\NTU_Pose_Output\A080\S028C003P070R002A080.npy
S028C003P073R001A080,NTU,A080,squat_down,moderate_risk,59,25,3,"(59, 25, 3)",C:\Users\VICTUS\Downloads\Research\outputs\NTU_Pose_Output\A080\S028C003P073R001A080.npy
S028C003P073R002A080,NTU,A080,squat_down,moderate_risk,66,25,3,"(66, 25, 3)",C:\Users\VICTUS\Downloads\Research\outputs\NTU_Pose_Output\A080\S028C003P073R002A080.npy
S028C003P087R001A080,NTU,A080,squat_down,moderate_risk,43,25,3,"(43, 25, 3)",C:\Users\VICTUS\Downloads\Research\outputs\NTU_Pose_Output\A080\S028C003P087R001A080.npy
S028C003P087R002A080,NTU,A080,squat_down,moderate_risk,58,25,3,"(58, 25, 3)",C:\Users\VICTUS\Downloads\Research\outputs\NTU_Pose_Output\A080\S028C003P087R002A080.npy
S029C001P006R001A080,NTU,A080,squat_down,moderate_risk,31,25,3,"(31, 25, 3)",C:\Users\VICTUS\Downloads\Research\outputs\NTU_Pose_Output\A080\S029C001P006R001A080.npy
S029C001P006R002A080,NTU,A080,squat_down,moderate_risk,36,25,3,"(36, 25, 3)",C:\Users\VICTUS\Downloads\Research\outputs\NTU_Pose_Output\A080\S029C001P006R002A080.npy
S029C001P008R001A080,NTU,A080,squat_down,moderate_risk,35,25,3,"(35, 25, 3)",C:\Users\VICTUS\Downloads\Research\outputs\NTU_Pose_Output\A080\S029C001P008R001A080.npy
S029C001P008R002A080,NTU,A080,squat_down,moderate_risk,27,25,3,"(27, 25, 3)",C:\Users\VICTUS\Downloads\Research\outputs\NTU_Pose_Output\A080\S029C001P008R002A080.npy
S029C001P041R001A080,NTU,A080,squat_down,moderate_risk,41,25,3,"(41, 25, 3)",C:\Users\VICTUS\Downloads\Research\outputs\NTU_Pose_Output\A080\S029C001P041R001A080.npy
S029C001P041R002A080,NTU,A080,squat_down,moderate_risk,46,25,3,"(46, 25, 3)",C:\Users\VICTUS\Downloads\Research\outputs\NTU_Pose_Output\A080\S029C001P041R002A080.npy
S029C001P043R001A080,NTU,A080,squat_down,moderate_risk,30,25,3,"(30, 25, 3)",C:\Users\VICTUS\Downloads\Research\outputs\NTU_Pose_Output\A080\S029C001P043R001A080.npy
S029C001P043R002A080,NTU,A080,squat_down,moderate_risk,33,25,3,"(33, 25, 3)",C:\Users\VICTUS\Downloads\Research\outputs\NTU_Pose_Output\A080\S029C001P043R002A080.npy
S029C001P044R001A080,NTU,A080,squat_down,moderate_risk,38,25,3,"(38, 25, 3)",C:\Users\VICTUS\Downloads\Research\outputs\NTU_Pose_Output\A080\S029C001P044R001A080.npy
S029C001P044R002A080,NTU,A080,squat_down,moderate_risk,30,25,3,"(30, 25, 3)",C:\Users\VICTUS\Downloads\Research\outputs\NTU_Pose_Output\A080\S029C001P044R002A080.npy
S029C001P048R001A080,NTU,A080,squat_down,moderate_risk,36,25,3,"(36, 25, 3)",C:\Users\VICTUS\Downloads\Research\outputs\NTU_Pose_Output\A080\S029C001P048R001A080.npy
S029C001P048R002A080,NTU,A080,squat_down,moderate_risk,36,25,3,"(36, 25, 3)",C:\Users\VICTUS\Downloads\Research\outputs\NTU_Pose_Output\A080\S029C001P048R002A080.npy
S029C001P049R001A080,NTU,A080,squat_down,moderate_risk,69,25,3,"(69, 25, 3)",C:\Users\VICTUS\Downloads\Research\outputs\NTU_Pose_Output\A080\S029C001P049R001A080.npy
S029C001P049R002A080,NTU,A080,squat_down,moderate_risk,37,25,3,"(37, 25, 3)",C:\Users\VICTUS\Downloads\Research\outputs\NTU_Pose_Output\A080\S029C001P049R002A080.npy
S029C001P051R001A080,NTU,A080,squat_down,moderate_risk,29,25,3,"(29, 25, 3)",C:\Users\VICTUS\Downloads\Research\outputs\NTU_Pose_Output\A080\S029C001P051R001A080.npy
S029C001P051R002A080,NTU,A080,squat_down,moderate_risk,34,25,3,"(34, 25, 3)",C:\Users\VICTUS\Downloads\Research\outputs\NTU_Pose_Output\A080\S029C001P051R002A080.npy
S029C001P067R001A080,NTU,A080,squat_down,moderate_risk,37,25,3,"(37, 25, 3)",C:\Users\VICTUS\Downloads\Research\outputs\NTU_Pose_Output\A080\S029C001P067R001A080.npy
S029C001P067R002A080,NTU,A080,squat_down,moderate_risk,35,25,3,"(35, 25, 3)",C:\Users\VICTUS\Downloads\Research\outputs\NTU_Pose_Output\A080\S029C001P067R002A080.npy
S029C001P074R001A080,NTU,A080,squat_down,moderate_risk,37,25,3,"(37, 25, 3)",C:\Users\VICTUS\Downloads\Research\outputs\NTU_Pose_Output\A080\S029C001P074R001A080.npy
S029C001P074R002A080,NTU,A080,squat_down,moderate_risk,54,25,3,"(54, 25, 3)",C:\Users\VICTUS\Downloads\Research\outputs\NTU_Pose_Output\A080\S029C001P074R002A080.npy
S029C001P075R001A080,NTU,A080,squat_down,moderate_risk,56,25,3,"(56, 25, 3)",C:\Users\VICTUS\Downloads\Research\outputs\NTU_Pose_Output\A080\S029C001P075R001A080.npy
S029C001P075R002A080,NTU,A080,squat_down,moderate_risk,54,25,3,"(54, 25, 3)",C:\Users\VICTUS\Downloads\Research\outputs\NTU_Pose_Output\A080\S029C001P075R002A080.npy
S029C001P080R001A080,NTU,A080,squat_down,moderate_risk,47,25,3,"(47, 25, 3)",C:\Users\VICTUS\Downloads\Research\outputs\NTU_Pose_Output\A080\S029C001P080R001A080.npy
S029C001P080R002A080,NTU,A080,squat_down,moderate_risk,40,25,3,"(40, 25, 3)",C:\Users\VICTUS\Downloads\Research\outputs\NTU_Pose_Output\A080\S029C001P080R002A080.npy
S029C001P088R001A080,NTU,A080,squat_down,moderate_risk,40,25,3,"(40, 25, 3)",C:\Users\VICTUS\Downloads\Research\outputs\NTU_Pose_Output\A080\S029C001P088R001A080.npy
S029C001P088R002A080,NTU,A080,squat_down,moderate_risk,34,25,3,"(34, 25, 3)",C:\Users\VICTUS\Downloads\Research\outputs\NTU_Pose_Output\A080\S029C001P088R002A080.npy
S029C001P089R001A080,NTU,A080,squat_down,moderate_risk,42,25,3,"(42, 25, 3)",C:\Users\VICTUS\Downloads\Research\outputs\NTU_Pose_Output\A080\S029C001P089R001A080.npy
S029C001P089R002A080,NTU,A080,squat_down,moderate_risk,52,25,3,"(52, 25, 3)",C:\Users\VICTUS\Downloads\Research\outputs\NTU_Pose_Output\A080\S029C001P089R002A080.npy
S029C001P090R001A080,NTU,A080,squat_down,moderate_risk,34,25,3,"(34, 25, 3)",C:\Users\VICTUS\Downloads\Research\outputs\NTU_Pose_Output\A080\S029C001P090R001A080.npy
S029C001P090R002A080,NTU,A080,squat_down,moderate_risk,36,25,3,"(36, 25, 3)",C:\Users\VICTUS\Downloads\Research\outputs\NTU_Pose_Output\A080\S029C001P090R002A080.npy
S029C002P006R001A080,NTU,A080,squat_down,moderate_risk,30,25,3,"(30, 25, 3)",C:\Users\VICTUS\Downloads\Research\outputs\NTU_Pose_Output\A080\S029C002P006R001A080.npy
S029C002P006R002A080,NTU,A080,squat_down,moderate_risk,36,25,3,"(36, 25, 3)",C:\Users\VICTUS\Downloads\Research\outputs\NTU_Pose_Output\A080\S029C002P006R002A080.npy
S029C002P008R001A080,NTU,A080,squat_down,moderate_risk,34,25,3,"(34, 25, 3)",C:\Users\VICTUS\Downloads\Research\outputs\NTU_Pose_Output\A080\S029C002P008R001A080.npy
S029C002P008R002A080,NTU,A080,squat_down,moderate_risk,26,25,3,"(26, 25, 3)",C:\Users\VICTUS\Downloads\Research\outputs\NTU_Pose_Output\A080\S029C002P008R002A080.npy
S029C002P041R001A080,NTU,A080,squat_down,moderate_risk,41,25,3,"(41, 25, 3)",C:\Users\VICTUS\Downloads\Research\outputs\NTU_Pose_Output\A080\S029C002P041R001A080.npy
S029C002P041R002A080,NTU,A080,squat_down,moderate_risk,45,25,3,"(45, 25, 3)",C:\Users\VICTUS\Downloads\Research\outputs\NTU_Pose_Output\A080\S029C002P041R002A080.npy
S029C002P043R001A080,NTU,A080,squat_down,moderate_risk,29,25,3,"(29, 25, 3)",C:\Users\VICTUS\Downloads\Research\outputs\NTU_Pose_Output\A080\S029C002P043R001A080.npy
S029C002P043R002A080,NTU,A080,squat_down,moderate_risk,32,25,3,"(32, 25, 3)",C:\Users\VICTUS\Downloads\Research\outputs\NTU_Pose_Output\A080\S029C002P043R002A080.npy
S029C002P044R001A080,NTU,A080,squat_down,moderate_risk,37,25,3,"(37, 25, 3)",C:\Users\VICTUS\Downloads\Research\outputs\NTU_Pose_Output\A080\S029C002P044R001A080.npy
S029C002P044R002A080,NTU,A080,squat_down,moderate_risk,29,25,3,"(29, 25, 3)",C:\Users\VICTUS\Downloads\Research\outputs\NTU_Pose_Output\A080\S029C002P044R002A080.npy
S029C002P048R001A080,NTU,A080,squat_down,moderate_risk,36,25,3,"(36, 25, 3)",C:\Users\VICTUS\Downloads\Research\outputs\NTU_Pose_Output\A080\S029C002P048R001A080.npy
S029C002P048R002A080,NTU,A080,squat_down,moderate_risk,37,25,3,"(37, 25, 3)",C:\Users\VICTUS\Downloads\Research\outputs\NTU_Pose_Output\A080\S029C002P048R002A080.npy
S029C002P049R001A080,NTU,A080,squat_down,moderate_risk,70,25,3,"(70, 25, 3)",C:\Users\VICTUS\Downloads\Research\outputs\NTU_Pose_Output\A080\S029C002P049R001A080.npy
S029C002P049R002A080,NTU,A080,squat_down,moderate_risk,38,25,3,"(38, 25, 3)",C:\Users\VICTUS\Downloads\Research\outputs\NTU_Pose_Output\A080\S029C002P049R002A080.npy
S029C002P051R001A080,NTU,A080,squat_down,moderate_risk,29,25,3,"(29, 25, 3)",C:\Users\VICTUS\Downloads\Research\outputs\NTU_Pose_Output\A080\S029C002P051R001A080.npy
S029C002P051R002A080,NTU,A080,squat_down,moderate_risk,33,25,3,"(33, 25, 3)",C:\Users\VICTUS\Downloads\Research\outputs\NTU_Pose_Output\A080\S029C002P051R002A080.npy
S029C002P067R001A080,NTU,A080,squat_down,moderate_risk,37,25,3,"(37, 25, 3)",C:\Users\VICTUS\Downloads\Research\outputs\NTU_Pose_Output\A080\S029C002P067R001A080.npy
S029C002P067R002A080,NTU,A080,squat_down,moderate_risk,35,25,3,"(35, 25, 3)",C:\Users\VICTUS\Downloads\Research\outputs\NTU_Pose_Output\A080\S029C002P067R002A080.npy
S029C002P074R001A080,NTU,A080,squat_down,moderate_risk,37,25,3,"(37, 25, 3)",C:\Users\VICTUS\Downloads\Research\outputs\NTU_Pose_Output\A080\S029C002P074R001A080.npy
S029C002P074R002A080,NTU,A080,squat_down,moderate_risk,51,25,3,"(51, 25, 3)",C:\Users\VICTUS\Downloads\Research\outputs\NTU_Pose_Output\A080\S029C002P074R002A080.npy
S029C002P075R001A080,NTU,A080,squat_down,moderate_risk,55,25,3,"(55, 25, 3)",C:\Users\VICTUS\Downloads\Research\outputs\NTU_Pose_Output\A080\S029C002P075R001A080.npy
S029C002P075R002A080,NTU,A080,squat_down,moderate_risk,53,25,3,"(53, 25, 3)",C:\Users\VICTUS\Downloads\Research\outputs\NTU_Pose_Output\A080\S029C002P075R002A080.npy
S029C002P080R001A080,NTU,A080,squat_down,moderate_risk,46,25,3,"(46, 25, 3)",C:\Users\VICTUS\Downloads\Research\outputs\NTU_Pose_Output\A080\S029C002P080R001A080.npy
S029C002P080R002A080,NTU,A080,squat_down,moderate_risk,39,25,3,"(39, 25, 3)",C:\Users\VICTUS\Downloads\Research\outputs\NTU_Pose_Output\A080\S029C002P080R002A080.npy
S029C002P088R001A080,NTU,A080,squat_down,moderate_risk,40,25,3,"(40, 25, 3)",C:\Users\VICTUS\Downloads\Research\outputs\NTU_Pose_Output\A080\S029C002P088R001A080.npy
S029C002P088R002A080,NTU,A080,squat_down,moderate_risk,33,25,3,"(33, 25, 3)",C:\Users\VICTUS\Downloads\Research\outputs\NTU_Pose_Output\A080\S029C002P088R002A080.npy
S029C002P089R001A080,NTU,A080,squat_down,moderate_risk,41,25,3,"(41, 25, 3)",C:\Users\VICTUS\Downloads\Research\outputs\NTU_Pose_Output\A080\S029C002P089R001A080.npy
S029C002P089R002A080,NTU,A080,squat_down,moderate_risk,50,25,3,"(50, 25, 3)",C:\Users\VICTUS\Downloads\Research\outputs\NTU_Pose_Output\A080\S029C002P089R002A080.npy
S029C002P090R001A080,NTU,A080,squat_down,moderate_risk,34,25,3,"(34, 25, 3)",C:\Users\VICTUS\Downloads\Research\outputs\NTU_Pose_Output\A080\S029C002P090R001A080.npy
S029C002P090R002A080,NTU,A080,squat_down,moderate_risk,35,25,3,"(35, 25, 3)",C:\Users\VICTUS\Downloads\Research\outputs\NTU_Pose_Output\A080\S029C002P090R002A080.npy
S029C003P006R001A080,NTU,A080,squat_down,moderate_risk,41,25,3,"(41, 25, 3)",C:\Users\VICTUS\Downloads\Research\outputs\NTU_Pose_Output\A080\S029C003P006R001A080.npy
S029C003P006R002A080,NTU,A080,squat_down,moderate_risk,48,25,3,"(48, 25, 3)",C:\Users\VICTUS\Downloads\Research\outputs\NTU_Pose_Output\A080\S029C003P006R002A080.npy
S029C003P008R001A080,NTU,A080,squat_down,moderate_risk,45,25,3,"(45, 25, 3)",C:\Users\VICTUS\Downloads\Research\outputs\NTU_Pose_Output\A080\S029C003P008R001A080.npy
S029C003P008R002A080,NTU,A080,squat_down,moderate_risk,34,25,3,"(34, 25, 3)",C:\Users\VICTUS\Downloads\Research\outputs\NTU_Pose_Output\A080\S029C003P008R002A080.npy
S029C003P041R001A080,NTU,A080,squat_down,moderate_risk,54,25,3,"(54, 25, 3)",C:\Users\VICTUS\Downloads\Research\outputs\NTU_Pose_Output\A080\S029C003P041R001A080.npy
S029C003P041R002A080,NTU,A080,squat_down,moderate_risk,61,25,3,"(61, 25, 3)",C:\Users\VICTUS\Downloads\Research\outputs\NTU_Pose_Output\A080\S029C003P041R002A080.npy
S029C003P043R001A080,NTU,A080,squat_down,moderate_risk,39,25,3,"(39, 25, 3)",C:\Users\VICTUS\Downloads\Research\outputs\NTU_Pose_Output\A080\S029C003P043R001A080.npy
S029C003P043R002A080,NTU,A080,squat_down,moderate_risk,44,25,3,"(44, 25, 3)",C:\Users\VICTUS\Downloads\Research\outputs\NTU_Pose_Output\A080\S029C003P043R002A080.npy
S029C003P044R001A080,NTU,A080,squat_down,moderate_risk,49,25,3,"(49, 25, 3)",C:\Users\VICTUS\Downloads\Research\outputs\NTU_Pose_Output\A080\S029C003P044R001A080.npy
S029C003P044R002A080,NTU,A080,squat_down,moderate_risk,39,25,3,"(39, 25, 3)",C:\Users\VICTUS\Downloads\Research\outputs\NTU_Pose_Output\A080\S029C003P044R002A080.npy
S029C003P048R001A080,NTU,A080,squat_down,moderate_risk,47,25,3,"(47, 25, 3)",C:\Users\VICTUS\Downloads\Research\outputs\NTU_Pose_Output\A080\S029C003P048R001A080.npy
S029C003P048R002A080,NTU,A080,squat_down,moderate_risk,48,25,3,"(48, 25, 3)",C:\Users\VICTUS\Downloads\Research\outputs\NTU_Pose_Output\A080\S029C003P048R002A080.npy
S029C003P049R001A080,NTU,A080,squat_down,moderate_risk,91,25,3,"(91, 25, 3)",C:\Users\VICTUS\Downloads\Research\outputs\NTU_Pose_Output\A080\S029C003P049R001A080.npy
S029C003P049R002A080,NTU,A080,squat_down,moderate_risk,49,25,3,"(49, 25, 3)",C:\Users\VICTUS\Downloads\Research\outputs\NTU_Pose_Output\A080\S029C003P049R002A080.npy
S029C003P051R001A080,NTU,A080,squat_down,moderate_risk,38,25,3,"(38, 25, 3)",C:\Users\VICTUS\Downloads\Research\outputs\NTU_Pose_Output\A080\S029C003P051R001A080.npy
S029C003P051R002A080,NTU,A080,squat_down,moderate_risk,44,25,3,"(44, 25, 3)",C:\Users\VICTUS\Downloads\Research\outputs\NTU_Pose_Output\A080\S029C003P051R002A080.npy
S029C003P067R001A080,NTU,A080,squat_down,moderate_risk,48,25,3,"(48, 25, 3)",C:\Users\VICTUS\Downloads\Research\outputs\NTU_Pose_Output\A080\S029C003P067R001A080.npy
S029C003P067R002A080,NTU,A080,squat_down,moderate_risk,46,25,3,"(46, 25, 3)",C:\Users\VICTUS\Downloads\Research\outputs\NTU_Pose_Output\A080\S029C003P067R002A080.npy
S029C003P074R001A080,NTU,A080,squat_down,moderate_risk,48,25,3,"(48, 25, 3)",C:\Users\VICTUS\Downloads\Research\outputs\NTU_Pose_Output\A080\S029C003P074R001A080.npy
S029C003P074R002A080,NTU,A080,squat_down,moderate_risk,70,25,3,"(70, 25, 3)",C:\Users\VICTUS\Downloads\Research\outputs\NTU_Pose_Output\A080\S029C003P074R002A080.npy
S029C003P075R001A080,NTU,A080,squat_down,moderate_risk,73,25,3,"(73, 25, 3)",C:\Users\VICTUS\Downloads\Research\outputs\NTU_Pose_Output\A080\S029C003P075R001A080.npy
S029C003P075R002A080,NTU,A080,squat_down,moderate_risk,70,25,3,"(70, 25, 3)",C:\Users\VICTUS\Downloads\Research\outputs\NTU_Pose_Output\A080\S029C003P075R002A080.npy
S029C003P080R001A080,NTU,A080,squat_down,moderate_risk,60,25,3,"(60, 25, 3)",C:\Users\VICTUS\Downloads\Research\outputs\NTU_Pose_Output\A080\S029C003P080R001A080.npy
S029C003P080R002A080,NTU,A080,squat_down,moderate_risk,52,25,3,"(52, 25, 3)",C:\Users\VICTUS\Downloads\Research\outputs\NTU_Pose_Output\A080\S029C003P080R002A080.npy
S029C003P088R001A080,NTU,A080,squat_down,moderate_risk,52,25,3,"(52, 25, 3)",C:\Users\VICTUS\Downloads\Research\outputs\NTU_Pose_Output\A080\S029C003P088R001A080.npy
S029C003P088R002A080,NTU,A080,squat_down,moderate_risk,44,25,3,"(44, 25, 3)",C:\Users\VICTUS\Downloads\Research\outputs\NTU_Pose_Output\A080\S029C003P088R002A080.npy
S029C003P089R001A080,NTU,A080,squat_down,moderate_risk,53,25,3,"(53, 25, 3)",C:\Users\VICTUS\Downloads\Research\outputs\NTU_Pose_Output\A080\S029C003P089R001A080.npy
S029C003P089R002A080,NTU,A080,squat_down,moderate_risk,67,25,3,"(67, 25, 3)",C:\Users\VICTUS\Downloads\Research\outputs\NTU_Pose_Output\A080\S029C003P089R002A080.npy
S029C003P090R001A080,NTU,A080,squat_down,moderate_risk,45,25,3,"(45, 25, 3)",C:\Users\VICTUS\Downloads\Research\outputs\NTU_Pose_Output\A080\S029C003P090R001A080.npy
S029C003P090R002A080,NTU,A080,squat_down,moderate_risk,47,25,3,"(47, 25, 3)",C:\Users\VICTUS\Downloads\Research\outputs\NTU_Pose_Output\A080\S029C003P090R002A080.npy
S030C001P008R001A080,NTU,A080,squat_down,moderate_risk,30,25,3,"(30, 25, 3)",C:\Users\VICTUS\Downloads\Research\outputs\NTU_Pose_Output\A080\S030C001P008R001A080.npy
S030C001P008R002A080,NTU,A080,squat_down,moderate_risk,26,25,3,"(26, 25, 3)",C:\Users\VICTUS\Downloads\Research\outputs\NTU_Pose_Output\A080\S030C001P008R002A080.npy
S030C001P011R001A080,NTU,A080,squat_down,moderate_risk,36,25,3,"(36, 25, 3)",C:\Users\VICTUS\Downloads\Research\outputs\NTU_Pose_Output\A080\S030C001P011R001A080.npy
S030C001P011R002A080,NTU,A080,squat_down,moderate_risk,37,25,3,"(37, 25, 3)",C:\Users\VICTUS\Downloads\Research\outputs\NTU_Pose_Output\A080\S030C001P011R002A080.npy
S030C001P041R001A080,NTU,A080,squat_down,moderate_risk,47,25,3,"(47, 25, 3)",C:\Users\VICTUS\Downloads\Research\outputs\NTU_Pose_Output\A080\S030C001P041R001A080.npy
S030C001P041R002A080,NTU,A080,squat_down,moderate_risk,44,25,3,"(44, 25, 3)",C:\Users\VICTUS\Downloads\Research\outputs\NTU_Pose_Output\A080\S030C001P041R002A080.npy
S030C001P043R001A080,NTU,A080,squat_down,moderate_risk,39,25,3,"(39, 25, 3)",C:\Users\VICTUS\Downloads\Research\outputs\NTU_Pose_Output\A080\S030C001P043R001A080.npy
S030C001P043R002A080,NTU,A080,squat_down,moderate_risk,40,25,3,"(40, 25, 3)",C:\Users\VICTUS\Downloads\Research\outputs\NTU_Pose_Output\A080\S030C001P043R002A080.npy
S030C001P044R001A080,NTU,A080,squat_down,moderate_risk,35,25,3,"(35, 25, 3)",C:\Users\VICTUS\Downloads\Research\outputs\NTU_Pose_Output\A080\S030C001P044R001A080.npy
S030C001P044R002A080,NTU,A080,squat_down,moderate_risk,67,25,3,"(67, 25, 3)",C:\Users\VICTUS\Downloads\Research\outputs\NTU_Pose_Output\A080\S030C001P044R002A080.npy
S030C001P048R001A080,NTU,A080,squat_down,moderate_risk,28,25,3,"(28, 25, 3)",C:\Users\VICTUS\Downloads\Research\outputs\NTU_Pose_Output\A080\S030C001P048R001A080.npy
S030C001P048R002A080,NTU,A080,squat_down,moderate_risk,29,25,3,"(29, 25, 3)",C:\Users\VICTUS\Downloads\Research\outputs\NTU_Pose_Output\A080\S030C001P048R002A080.npy
S030C001P067R001A080,NTU,A080,squat_down,moderate_risk,22,25,3,"(22, 25, 3)",C:\Users\VICTUS\Downloads\Research\outputs\NTU_Pose_Output\A080\S030C001P067R001A080.npy
S030C001P067R002A080,NTU,A080,squat_down,moderate_risk,28,25,3,"(28, 25, 3)",C:\Users\VICTUS\Downloads\Research\outputs\NTU_Pose_Output\A080\S030C001P067R002A080.npy
S030C001P075R001A080,NTU,A080,squat_down,moderate_risk,45,25,3,"(45, 25, 3)",C:\Users\VICTUS\Downloads\Research\outputs\NTU_Pose_Output\A080\S030C001P075R001A080.npy
S030C001P075R002A080,NTU,A080,squat_down,moderate_risk,49,25,3,"(49, 25, 3)",C:\Users\VICTUS\Downloads\Research\outputs\NTU_Pose_Output\A080\S030C001P075R002A080.npy
S030C001P076R001A080,NTU,A080,squat_down,moderate_risk,42,25,3,"(42, 25, 3)",C:\Users\VICTUS\Downloads\Research\outputs\NTU_Pose_Output\A080\S030C001P076R001A080.npy
S030C001P076R002A080,NTU,A080,squat_down,moderate_risk,33,25,3,"(33, 25, 3)",C:\Users\VICTUS\Downloads\Research\outputs\NTU_Pose_Output\A080\S030C001P076R002A080.npy
S030C001P081R001A080,NTU,A080,squat_down,moderate_risk,59,25,3,"(59, 25, 3)",C:\Users\VICTUS\Downloads\Research\outputs\NTU_Pose_Output\A080\S030C001P081R001A080.npy
S030C001P081R002A080,NTU,A080,squat_down,moderate_risk,37,25,3,"(37, 25, 3)",C:\Users\VICTUS\Downloads\Research\outputs\NTU_Pose_Output\A080\S030C001P081R002A080.npy
S030C001P085R001A080,NTU,A080,squat_down,moderate_risk,41,25,3,"(41, 25, 3)",C:\Users\VICTUS\Downloads\Research\outputs\NTU_Pose_Output\A080\S030C001P085R001A080.npy
S030C001P085R002A080,NTU,A080,squat_down,moderate_risk,47,25,3,"(47, 25, 3)",C:\Users\VICTUS\Downloads\Research\outputs\NTU_Pose_Output\A080\S030C001P085R002A080.npy
S030C001P088R001A080,NTU,A080,squat_down,moderate_risk,27,25,3,"(27, 25, 3)",C:\Users\VICTUS\Downloads\Research\outputs\NTU_Pose_Output\A080\S030C001P088R001A080.npy
S030C001P088R002A080,NTU,A080,squat_down,moderate_risk,29,25,3,"(29, 25, 3)",C:\Users\VICTUS\Downloads\Research\outputs\NTU_Pose_Output\A080\S030C001P088R002A080.npy
S030C001P091R001A080,NTU,A080,squat_down,moderate_risk,37,25,3,"(37, 25, 3)",C:\Users\VICTUS\Downloads\Research\outputs\NTU_Pose_Output\A080\S030C001P091R001A080.npy
S030C001P091R002A080,NTU,A080,squat_down,moderate_risk,35,25,3,"(35, 25, 3)",C:\Users\VICTUS\Downloads\Research\outputs\NTU_Pose_Output\A080\S030C001P091R002A080.npy
S030C001P092R001A080,NTU,A080,squat_down,moderate_risk,38,25,3,"(38, 25, 3)",C:\Users\VICTUS\Downloads\Research\outputs\NTU_Pose_Output\A080\S030C001P092R001A080.npy
S030C001P092R002A080,NTU,A080,squat_down,moderate_risk,34,25,3,"(34, 25, 3)",C:\Users\VICTUS\Downloads\Research\outputs\NTU_Pose_Output\A080\S030C001P092R002A080.npy
S030C001P093R001A080,NTU,A080,squat_down,moderate_risk,40,25,3,"(40, 25, 3)",C:\Users\VICTUS\Downloads\Research\outputs\NTU_Pose_Output\A080\S030C001P093R001A080.npy
S030C001P093R002A080,NTU,A080,squat_down,moderate_risk,36,25,3,"(36, 25, 3)",C:\Users\VICTUS\Downloads\Research\outputs\NTU_Pose_Output\A080\S030C001P093R002A080.npy
S030C001P094R001A080,NTU,A080,squat_down,moderate_risk,31,25,3,"(31, 25, 3)",C:\Users\VICTUS\Downloads\Research\outputs\NTU_Pose_Output\A080\S030C001P094R001A080.npy
S030C001P094R002A080,NTU,A080,squat_down,moderate_risk,27,25,3,"(27, 25, 3)",C:\Users\VICTUS\Downloads\Research\outputs\NTU_Pose_Output\A080\S030C001P094R002A080.npy
S030C001P095R001A080,NTU,A080,squat_down,moderate_risk,32,25,3,"(32, 25, 3)",C:\Users\VICTUS\Downloads\Research\outputs\NTU_Pose_Output\A080\S030C001P095R001A080.npy
S030C001P095R002A080,NTU,A080,squat_down,moderate_risk,36,25,3,"(36, 25, 3)",C:\Users\VICTUS\Downloads\Research\outputs\NTU_Pose_Output\A080\S030C001P095R002A080.npy
S030C001P096R001A080,NTU,A080,squat_down,moderate_risk,40,25,3,"(40, 25, 3)",C:\Users\VICTUS\Downloads\Research\outputs\NTU_Pose_Output\A080\S030C001P096R001A080.npy
S030C001P096R002A080,NTU,A080,squat_down,moderate_risk,32,25,3,"(32, 25, 3)",C:\Users\VICTUS\Downloads\Research\outputs\NTU_Pose_Output\A080\S030C001P096R002A080.npy
S030C002P008R001A080,NTU,A080,squat_down,moderate_risk,30,25,3,"(30, 25, 3)",C:\Users\VICTUS\Downloads\Research\outputs\NTU_Pose_Output\A080\S030C002P008R001A080.npy
S030C002P008R002A080,NTU,A080,squat_down,moderate_risk,26,25,3,"(26, 25, 3)",C:\Users\VICTUS\Downloads\Research\outputs\NTU_Pose_Output\A080\S030C002P008R002A080.npy
S030C002P011R001A080,NTU,A080,squat_down,moderate_risk,36,25,3,"(36, 25, 3)",C:\Users\VICTUS\Downloads\Research\outputs\NTU_Pose_Output\A080\S030C002P011R001A080.npy
S030C002P011R002A080,NTU,A080,squat_down,moderate_risk,37,25,3,"(37, 25, 3)",C:\Users\VICTUS\Downloads\Research\outputs\NTU_Pose_Output\A080\S030C002P011R002A080.npy
S030C002P041R001A080,NTU,A080,squat_down,moderate_risk,47,25,3,"(47, 25, 3)",C:\Users\VICTUS\Downloads\Research\outputs\NTU_Pose_Output\A080\S030C002P041R001A080.npy
S030C002P041R002A080,NTU,A080,squat_down,moderate_risk,44,25,3,"(44, 25, 3)",C:\Users\VICTUS\Downloads\Research\outputs\NTU_Pose_Output\A080\S030C002P041R002A080.npy
S030C002P043R001A080,NTU,A080,squat_down,moderate_risk,38,25,3,"(38, 25, 3)",C:\Users\VICTUS\Downloads\Research\outputs\NTU_Pose_Output\A080\S030C002P043R001A080.npy
S030C002P043R002A080,NTU,A080,squat_down,moderate_risk,39,25,3,"(39, 25, 3)",C:\Users\VICTUS\Downloads\Research\outputs\NTU_Pose_Output\A080\S030C002P043R002A080.npy
S030C002P044R001A080,NTU,A080,squat_down,moderate_risk,35,25,3,"(35, 25, 3)",C:\Users\VICTUS\Downloads\Research\outputs\NTU_Pose_Output\A080\S030C002P044R001A080.npy
S030C002P044R002A080,NTU,A080,squat_down,moderate_risk,67,25,3,"(67, 25, 3)",C:\Users\VICTUS\Downloads\Research\outputs\NTU_Pose_Output\A080\S030C002P044R002A080.npy
S030C002P048R001A080,NTU,A080,squat_down,moderate_risk,29,25,3,"(29, 25, 3)",C:\Users\VICTUS\Downloads\Research\outputs\NTU_Pose_Output\A080\S030C002P048R001A080.npy
S030C002P048R002A080,NTU,A080,squat_down,moderate_risk,28,25,3,"(28, 25, 3)",C:\Users\VICTUS\Downloads\Research\outputs\NTU_Pose_Output\A080\S030C002P048R002A080.npy
S030C002P067R001A080,NTU,A080,squat_down,moderate_risk,23,25,3,"(23, 25, 3)",C:\Users\VICTUS\Downloads\Research\outputs\NTU_Pose_Output\A080\S030C002P067R001A080.npy
S030C002P067R002A080,NTU,A080,squat_down,moderate_risk,28,25,3,"(28, 25, 3)",C:\Users\VICTUS\Downloads\Research\outputs\NTU_Pose_Output\A080\S030C002P067R002A080.npy
S030C002P075R001A080,NTU,A080,squat_down,moderate_risk,44,25,3,"(44, 25, 3)",C:\Users\VICTUS\Downloads\Research\outputs\NTU_Pose_Output\A080\S030C002P075R001A080.npy
S030C002P075R002A080,NTU,A080,squat_down,moderate_risk,49,25,3,"(49, 25, 3)",C:\Users\VICTUS\Downloads\Research\outputs\NTU_Pose_Output\A080\S030C002P075R002A080.npy
S030C002P076R001A080,NTU,A080,squat_down,moderate_risk,42,25,3,"(42, 25, 3)",C:\Users\VICTUS\Downloads\Research\outputs\NTU_Pose_Output\A080\S030C002P076R001A080.npy
S030C002P076R002A080,NTU,A080,squat_down,moderate_risk,34,25,3,"(34, 25, 3)",C:\Users\VICTUS\Downloads\Research\outputs\NTU_Pose_Output\A080\S030C002P076R002A080.npy
S030C002P081R001A080,NTU,A080,squat_down,moderate_risk,60,25,3,"(60, 25, 3)",C:\Users\VICTUS\Downloads\Research\outputs\NTU_Pose_Output\A080\S030C002P081R001A080.npy
S030C002P081R002A080,NTU,A080,squat_down,moderate_risk,37,25,3,"(37, 25, 3)",C:\Users\VICTUS\Downloads\Research\outputs\NTU_Pose_Output\A080\S030C002P081R002A080.npy
S030C002P085R001A080,NTU,A080,squat_down,moderate_risk,41,25,3,"(41, 25, 3)",C:\Users\VICTUS\Downloads\Research\outputs\NTU_Pose_Output\A080\S030C002P085R001A080.npy
S030C002P085R002A080,NTU,A080,squat_down,moderate_risk,46,25,3,"(46, 25, 3)",C:\Users\VICTUS\Downloads\Research\outputs\NTU_Pose_Output\A080\S030C002P085R002A080.npy
S030C002P088R001A080,NTU,A080,squat_down,moderate_risk,27,25,3,"(27, 25, 3)",C:\Users\VICTUS\Downloads\Research\outputs\NTU_Pose_Output\A080\S030C002P088R001A080.npy
S030C002P088R002A080,NTU,A080,squat_down,moderate_risk,28,25,3,"(28, 25, 3)",C:\Users\VICTUS\Downloads\Research\outputs\NTU_Pose_Output\A080\S030C002P088R002A080.npy
S030C002P091R001A080,NTU,A080,squat_down,moderate_risk,36,25,3,"(36, 25, 3)",C:\Users\VICTUS\Downloads\Research\outputs\NTU_Pose_Output\A080\S030C002P091R001A080.npy
S030C002P091R002A080,NTU,A080,squat_down,moderate_risk,35,25,3,"(35, 25, 3)",C:\Users\VICTUS\Downloads\Research\outputs\NTU_Pose_Output\A080\S030C002P091R002A080.npy
S030C002P092R001A080,NTU,A080,squat_down,moderate_risk,38,25,3,"(38, 25, 3)",C:\Users\VICTUS\Downloads\Research\outputs\NTU_Pose_Output\A080\S030C002P092R001A080.npy
S030C002P092R002A080,NTU,A080,squat_down,moderate_risk,34,25,3,"(34, 25, 3)",C:\Users\VICTUS\Downloads\Research\outputs\NTU_Pose_Output\A080\S030C002P092R002A080.npy
S030C002P093R001A080,NTU,A080,squat_down,moderate_risk,41,25,3,"(41, 25, 3)",C:\Users\VICTUS\Downloads\Research\outputs\NTU_Pose_Output\A080\S030C002P093R001A080.npy
S030C002P093R002A080,NTU,A080,squat_down,moderate_risk,36,25,3,"(36, 25, 3)",C:\Users\VICTUS\Downloads\Research\outputs\NTU_Pose_Output\A080\S030C002P093R002A080.npy
S030C002P094R001A080,NTU,A080,squat_down,moderate_risk,31,25,3,"(31, 25, 3)",C:\Users\VICTUS\Downloads\Research\outputs\NTU_Pose_Output\A080\S030C002P094R001A080.npy
S030C002P094R002A080,NTU,A080,squat_down,moderate_risk,28,25,3,"(28, 25, 3)",C:\Users\VICTUS\Downloads\Research\outputs\NTU_Pose_Output\A080\S030C002P094R002A080.npy
S030C002P095R001A080,NTU,A080,squat_down,moderate_risk,33,25,3,"(33, 25, 3)",C:\Users\VICTUS\Downloads\Research\outputs\NTU_Pose_Output\A080\S030C002P095R001A080.npy
S030C002P095R002A080,NTU,A080,squat_down,moderate_risk,37,25,3,"(37, 25, 3)",C:\Users\VICTUS\Downloads\Research\outputs\NTU_Pose_Output\A080\S030C002P095R002A080.npy
S030C002P096R001A080,NTU,A080,squat_down,moderate_risk,41,25,3,"(41, 25, 3)",C:\Users\VICTUS\Downloads\Research\outputs\NTU_Pose_Output\A080\S030C002P096R001A080.npy
S030C002P096R002A080,NTU,A080,squat_down,moderate_risk,32,25,3,"(32, 25, 3)",C:\Users\VICTUS\Downloads\Research\outputs\NTU_Pose_Output\A080\S030C002P096R002A080.npy
S030C003P008R001A080,NTU,A080,squat_down,moderate_risk,39,25,3,"(39, 25, 3)",C:\Users\VICTUS\Downloads\Research\outputs\NTU_Pose_Output\A080\S030C003P008R001A080.npy
S030C003P008R002A080,NTU,A080,squat_down,moderate_risk,34,25,3,"(34, 25, 3)",C:\Users\VICTUS\Downloads\Research\outputs\NTU_Pose_Output\A080\S030C003P008R002A080.npy
S030C003P011R001A080,NTU,A080,squat_down,moderate_risk,47,25,3,"(47, 25, 3)",C:\Users\VICTUS\Downloads\Research\outputs\NTU_Pose_Output\A080\S030C003P011R001A080.npy
S030C003P011R002A080,NTU,A080,squat_down,moderate_risk,48,25,3,"(48, 25, 3)",C:\Users\VICTUS\Downloads\Research\outputs\NTU_Pose_Output\A080\S030C003P011R002A080.npy
S030C003P041R001A080,NTU,A080,squat_down,moderate_risk,61,25,3,"(61, 25, 3)",C:\Users\VICTUS\Downloads\Research\outputs\NTU_Pose_Output\A080\S030C003P041R001A080.npy
S030C003P041R002A080,NTU,A080,squat_down,moderate_risk,57,25,3,"(57, 25, 3)",C:\Users\VICTUS\Downloads\Research\outputs\NTU_Pose_Output\A080\S030C003P041R002A080.npy
S030C003P043R001A080,NTU,A080,squat_down,moderate_risk,50,25,3,"(50, 25, 3)",C:\Users\VICTUS\Downloads\Research\outputs\NTU_Pose_Output\A080\S030C003P043R001A080.npy
S030C003P043R002A080,NTU,A080,squat_down,moderate_risk,51,25,3,"(51, 25, 3)",C:\Users\VICTUS\Downloads\Research\outputs\NTU_Pose_Output\A080\S030C003P043R002A080.npy
S030C003P044R001A080,NTU,A080,squat_down,moderate_risk,46,25,3,"(46, 25, 3)",C:\Users\VICTUS\Downloads\Research\outputs\NTU_Pose_Output\A080\S030C003P044R001A080.npy
S030C003P044R002A080,NTU,A080,squat_down,moderate_risk,87,25,3,"(87, 25, 3)",C:\Users\VICTUS\Downloads\Research\outputs\NTU_Pose_Output\A080\S030C003P044R002A080.npy
S030C003P048R001A080,NTU,A080,squat_down,moderate_risk,37,25,3,"(37, 25, 3)",C:\Users\VICTUS\Downloads\Research\outputs\NTU_Pose_Output\A080\S030C003P048R001A080.npy
S030C003P048R002A080,NTU,A080,squat_down,moderate_risk,37,25,3,"(37, 25, 3)",C:\Users\VICTUS\Downloads\Research\outputs\NTU_Pose_Output\A080\S030C003P048R002A080.npy
S030C003P067R001A080,NTU,A080,squat_down,moderate_risk,29,25,3,"(29, 25, 3)",C:\Users\VICTUS\Downloads\Research\outputs\NTU_Pose_Output\A080\S030C003P067R001A080.npy
S030C003P067R002A080,NTU,A080,squat_down,moderate_risk,37,25,3,"(37, 25, 3)",C:\Users\VICTUS\Downloads\Research\outputs\NTU_Pose_Output\A080\S030C003P067R002A080.npy
S030C003P075R001A080,NTU,A080,squat_down,moderate_risk,58,25,3,"(58, 25, 3)",C:\Users\VICTUS\Downloads\Research\outputs\NTU_Pose_Output\A080\S030C003P075R001A080.npy
S030C003P075R002A080,NTU,A080,squat_down,moderate_risk,64,25,3,"(64, 25, 3)",C:\Users\VICTUS\Downloads\Research\outputs\NTU_Pose_Output\A080\S030C003P075R002A080.npy
S030C003P076R001A080,NTU,A080,squat_down,moderate_risk,54,25,3,"(54, 25, 3)",C:\Users\VICTUS\Downloads\Research\outputs\NTU_Pose_Output\A080\S030C003P076R001A080.npy
S030C003P076R002A080,NTU,A080,squat_down,moderate_risk,44,25,3,"(44, 25, 3)",C:\Users\VICTUS\Downloads\Research\outputs\NTU_Pose_Output\A080\S030C003P076R002A080.npy
S030C003P081R001A080,NTU,A080,squat_down,moderate_risk,77,25,3,"(77, 25, 3)",C:\Users\VICTUS\Downloads\Research\outputs\NTU_Pose_Output\A080\S030C003P081R001A080.npy
S030C003P081R002A080,NTU,A080,squat_down,moderate_risk,49,25,3,"(49, 25, 3)",C:\Users\VICTUS\Downloads\Research\outputs\NTU_Pose_Output\A080\S030C003P081R002A080.npy
S030C003P085R001A080,NTU,A080,squat_down,moderate_risk,53,25,3,"(53, 25, 3)",C:\Users\VICTUS\Downloads\Research\outputs\NTU_Pose_Output\A080\S030C003P085R001A080.npy
S030C003P085R002A080,NTU,A080,squat_down,moderate_risk,60,25,3,"(60, 25, 3)",C:\Users\VICTUS\Downloads\Research\outputs\NTU_Pose_Output\A080\S030C003P085R002A080.npy
S030C003P088R001A080,NTU,A080,squat_down,moderate_risk,35,25,3,"(35, 25, 3)",C:\Users\VICTUS\Downloads\Research\outputs\NTU_Pose_Output\A080\S030C003P088R001A080.npy
S030C003P088R002A080,NTU,A080,squat_down,moderate_risk,38,25,3,"(38, 25, 3)",C:\Users\VICTUS\Downloads\Research\outputs\NTU_Pose_Output\A080\S030C003P088R002A080.npy
S030C003P091R001A080,NTU,A080,squat_down,moderate_risk,48,25,3,"(48, 25, 3)",C:\Users\VICTUS\Downloads\Research\outputs\NTU_Pose_Output\A080\S030C003P091R001A080.npy
S030C003P091R002A080,NTU,A080,squat_down,moderate_risk,46,25,3,"(46, 25, 3)",C:\Users\VICTUS\Downloads\Research\outputs\NTU_Pose_Output\A080\S030C003P091R002A080.npy
S030C003P092R001A080,NTU,A080,squat_down,moderate_risk,50,25,3,"(50, 25, 3)",C:\Users\VICTUS\Downloads\Research\outputs\NTU_Pose_Output\A080\S030C003P092R001A080.npy
S030C003P092R002A080,NTU,A080,squat_down,moderate_risk,44,25,3,"(44, 25, 3)",C:\Users\VICTUS\Downloads\Research\outputs\NTU_Pose_Output\A080\S030C003P092R002A080.npy
S030C003P093R001A080,NTU,A080,squat_down,moderate_risk,53,25,3,"(53, 25, 3)",C:\Users\VICTUS\Downloads\Research\outputs\NTU_Pose_Output\A080\S030C003P093R001A080.npy
S030C003P093R002A080,NTU,A080,squat_down,moderate_risk,48,25,3,"(48, 25, 3)",C:\Users\VICTUS\Downloads\Research\outputs\NTU_Pose_Output\A080\S030C003P093R002A080.npy
S030C003P094R001A080,NTU,A080,squat_down,moderate_risk,39,25,3,"(39, 25, 3)",C:\Users\VICTUS\Downloads\Research\outputs\NTU_Pose_Output\A080\S030C003P094R001A080.npy
S030C003P094R002A080,NTU,A080,squat_down,moderate_risk,35,25,3,"(35, 25, 3)",C:\Users\VICTUS\Downloads\Research\outputs\NTU_Pose_Output\A080\S030C003P094R002A080.npy
S030C003P095R001A080,NTU,A080,squat_down,moderate_risk,42,25,3,"(42, 25, 3)",C:\Users\VICTUS\Downloads\Research\outputs\NTU_Pose_Output\A080\S030C003P095R001A080.npy
S030C003P095R002A080,NTU,A080,squat_down,moderate_risk,47,25,3,"(47, 25, 3)",C:\Users\VICTUS\Downloads\Research\outputs\NTU_Pose_Output\A080\S030C003P095R002A080.npy
S030C003P096R001A080,NTU,A080,squat_down,moderate_risk,52,25,3,"(52, 25, 3)",C:\Users\VICTUS\Downloads\Research\outputs\NTU_Pose_Output\A080\S030C003P096R001A080.npy
S030C003P096R002A080,NTU,A080,squat_down,moderate_risk,42,25,3,"(42, 25, 3)",C:\Users\VICTUS\Downloads\Research\outputs\NTU_Pose_Output\A080\S030C003P096R002A080.npy
S031C001P006R001A080,NTU,A080,squat_down,moderate_risk,30,25,3,"(30, 25, 3)",C:\Users\VICTUS\Downloads\Research\outputs\NTU_Pose_Output\A080\S031C001P006R001A080.npy
S031C001P006R002A080,NTU,A080,squat_down,moderate_risk,33,25,3,"(33, 25, 3)",C:\Users\VICTUS\Downloads\Research\outputs\NTU_Pose_Output\A080\S031C001P006R002A080.npy
S031C001P008R001A080,NTU,A080,squat_down,moderate_risk,27,25,3,"(27, 25, 3)",C:\Users\VICTUS\Downloads\Research\outputs\NTU_Pose_Output\A080\S031C001P008R001A080.npy
S031C001P008R002A080,NTU,A080,squat_down,moderate_risk,31,25,3,"(31, 25, 3)",C:\Users\VICTUS\Downloads\Research\outputs\NTU_Pose_Output\A080\S031C001P008R002A080.npy
S031C001P041R001A080,NTU,A080,squat_down,moderate_risk,44,25,3,"(44, 25, 3)",C:\Users\VICTUS\Downloads\Research\outputs\NTU_Pose_Output\A080\S031C001P041R001A080.npy
S031C001P041R002A080,NTU,A080,squat_down,moderate_risk,57,25,3,"(57, 25, 3)",C:\Users\VICTUS\Downloads\Research\outputs\NTU_Pose_Output\A080\S031C001P041R002A080.npy
S031C001P042R001A080,NTU,A080,squat_down,moderate_risk,31,25,3,"(31, 25, 3)",C:\Users\VICTUS\Downloads\Research\outputs\NTU_Pose_Output\A080\S031C001P042R001A080.npy
S031C001P042R002A080,NTU,A080,squat_down,moderate_risk,31,25,3,"(31, 25, 3)",C:\Users\VICTUS\Downloads\Research\outputs\NTU_Pose_Output\A080\S031C001P042R002A080.npy
S031C001P043R001A080,NTU,A080,squat_down,moderate_risk,35,25,3,"(35, 25, 3)",C:\Users\VICTUS\Downloads\Research\outputs\NTU_Pose_Output\A080\S031C001P043R001A080.npy
S031C001P043R002A080,NTU,A080,squat_down,moderate_risk,50,25,3,"(50, 25, 3)",C:\Users\VICTUS\Downloads\Research\outputs\NTU_Pose_Output\A080\S031C001P043R002A080.npy
S031C001P044R001A080,NTU,A080,squat_down,moderate_risk,28,25,3,"(28, 25, 3)",C:\Users\VICTUS\Downloads\Research\outputs\NTU_Pose_Output\A080\S031C001P044R001A080.npy
S031C001P044R002A080,NTU,A080,squat_down,moderate_risk,32,25,3,"(32, 25, 3)",C:\Users\VICTUS\Downloads\Research\outputs\NTU_Pose_Output\A080\S031C001P044R002A080.npy
S031C001P051R001A080,NTU,A080,squat_down,moderate_risk,26,25,3,"(26, 25, 3)",C:\Users\VICTUS\Downloads\Research\outputs\NTU_Pose_Output\A080\S031C001P051R001A080.npy
S031C001P051R002A080,NTU,A080,squat_down,moderate_risk,31,25,3,"(31, 25, 3)",C:\Users\VICTUS\Downloads\Research\outputs\NTU_Pose_Output\A080\S031C001P051R002A080.npy
S031C001P067R001A080,NTU,A080,squat_down,moderate_risk,33,25,3,"(33, 25, 3)",C:\Users\VICTUS\Downloads\Research\outputs\NTU_Pose_Output\A080\S031C001P067R001A080.npy
S031C001P067R002A080,NTU,A080,squat_down,moderate_risk,27,25,3,"(27, 25, 3)",C:\Users\VICTUS\Downloads\Research\outputs\NTU_Pose_Output\A080\S031C001P067R002A080.npy
S031C001P082R001A080,NTU,A080,squat_down,moderate_risk,23,25,3,"(23, 25, 3)",C:\Users\VICTUS\Downloads\Research\outputs\NTU_Pose_Output\A080\S031C001P082R001A080.npy
S031C001P082R002A080,NTU,A080,squat_down,moderate_risk,27,25,3,"(27, 25, 3)",C:\Users\VICTUS\Downloads\Research\outputs\NTU_Pose_Output\A080\S031C001P082R002A080.npy
S031C001P085R001A080,NTU,A080,squat_down,moderate_risk,105,25,3,"(105, 25, 3)",C:\Users\VICTUS\Downloads\Research\outputs\NTU_Pose_Output\A080\S031C001P085R001A080.npy
S031C001P085R002A080,NTU,A080,squat_down,moderate_risk,44,25,3,"(44, 25, 3)",C:\Users\VICTUS\Downloads\Research\outputs\NTU_Pose_Output\A080\S031C001P085R002A080.npy
S031C001P096R001A080,NTU,A080,squat_down,moderate_risk,33,25,3,"(33, 25, 3)",C:\Users\VICTUS\Downloads\Research\outputs\NTU_Pose_Output\A080\S031C001P096R001A080.npy
S031C001P096R002A080,NTU,A080,squat_down,moderate_risk,30,25,3,"(30, 25, 3)",C:\Users\VICTUS\Downloads\Research\outputs\NTU_Pose_Output\A080\S031C001P096R002A080.npy
S031C001P097R001A080,NTU,A080,squat_down,moderate_risk,38,25,3,"(38, 25, 3)",C:\Users\VICTUS\Downloads\Research\outputs\NTU_Pose_Output\A080\S031C001P097R001A080.npy
S031C001P097R002A080,NTU,A080,squat_down,moderate_risk,36,25,3,"(36, 25, 3)",C:\Users\VICTUS\Downloads\Research\outputs\NTU_Pose_Output\A080\S031C001P097R002A080.npy
S031C001P098R001A080,NTU,A080,squat_down,moderate_risk,39,25,3,"(39, 25, 3)",C:\Users\VICTUS\Downloads\Research\outputs\NTU_Pose_Output\A080\S031C001P098R001A080.npy
S031C001P098R002A080,NTU,A080,squat_down,moderate_risk,38,25,3,"(38, 25, 3)",C:\Users\VICTUS\Downloads\Research\outputs\NTU_Pose_Output\A080\S031C001P098R002A080.npy
S031C001P099R001A080,NTU,A080,squat_down,moderate_risk,40,25,3,"(40, 25, 3)",C:\Users\VICTUS\Downloads\Research\outputs\NTU_Pose_Output\A080\S031C001P099R001A080.npy
S031C001P099R002A080,NTU,A080,squat_down,moderate_risk,35,25,3,"(35, 25, 3)",C:\Users\VICTUS\Downloads\Research\outputs\NTU_Pose_Output\A080\S031C001P099R002A080.npy
S031C001P100R001A080,NTU,A080,squat_down,moderate_risk,40,25,3,"(40, 25, 3)",C:\Users\VICTUS\Downloads\Research\outputs\NTU_Pose_Output\A080\S031C001P100R001A080.npy
S031C001P100R002A080,NTU,A080,squat_down,moderate_risk,41,25,3,"(41, 25, 3)",C:\Users\VICTUS\Downloads\Research\outputs\NTU_Pose_Output\A080\S031C001P100R002A080.npy
S031C001P101R001A080,NTU,A080,squat_down,moderate_risk,35,25,3,"(35, 25, 3)",C:\Users\VICTUS\Downloads\Research\outputs\NTU_Pose_Output\A080\S031C001P101R001A080.npy
S031C001P101R002A080,NTU,A080,squat_down,moderate_risk,32,25,3,"(32, 25, 3)",C:\Users\VICTUS\Downloads\Research\outputs\NTU_Pose_Output\A080\S031C001P101R002A080.npy
S031C002P006R001A080,NTU,A080,squat_down,moderate_risk,31,25,3,"(31, 25, 3)",C:\Users\VICTUS\Downloads\Research\outputs\NTU_Pose_Output\A080\S031C002P006R001A080.npy
S031C002P006R002A080,NTU,A080,squat_down,moderate_risk,33,25,3,"(33, 25, 3)",C:\Users\VICTUS\Downloads\Research\outputs\NTU_Pose_Output\A080\S031C002P006R002A080.npy
S031C002P008R001A080,NTU,A080,squat_down,moderate_risk,27,25,3,"(27, 25, 3)",C:\Users\VICTUS\Downloads\Research\outputs\NTU_Pose_Output\A080\S031C002P008R001A080.npy
S031C002P008R002A080,NTU,A080,squat_down,moderate_risk,30,25,3,"(30, 25, 3)",C:\Users\VICTUS\Downloads\Research\outputs\NTU_Pose_Output\A080\S031C002P008R002A080.npy
S031C002P041R001A080,NTU,A080,squat_down,moderate_risk,44,25,3,"(44, 25, 3)",C:\Users\VICTUS\Downloads\Research\outputs\NTU_Pose_Output\A080\S031C002P041R001A080.npy
S031C002P041R002A080,NTU,A080,squat_down,moderate_risk,57,25,3,"(57, 25, 3)",C:\Users\VICTUS\Downloads\Research\outputs\NTU_Pose_Output\A080\S031C002P041R002A080.npy
S031C002P042R001A080,NTU,A080,squat_down,moderate_risk,32,25,3,"(32, 25, 3)",C:\Users\VICTUS\Downloads\Research\outputs\NTU_Pose_Output\A080\S031C002P042R001A080.npy
S031C002P042R002A080,NTU,A080,squat_down,moderate_risk,31,25,3,"(31, 25, 3)",C:\Users\VICTUS\Downloads\Research\outputs\NTU_Pose_Output\A080\S031C002P042R002A080.npy
S031C002P043R001A080,NTU,A080,squat_down,moderate_risk,35,25,3,"(35, 25, 3)",C:\Users\VICTUS\Downloads\Research\outputs\NTU_Pose_Output\A080\S031C002P043R001A080.npy
S031C002P043R002A080,NTU,A080,squat_down,moderate_risk,46,25,3,"(46, 25, 3)",C:\Users\VICTUS\Downloads\Research\outputs\NTU_Pose_Output\A080\S031C002P043R002A080.npy
S031C002P044R001A080,NTU,A080,squat_down,moderate_risk,30,25,3,"(30, 25, 3)",C:\Users\VICTUS\Downloads\Research\outputs\NTU_Pose_Output\A080\S031C002P044R001A080.npy
S031C002P044R002A080,NTU,A080,squat_down,moderate_risk,32,25,3,"(32, 25, 3)",C:\Users\VICTUS\Downloads\Research\outputs\NTU_Pose_Output\A080\S031C002P044R002A080.npy
S031C002P051R001A080,NTU,A080,squat_down,moderate_risk,26,25,3,"(26, 25, 3)",C:\Users\VICTUS\Downloads\Research\outputs\NTU_Pose_Output\A080\S031C002P051R001A080.npy
S031C002P051R002A080,NTU,A080,squat_down,moderate_risk,31,25,3,"(31, 25, 3)",C:\Users\VICTUS\Downloads\Research\outputs\NTU_Pose_Output\A080\S031C002P051R002A080.npy
S031C002P067R001A080,NTU,A080,squat_down,moderate_risk,34,25,3,"(34, 25, 3)",C:\Users\VICTUS\Downloads\Research\outputs\NTU_Pose_Output\A080\S031C002P067R001A080.npy
S031C002P067R002A080,NTU,A080,squat_down,moderate_risk,27,25,3,"(27, 25, 3)",C:\Users\VICTUS\Downloads\Research\outputs\NTU_Pose_Output\A080\S031C002P067R002A080.npy
S031C002P082R001A080,NTU,A080,squat_down,moderate_risk,23,25,3,"(23, 25, 3)",C:\Users\VICTUS\Downloads\Research\outputs\NTU_Pose_Output\A080\S031C002P082R001A080.npy
S031C002P082R002A080,NTU,A080,squat_down,moderate_risk,28,25,3,"(28, 25, 3)",C:\Users\VICTUS\Downloads\Research\outputs\NTU_Pose_Output\A080\S031C002P082R002A080.npy
S031C002P085R001A080,NTU,A080,squat_down,moderate_risk,104,25,3,"(104, 25, 3)",C:\Users\VICTUS\Downloads\Research\outputs\NTU_Pose_Output\A080\S031C002P085R001A080.npy
S031C002P085R002A080,NTU,A080,squat_down,moderate_risk,43,25,3,"(43, 25, 3)",C:\Users\VICTUS\Downloads\Research\outputs\NTU_Pose_Output\A080\S031C002P085R002A080.npy
S031C002P096R001A080,NTU,A080,squat_down,moderate_risk,32,25,3,"(32, 25, 3)",C:\Users\VICTUS\Downloads\Research\outputs\NTU_Pose_Output\A080\S031C002P096R001A080.npy
S031C002P096R002A080,NTU,A080,squat_down,moderate_risk,34,25,3,"(34, 25, 3)",C:\Users\VICTUS\Downloads\Research\outputs\NTU_Pose_Output\A080\S031C002P096R002A080.npy
S031C002P097R001A080,NTU,A080,squat_down,moderate_risk,38,25,3,"(38, 25, 3)",C:\Users\VICTUS\Downloads\Research\outputs\NTU_Pose_Output\A080\S031C002P097R001A080.npy
S031C002P097R002A080,NTU,A080,squat_down,moderate_risk,35,25,3,"(35, 25, 3)",C:\Users\VICTUS\Downloads\Research\outputs\NTU_Pose_Output\A080\S031C002P097R002A080.npy
S031C002P098R001A080,NTU,A080,squat_down,moderate_risk,39,25,3,"(39, 25, 3)",C:\Users\VICTUS\Downloads\Research\outputs\NTU_Pose_Output\A080\S031C002P098R001A080.npy
S031C002P098R002A080,NTU,A080,squat_down,moderate_risk,38,25,3,"(38, 25, 3)",C:\Users\VICTUS\Downloads\Research\outputs\NTU_Pose_Output\A080\S031C002P098R002A080.npy
S031C002P099R001A080,NTU,A080,squat_down,moderate_risk,40,25,3,"(40, 25, 3)",C:\Users\VICTUS\Downloads\Research\outputs\NTU_Pose_Output\A080\S031C002P099R001A080.npy
S031C002P099R002A080,NTU,A080,squat_down,moderate_risk,36,25,3,"(36, 25, 3)",C:\Users\VICTUS\Downloads\Research\outputs\NTU_Pose_Output\A080\S031C002P099R002A080.npy
S031C002P100R001A080,NTU,A080,squat_down,moderate_risk,39,25,3,"(39, 25, 3)",C:\Users\VICTUS\Downloads\Research\outputs\NTU_Pose_Output\A080\S031C002P100R001A080.npy
S031C002P100R002A080,NTU,A080,squat_down,moderate_risk,41,25,3,"(41, 25, 3)",C:\Users\VICTUS\Downloads\Research\outputs\NTU_Pose_Output\A080\S031C002P100R002A080.npy
S031C002P101R001A080,NTU,A080,squat_down,moderate_risk,34,25,3,"(34, 25, 3)",C:\Users\VICTUS\Downloads\Research\outputs\NTU_Pose_Output\A080\S031C002P101R001A080.npy
S031C002P101R002A080,NTU,A080,squat_down,moderate_risk,31,25,3,"(31, 25, 3)",C:\Users\VICTUS\Downloads\Research\outputs\NTU_Pose_Output\A080\S031C002P101R002A080.npy
S031C003P006R001A080,NTU,A080,squat_down,moderate_risk,40,25,3,"(40, 25, 3)",C:\Users\VICTUS\Downloads\Research\outputs\NTU_Pose_Output\A080\S031C003P006R001A080.npy
S031C003P006R002A080,NTU,A080,squat_down,moderate_risk,44,25,3,"(44, 25, 3)",C:\Users\VICTUS\Downloads\Research\outputs\NTU_Pose_Output\A080\S031C003P006R002A080.npy
S031C003P008R001A080,NTU,A080,squat_down,moderate_risk,35,25,3,"(35, 25, 3)",C:\Users\VICTUS\Downloads\Research\outputs\NTU_Pose_Output\A080\S031C003P008R001A080.npy
S031C003P008R002A080,NTU,A080,squat_down,moderate_risk,39,25,3,"(39, 25, 3)",C:\Users\VICTUS\Downloads\Research\outputs\NTU_Pose_Output\A080\S031C003P008R002A080.npy
S031C003P041R001A080,NTU,A080,squat_down,moderate_risk,57,25,3,"(57, 25, 3)",C:\Users\VICTUS\Downloads\Research\outputs\NTU_Pose_Output\A080\S031C003P041R001A080.npy
S031C003P041R002A080,NTU,A080,squat_down,moderate_risk,75,25,3,"(75, 25, 3)",C:\Users\VICTUS\Downloads\Research\outputs\NTU_Pose_Output\A080\S031C003P041R002A080.npy
S031C003P042R001A080,NTU,A080,squat_down,moderate_risk,41,25,3,"(41, 25, 3)",C:\Users\VICTUS\Downloads\Research\outputs\NTU_Pose_Output\A080\S031C003P042R001A080.npy
S031C003P042R002A080,NTU,A080,squat_down,moderate_risk,41,25,3,"(41, 25, 3)",C:\Users\VICTUS\Downloads\Research\outputs\NTU_Pose_Output\A080\S031C003P042R002A080.npy
S031C003P043R001A080,NTU,A080,squat_down,moderate_risk,46,25,3,"(46, 25, 3)",C:\Users\VICTUS\Downloads\Research\outputs\NTU_Pose_Output\A080\S031C003P043R001A080.npy
S031C003P043R002A080,NTU,A080,squat_down,moderate_risk,64,25,3,"(64, 25, 3)",C:\Users\VICTUS\Downloads\Research\outputs\NTU_Pose_Output\A080\S031C003P043R002A080.npy
S031C003P044R001A080,NTU,A080,squat_down,moderate_risk,38,25,3,"(38, 25, 3)",C:\Users\VICTUS\Downloads\Research\outputs\NTU_Pose_Output\A080\S031C003P044R001A080.npy
S031C003P044R002A080,NTU,A080,squat_down,moderate_risk,42,25,3,"(42, 25, 3)",C:\Users\VICTUS\Downloads\Research\outputs\NTU_Pose_Output\A080\S031C003P044R002A080.npy
S031C003P051R001A080,NTU,A080,squat_down,moderate_risk,34,25,3,"(34, 25, 3)",C:\Users\VICTUS\Downloads\Research\outputs\NTU_Pose_Output\A080\S031C003P051R001A080.npy
S031C003P051R002A080,NTU,A080,squat_down,moderate_risk,40,25,3,"(40, 25, 3)",C:\Users\VICTUS\Downloads\Research\outputs\NTU_Pose_Output\A080\S031C003P051R002A080.npy
S031C003P067R001A080,NTU,A080,squat_down,moderate_risk,45,25,3,"(45, 25, 3)",C:\Users\VICTUS\Downloads\Research\outputs\NTU_Pose_Output\A080\S031C003P067R001A080.npy
S031C003P067R002A080,NTU,A080,squat_down,moderate_risk,35,25,3,"(35, 25, 3)",C:\Users\VICTUS\Downloads\Research\outputs\NTU_Pose_Output\A080\S031C003P067R002A080.npy
S031C003P082R001A080,NTU,A080,squat_down,moderate_risk,31,25,3,"(31, 25, 3)",C:\Users\VICTUS\Downloads\Research\outputs\NTU_Pose_Output\A080\S031C003P082R001A080.npy
S031C003P082R002A080,NTU,A080,squat_down,moderate_risk,35,25,3,"(35, 25, 3)",C:\Users\VICTUS\Downloads\Research\outputs\NTU_Pose_Output\A080\S031C003P082R002A080.npy
S031C003P085R001A080,NTU,A080,squat_down,moderate_risk,139,25,3,"(139, 25, 3)",C:\Users\VICTUS\Downloads\Research\outputs\NTU_Pose_Output\A080\S031C003P085R001A080.npy
S031C003P085R002A080,NTU,A080,squat_down,moderate_risk,57,25,3,"(57, 25, 3)",C:\Users\VICTUS\Downloads\Research\outputs\NTU_Pose_Output\A080\S031C003P085R002A080.npy
S031C003P096R001A080,NTU,A080,squat_down,moderate_risk,42,25,3,"(42, 25, 3)",C:\Users\VICTUS\Downloads\Research\outputs\NTU_Pose_Output\A080\S031C003P096R001A080.npy
S031C003P096R002A080,NTU,A080,squat_down,moderate_risk,44,25,3,"(44, 25, 3)",C:\Users\VICTUS\Downloads\Research\outputs\NTU_Pose_Output\A080\S031C003P096R002A080.npy
S031C003P097R001A080,NTU,A080,squat_down,moderate_risk,49,25,3,"(49, 25, 3)",C:\Users\VICTUS\Downloads\Research\outputs\NTU_Pose_Output\A080\S031C003P097R001A080.npy
S031C003P097R002A080,NTU,A080,squat_down,moderate_risk,46,25,3,"(46, 25, 3)",C:\Users\VICTUS\Downloads\Research\outputs\NTU_Pose_Output\A080\S031C003P097R002A080.npy
S031C003P098R001A080,NTU,A080,squat_down,moderate_risk,51,25,3,"(51, 25, 3)",C:\Users\VICTUS\Downloads\Research\outputs\NTU_Pose_Output\A080\S031C003P098R001A080.npy
S031C003P098R002A080,NTU,A080,squat_down,moderate_risk,50,25,3,"(50, 25, 3)",C:\Users\VICTUS\Downloads\Research\outputs\NTU_Pose_Output\A080\S031C003P098R002A080.npy
S031C003P099R001A080,NTU,A080,squat_down,moderate_risk,52,25,3,"(52, 25, 3)",C:\Users\VICTUS\Downloads\Research\outputs\NTU_Pose_Output\A080\S031C003P099R001A080.npy
S031C003P099R002A080,NTU,A080,squat_down,moderate_risk,45,25,3,"(45, 25, 3)",C:\Users\VICTUS\Downloads\Research\outputs\NTU_Pose_Output\A080\S031C003P099R002A080.npy
S031C003P100R001A080,NTU,A080,squat_down,moderate_risk,51,25,3,"(51, 25, 3)",C:\Users\VICTUS\Downloads\Research\outputs\NTU_Pose_Output\A080\S031C003P100R001A080.npy
S031C003P100R002A080,NTU,A080,squat_down,moderate_risk,54,25,3,"(54, 25, 3)",C:\Users\VICTUS\Downloads\Research\outputs\NTU_Pose_Output\A080\S031C003P100R002A080.npy
S031C003P101R001A080,NTU,A080,squat_down,moderate_risk,46,25,3,"(46, 25, 3)",C:\Users\VICTUS\Downloads\Research\outputs\NTU_Pose_Output\A080\S031C003P101R001A080.npy
S031C003P101R002A080,NTU,A080,squat_down,moderate_risk,42,25,3,"(42, 25, 3)",C:\Users\VICTUS\Downloads\Research\outputs\NTU_Pose_Output\A080\S031C003P101R002A080.npy
S032C001P008R001A080,NTU,A080,squat_down,moderate_risk,32,25,3,"(32, 25, 3)",C:\Users\VICTUS\Downloads\Research\outputs\NTU_Pose_Output\A080\S032C001P008R001A080.npy
S032C001P008R002A080,NTU,A080,squat_down,moderate_risk,30,25,3,"(30, 25, 3)",C:\Users\VICTUS\Downloads\Research\outputs\NTU_Pose_Output\A080\S032C001P008R002A080.npy
S032C001P041R001A080,NTU,A080,squat_down,moderate_risk,40,25,3,"(40, 25, 3)",C:\Users\VICTUS\Downloads\Research\outputs\NTU_Pose_Output\A080\S032C001P041R001A080.npy
S032C001P041R002A080,NTU,A080,squat_down,moderate_risk,33,25,3,"(33, 25, 3)",C:\Users\VICTUS\Downloads\Research\outputs\NTU_Pose_Output\A080\S032C001P041R002A080.npy
S032C001P043R001A080,NTU,A080,squat_down,moderate_risk,34,25,3,"(34, 25, 3)",C:\Users\VICTUS\Downloads\Research\outputs\NTU_Pose_Output\A080\S032C001P043R001A080.npy
S032C001P043R002A080,NTU,A080,squat_down,moderate_risk,38,25,3,"(38, 25, 3)",C:\Users\VICTUS\Downloads\Research\outputs\NTU_Pose_Output\A080\S032C001P043R002A080.npy
S032C001P044R001A080,NTU,A080,squat_down,moderate_risk,47,25,3,"(47, 25, 3)",C:\Users\VICTUS\Downloads\Research\outputs\NTU_Pose_Output\A080\S032C001P044R001A080.npy
S032C001P044R002A080,NTU,A080,squat_down,moderate_risk,36,25,3,"(36, 25, 3)",C:\Users\VICTUS\Downloads\Research\outputs\NTU_Pose_Output\A080\S032C001P044R002A080.npy
S032C001P067R001A080,NTU,A080,squat_down,moderate_risk,34,25,3,"(34, 25, 3)",C:\Users\VICTUS\Downloads\Research\outputs\NTU_Pose_Output\A080\S032C001P067R001A080.npy
S032C001P067R002A080,NTU,A080,squat_down,moderate_risk,31,25,3,"(31, 25, 3)",C:\Users\VICTUS\Downloads\Research\outputs\NTU_Pose_Output\A080\S032C001P067R002A080.npy
S032C001P102R001A080,NTU,A080,squat_down,moderate_risk,32,25,3,"(32, 25, 3)",C:\Users\VICTUS\Downloads\Research\outputs\NTU_Pose_Output\A080\S032C001P102R001A080.npy
S032C001P102R002A080,NTU,A080,squat_down,moderate_risk,34,25,3,"(34, 25, 3)",C:\Users\VICTUS\Downloads\Research\outputs\NTU_Pose_Output\A080\S032C001P102R002A080.npy
S032C001P103R001A080,NTU,A080,squat_down,moderate_risk,46,25,3,"(46, 25, 3)",C:\Users\VICTUS\Downloads\Research\outputs\NTU_Pose_Output\A080\S032C001P103R001A080.npy
S032C001P103R002A080,NTU,A080,squat_down,moderate_risk,47,25,3,"(47, 25, 3)",C:\Users\VICTUS\Downloads\Research\outputs\NTU_Pose_Output\A080\S032C001P103R002A080.npy
S032C001P104R001A080,NTU,A080,squat_down,moderate_risk,34,25,3,"(34, 25, 3)",C:\Users\VICTUS\Downloads\Research\outputs\NTU_Pose_Output\A080\S032C001P104R001A080.npy
S032C001P104R002A080,NTU,A080,squat_down,moderate_risk,27,25,3,"(27, 25, 3)",C:\Users\VICTUS\Downloads\Research\outputs\NTU_Pose_Output\A080\S032C001P104R002A080.npy
S032C001P105R001A080,NTU,A080,squat_down,moderate_risk,38,25,3,"(38, 25, 3)",C:\Users\VICTUS\Downloads\Research\outputs\NTU_Pose_Output\A080\S032C001P105R001A080.npy
S032C001P105R002A080,NTU,A080,squat_down,moderate_risk,31,25,3,"(31, 25, 3)",C:\Users\VICTUS\Downloads\Research\outputs\NTU_Pose_Output\A080\S032C001P105R002A080.npy
S032C001P106R001A080,NTU,A080,squat_down,moderate_risk,46,25,3,"(46, 25, 3)",C:\Users\VICTUS\Downloads\Research\outputs\NTU_Pose_Output\A080\S032C001P106R001A080.npy
S032C001P106R002A080,NTU,A080,squat_down,moderate_risk,35,25,3,"(35, 25, 3)",C:\Users\VICTUS\Downloads\Research\outputs\NTU_Pose_Output\A080\S032C001P106R002A080.npy
S032C002P008R001A080,NTU,A080,squat_down,moderate_risk,33,25,3,"(33, 25, 3)",C:\Users\VICTUS\Downloads\Research\outputs\NTU_Pose_Output\A080\S032C002P008R001A080.npy
S032C002P008R002A080,NTU,A080,squat_down,moderate_risk,29,25,3,"(29, 25, 3)",C:\Users\VICTUS\Downloads\Research\outputs\NTU_Pose_Output\A080\S032C002P008R002A080.npy
S032C002P041R001A080,NTU,A080,squat_down,moderate_risk,42,25,3,"(42, 25, 3)",C:\Users\VICTUS\Downloads\Research\outputs\NTU_Pose_Output\A080\S032C002P041R001A080.npy
S032C002P041R002A080,NTU,A080,squat_down,moderate_risk,34,25,3,"(34, 25, 3)",C:\Users\VICTUS\Downloads\Research\outputs\NTU_Pose_Output\A080\S032C002P041R002A080.npy
S032C002P043R001A080,NTU,A080,squat_down,moderate_risk,34,25,3,"(34, 25, 3)",C:\Users\VICTUS\Downloads\Research\outputs\NTU_Pose_Output\A080\S032C002P043R001A080.npy
S032C002P043R002A080,NTU,A080,squat_down,moderate_risk,39,25,3,"(39, 25, 3)",C:\Users\VICTUS\Downloads\Research\outputs\NTU_Pose_Output\A080\S032C002P043R002A080.npy
S032C002P044R001A080,NTU,A080,squat_down,moderate_risk,47,25,3,"(47, 25, 3)",C:\Users\VICTUS\Downloads\Research\outputs\NTU_Pose_Output\A080\S032C002P044R001A080.npy
S032C002P044R002A080,NTU,A080,squat_down,moderate_risk,34,25,3,"(34, 25, 3)",C:\Users\VICTUS\Downloads\Research\outputs\NTU_Pose_Output\A080\S032C002P044R002A080.npy
S032C002P067R001A080,NTU,A080,squat_down,moderate_risk,35,25,3,"(35, 25, 3)",C:\Users\VICTUS\Downloads\Research\outputs\NTU_Pose_Output\A080\S032C002P067R001A080.npy
S032C002P067R002A080,NTU,A080,squat_down,moderate_risk,32,25,3,"(32, 25, 3)",C:\Users\VICTUS\Downloads\Research\outputs\NTU_Pose_Output\A080\S032C002P067R002A080.npy
S032C002P102R001A080,NTU,A080,squat_down,moderate_risk,33,25,3,"(33, 25, 3)",C:\Users\VICTUS\Downloads\Research\outputs\NTU_Pose_Output\A080\S032C002P102R001A080.npy
S032C002P102R002A080,NTU,A080,squat_down,moderate_risk,34,25,3,"(34, 25, 3)",C:\Users\VICTUS\Downloads\Research\outputs\NTU_Pose_Output\A080\S032C002P102R002A080.npy
S032C002P103R001A080,NTU,A080,squat_down,moderate_risk,47,25,3,"(47, 25, 3)",C:\Users\VICTUS\Downloads\Research\outputs\NTU_Pose_Output\A080\S032C002P103R001A080.npy
S032C002P103R002A080,NTU,A080,squat_down,moderate_risk,46,25,3,"(46, 25, 3)",C:\Users\VICTUS\Downloads\Research\outputs\NTU_Pose_Output\A080\S032C002P103R002A080.npy
S032C002P104R001A080,NTU,A080,squat_down,moderate_risk,36,25,3,"(36, 25, 3)",C:\Users\VICTUS\Downloads\Research\outputs\NTU_Pose_Output\A080\S032C002P104R001A080.npy
S032C002P104R002A080,NTU,A080,squat_down,moderate_risk,28,25,3,"(28, 25, 3)",C:\Users\VICTUS\Downloads\Research\outputs\NTU_Pose_Output\A080\S032C002P104R002A080.npy
S032C002P105R001A080,NTU,A080,squat_down,moderate_risk,39,25,3,"(39, 25, 3)",C:\Users\VICTUS\Downloads\Research\outputs\NTU_Pose_Output\A080\S032C002P105R001A080.npy
S032C002P105R002A080,NTU,A080,squat_down,moderate_risk,31,25,3,"(31, 25, 3)",C:\Users\VICTUS\Downloads\Research\outputs\NTU_Pose_Output\A080\S032C002P105R002A080.npy
S032C002P106R001A080,NTU,A080,squat_down,moderate_risk,47,25,3,"(47, 25, 3)",C:\Users\VICTUS\Downloads\Research\outputs\NTU_Pose_Output\A080\S032C002P106R001A080.npy
S032C002P106R002A080,NTU,A080,squat_down,moderate_risk,32,25,3,"(32, 25, 3)",C:\Users\VICTUS\Downloads\Research\outputs\NTU_Pose_Output\A080\S032C002P106R002A080.npy
S032C003P008R001A080,NTU,A080,squat_down,moderate_risk,43,25,3,"(43, 25, 3)",C:\Users\VICTUS\Downloads\Research\outputs\NTU_Pose_Output\A080\S032C003P008R001A080.npy
S032C003P008R002A080,NTU,A080,squat_down,moderate_risk,39,25,3,"(39, 25, 3)",C:\Users\VICTUS\Downloads\Research\outputs\NTU_Pose_Output\A080\S032C003P008R002A080.npy
S032C003P041R001A080,NTU,A080,squat_down,moderate_risk,53,25,3,"(53, 25, 3)",C:\Users\VICTUS\Downloads\Research\outputs\NTU_Pose_Output\A080\S032C003P041R001A080.npy
S032C003P041R002A080,NTU,A080,squat_down,moderate_risk,42,25,3,"(42, 25, 3)",C:\Users\VICTUS\Downloads\Research\outputs\NTU_Pose_Output\A080\S032C003P041R002A080.npy
S032C003P043R001A080,NTU,A080,squat_down,moderate_risk,45,25,3,"(45, 25, 3)",C:\Users\VICTUS\Downloads\Research\outputs\NTU_Pose_Output\A080\S032C003P043R001A080.npy
S032C003P043R002A080,NTU,A080,squat_down,moderate_risk,50,25,3,"(50, 25, 3)",C:\Users\VICTUS\Downloads\Research\outputs\NTU_Pose_Output\A080\S032C003P043R002A080.npy
S032C003P044R001A080,NTU,A080,squat_down,moderate_risk,61,25,3,"(61, 25, 3)",C:\Users\VICTUS\Downloads\Research\outputs\NTU_Pose_Output\A080\S032C003P044R001A080.npy
S032C003P044R002A080,NTU,A080,squat_down,moderate_risk,46,25,3,"(46, 25, 3)",C:\Users\VICTUS\Downloads\Research\outputs\NTU_Pose_Output\A080\S032C003P044R002A080.npy
S032C003P067R001A080,NTU,A080,squat_down,moderate_risk,44,25,3,"(44, 25, 3)",C:\Users\VICTUS\Downloads\Research\outputs\NTU_Pose_Output\A080\S032C003P067R001A080.npy
S032C003P067R002A080,NTU,A080,squat_down,moderate_risk,41,25,3,"(41, 25, 3)",C:\Users\VICTUS\Downloads\Research\outputs\NTU_Pose_Output\A080\S032C003P067R002A080.npy
S032C003P102R001A080,NTU,A080,squat_down,moderate_risk,43,25,3,"(43, 25, 3)",C:\Users\VICTUS\Downloads\Research\outputs\NTU_Pose_Output\A080\S032C003P102R001A080.npy
S032C003P102R002A080,NTU,A080,squat_down,moderate_risk,44,25,3,"(44, 25, 3)",C:\Users\VICTUS\Downloads\Research\outputs\NTU_Pose_Output\A080\S032C003P102R002A080.npy
S032C003P103R001A080,NTU,A080,squat_down,moderate_risk,61,25,3,"(61, 25, 3)",C:\Users\VICTUS\Downloads\Research\outputs\NTU_Pose_Output\A080\S032C003P103R001A080.npy
S032C003P103R002A080,NTU,A080,squat_down,moderate_risk,61,25,3,"(61, 25, 3)",C:\Users\VICTUS\Downloads\Research\outputs\NTU_Pose_Output\A080\S032C003P103R002A080.npy
S032C003P104R001A080,NTU,A080,squat_down,moderate_risk,46,25,3,"(46, 25, 3)",C:\Users\VICTUS\Downloads\Research\outputs\NTU_Pose_Output\A080\S032C003P104R001A080.npy
S032C003P104R002A080,NTU,A080,squat_down,moderate_risk,35,25,3,"(35, 25, 3)",C:\Users\VICTUS\Downloads\Research\outputs\NTU_Pose_Output\A080\S032C003P104R002A080.npy
S032C003P105R001A080,NTU,A080,squat_down,moderate_risk,50,25,3,"(50, 25, 3)",C:\Users\VICTUS\Downloads\Research\outputs\NTU_Pose_Output\A080\S032C003P105R001A080.npy
S032C003P105R002A080,NTU,A080,squat_down,moderate_risk,40,25,3,"(40, 25, 3)",C:\Users\VICTUS\Downloads\Research\outputs\NTU_Pose_Output\A080\S032C003P105R002A080.npy
S032C003P106R001A080,NTU,A080,squat_down,moderate_risk,61,25,3,"(61, 25, 3)",C:\Users\VICTUS\Downloads\Research\outputs\NTU_Pose_Output\A080\S032C003P106R001A080.npy
S032C003P106R002A080,NTU,A080,squat_down,moderate_risk,47,25,3,"(47, 25, 3)",C:\Users\VICTUS\Downloads\Research\outputs\NTU_Pose_Output\A080\S032C003P106R002A080.npy
