sequence_id,dataset,action_label,risk_level,mean_torso_inclination,std_torso_inclination,knee_hip_drop_ratio,ankle_motion,mean_body_height,std_body_height_norm,mean_joint_speed,std_hip_y,posture
fall-01-cam0-rgb,UR,fall,high_risk,15.058,20.7321,0.314,0.0576,5.2486,0.3967,0.2923,0.4845,Lying
fall-02-cam0-rgb,UR,fall,high_risk,42.1921,31.8291,0.4806,0.0498,4.5341,0.1303,0.2918,0.4661,Lying
fall-03-cam0-rgb,UR,fall,high_risk,5.4777,6.1669,0.2557,0.0379,5.9429,0.2219,0.2661,0.2427,Lying
fall-05-cam0-rgb,UR,fall,high_risk,23.3849,29.0032,0.3449,0.0704,5.8104,0.3029,0.3218,0.4096,Lying
fall-06-cam0-rgb,UR,fall,high_risk,55.8478,33.0898,0.3703,0.049,4.2479,0.2953,0.294,0.5186,Lying
fall-07-cam0-rgb,UR,fall,high_risk,24.8842,30.594,0.3438,0.0432,5.1013,0.2346,0.2844,0.5646,Lying
fall-08-cam0-rgb,UR,fall,high_risk,49.6811,31.7359,0.2683,0.0406,4.431,0.3031,0.152,0.3145,Lying
fall-09-cam0-rgb,UR,fall,high_risk,15.1264,22.8536,0.2707,0.0612,5.8714,0.2188,0.3812,0.3762,Lying
fall-10-cam0-rgb,UR,fall,high_risk,42.1655,29.0602,0.3979,0.0811,4.171,0.2581,0.3876,0.685,Lying
fall-11-cam0-rgb,UR,fall,high_risk,39.6251,33.5473,0.343,0.0379,5.216,0.2499,0.2028,0.4031,Lying
fall-12-cam0-rgb,UR,fall,high_risk,60.2156,32.3513,0.2916,0.0524,4.8495,0.1673,0.2702,0.4013,Lying
fall-13-cam0-rgb,UR,fall,high_risk,11.1844,20.5894,0.281,0.0349,5.3651,0.3225,0.2726,0.257,Lying
fall-14-cam0-rgb,UR,fall,high_risk,59.8263,22.5435,0.448,0.0607,4.4986,0.1219,0.1882,0.4411,Lying
fall-15-cam0-rgb,UR,fall,high_risk,38.1396,36.7804,0.3227,0.0218,5.6925,0.4194,0.0964,0.2305,Lying
fall-16-cam0-rgb,UR,fall,high_risk,55.6349,23.9808,0.3522,0.02,4.3702,0.0926,0.1138,0.4172,Lying
fall-17-cam0-rgb,UR,fall,high_risk,8.6591,11.3049,0.3213,0.0254,5.6082,0.3077,0.1451,0.3804,Lying
fall-18-cam0-rgb,UR,fall,high_risk,63.0792,27.197,0.3031,0.0319,5.131,0.2787,0.1045,0.3678,Lying
fall-20-cam0-rgb,UR,fall,high_risk,35.4067,20.4957,0.1509,0.0612,4.7435,0.2131,0.3663,0.3328,Lying
fall-02-cam1-rgb,UR,fall,high_risk,67.2678,24.8559,1.127,0.3,5.5326,0.557,0.3394,0.161,Lying
fall-04-cam1-rgb,UR,fall,high_risk,74.8657,9.1925,1.0817,0.1825,4.9634,0.4534,0.2529,0.2215,Lying
fall-06-cam1-rgb,UR,fall,high_risk,73.242,8.5569,0.8174,0.092,5.3009,0.547,0.3253,0.1759,Lying
fall-07-cam1-rgb,UR,fall,high_risk,37.1571,20.5055,0.25,0.1101,5.993,0.494,0.4077,0.3985,Lying
fall-08-cam1-rgb,UR,fall,high_risk,61.7266,17.004,0.579,0.134,5.057,0.467,0.2472,0.2346,Lying
fall-09-cam1-rgb,UR,fall,high_risk,30.0127,28.4027,0.4189,0.1958,5.79,0.6856,0.5008,0.3377,Lying
fall-10-cam1-rgb,UR,fall,high_risk,73.7213,10.8979,0.6295,0.1168,5.2195,0.4977,0.3009,0.1507,Lying
fall-11-cam1-rgb,UR,fall,high_risk,44.5339,23.0947,0.3499,0.0729,6.0268,0.7445,0.3292,0.2888,Lying
fall-12-cam1-rgb,UR,fall,high_risk,60.5565,15.3649,0.4772,0.0918,4.8066,0.4961,0.2742,0.0683,Lying
fall-14-cam1-rgb,UR,fall,high_risk,81.6886,6.7472,2.1841,0.3823,4.6048,0.3132,0.3026,0.0903,Lying
fall-18-cam1-rgb,UR,fall,high_risk,75.1809,9.8314,0.9625,0.1115,4.7895,0.4317,0.2054,0.1255,Lying
fall-20-cam1-rgb,UR,fall,high_risk,29.0188,24.2022,0.2962,0.0316,4.3471,0.5071,0.3798,0.2073,Lying
S001C001P001R001A008,NTU,sit_down,low_risk,7.8806,7.5952,0.1765,0.0074,5.1755,0.1259,0.0325,0.0784,Sitting
S001C001P001R001A009,NTU,stand_up,low_risk,10.014,8.6802,0.2061,0.0083,5.8058,0.1609,0.0378,0.096,Standing
S001C001P001R001A042,NTU,staggering,moderate_risk,2.6309,1.782,0.2341,0.0143,5.8146,0.0229,0.0674,0.0207,Walking
S001C001P001R001A043,NTU,falling_down,high_risk,18.779,17.8435,0.2086,0.016,4.7648,0.2244,0.07,0.1803,Lying
S001C001P001R002A008,NTU,sit_down,low_risk,5.2216,5.2793,0.1709,0.0146,5.052,0.1482,0.0597,0.0748,Sitting
S001C001P001R002A009,NTU,stand_up,low_risk,9.1447,6.7513,0.1362,0.0089,4.8048,0.1585,0.0492,0.0543,Standing
S001C001P001R002A042,NTU,staggering,moderate_risk,4.5178,3.2793,0.2369,0.0118,5.6616,0.032,0.0674,0.0365,Walking
S001C001P001R002A043,NTU,falling_down,high_risk,6.8807,4.8847,0.1597,0.0205,4.4171,0.3027,0.1288,0.1149,Lying
S001C001P002R001A008,NTU,sit_down,low_risk,62.6233,22.2156,0.2164,0.0243,4.4683,0.086,0.0925,0.4014,Sitting
S001C001P002R001A009,NTU,stand_up,low_risk,13.1275,7.5239,0.1549,0.0102,4.9951,0.1496,0.0475,0.0788,Standing
S001C001P002R001A042,NTU,staggering,moderate_risk,7.2907,3.0492,0.2139,0.0105,5.5287,0.0251,0.057,0.0248,Walking
S001C001P002R001A043,NTU,falling_down,high_risk,12.5957,11.3579,0.2405,0.0134,4.9897,0.1546,0.0651,0.2511,Lying
S001C001P002R002A008,NTU,sit_down,low_risk,9.0559,7.7662,0.1443,0.008,4.9898,0.1206,0.0426,0.088,Sitting
S001C001P002R002A009,NTU,stand_up,low_risk,6.5494,6.2113,0.1439,0.0074,5.1335,0.1344,0.0436,0.0519,Standing
S001C001P002R002A042,NTU,staggering,moderate_risk,6.395,3.4486,0.2216,0.015,5.7243,0.0226,0.0713,0.0182,Walking
S001C001P002R002A043,NTU,falling_down,high_risk,9.6705,6.2572,0.214,0.0102,5.1119,0.1286,0.0637,0.2765,Lying
S001C001P003R001A008,NTU,sit_down,low_risk,4.3939,3.7171,0.1518,0.0186,4.3587,0.1522,0.0964,0.1266,Sitting
S001C001P003R001A009,NTU,stand_up,low_risk,7.409,5.2706,0.1483,0.0121,4.7843,0.1519,0.0569,0.103,Standing
S001C001P003R001A042,NTU,staggering,moderate_risk,3.2773,2.2938,0.2132,0.009,5.7467,0.0113,0.0442,0.0121,Walking
S001C001P003R001A043,NTU,falling_down,high_risk,25.9961,28.1802,0.2677,0.0231,5.2523,0.174,0.0843,0.3488,Lying
S001C001P003R002A008,NTU,sit_down,low_risk,11.1022,8.37,0.1589,0.0138,4.7488,0.1698,0.0869,0.1593,Sitting
S001C001P003R002A009,NTU,stand_up,low_risk,8.4031,5.3663,0.1575,0.0078,4.9565,0.1558,0.0432,0.069,Standing
S001C001P003R002A042,NTU,staggering,moderate_risk,27.2687,24.5756,0.309,0.1331,9.8697,0.1382,0.8886,0.6481,Walking
S001C001P003R002A043,NTU,falling_down,high_risk,66.1623,22.0645,0.2207,0.08,10.4776,0.1624,0.5727,0.5996,Lying
S001C001P004R001A008,NTU,sit_down,low_risk,10.3667,7.2741,0.1867,0.0113,4.7641,0.1306,0.0623,0.0949,Sitting
S001C001P004R001A009,NTU,stand_up,low_risk,11.1704,7.4772,0.1078,0.0072,4.183,0.145,0.0366,0.0513,Standing
S001C001P004R001A042,NTU,staggering,moderate_risk,5.2312,4.239,0.2422,0.0118,5.5108,0.0374,0.0462,0.027,Walking
S001C001P004R001A043,NTU,falling_down,high_risk,24.4009,27.7155,0.2329,0.011,4.8467,0.2388,0.0457,0.2656,Lying
S001C001P004R002A008,NTU,sit_down,low_risk,4.7708,5.2635,0.1915,0.0104,5.1122,0.2007,0.0551,0.1619,Sitting
S001C001P004R002A009,NTU,stand_up,low_risk,5.4919,6.3231,0.1512,0.0059,5.1822,0.1723,0.0375,0.0959,Standing
S001C001P004R002A042,NTU,staggering,moderate_risk,3.9672,3.5101,0.2571,0.0159,5.7325,0.0552,0.069,0.0772,Walking
S001C001P004R002A043,NTU,falling_down,high_risk,20.595,21.262,0.2319,0.0102,5.1367,0.2288,0.0449,0.1895,Lying
S001C001P005R001A008,NTU,sit_down,low_risk,5.0546,3.2354,0.2061,0.0058,5.5598,0.1549,0.0286,0.0458,Sitting
S001C001P005R001A009,NTU,stand_up,low_risk,5.0722,4.6581,0.2082,0.0059,5.6746,0.1516,0.0306,0.0474,Standing
S001C001P005R001A042,NTU,staggering,moderate_risk,6.1451,6.4142,0.2709,0.0075,6.1533,0.0167,0.0413,0.0261,Walking
S001C001P005R001A043,NTU,falling_down,high_risk,16.8832,18.5999,0.2405,0.0182,4.9767,0.2622,0.0614,0.1797,Lying
S001C001P005R002A008,NTU,sit_down,low_risk,9.4088,7.1833,0.1943,0.0057,5.1271,0.1675,0.0341,0.0953,Sitting
S001C001P005R002A009,NTU,stand_up,low_risk,6.6233,3.3365,0.209,0.0043,5.2911,0.154,0.0251,0.0591,Standing
S001C001P005R002A042,NTU,staggering,moderate_risk,10.1438,7.4707,0.277,0.0085,6.0375,0.0351,0.056,0.0685,Walking
S001C001P005R002A043,NTU,falling_down,high_risk,21.9293,15.3702,0.247,0.0159,4.8204,0.2648,0.0643,0.0735,Lying
S001C001P006R001A008,NTU,sit_down,low_risk,6.1185,5.701,0.159,0.0052,5.0407,0.1544,0.0237,0.0508,Sitting
S001C001P006R001A009,NTU,stand_up,low_risk,7.9147,7.2152,0.1376,0.0059,4.6911,0.1844,0.025,0.0494,Standing
S001C001P006R001A042,NTU,staggering,moderate_risk,8.6993,5.6418,0.2618,0.0105,5.5675,0.0205,0.0619,0.0369,Walking
S001C001P006R001A043,NTU,falling_down,high_risk,34.5457,33.3817,0.3598,0.0169,5.0438,0.1561,0.0477,0.3554,Lying
S001C001P006R002A008,NTU,sit_down,low_risk,6.3696,6.2951,0.1779,0.006,5.1415,0.1663,0.0293,0.0804,Sitting
S001C001P006R002A009,NTU,stand_up,low_risk,7.5845,9.343,0.1629,0.0069,5.0759,0.2076,0.0374,0.1117,Standing
S001C001P006R002A042,NTU,staggering,moderate_risk,9.2973,7.3202,0.2615,0.0107,5.4576,0.0452,0.0569,0.0509,Walking
S001C001P006R002A043,NTU,falling_down,high_risk,6.4424,6.5855,0.256,0.0128,4.5814,0.2657,0.0647,0.2129,Lying
S001C001P007R001A008,NTU,sit_down,low_risk,14.495,10.3677,0.1375,0.0097,5.0729,0.1408,0.0469,0.1016,Sitting
S001C001P007R001A009,NTU,stand_up,low_risk,14.5142,8.3767,0.1126,0.0075,4.9785,0.1341,0.0322,0.0504,Standing
S001C001P007R001A042,NTU,staggering,moderate_risk,9.5526,6.5374,0.2373,0.0175,5.5338,0.0801,0.0863,0.0658,Walking
S001C001P007R001A043,NTU,falling_down,high_risk,22.7469,20.4618,0.2187,0.0188,4.2974,0.3535,0.0675,0.2447,Lying
S001C001P007R002A008,NTU,sit_down,low_risk,8.8238,10.9546,0.2018,0.0113,5.1193,0.1284,0.0603,0.1731,Sitting
S001C001P007R002A009,NTU,stand_up,low_risk,5.8214,4.7999,0.1377,0.0081,5.1097,0.1674,0.038,0.0546,Standing
S001C001P007R002A042,NTU,staggering,moderate_risk,11.931,11.2054,0.2368,0.0182,5.5112,0.0913,0.0954,0.0874,Walking
S001C001P007R002A043,NTU,falling_down,high_risk,33.7243,35.2475,0.2558,0.0185,5.1439,0.2101,0.0701,0.4083,Lying
S001C001P008R001A008,NTU,sit_down,low_risk,7.8459,6.5615,0.1493,0.0151,4.2578,0.2413,0.0773,0.1226,Sitting
S001C001P008R001A009,NTU,stand_up,low_risk,10.8393,13.9025,0.1355,0.0101,4.1301,0.2241,0.0698,0.2092,Standing
S001C001P008R001A042,NTU,staggering,moderate_risk,5.1935,2.0962,0.0505,0.0253,4.2417,0.0397,0.0882,0.0385,Walking
S001C001P008R001A043,NTU,falling_down,high_risk,5.3172,1.8223,0.0503,0.0117,4.2228,0.0246,0.0441,0.0274,Lying
S001C001P008R002A008,NTU,sit_down,low_risk,2.6957,1.9061,0.1889,0.006,4.9093,0.1342,0.0351,0.1513,Sitting
S001C001P008R002A009,NTU,stand_up,low_risk,2.7298,1.3464,0.1849,0.0038,4.8794,0.1598,0.024,0.1173,Standing
S001C001P008R002A042,NTU,staggering,moderate_risk,11.9183,9.2868,0.2486,0.0252,5.1325,0.0989,0.1154,0.1775,Walking
S001C001P008R002A043,NTU,falling_down,high_risk,33.7024,23.7586,0.3467,0.0256,4.9909,0.0763,0.0608,0.6844,Lying
S001C002P001R001A008,NTU,sit_down,low_risk,8.7011,7.1059,0.1518,0.0096,5.3846,0.1265,0.0484,0.0752,Sitting
S001C002P001R001A009,NTU,stand_up,low_risk,10.2441,7.7817,0.1407,0.011,5.1222,0.1505,0.0522,0.0927,Standing
S001C002P001R001A042,NTU,staggering,moderate_risk,3.3968,2.6303,0.2666,0.0136,5.9922,0.0248,0.0757,0.0372,Walking
S001C002P001R001A043,NTU,falling_down,high_risk,22.8154,18.7945,0.2456,0.0168,5.1257,0.2151,0.0705,0.1611,Lying
S001C002P001R002A008,NTU,sit_down,low_risk,4.6575,4.2217,0.1591,0.0076,4.8346,0.1411,0.0528,0.0455,Sitting
S001C002P001R002A009,NTU,stand_up,low_risk,4.0335,3.0853,0.1385,0.0061,4.5825,0.1804,0.0469,0.0943,Standing
S001C002P001R002A042,NTU,staggering,moderate_risk,2.5946,1.7664,0.2431,0.011,5.6892,0.0239,0.0601,0.0412,Walking
S001C002P001R002A043,NTU,falling_down,high_risk,13.237,13.027,0.2082,0.0316,3.9109,0.3591,0.0864,0.1453,Lying
S001C002P002R001A008,NTU,sit_down,low_risk,7.4173,6.0667,0.1458,0.0164,4.2137,0.1486,0.0451,0.0641,Sitting
S001C002P002R001A009,NTU,stand_up,low_risk,33.7301,26.3272,0.3947,0.1214,3.1417,0.3164,0.3975,0.3802,Standing
S001C002P002R001A042,NTU,staggering,moderate_risk,6.2787,5.8169,0.2087,0.0132,5.0997,0.0276,0.0655,0.0683,Walking
S001C002P002R001A043,NTU,falling_down,high_risk,9.3347,12.2437,0.1827,0.0206,4.7493,0.192,0.104,0.2565,Lying
S001C002P002R002A008,NTU,sit_down,low_risk,2.8712,1.9039,0.1627,0.0085,4.8019,0.1105,0.0535,0.1363,Sitting
S001C002P002R002A009,NTU,stand_up,low_risk,2.3071,1.8463,0.16,0.0058,5.2531,0.1331,0.0436,0.1037,Standing
S001C002P002R002A042,NTU,staggering,moderate_risk,7.0817,4.853,0.2185,0.014,5.6736,0.0239,0.0663,0.0202,Walking
S001C002P002R002A043,NTU,falling_down,high_risk,7.9338,6.7867,0.1545,0.0147,4.4394,0.2342,0.0806,0.1848,Lying
S001C002P003R001A008,NTU,sit_down,low_risk,45.8331,29.9468,0.1922,0.0359,3.8963,0.1127,0.1118,0.6489,Sitting
S001C002P003R001A009,NTU,stand_up,low_risk,7.8456,7.4865,0.1418,0.0181,4.9544,0.1558,0.0733,0.0538,Standing
S001C002P003R001A042,NTU,staggering,moderate_risk,4.1829,2.1757,0.2209,0.0102,5.7064,0.0149,0.0493,0.0168,Walking
S001C002P003R001A043,NTU,falling_down,high_risk,10.5957,10.9768,0.2963,0.012,4.8304,0.1828,0.0764,0.2767,Lying
S001C002P003R002A008,NTU,sit_down,low_risk,7.569,10.5827,0.1496,0.0164,4.5075,0.1745,0.0965,0.1341,Sitting
S001C002P003R002A009,NTU,stand_up,low_risk,3.2641,2.7153,0.1463,0.0066,4.6815,0.1552,0.0434,0.0666,Standing
S001C002P003R002A042,NTU,staggering,moderate_risk,3.8169,2.7719,0.2239,0.0082,5.5366,0.0192,0.032,0.0156,Walking
S001C002P003R002A043,NTU,falling_down,high_risk,10.0709,13.8834,0.2155,0.0143,4.7327,0.1711,0.0863,0.3547,Lying
S001C002P004R001A008,NTU,sit_down,low_risk,15.5852,15.8828,0.2145,0.0106,5.036,0.1579,0.0528,0.0955,Sitting
S001C002P004R001A009,NTU,stand_up,low_risk,13.3594,11.8648,0.114,0.0141,4.1176,0.1667,0.0449,0.0393,Standing
S001C002P004R001A042,NTU,staggering,moderate_risk,8.3004,5.9578,0.2253,0.0129,5.307,0.0293,0.0549,0.0274,Walking
S001C002P004R001A043,NTU,falling_down,high_risk,20.3503,20.8564,0.221,0.0144,4.8171,0.2252,0.0492,0.1604,Lying
S001C002P004R002A008,NTU,sit_down,low_risk,3.5687,2.8997,0.168,0.0079,4.3736,0.2201,0.046,0.1491,Sitting
S001C002P004R002A009,NTU,stand_up,low_risk,0.9027,0.5738,0.1234,0.0049,4.7647,0.163,0.0303,0.0781,Standing
S001C002P004R002A042,NTU,staggering,moderate_risk,3.745,3.0742,0.2346,0.0121,5.4362,0.0486,0.0474,0.0442,Walking
S001C002P004R002A043,NTU,falling_down,high_risk,7.6769,7.1495,0.2003,0.0111,4.7394,0.2311,0.051,0.1039,Lying
S001C002P005R001A008,NTU,sit_down,low_risk,7.0364,5.1685,0.1196,0.0101,5.0364,0.1798,0.0413,0.0342,Sitting
S001C002P005R001A009,NTU,stand_up,low_risk,7.6816,4.8164,0.1371,0.0112,5.0142,0.1488,0.0443,0.0381,Standing
S001C002P005R001A042,NTU,staggering,moderate_risk,8.817,6.2094,0.2584,0.0082,6.037,0.0139,0.0511,0.0253,Walking
S001C002P005R001A043,NTU,falling_down,high_risk,15.0641,14.8644,0.1937,0.0168,5.2338,0.2053,0.0597,0.1104,Lying
S001C002P005R002A008,NTU,sit_down,low_risk,1.5368,1.9771,0.1972,0.0266,5.5654,0.874,0.0904,0.8169,Sitting
S001C002P005R002A009,NTU,stand_up,low_risk,4.406,1.8492,0.1957,0.005,5.6777,0.1307,0.0259,0.0513,Standing
S001C002P005R002A042,NTU,staggering,moderate_risk,7.5414,5.8256,0.2455,0.0063,5.7583,0.0291,0.0385,0.057,Walking
S001C002P005R002A043,NTU,falling_down,high_risk,20.5804,18.6999,0.1896,0.0131,4.7881,0.2841,0.0535,0.1596,Lying
S001C002P006R001A008,NTU,sit_down,low_risk,0.0,0.0,0.0,0.0,0.0,0.0,0.0,0.0,Sitting
S001C002P006R001A009,NTU,stand_up,low_risk,12.3713,8.4724,0.1431,0.0072,4.4599,0.1772,0.0376,0.0607,Standing
S001C002P006R001A042,NTU,staggering,moderate_risk,7.7541,5.9687,0.2534,0.013,5.9119,0.0132,0.0889,0.0782,Walking
S001C002P006R001A043,NTU,falling_down,high_risk,35.8555,31.1689,0.3546,0.0151,5.174,0.1213,0.0438,0.3351,Lying
S001C002P006R002A008,NTU,sit_down,low_risk,2.1574,1.1571,0.1428,0.0049,4.7837,0.1695,0.0258,0.0723,Sitting
S001C002P006R002A009,NTU,stand_up,low_risk,2.3716,1.2535,0.1463,0.0045,4.7694,0.2049,0.0317,0.1431,Standing
S001C002P006R002A042,NTU,staggering,moderate_risk,8.051,7.0733,0.2437,0.01,5.2146,0.0544,0.0521,0.0423,Walking
S001C002P006R002A043,NTU,falling_down,high_risk,28.261,28.6358,0.2784,0.0146,4.5263,0.2025,0.0455,0.2968,Lying
S001C002P007R001A008,NTU,sit_down,low_risk,25.2414,18.8979,0.1665,0.0241,4.8207,0.1807,0.0717,0.16,Sitting
S001C002P007R001A009,NTU,stand_up,low_risk,18.0303,8.4472,0.1152,0.0134,4.7393,0.1313,0.0536,0.0584,Standing
S001C002P007R001A042,NTU,staggering,moderate_risk,16.1414,12.8707,0.2736,0.0121,6.1316,0.082,0.089,0.0946,Walking
S001C002P007R001A043,NTU,falling_down,high_risk,7.1307,6.1194,0.2156,0.0165,5.4446,0.2489,0.0899,0.2105,Lying
S001C002P007R002A008,NTU,sit_down,low_risk,5.1303,3.5926,0.1958,0.0091,5.0527,0.151,0.0582,0.1758,Sitting
S001C002P007R002A009,NTU,stand_up,low_risk,4.5641,2.1343,0.1306,0.0063,4.9,0.1503,0.0352,0.0813,Standing
S001C002P007R002A042,NTU,staggering,moderate_risk,8.8475,11.4728,0.2409,0.0134,5.098,0.1077,0.0753,0.1885,Walking
S001C002P007R002A043,NTU,falling_down,high_risk,16.1027,14.8703,0.2434,0.0128,4.4956,0.2965,0.062,0.2759,Lying
S001C002P008R001A008,NTU,sit_down,low_risk,27.2564,29.1415,0.1769,0.0147,4.3625,0.225,0.0679,0.2755,Sitting
S001C002P008R001A009,NTU,stand_up,low_risk,26.4423,22.8112,0.15,0.0111,4.6283,0.2171,0.0612,0.2433,Standing
S001C002P008R001A042,NTU,staggering,moderate_risk,25.3855,20.7456,0.245,0.0227,5.1737,0.1399,0.1241,0.2438,Walking
S001C002P008R001A043,NTU,falling_down,high_risk,34.5517,31.2252,0.278,0.0186,5.2899,0.1666,0.0713,0.3292,Lying
S001C002P008R002A008,NTU,sit_down,low_risk,8.0694,6.6223,0.1614,0.0062,4.9151,0.1315,0.0381,0.1161,Sitting
S001C002P008R002A009,NTU,stand_up,low_risk,3.0183,2.8257,0.1573,0.0044,4.8029,0.1547,0.0239,0.1104,Standing
S001C002P008R002A042,NTU,staggering,moderate_risk,15.5559,11.9214,0.2349,0.0188,4.9942,0.086,0.0962,0.1552,Walking
S001C002P008R002A043,NTU,falling_down,high_risk,10.2258,7.3728,0.2284,0.0177,4.7223,0.2115,0.0822,0.1835,Lying
S001C003P001R001A008,NTU,sit_down,low_risk,2.292,1.8228,0.1882,0.003,5.1957,0.1222,0.0254,0.1057,Sitting
S001C003P001R001A009,NTU,stand_up,low_risk,4.2616,3.7661,0.1651,0.0049,5.0782,0.1471,0.0331,0.1378,Standing
S001C003P001R001A042,NTU,staggering,moderate_risk,2.9105,2.2916,0.2386,0.0101,5.6315,0.0361,0.0488,0.0128,Walking
S001C003P001R001A043,NTU,falling_down,high_risk,4.5715,6.7481,0.1862,0.016,4.4244,0.2723,0.0762,0.1258,Lying
S001C003P001R002A008,NTU,sit_down,low_risk,6.2546,6.5031,0.2159,0.0149,4.9417,0.1903,0.0596,0.0396,Sitting
S001C003P001R002A009,NTU,stand_up,low_risk,9.9138,8.8467,0.1647,0.0106,4.9182,0.1913,0.0627,0.0832,Standing
S001C003P001R002A042,NTU,staggering,moderate_risk,9.0216,5.7921,0.2705,0.015,5.6879,0.0249,0.0745,0.0385,Walking
S001C003P001R002A043,NTU,falling_down,high_risk,12.6504,11.3721,0.2538,0.0375,4.0926,0.3422,0.1348,0.1645,Lying
S001C003P002R001A008,NTU,sit_down,low_risk,1.5903,1.8511,0.1432,0.004,4.7842,0.1252,0.0377,0.1262,Sitting
S001C003P002R001A009,NTU,stand_up,low_risk,4.2906,2.443,0.1644,0.0052,5.3137,0.1379,0.028,0.0875,Standing
S001C003P002R001A042,NTU,staggering,moderate_risk,8.521,4.881,0.2034,0.0117,5.4831,0.0209,0.0466,0.0166,Walking
S001C003P002R001A043,NTU,falling_down,high_risk,24.869,22.4306,0.1558,0.0209,4.853,0.1661,0.0658,0.1997,Lying
S001C003P002R002A008,NTU,sit_down,low_risk,37.2536,22.3569,0.0735,0.0305,5.3638,0.1073,0.1325,0.2858,Sitting
S001C003P002R002A009,NTU,stand_up,low_risk,12.0304,11.535,0.1698,0.0218,5.6739,0.1742,0.0787,0.0687,Standing
S001C003P002R002A042,NTU,staggering,moderate_risk,2.7261,2.1952,0.2253,0.0178,5.6795,0.029,0.0966,0.0587,Walking
S001C003P002R002A043,NTU,falling_down,high_risk,37.4973,33.8127,0.1747,0.031,4.4976,0.2215,0.0802,0.353,Lying
S001C003P003R001A008,NTU,sit_down,low_risk,8.1679,6.5765,0.1415,0.0207,4.617,0.1529,0.094,0.1559,Sitting
S001C003P003R001A009,NTU,stand_up,low_risk,5.7686,4.3783,0.1403,0.007,4.8434,0.1509,0.0448,0.0738,Standing
S001C003P003R001A042,NTU,staggering,moderate_risk,3.3437,2.8386,0.2223,0.01,5.4817,0.0127,0.0362,0.0173,Walking
S001C003P003R001A043,NTU,falling_down,high_risk,32.1001,31.5151,0.2581,0.0175,5.0938,0.0736,0.059,0.2812,Lying
S001C003P003R002A008,NTU,sit_down,low_risk,22.1517,22.214,0.1792,0.0228,4.1027,0.1753,0.0888,0.1798,Sitting
S001C003P003R002A009,NTU,stand_up,low_risk,9.9607,8.1791,0.148,0.0166,4.9413,0.1375,0.0636,0.0346,Standing
S001C003P003R002A042,NTU,staggering,moderate_risk,7.4589,4.9902,0.2299,0.0071,5.7295,0.0089,0.0449,0.0303,Walking
S001C003P003R002A043,NTU,falling_down,high_risk,32.8152,28.4732,0.2853,0.0203,4.7703,0.1711,0.0628,0.2747,Lying
S001C003P004R001A008,NTU,sit_down,low_risk,3.0922,1.7825,0.189,0.0062,4.9132,0.1278,0.0376,0.1088,Sitting
S001C003P004R001A009,NTU,stand_up,low_risk,1.0026,0.4955,0.1142,0.0049,4.5496,0.1445,0.0308,0.0884,Standing
S001C003P004R001A042,NTU,staggering,moderate_risk,3.7608,2.7899,0.2385,0.0126,5.474,0.033,0.0424,0.0419,Walking
S001C003P004R001A043,NTU,falling_down,high_risk,6.073,11.3981,0.257,0.0135,4.7266,0.2043,0.0575,0.2553,Lying
S001C003P004R002A008,NTU,sit_down,low_risk,35.9123,26.7521,0.1897,0.0112,7.6667,0.2071,0.13,0.4189,Sitting
S001C003P004R002A009,NTU,stand_up,low_risk,4.8134,8.0893,0.0809,0.0253,4.8688,0.7166,0.0924,0.669,Standing
S001C003P004R002A042,NTU,staggering,moderate_risk,10.2251,7.8011,0.2367,0.0145,5.5625,0.0482,0.0698,0.0535,Walking
S001C003P004R002A043,NTU,falling_down,high_risk,16.913,17.6671,0.1996,0.0096,5.0426,0.2002,0.0558,0.0981,Lying
S001C003P005R001A008,NTU,sit_down,low_risk,3.5474,2.4897,0.1567,0.0038,4.8535,0.1526,0.0231,0.0664,Sitting
S001C003P005R001A009,NTU,stand_up,low_risk,1.611,1.105,0.1615,0.0041,5.0286,0.1474,0.0233,0.0502,Standing
S001C003P005R001A042,NTU,staggering,moderate_risk,5.5042,3.5434,0.2449,0.0034,5.7276,0.0148,0.032,0.0323,Walking
S001C003P005R001A043,NTU,falling_down,high_risk,4.4883,5.1282,0.2197,0.0127,4.6479,0.2431,0.0518,0.146,Lying
S001C003P005R002A008,NTU,sit_down,low_risk,9.0971,9.2553,0.1523,0.0128,5.5964,0.1258,0.0545,0.0666,Sitting
S001C003P005R002A009,NTU,stand_up,low_risk,11.6284,7.5815,0.1749,0.0119,5.2767,0.1299,0.0417,0.0428,Standing
S001C003P005R002A042,NTU,staggering,moderate_risk,14.6322,9.4843,0.2573,0.0111,6.0123,0.0231,0.0642,0.0701,Walking
S001C003P005R002A043,NTU,falling_down,high_risk,4.3477,3.1555,0.193,0.0194,5.0152,0.2797,0.078,0.0457,Lying
S001C003P006R001A008,NTU,sit_down,low_risk,2.0105,2.0421,0.1685,0.004,4.7129,0.1591,0.0236,0.1476,Sitting
S001C003P006R001A009,NTU,stand_up,low_risk,1.5713,1.2571,0.1655,0.0039,5.4831,0.1849,0.0223,0.0892,Standing
S001C003P006R001A042,NTU,staggering,moderate_risk,9.4832,6.2264,0.2572,0.0113,5.4754,0.0213,0.0653,0.0507,Walking
S001C003P006R001A043,NTU,falling_down,high_risk,8.3667,10.4691,0.327,0.0096,4.27,0.3693,0.041,0.307,Lying
S001C003P006R002A008,NTU,sit_down,low_risk,2.2992,3.9147,0.1129,0.0775,4.5633,1.5163,0.1615,1.4988,Sitting
S001C003P006R002A009,NTU,stand_up,low_risk,15.4344,17.2773,0.2274,0.0215,5.2996,0.2061,0.0849,0.1469,Standing
S001C003P006R002A042,NTU,staggering,moderate_risk,14.1633,6.5314,0.24,0.0083,5.3904,0.0414,0.0621,0.0731,Walking
S001C003P006R002A043,NTU,falling_down,high_risk,39.7136,35.1432,0.374,0.0201,4.6591,0.3002,0.055,0.4931,Lying
S001C003P007R001A008,NTU,sit_down,low_risk,3.9188,1.9851,0.172,0.0065,4.9975,0.1492,0.0427,0.2138,Sitting
S001C003P007R001A009,NTU,stand_up,low_risk,1.3201,0.874,0.1152,0.005,4.7514,0.1383,0.0252,0.0655,Standing
S001C003P007R001A042,NTU,staggering,moderate_risk,4.1821,5.395,0.2487,0.0155,5.1656,0.0845,0.0825,0.1835,Walking
S001C003P007R001A043,NTU,falling_down,high_risk,31.2527,27.7364,0.2287,0.0149,4.5845,0.2503,0.0473,0.269,Lying
S001C003P007R002A008,NTU,sit_down,low_risk,12.7951,15.9377,0.238,0.0206,4.668,0.1267,0.0745,0.0903,Sitting
S001C003P007R002A009,NTU,stand_up,low_risk,13.1869,8.7289,0.1641,0.0152,5.0946,0.1927,0.0696,0.0643,Standing
S001C003P007R002A042,NTU,staggering,moderate_risk,17.815,17.0615,0.2095,0.0163,5.1847,0.0961,0.0833,0.136,Walking
S001C003P007R002A043,NTU,falling_down,high_risk,28.2883,29.4084,0.283,0.0148,5.0553,0.1446,0.0589,0.2764,Lying
S001C003P008R001A008,NTU,sit_down,low_risk,17.2273,19.9352,0.1462,0.0129,4.1932,0.1901,0.0711,0.254,Sitting
S001C003P008R001A009,NTU,stand_up,low_risk,11.1629,8.531,0.1222,0.0103,4.1268,0.1956,0.0669,0.126,Standing
S001C003P008R001A042,NTU,staggering,moderate_risk,19.9232,17.7764,0.2325,0.0173,5.0116,0.1041,0.0935,0.174,Walking
S001C003P008R001A043,NTU,falling_down,high_risk,30.6084,32.3596,0.2944,0.0128,4.6786,0.2056,0.0613,0.4032,Lying
S001C003P008R002A008,NTU,sit_down,low_risk,11.7376,10.4067,0.1918,0.0073,5.4041,0.1399,0.0431,0.0897,Sitting
S001C003P008R002A009,NTU,stand_up,low_risk,15.5424,9.0131,0.1952,0.0064,5.3233,0.1656,0.0321,0.1323,Standing
S001C003P008R002A042,NTU,staggering,moderate_risk,17.47,2.9066,0.1978,0.072,3.8172,0.1522,0.2217,0.0464,Walking
S001C003P008R002A043,NTU,falling_down,high_risk,16.4802,6.6561,0.0893,0.0312,4.1816,0.131,0.1143,0.0419,Lying
S002C001P003R001A008,NTU,sit_down,low_risk,5.1004,4.3035,0.1368,0.009,4.3731,0.1626,0.051,0.1633,Sitting
S002C001P003R001A009,NTU,stand_up,low_risk,3.674,2.5067,0.1548,0.0048,4.7025,0.1792,0.0307,0.1353,Standing
S002C001P003R001A042,NTU,staggering,moderate_risk,3.1043,1.6536,0.2213,0.0105,5.4611,0.018,0.0462,0.0184,Walking
S002C001P003R001A043,NTU,falling_down,high_risk,25.1974,23.631,0.2423,0.0194,4.8919,0.1288,0.0584,0.1898,Lying
S002C001P003R002A008,NTU,sit_down,low_risk,16.7547,19.1464,0.1828,0.0111,4.8702,0.1764,0.0617,0.2085,Sitting
S002C001P003R002A009,NTU,stand_up,low_risk,9.8159,7.4972,0.1585,0.006,5.1916,0.1396,0.0376,0.1456,Standing
S002C001P003R002A042,NTU,staggering,moderate_risk,5.2186,2.1173,0.2374,0.0118,5.7028,0.0207,0.0512,0.0205,Walking
S002C001P003R002A043,NTU,falling_down,high_risk,21.6089,21.0108,0.2457,0.0183,5.2609,0.0969,0.0754,0.1658,Lying
S002C001P007R001A008,NTU,sit_down,low_risk,18.4743,14.3713,0.1307,0.0075,4.8491,0.1683,0.045,0.1368,Sitting
S002C001P007R001A009,NTU,stand_up,low_risk,10.3896,7.8284,0.1423,0.005,5.1248,0.1675,0.0271,0.0695,Standing
S002C001P007R001A042,NTU,staggering,moderate_risk,8.024,7.5295,0.2393,0.0118,5.5248,0.0631,0.0453,0.0417,Walking
S002C001P007R001A043,NTU,falling_down,high_risk,21.0838,19.4341,0.2641,0.0181,4.1776,0.3583,0.0718,0.2075,Lying
S002C001P007R002A008,NTU,sit_down,low_risk,8.4581,10.5179,0.1617,0.0142,4.7497,0.1603,0.0697,0.19,Sitting
S002C001P007R002A009,NTU,stand_up,low_risk,6.1884,6.2094,0.1462,0.0113,4.9309,0.1578,0.0438,0.0597,Standing
S002C001P007R002A042,NTU,staggering,moderate_risk,9.9813,5.8066,0.219,0.0102,5.5413,0.0567,0.0441,0.0444,Walking
S002C001P007R002A043,NTU,falling_down,high_risk,20.5196,19.3266,0.1805,0.0105,4.9769,0.2414,0.0433,0.1999,Lying
S002C001P008R001A008,NTU,sit_down,low_risk,6.1191,6.5857,0.1864,0.0171,4.0459,0.2017,0.0812,0.1795,Sitting
S002C001P008R001A009,NTU,stand_up,low_risk,8.6025,10.6188,0.1378,0.005,4.7093,0.166,0.0307,0.1398,Standing
S002C001P008R001A042,NTU,staggering,moderate_risk,14.1592,9.7735,0.2408,0.0122,5.1709,0.0376,0.0822,0.0318,Walking
S002C001P008R001A043,NTU,falling_down,high_risk,6.1196,4.7397,0.3154,0.0109,5.0081,0.1395,0.0771,0.1967,Lying
S002C001P008R002A008,NTU,sit_down,low_risk,7.2435,6.4567,0.1174,0.0095,4.4011,0.1762,0.0613,0.0963,Sitting
S002C001P008R002A009,NTU,stand_up,low_risk,5.3034,3.3437,0.1303,0.0041,4.5703,0.1631,0.0232,0.0933,Standing
S002C001P008R002A042,NTU,staggering,moderate_risk,6.4929,6.5328,0.2229,0.0093,5.3729,0.0486,0.0632,0.0273,Walking
S002C001P008R002A043,NTU,falling_down,high_risk,24.0545,24.5046,0.2816,0.013,4.8125,0.1666,0.0682,0.3518,Lying
S002C001P009R001A008,NTU,sit_down,low_risk,5.8644,5.8621,0.1505,0.0147,4.6685,0.125,0.0679,0.0783,Sitting
S002C001P009R001A009,NTU,stand_up,low_risk,12.2231,11.2106,0.1848,0.0107,5.0978,0.1431,0.0444,0.0758,Standing
S002C001P009R001A042,NTU,staggering,moderate_risk,6.9392,4.1121,0.2706,0.01,5.8217,0.026,0.0463,0.0275,Walking
S002C001P009R001A043,NTU,falling_down,high_risk,17.9456,19.371,0.2267,0.0245,4.105,0.4132,0.0981,0.223,Lying
S002C001P009R002A008,NTU,sit_down,low_risk,9.4501,5.9268,0.17,0.0079,5.0039,0.1628,0.0436,0.1628,Sitting
S002C001P009R002A009,NTU,stand_up,low_risk,9.5316,5.0096,0.1864,0.0083,4.9367,0.2067,0.0404,0.1139,Standing
S002C001P009R002A042,NTU,staggering,moderate_risk,5.1504,3.5402,0.261,0.0082,6.0586,0.0183,0.0403,0.0142,Walking
S002C001P009R002A043,NTU,falling_down,high_risk,25.7747,23.8566,0.2112,0.0164,5.007,0.1933,0.0579,0.1928,Lying
S002C001P010R001A008,NTU,sit_down,low_risk,8.7337,9.0241,0.151,0.0073,4.9729,0.1599,0.0457,0.167,Sitting
S002C001P010R001A009,NTU,stand_up,low_risk,9.2705,8.19,0.1341,0.0061,5.1396,0.162,0.0318,0.0757,Standing
S002C001P010R001A042,NTU,staggering,moderate_risk,6.8809,4.9965,0.2424,0.0105,6.1217,0.0204,0.0542,0.0623,Walking
S002C001P010R001A043,NTU,falling_down,high_risk,35.6298,24.6665,0.2025,0.0278,4.6981,0.2647,0.0976,0.2525,Lying
S002C001P010R002A008,NTU,sit_down,low_risk,4.4946,4.7924,0.1127,0.0075,4.1173,0.1799,0.0455,0.187,Sitting
S002C001P010R002A009,NTU,stand_up,low_risk,6.196,6.8135,0.1524,0.0056,4.8877,0.1768,0.035,0.1183,Standing
S002C001P010R002A042,NTU,staggering,moderate_risk,6.6169,4.4672,0.2319,0.0151,5.5059,0.0442,0.0615,0.0539,Walking
S002C001P010R002A043,NTU,falling_down,high_risk,16.8441,13.788,0.2204,0.0265,4.3983,0.2649,0.0966,0.2589,Lying
S002C001P011R001A008,NTU,sit_down,low_risk,9.0659,5.9616,0.177,0.0197,4.827,0.1909,0.1321,0.1657,Sitting
S002C001P011R001A009,NTU,stand_up,low_risk,15.9096,11.0663,0.1403,0.0237,4.7836,0.1759,0.1306,0.1689,Standing
S002C001P011R001A042,NTU,staggering,moderate_risk,3.5852,3.1511,0.2218,0.0181,5.2427,0.0229,0.1232,0.0373,Walking
S002C001P011R001A043,NTU,falling_down,high_risk,8.5355,5.3253,0.1937,0.0286,4.2427,0.23,0.0824,0.1142,Lying
S002C001P011R002A008,NTU,sit_down,low_risk,7.9669,5.6732,0.149,0.0259,4.0454,0.2795,0.1143,0.1155,Sitting
S002C001P011R002A009,NTU,stand_up,low_risk,12.0089,6.7703,0.1618,0.0113,4.0333,0.1639,0.0789,0.1062,Standing
S002C001P011R002A042,NTU,staggering,moderate_risk,3.5501,2.2081,0.2304,0.0137,5.7903,0.0187,0.0559,0.0139,Walking
S002C001P011R002A043,NTU,falling_down,high_risk,9.2015,9.24,0.195,0.0149,4.9309,0.2027,0.0708,0.1636,Lying
S002C001P012R001A008,NTU,sit_down,low_risk,9.6607,11.8989,0.2036,0.0096,4.9041,0.1787,0.0561,0.234,Sitting
S002C001P012R001A009,NTU,stand_up,low_risk,4.7506,5.7299,0.1703,0.0064,5.2294,0.1407,0.0383,0.1003,Standing
S002C001P012R001A042,NTU,staggering,moderate_risk,8.7181,8.9683,0.2416,0.0166,5.8736,0.0896,0.0888,0.0513,Walking
S002C001P012R001A043,NTU,falling_down,high_risk,8.9896,8.0014,0.2,0.0163,4.777,0.316,0.0659,0.1459,Lying
S002C001P012R002A008,NTU,sit_down,low_risk,6.369,4.2514,0.1595,0.0064,5.2144,0.1397,0.0403,0.072,Sitting
S002C001P012R002A009,NTU,stand_up,low_risk,5.9331,4.9529,0.1333,0.0067,5.1073,0.1509,0.038,0.0723,Standing
S002C001P012R002A042,NTU,staggering,moderate_risk,6.0955,4.1991,0.2332,0.0134,5.5982,0.0256,0.0665,0.0816,Walking
S002C001P012R002A043,NTU,falling_down,high_risk,22.9232,18.4004,0.1727,0.0112,4.6178,0.2555,0.0462,0.141,Lying
S002C001P013R001A008,NTU,sit_down,low_risk,10.9197,12.5841,0.2201,0.0104,4.8869,0.1803,0.0543,0.1774,Sitting
S002C001P013R001A009,NTU,stand_up,low_risk,4.8033,4.6483,0.1895,0.0046,5.1462,0.1613,0.0233,0.0607,Standing
S002C001P013R001A042,NTU,staggering,moderate_risk,6.4969,5.0691,0.2379,0.0086,5.8517,0.0452,0.0475,0.0755,Walking
S002C001P013R001A043,NTU,falling_down,high_risk,5.3598,7.3852,0.254,0.0112,4.9297,0.2509,0.054,0.2771,Lying
S002C001P013R002A008,NTU,sit_down,low_risk,7.2166,11.6111,0.1998,0.0094,4.7197,0.1614,0.0593,0.2387,Sitting
S002C001P013R002A009,NTU,stand_up,low_risk,1.6169,0.9692,0.164,0.0037,5.1907,0.1496,0.0224,0.1068,Standing
S002C001P013R002A042,NTU,staggering,moderate_risk,6.4765,4.7188,0.2274,0.0062,5.9704,0.0207,0.0485,0.0408,Walking
S002C001P013R002A043,NTU,falling_down,high_risk,35.165,31.547,0.2225,0.0114,5.0978,0.2119,0.0449,0.3676,Lying
S002C001P014R001A008,NTU,sit_down,low_risk,7.0529,5.1278,0.162,0.0147,4.7635,0.2207,0.0817,0.1535,Sitting
S002C001P014R001A009,NTU,stand_up,low_risk,8.3999,5.8424,0.1766,0.005,5.2079,0.1959,0.031,0.1458,Standing
S002C001P014R001A042,NTU,staggering,moderate_risk,1.8349,1.4275,0.2369,0.0094,5.9796,0.0228,0.0488,0.0109,Walking
S002C001P014R001A043,NTU,falling_down,high_risk,17.8085,21.7208,0.2703,0.016,4.9976,0.1855,0.0626,0.2947,Lying
S002C001P014R002A008,NTU,sit_down,low_risk,7.6194,7.4489,0.1783,0.0058,4.6877,0.1953,0.0327,0.1559,Sitting
S002C001P014R002A009,NTU,stand_up,low_risk,2.4248,3.1749,0.143,0.0049,4.7059,0.2088,0.0221,0.08,Standing
S002C001P014R002A042,NTU,staggering,moderate_risk,4.0736,2.5003,0.232,0.0089,5.8407,0.0237,0.0489,0.0374,Walking
S002C001P014R002A043,NTU,falling_down,high_risk,27.2767,20.5202,0.2051,0.0077,5.2082,0.2393,0.0408,0.2313,Lying
S002C002P003R001A008,NTU,sit_down,low_risk,15.626,16.1109,0.1433,0.0103,4.4637,0.179,0.0528,0.1565,Sitting
S002C002P003R001A009,NTU,stand_up,low_risk,8.2873,9.1532,0.1294,0.0064,4.7138,0.177,0.0311,0.0626,Standing
S002C002P003R001A042,NTU,staggering,moderate_risk,3.1567,2.0184,0.2659,0.0136,6.2116,0.0166,0.0681,0.0152,Walking
S002C002P003R001A043,NTU,falling_down,high_risk,24.9746,21.6747,0.294,0.0166,5.4026,0.1304,0.0747,0.1499,Lying
S002C002P003R002A008,NTU,sit_down,low_risk,8.2856,6.5247,0.167,0.0111,4.5785,0.1828,0.0775,0.1637,Sitting
S002C002P003R002A009,NTU,stand_up,low_risk,3.0289,1.3444,0.1646,0.0061,5.3429,0.1448,0.0374,0.1405,Standing
S002C002P003R002A042,NTU,staggering,moderate_risk,2.1115,1.7119,0.2154,0.0119,5.5359,0.0244,0.0449,0.0081,Walking
S002C002P003R002A043,NTU,falling_down,high_risk,27.8952,28.7772,0.2096,0.0244,5.207,0.1293,0.067,0.2994,Lying
S002C002P007R001A008,NTU,sit_down,low_risk,25.4169,18.4983,0.1438,0.0134,4.3708,0.168,0.0573,0.1356,Sitting
S002C002P007R001A009,NTU,stand_up,low_risk,16.3951,14.4182,0.1433,0.01,4.962,0.1325,0.0532,0.1051,Standing
S002C002P007R001A042,NTU,staggering,moderate_risk,9.7151,6.9409,0.238,0.0113,5.7031,0.0571,0.0624,0.0201,Walking
S002C002P007R001A043,NTU,falling_down,high_risk,9.4475,10.4755,0.2716,0.0165,4.7618,0.2973,0.0676,0.189,Lying
S002C002P007R002A008,NTU,sit_down,low_risk,5.6275,5.8408,0.1585,0.0151,4.8236,0.1701,0.077,0.1782,Sitting
S002C002P007R002A009,NTU,stand_up,low_risk,1.6906,2.0114,0.1478,0.0096,5.0066,0.1478,0.0429,0.0903,Standing
S002C002P007R002A042,NTU,staggering,moderate_risk,5.9225,4.2668,0.212,0.0108,5.3639,0.0527,0.0393,0.0407,Walking
S002C002P007R002A043,NTU,falling_down,high_risk,27.267,32.3473,0.1996,0.014,4.7723,0.2614,0.0545,0.3761,Lying
S002C002P008R001A008,NTU,sit_down,low_risk,26.2901,23.9972,0.1506,0.0206,4.1386,0.218,0.0865,0.239,Sitting
S002C002P008R001A009,NTU,stand_up,low_risk,16.628,12.7239,0.1315,0.0073,4.6782,0.1686,0.0393,0.0826,Standing
S002C002P008R001A042,NTU,staggering,moderate_risk,11.8004,6.7221,0.277,0.0153,5.4378,0.0588,0.0882,0.0525,Walking
S002C002P008R001A043,NTU,falling_down,high_risk,31.3584,25.8855,0.4349,0.0144,5.3331,0.2213,0.0658,0.5857,Lying
S002C002P008R002A008,NTU,sit_down,low_risk,9.6652,16.7507,0.1347,0.0089,4.0779,0.2144,0.0676,0.243,Sitting
S002C002P008R002A009,NTU,stand_up,low_risk,4.6082,3.3923,0.1171,0.0043,4.4607,0.1598,0.026,0.1075,Standing
S002C002P008R002A042,NTU,staggering,moderate_risk,13.4867,7.1184,0.2143,0.0147,5.1698,0.045,0.0684,0.0272,Walking
S002C002P008R002A043,NTU,falling_down,high_risk,39.3592,33.8708,0.2962,0.015,4.7276,0.1781,0.0498,0.4633,Lying
S002C002P009R001A008,NTU,sit_down,low_risk,8.2636,9.7264,0.1834,0.0176,4.3439,0.1684,0.0652,0.0486,Sitting
S002C002P009R001A009,NTU,stand_up,low_risk,11.5274,10.4469,0.2015,0.017,4.9851,0.1714,0.0666,0.0396,Standing
S002C002P009R001A042,NTU,staggering,moderate_risk,12.3562,6.2884,0.304,0.0127,6.049,0.0173,0.0618,0.0498,Walking
S002C002P009R001A043,NTU,falling_down,high_risk,26.3773,21.0595,0.3765,0.0247,4.3428,0.4258,0.1098,0.2491,Lying
S002C002P009R002A008,NTU,sit_down,low_risk,5.8744,4.6338,0.1448,0.0085,4.7401,0.1708,0.0497,0.1242,Sitting
S002C002P009R002A009,NTU,stand_up,low_risk,15.0171,10.993,0.1655,0.0076,4.8492,0.2012,0.0415,0.1183,Standing
S002C002P009R002A042,NTU,staggering,moderate_risk,2.8797,1.9156,0.244,0.0083,5.6632,0.0174,0.0353,0.0138,Walking
S002C002P009R002A043,NTU,falling_down,high_risk,22.796,27.722,0.2306,0.0214,4.5828,0.2037,0.0715,0.2733,Lying
S002C002P010R001A008,NTU,sit_down,low_risk,15.4471,15.3144,0.1631,0.0094,5.2535,0.1765,0.0474,0.0994,Sitting
S002C002P010R001A009,NTU,stand_up,low_risk,12.58,9.7239,0.1423,0.0081,5.5573,0.1645,0.0393,0.0674,Standing
S002C002P010R001A042,NTU,staggering,moderate_risk,9.8126,8.1252,0.2509,0.0145,5.5338,0.0315,0.067,0.0615,Walking
S002C002P010R001A043,NTU,falling_down,high_risk,30.5642,23.6278,0.2705,0.0269,4.608,0.2245,0.0873,0.2129,Lying
S002C002P010R002A008,NTU,sit_down,low_risk,11.2539,6.3226,0.1138,0.0084,4.2657,0.1657,0.0448,0.1239,Sitting
S002C002P010R002A009,NTU,stand_up,low_risk,6.3248,5.0441,0.155,0.0053,4.9142,0.182,0.0309,0.0944,Standing
S002C002P010R002A042,NTU,staggering,moderate_risk,7.0783,4.3135,0.2055,0.014,5.347,0.0334,0.0528,0.0369,Walking
S002C002P010R002A043,NTU,falling_down,high_risk,3.8243,3.6186,0.1625,0.0238,3.8877,0.318,0.0819,0.1089,Lying
S002C002P011R001A008,NTU,sit_down,low_risk,21.2415,15.2984,0.1996,0.0261,4.9751,0.166,0.1133,0.18,Sitting
S002C002P011R001A009,NTU,stand_up,low_risk,23.122,15.8501,0.1843,0.0385,4.7495,0.1884,0.1223,0.1324,Standing
S002C002P011R001A042,NTU,staggering,moderate_risk,2.6018,1.8711,0.2856,0.0297,5.5714,0.0528,0.1469,0.0866,Walking
S002C002P011R001A043,NTU,falling_down,high_risk,10.8775,8.0187,0.217,0.0168,4.2549,0.3477,0.0897,0.1175,Lying
S002C002P011R002A008,NTU,sit_down,low_risk,5.4463,7.4488,0.2115,0.025,4.6018,0.2018,0.1161,0.1724,Sitting
S002C002P011R002A009,NTU,stand_up,low_risk,3.6309,2.2396,0.1882,0.0088,5.2244,0.1543,0.0548,0.1109,Standing
S002C002P011R002A042,NTU,staggering,moderate_risk,4.2888,2.3728,0.2274,0.0118,5.4483,0.0213,0.0422,0.0084,Walking
S002C002P011R002A043,NTU,falling_down,high_risk,6.6214,7.0589,0.1828,0.0101,5.0365,0.1962,0.0513,0.156,Lying
S002C002P012R001A008,NTU,sit_down,low_risk,12.3186,7.0076,0.2499,0.0072,4.7757,0.1531,0.0459,0.1119,Sitting
S002C002P012R001A009,NTU,stand_up,low_risk,8.6324,7.8114,0.2144,0.0065,5.1331,0.1496,0.0377,0.0687,Standing
S002C002P012R001A042,NTU,staggering,moderate_risk,11.2257,10.3712,0.2398,0.0357,5.5855,0.2343,0.1333,0.2253,Walking
S002C002P012R001A043,NTU,falling_down,high_risk,17.6168,18.8839,0.2148,0.0111,5.0037,0.2388,0.0554,0.2037,Lying
S002C002P012R002A008,NTU,sit_down,low_risk,7.5846,3.2047,0.2038,0.01,4.8764,0.1292,0.0458,0.0662,Sitting
S002C002P012R002A009,NTU,stand_up,low_risk,7.2606,4.3798,0.2161,0.0149,4.7517,0.1679,0.0406,0.0512,Standing
S002C002P012R002A042,NTU,staggering,moderate_risk,8.5474,4.6973,0.2139,0.0121,5.5392,0.0358,0.0618,0.0398,Walking
S002C002P012R002A043,NTU,falling_down,high_risk,14.8821,14.4242,0.169,0.0119,4.3371,0.2577,0.0445,0.1046,Lying
S002C002P013R001A008,NTU,sit_down,low_risk,19.1143,18.7806,0.1914,0.0131,4.342,0.1914,0.0528,0.1459,Sitting
S002C002P013R001A009,NTU,stand_up,low_risk,7.0889,8.1513,0.1613,0.0088,4.7607,0.1663,0.036,0.0749,Standing
S002C002P013R001A042,NTU,staggering,moderate_risk,13.7899,12.706,0.2581,0.0093,5.8543,0.0357,0.0465,0.0936,Walking
S002C002P013R001A043,NTU,falling_down,high_risk,28.9576,25.4956,0.2534,0.0117,5.5889,0.2385,0.0571,0.3022,Lying
S002C002P013R002A008,NTU,sit_down,low_risk,10.4212,10.5746,0.1703,0.0093,4.6374,0.15,0.05,0.226,Sitting
S002C002P013R002A009,NTU,stand_up,low_risk,4.406,4.6282,0.1328,0.005,5.0092,0.157,0.0245,0.0693,Standing
S002C002P013R002A042,NTU,staggering,moderate_risk,5.7906,4.3142,0.2273,0.0059,5.8499,0.0191,0.0375,0.0422,Walking
S002C002P013R002A043,NTU,falling_down,high_risk,9.2548,10.7261,0.2437,0.0098,4.6092,0.2701,0.0432,0.1789,Lying
S002C002P014R001A008,NTU,sit_down,low_risk,25.6109,20.1649,0.1829,0.0093,4.707,0.2356,0.0538,0.1852,Sitting
S002C002P014R001A009,NTU,stand_up,low_risk,15.8365,13.965,0.1508,0.0068,5.0241,0.2012,0.0329,0.1013,Standing
S002C002P014R001A042,NTU,staggering,moderate_risk,3.7444,3.3977,0.2467,0.0105,6.0562,0.024,0.0636,0.0297,Walking
S002C002P014R001A043,NTU,falling_down,high_risk,31.3709,30.3383,0.2321,0.0215,4.7766,0.3384,0.0755,0.3466,Lying
S002C002P014R002A008,NTU,sit_down,low_risk,8.6897,4.7146,0.1756,0.0057,4.4421,0.2036,0.0289,0.1728,Sitting
S002C002P014R002A009,NTU,stand_up,low_risk,4.3081,3.6934,0.1413,0.0048,4.6775,0.2058,0.0221,0.0821,Standing
S002C002P014R002A042,NTU,staggering,moderate_risk,4.6725,2.9994,0.2202,0.0063,5.4663,0.022,0.0394,0.0232,Walking
S002C002P014R002A043,NTU,falling_down,high_risk,9.9393,6.9395,0.1843,0.014,4.0567,0.349,0.049,0.1097,Lying
S002C003P003R001A008,NTU,sit_down,low_risk,8.7979,6.4369,0.1354,0.0115,4.4589,0.1585,0.0719,0.1696,Sitting
S002C003P003R001A009,NTU,stand_up,low_risk,4.2563,4.0868,0.1346,0.0061,4.625,0.1741,0.0347,0.1014,Standing
S002C003P003R001A042,NTU,staggering,moderate_risk,2.4097,1.6531,0.2245,0.0095,5.5128,0.0145,0.0391,0.0129,Walking
S002C003P003R001A043,NTU,falling_down,high_risk,6.5493,6.3145,0.2211,0.0158,5.117,0.1493,0.0858,0.1306,Lying
S002C003P003R002A008,NTU,sit_down,low_risk,24.02,23.3966,0.1758,0.0094,4.882,0.1736,0.0606,0.1861,Sitting
S002C003P003R002A009,NTU,stand_up,low_risk,10.3927,10.0124,0.1573,0.0101,5.1851,0.1449,0.0451,0.1072,Standing
S002C003P003R002A042,NTU,staggering,moderate_risk,9.6104,4.4424,0.2397,0.0156,5.4913,0.0266,0.0568,0.0311,Walking
S002C003P003R002A043,NTU,falling_down,high_risk,12.6194,9.7222,0.2338,0.0171,5.1652,0.113,0.0868,0.083,Lying
S002C003P007R001A008,NTU,sit_down,low_risk,6.8958,6.2506,0.1341,0.0062,4.5369,0.1818,0.034,0.1983,Sitting
S002C003P007R001A009,NTU,stand_up,low_risk,2.0669,0.8564,0.1341,0.0039,4.9003,0.1664,0.027,0.1023,Standing
S002C003P007R001A042,NTU,staggering,moderate_risk,5.522,6.7162,0.2249,0.0069,5.212,0.061,0.0338,0.0888,Walking
S002C003P007R001A043,NTU,falling_down,high_risk,30.3635,26.6693,0.2138,0.0171,4.4762,0.2672,0.0515,0.2934,Lying
S002C003P007R002A008,NTU,sit_down,low_risk,14.3232,11.5421,0.1636,0.0194,4.7961,0.2021,0.0679,0.1009,Sitting
S002C003P007R002A009,NTU,stand_up,low_risk,15.389,12.1261,0.1767,0.0216,4.8465,0.2115,0.0654,0.0801,Standing
S002C003P007R002A042,NTU,staggering,moderate_risk,11.3946,12.5457,0.2425,0.0115,5.1822,0.0609,0.0505,0.042,Walking
S002C003P007R002A043,NTU,falling_down,high_risk,23.2,26.7637,0.2108,0.0113,4.8469,0.2187,0.0472,0.2054,Lying
S002C003P008R001A008,NTU,sit_down,low_risk,15.613,12.026,0.1601,0.0154,4.129,0.2003,0.0731,0.1441,Sitting
S002C003P008R001A009,NTU,stand_up,low_risk,11.9598,7.4937,0.1243,0.0045,4.4707,0.1606,0.0233,0.1169,Standing
S002C003P008R001A042,NTU,staggering,moderate_risk,10.9856,8.3911,0.2149,0.0127,5.1035,0.06,0.0756,0.0611,Walking
S002C003P008R001A043,NTU,falling_down,high_risk,31.5956,28.4512,0.3365,0.0135,4.6282,0.2336,0.0564,0.6889,Lying
S002C003P008R002A008,NTU,sit_down,low_risk,19.0733,15.6577,0.1567,0.0109,4.513,0.1798,0.0487,0.1318,Sitting
S002C003P008R002A009,NTU,stand_up,low_risk,11.9877,8.9241,0.1209,0.0075,4.7172,0.169,0.0328,0.0806,Standing
S002C003P008R002A042,NTU,staggering,moderate_risk,9.7824,7.7335,0.249,0.0182,5.4581,0.0403,0.0763,0.0609,Walking
S002C003P008R002A043,NTU,falling_down,high_risk,12.0228,12.306,0.2618,0.0123,4.9077,0.2503,0.0623,0.2197,Lying
S002C003P009R001A008,NTU,sit_down,low_risk,3.9248,2.8132,0.1635,0.0073,4.9763,0.1607,0.0463,0.0876,Sitting
S002C003P009R001A009,NTU,stand_up,low_risk,4.7287,2.2377,0.2068,0.0076,5.3214,0.1626,0.037,0.0574,Standing
S002C003P009R001A042,NTU,staggering,moderate_risk,3.4693,2.2488,0.2524,0.0081,5.6883,0.0216,0.0389,0.0414,Walking
S002C003P009R001A043,NTU,falling_down,high_risk,19.4595,25.0183,0.2452,0.05,4.542,0.2221,0.0974,0.2502,Lying
S002C003P009R002A008,NTU,sit_down,low_risk,12.8903,13.4684,0.1531,0.0098,4.9003,0.1727,0.049,0.1204,Sitting
S002C003P009R002A009,NTU,stand_up,low_risk,12.0651,11.2267,0.2009,0.0082,4.9357,0.2137,0.0429,0.145,Standing
S002C003P009R002A042,NTU,staggering,moderate_risk,16.5445,7.8034,0.2581,0.0129,5.4832,0.0224,0.0654,0.042,Walking
S002C003P009R002A043,NTU,falling_down,high_risk,14.4204,10.1294,0.1705,0.0146,5.1674,0.1484,0.0689,0.0797,Lying
S002C003P010R001A008,NTU,sit_down,low_risk,4.3358,10.0676,0.1485,0.0059,4.6182,0.1792,0.0448,0.2669,Sitting
S002C003P010R001A009,NTU,stand_up,low_risk,3.7069,2.2214,0.1371,0.0047,4.9025,0.1635,0.032,0.1559,Standing
S002C003P010R001A042,NTU,staggering,moderate_risk,4.4134,3.6429,0.2062,0.011,5.3689,0.021,0.0462,0.0507,Walking
S002C003P010R001A043,NTU,falling_down,high_risk,10.2049,8.0339,0.2115,0.0278,4.3521,0.2341,0.1125,0.1793,Lying
S002C003P010R002A008,NTU,sit_down,low_risk,15.182,12.5717,0.1291,0.0104,4.4161,0.1685,0.0459,0.1066,Sitting
S002C003P010R002A009,NTU,stand_up,low_risk,15.7016,11.895,0.1461,0.0146,4.8662,0.1446,0.0626,0.1219,Standing
S002C003P010R002A042,NTU,staggering,moderate_risk,8.8485,6.4785,0.2454,0.0124,6.0008,0.0281,0.0661,0.0414,Walking
S002C003P010R002A043,NTU,falling_down,high_risk,30.1267,19.573,0.2066,0.0176,5.051,0.2187,0.0845,0.2108,Lying
S002C003P011R001A008,NTU,sit_down,low_risk,6.0978,5.4351,0.1817,0.0172,4.8085,0.1676,0.1033,0.125,Sitting
S002C003P011R001A009,NTU,stand_up,low_risk,3.3146,1.7227,0.1376,0.0081,4.7688,0.1364,0.0834,0.1091,Standing
S002C003P011R001A042,NTU,staggering,moderate_risk,2.97,2.3108,0.2182,0.0135,5.5029,0.0252,0.0775,0.014,Walking
S002C003P011R001A043,NTU,falling_down,high_risk,10.3756,8.4674,0.1494,0.018,4.4712,0.2404,0.0696,0.0993,Lying
S002C003P011R002A008,NTU,sit_down,low_risk,19.7007,14.6232,0.1955,0.0281,4.1835,0.2243,0.1097,0.0771,Sitting
S002C003P011R002A009,NTU,stand_up,low_risk,21.9112,10.7804,0.174,0.0205,4.3361,0.1758,0.1003,0.0788,Standing
S002C003P011R002A042,NTU,staggering,moderate_risk,3.8786,2.789,0.2235,0.0158,5.6365,0.0218,0.059,0.0236,Walking
S002C003P011R002A043,NTU,falling_down,high_risk,11.5823,11.2229,0.1484,0.0194,4.5425,0.2798,0.0698,0.1242,Lying
S002C003P012R001A008,NTU,sit_down,low_risk,8.0106,9.6574,0.1791,0.012,4.6324,0.1557,0.058,0.1261,Sitting
S002C003P012R001A009,NTU,stand_up,low_risk,4.4377,5.8322,0.1381,0.006,4.7531,0.1334,0.0378,0.0892,Standing
S002C003P012R001A042,NTU,staggering,moderate_risk,8.8315,7.9831,0.2143,0.0219,5.5243,0.1556,0.0856,0.0619,Walking
S002C003P012R001A043,NTU,falling_down,high_risk,9.1149,8.1445,0.1863,0.0183,3.9861,0.3924,0.0605,0.146,Lying
S002C003P012R002A008,NTU,sit_down,low_risk,11.406,6.2791,0.1463,0.0105,4.8295,0.1495,0.0506,0.0399,Sitting
S002C003P012R002A009,NTU,stand_up,low_risk,10.3802,7.7277,0.1209,0.0086,4.7845,0.1096,0.0453,0.0681,Standing
S002C003P012R002A042,NTU,staggering,moderate_risk,7.8808,5.0183,0.2377,0.0209,5.7229,0.0437,0.0926,0.0824,Walking
S002C003P012R002A043,NTU,falling_down,high_risk,17.3653,12.2912,0.1858,0.0148,4.8844,0.2032,0.0652,0.0602,Lying
S002C003P013R001A008,NTU,sit_down,low_risk,6.5202,6.4503,0.1897,0.0065,4.6963,0.1782,0.0388,0.214,Sitting
S002C003P013R001A009,NTU,stand_up,low_risk,3.1281,3.4006,0.1573,0.0047,5.013,0.1616,0.0238,0.0679,Standing
S002C003P013R001A042,NTU,staggering,moderate_risk,4.1686,3.4993,0.2326,0.0048,5.6344,0.0456,0.0368,0.0793,Walking
S002C003P013R001A043,NTU,falling_down,high_risk,29.7527,26.1234,0.2411,0.0099,4.9911,0.2116,0.046,0.2697,Lying
S002C003P013R002A008,NTU,sit_down,low_risk,22.737,19.9637,0.1416,0.0101,4.652,0.1743,0.0555,0.2107,Sitting
S002C003P013R002A009,NTU,stand_up,low_risk,8.6852,7.0244,0.1434,0.0053,5.1994,0.1567,0.0264,0.0712,Standing
S002C003P013R002A042,NTU,staggering,moderate_risk,16.9743,12.234,0.2256,0.0075,5.8164,0.0159,0.0558,0.0948,Walking
S002C003P013R002A043,NTU,falling_down,high_risk,32.4335,28.482,0.2222,0.0111,5.1286,0.174,0.0537,0.2719,Lying
S002C003P014R001A008,NTU,sit_down,low_risk,23.4485,28.001,0.2208,0.0227,4.6227,0.2644,0.1314,0.3437,Sitting
S002C003P014R001A009,NTU,stand_up,low_risk,5.0366,3.9899,0.1322,0.0049,4.708,0.1968,0.0264,0.1215,Standing
S002C003P014R001A042,NTU,staggering,moderate_risk,2.106,1.4922,0.2277,0.0092,5.8308,0.0231,0.0482,0.0113,Walking
S002C003P014R001A043,NTU,falling_down,high_risk,11.8801,9.2241,0.2135,0.0139,4.6532,0.2746,0.0664,0.1902,Lying
S002C003P014R002A008,NTU,sit_down,low_risk,20.3898,14.5687,0.1913,0.0079,5.199,0.1949,0.0447,0.1124,Sitting
S002C003P014R002A009,NTU,stand_up,low_risk,19.3966,11.9153,0.1573,0.0068,4.9955,0.2048,0.0348,0.0648,Standing
S002C003P014R002A042,NTU,staggering,moderate_risk,14.5256,8.1642,0.2321,0.0103,5.6181,0.0167,0.0562,0.0301,Walking
S002C003P014R002A043,NTU,falling_down,high_risk,29.9091,21.31,0.219,0.0085,4.5811,0.204,0.0365,0.1643,Lying
S003C001P001R001A008,NTU,sit_down,low_risk,8.5422,6.2127,0.1454,0.0065,5.3105,0.1089,0.0375,0.0442,Sitting
S003C001P001R001A009,NTU,stand_up,low_risk,4.3642,5.6715,0.0965,0.0062,5.1061,0.1347,0.0377,0.0456,Standing
S003C001P001R001A042,NTU,staggering,moderate_risk,4.8105,3.8605,0.2634,0.0097,6.5836,0.0199,0.0672,0.0395,Walking
S003C001P001R001A043,NTU,falling_down,high_risk,26.3677,27.638,0.2799,0.0224,6.027,0.1851,0.0919,0.3024,Lying
S003C001P001R002A008,NTU,sit_down,low_risk,7.1002,4.046,0.1993,0.0036,5.6669,0.1107,0.0244,0.0327,Sitting
S003C001P001R002A009,NTU,stand_up,low_risk,7.3029,3.5013,0.2087,0.004,5.7467,0.1287,0.0237,0.0282,Standing
S003C001P001R002A042,NTU,staggering,moderate_risk,1.3236,0.9934,0.2234,0.0102,5.5771,0.0711,0.0451,0.0155,Walking
S003C001P001R002A043,NTU,falling_down,high_risk,22.9161,21.8259,0.2055,0.0116,4.8486,0.2274,0.0561,0.1932,Lying
S003C001P002R001A008,NTU,sit_down,low_risk,2.6822,1.4498,0.1369,0.0043,5.1159,0.1106,0.0238,0.0417,Sitting
S003C001P002R001A009,NTU,stand_up,low_risk,4.6919,1.8737,0.1434,0.0047,5.0934,0.1142,0.0253,0.0425,Standing
S003C001P002R001A042,NTU,staggering,moderate_risk,6.3308,2.9897,0.2273,0.0188,5.9081,0.0498,0.0661,0.0191,Walking
S003C001P002R001A043,NTU,falling_down,high_risk,13.1353,9.1557,0.2362,0.0137,5.4351,0.2493,0.0766,0.2556,Lying
S003C001P002R002A008,NTU,sit_down,low_risk,2.6888,2.4364,0.1123,0.003,4.889,0.1155,0.0209,0.0417,Sitting
S003C001P002R002A009,NTU,stand_up,low_risk,1.6064,1.1133,0.1353,0.0043,4.9819,0.1262,0.0265,0.0573,Standing
S003C001P002R002A042,NTU,staggering,moderate_risk,3.3556,2.5345,0.2044,0.0093,5.64,0.0258,0.0451,0.0095,Walking
S003C001P002R002A043,NTU,falling_down,high_risk,29.5431,24.9333,0.1573,0.0163,4.5398,0.2224,0.0583,0.2849,Lying
S003C001P007R001A008,NTU,sit_down,low_risk,6.1433,3.6911,0.1239,0.0052,4.9208,0.1403,0.0227,0.0244,Sitting
S003C001P007R001A009,NTU,stand_up,low_risk,7.065,5.5957,0.1376,0.0056,4.9725,0.1483,0.0269,0.0261,Standing
S003C001P007R001A042,NTU,staggering,moderate_risk,8.1802,5.454,0.2321,0.0058,5.7864,0.0494,0.0384,0.0247,Walking
S003C001P007R001A043,NTU,falling_down,high_risk,21.8606,21.0694,0.2229,0.0082,4.9999,0.2499,0.0398,0.3437,Lying
S003C001P007R002A008,NTU,sit_down,low_risk,3.504,3.9764,0.1348,0.0117,4.8666,0.0673,0.0445,0.0272,Sitting
S003C001P007R002A009,NTU,stand_up,low_risk,5.3849,5.6747,0.1257,0.013,4.8742,0.0653,0.042,0.0173,Standing
S003C001P007R002A042,NTU,staggering,moderate_risk,13.2097,10.528,0.205,0.016,5.3103,0.1066,0.0722,0.0657,Walking
S003C001P007R002A043,NTU,falling_down,high_risk,12.8035,15.9544,0.1502,0.0136,4.6202,0.295,0.0742,0.2022,Lying
S003C001P008R001A008,NTU,sit_down,low_risk,10.697,8.6678,0.1728,0.0089,4.4438,0.2233,0.0481,0.1103,Sitting
S003C001P008R001A009,NTU,stand_up,low_risk,10.3794,9.9337,0.0966,0.0058,4.4678,0.1485,0.0318,0.0764,Standing
S003C001P008R001A042,NTU,staggering,moderate_risk,15.2702,8.4978,0.2358,0.0151,5.2135,0.0648,0.0657,0.0566,Walking
S003C001P008R001A043,NTU,falling_down,high_risk,16.9548,16.9581,0.256,0.0074,5.3694,0.1131,0.0497,0.3067,Lying
S003C001P008R002A008,NTU,sit_down,low_risk,8.3218,7.5421,0.1438,0.0092,4.5619,0.2002,0.055,0.1171,Sitting
S003C001P008R002A009,NTU,stand_up,low_risk,4.5696,2.6866,0.1067,0.0055,4.6165,0.1539,0.0268,0.0803,Standing
S003C001P008R002A042,NTU,staggering,moderate_risk,11.8035,7.8238,0.2203,0.0128,5.3349,0.0299,0.077,0.0661,Walking
S003C001P008R002A043,NTU,falling_down,high_risk,27.1719,25.2475,0.1705,0.0122,4.4265,0.2767,0.057,0.268,Lying
S003C001P015R001A008,NTU,sit_down,low_risk,2.4707,1.6585,0.1827,0.0037,5.3543,0.0821,0.0211,0.0188,Sitting
S003C001P015R001A009,NTU,stand_up,low_risk,3.0236,2.7506,0.1699,0.0043,5.2808,0.1028,0.0215,0.0322,Standing
S003C001P015R001A042,NTU,staggering,moderate_risk,2.7356,1.486,0.2237,0.0086,5.4856,0.0211,0.0362,0.0172,Walking
S003C001P015R001A043,NTU,falling_down,high_risk,8.8252,6.338,0.1571,0.018,4.639,0.204,0.0603,0.1202,Lying
S003C001P015R002A008,NTU,sit_down,low_risk,6.4732,5.4483,0.1584,0.0082,4.8634,0.0895,0.0405,0.039,Sitting
S003C001P015R002A009,NTU,stand_up,low_risk,9.9044,10.6102,0.1255,0.0081,4.8433,0.1,0.04,0.0413,Standing
S003C001P015R002A042,NTU,staggering,moderate_risk,1.8501,1.0359,0.2295,0.0097,5.6467,0.033,0.0346,0.0183,Walking
S003C001P015R002A043,NTU,falling_down,high_risk,12.7423,12.9399,0.2052,0.0186,3.7178,0.4476,0.0499,0.1648,Lying
S003C001P016R001A008,NTU,sit_down,low_risk,10.87,10.5551,0.1561,0.0124,4.5953,0.1678,0.0502,0.0306,Sitting
S003C001P016R001A009,NTU,stand_up,low_risk,17.5978,14.3401,0.135,0.0137,4.8045,0.1441,0.0521,0.0916,Standing
S003C001P016R001A042,NTU,staggering,moderate_risk,2.654,1.7883,0.2395,0.0093,5.8114,0.0349,0.0581,0.0194,Walking
S003C001P016R001A043,NTU,falling_down,high_risk,22.6941,18.0164,0.1948,0.0153,4.5536,0.2742,0.0579,0.1513,Lying
S003C001P016R002A008,NTU,sit_down,low_risk,6.083,8.3977,0.194,0.0107,5.236,0.1223,0.0554,0.0738,Sitting
S003C001P016R002A009,NTU,stand_up,low_risk,7.6688,6.3853,0.1194,0.0058,4.8365,0.1451,0.0308,0.0423,Standing
S003C001P016R002A042,NTU,staggering,moderate_risk,4.7396,3.0685,0.2291,0.0154,5.5251,0.0649,0.0731,0.0473,Walking
S003C001P016R002A043,NTU,falling_down,high_risk,21.1373,18.9258,0.1991,0.0209,4.4783,0.2791,0.0586,0.2023,Lying
S003C001P017R001A008,NTU,sit_down,low_risk,7.2725,5.3967,0.1999,0.0304,5.4026,0.0909,0.0921,0.0503,Sitting
S003C001P017R001A009,NTU,stand_up,low_risk,5.4356,3.0542,0.2193,0.0199,5.297,0.0784,0.0548,0.0315,Standing
S003C001P017R001A042,NTU,staggering,moderate_risk,2.3981,1.6911,0.2624,0.0293,5.7214,0.0366,0.0951,0.0317,Walking
S003C001P017R001A043,NTU,falling_down,high_risk,13.7926,13.5534,0.2276,0.0313,4.554,0.3,0.0813,0.228,Lying
S003C001P017R002A008,NTU,sit_down,low_risk,8.5749,6.307,0.1456,0.0129,5.1793,0.1097,0.0514,0.0555,Sitting
S003C001P017R002A009,NTU,stand_up,low_risk,6.3557,5.6575,0.1214,0.0219,4.9436,0.0805,0.0685,0.0598,Standing
S003C001P017R002A042,NTU,staggering,moderate_risk,2.8899,2.1951,0.2704,0.047,5.4818,0.0922,0.1062,0.0136,Walking
S003C001P017R002A043,NTU,falling_down,high_risk,25.9119,19.3012,0.2275,0.0349,4.4,0.3097,0.0896,0.1911,Lying
S003C001P018R001A008,NTU,sit_down,low_risk,6.3563,5.7766,0.1451,0.0074,5.0889,0.0914,0.0446,0.0144,Sitting
S003C001P018R001A009,NTU,stand_up,low_risk,6.0416,5.6606,0.1674,0.006,5.259,0.0913,0.0292,0.0283,Standing
S003C001P018R001A042,NTU,staggering,moderate_risk,3.068,1.9923,0.2318,0.0119,5.8128,0.0237,0.0489,0.0115,Walking
S003C001P018R001A043,NTU,falling_down,high_risk,3.7415,3.4855,0.1525,0.0111,4.7286,0.2606,0.0429,0.1104,Lying
S003C001P018R002A008,NTU,sit_down,low_risk,3.9178,2.8207,0.1305,0.0043,4.9305,0.0996,0.0357,0.0271,Sitting
S003C001P018R002A009,NTU,stand_up,low_risk,4.0077,3.5268,0.164,0.0035,5.1878,0.0912,0.0233,0.0205,Standing
S003C001P018R002A042,NTU,staggering,moderate_risk,2.6653,2.3853,0.2319,0.0064,5.787,0.0238,0.0345,0.0157,Walking
S003C001P018R002A043,NTU,falling_down,high_risk,4.3991,3.75,0.1481,0.0176,4.4787,0.2235,0.0456,0.053,Lying
S003C001P019R001A008,NTU,sit_down,low_risk,8.9687,9.2026,0.1917,0.0075,4.4855,0.1472,0.042,0.1285,Sitting
S003C001P019R001A009,NTU,stand_up,low_risk,4.7204,3.3025,0.1358,0.006,4.6852,0.1738,0.0333,0.0409,Standing
S003C001P019R001A042,NTU,staggering,moderate_risk,6.8235,5.7817,0.2216,0.0144,5.4851,0.0399,0.0549,0.0264,Walking
S003C001P019R001A043,NTU,falling_down,high_risk,8.0555,4.8843,0.1755,0.0142,5.029,0.1826,0.0482,0.0978,Lying
S003C001P019R002A008,NTU,sit_down,low_risk,10.2646,7.3171,0.1877,0.0099,4.7741,0.1651,0.0434,0.0568,Sitting
S003C001P019R002A009,NTU,stand_up,low_risk,6.6775,5.8809,0.1432,0.0073,4.8065,0.164,0.0336,0.0337,Standing
S003C001P019R002A042,NTU,staggering,moderate_risk,1.907,1.0822,0.2325,0.0051,5.6329,0.0286,0.027,0.0201,Walking
S003C001P019R002A043,NTU,falling_down,high_risk,23.3702,20.0772,0.1873,0.0144,4.6311,0.2553,0.0448,0.1613,Lying
S003C002P001R001A008,NTU,sit_down,low_risk,7.6786,5.2334,0.1436,0.0107,5.2746,0.1232,0.0619,0.0406,Sitting
S003C002P001R001A009,NTU,stand_up,low_risk,8.3504,7.1045,0.128,0.0131,4.4553,0.1071,0.0527,0.0444,Standing
S003C002P001R001A042,NTU,staggering,moderate_risk,8.4364,4.4859,0.2345,0.0166,5.525,0.0388,0.0924,0.0415,Walking
S003C002P001R001A043,NTU,falling_down,high_risk,25.6963,25.0848,0.2942,0.0223,5.2222,0.1482,0.0841,0.2023,Lying
S003C002P001R002A008,NTU,sit_down,low_risk,2.2472,2.0923,0.1988,0.0048,5.1982,0.0957,0.0236,0.0331,Sitting
S003C002P001R002A009,NTU,stand_up,low_risk,4.6251,3.3324,0.1351,0.0039,5.1431,0.1223,0.0209,0.0487,Standing
S003C002P001R002A042,NTU,staggering,moderate_risk,2.8647,1.8012,0.2156,0.0107,5.5336,0.0687,0.0432,0.0298,Walking
S003C002P001R002A043,NTU,falling_down,high_risk,14.5706,12.1723,0.1872,0.013,4.9118,0.2052,0.0564,0.2353,Lying
S003C002P002R001A008,NTU,sit_down,low_risk,7.7671,4.5058,0.1282,0.0074,5.3867,0.113,0.0488,0.0467,Sitting
S003C002P002R001A009,NTU,stand_up,low_risk,7.0608,3.7135,0.1458,0.008,5.4018,0.1108,0.0368,0.0376,Standing
S003C002P002R001A042,NTU,staggering,moderate_risk,5.4575,2.5886,0.2168,0.0159,5.9785,0.0673,0.073,0.0508,Walking
S003C002P002R001A043,NTU,falling_down,high_risk,46.6965,18.8225,0.2771,0.0267,5.5973,0.1302,0.078,0.2298,Lying
S003C002P002R002A008,NTU,sit_down,low_risk,3.7077,2.1956,0.1276,0.0045,5.0315,0.1121,0.0244,0.0517,Sitting
S003C002P002R002A009,NTU,stand_up,low_risk,4.6895,5.121,0.1529,0.0048,5.2214,0.1271,0.0289,0.0737,Standing
S003C002P002R002A042,NTU,staggering,moderate_risk,4.354,3.308,0.2137,0.0098,5.6821,0.0256,0.0451,0.0151,Walking
S003C002P002R002A043,NTU,falling_down,high_risk,10.8671,7.6344,0.2211,0.021,3.8847,0.3433,0.0742,0.179,Lying
S003C002P007R001A008,NTU,sit_down,low_risk,7.6603,3.8304,0.163,0.0127,4.295,0.2163,0.0476,0.0346,Sitting
S003C002P007R001A009,NTU,stand_up,low_risk,11.5667,10.1717,0.144,0.0163,4.635,0.2482,0.0481,0.033,Standing
S003C002P007R001A042,NTU,staggering,moderate_risk,7.8069,5.3808,0.2323,0.0101,5.3893,0.0641,0.0496,0.0534,Walking
S003C002P007R001A043,NTU,falling_down,high_risk,34.7495,31.9096,0.2258,0.0162,4.3633,0.3418,0.0523,0.3483,Lying
S003C002P007R002A008,NTU,sit_down,low_risk,4.4354,2.0006,0.2147,0.01,5.6957,0.0625,0.0395,0.0296,Sitting
S003C002P007R002A009,NTU,stand_up,low_risk,4.8747,2.8518,0.2324,0.0086,5.7055,0.0533,0.0321,0.0291,Standing
S003C002P007R002A042,NTU,staggering,moderate_risk,9.8444,8.3843,0.2283,0.0108,5.3027,0.0882,0.0597,0.1084,Walking
S003C002P007R002A043,NTU,falling_down,high_risk,21.3909,29.637,0.1759,0.0118,4.3942,0.2858,0.0643,0.3408,Lying
S003C002P008R001A008,NTU,sit_down,low_risk,13.9435,15.6615,0.155,0.0291,4.6484,0.7772,0.0904,0.6682,Sitting
S003C002P008R001A009,NTU,stand_up,low_risk,16.5069,14.4637,0.1459,0.0074,5.3662,0.1673,0.0317,0.1149,Standing
S003C002P008R001A042,NTU,staggering,moderate_risk,10.8996,8.6452,0.2475,0.017,5.4771,0.0487,0.0863,0.0629,Walking
S003C002P008R001A043,NTU,falling_down,high_risk,4.8184,7.022,0.2591,0.0084,5.324,0.2082,0.0414,0.2497,Lying
S003C002P008R002A008,NTU,sit_down,low_risk,7.1143,9.5953,0.1605,0.0063,4.551,0.207,0.0384,0.2193,Sitting
S003C002P008R002A009,NTU,stand_up,low_risk,5.6407,4.7741,0.1261,0.0059,4.595,0.1622,0.0283,0.1278,Standing
S003C002P008R002A042,NTU,staggering,moderate_risk,15.8808,10.9288,0.2184,0.0205,4.9519,0.0532,0.0915,0.116,Walking
S003C002P008R002A043,NTU,falling_down,high_risk,43.5469,38.1542,0.2558,0.0159,4.519,0.2152,0.0523,0.4382,Lying
S003C002P015R001A008,NTU,sit_down,low_risk,6.2494,4.0218,0.2028,0.0083,5.0425,0.076,0.0516,0.048,Sitting
S003C002P015R001A009,NTU,stand_up,low_risk,13.2842,7.2026,0.1539,0.0119,5.0427,0.122,0.0426,0.1085,Standing
S003C002P015R001A042,NTU,staggering,moderate_risk,5.8838,2.8658,0.2713,0.0098,6.1437,0.0315,0.0599,0.0268,Walking
S003C002P015R001A043,NTU,falling_down,high_risk,13.9438,9.9326,0.2232,0.0169,5.0501,0.3204,0.0815,0.0815,Lying
S003C002P015R002A008,NTU,sit_down,low_risk,6.8284,5.7444,0.156,0.0069,5.0418,0.0936,0.0278,0.046,Sitting
S003C002P015R002A009,NTU,stand_up,low_risk,6.6184,6.6614,0.1769,0.0063,5.1648,0.1021,0.0239,0.0821,Standing
S003C002P015R002A042,NTU,staggering,moderate_risk,2.6538,1.5412,0.2072,0.0094,5.6171,0.0244,0.0321,0.0144,Walking
S003C002P015R002A043,NTU,falling_down,high_risk,5.9424,5.7207,0.147,0.0119,4.5286,0.2557,0.0537,0.1342,Lying
S003C002P016R001A008,NTU,sit_down,low_risk,14.7864,9.4874,0.1522,0.0122,4.9609,0.1246,0.0535,0.0458,Sitting
S003C002P016R001A009,NTU,stand_up,low_risk,15.5062,8.351,0.1366,0.0098,5.0402,0.1355,0.0545,0.0372,Standing
S003C002P016R001A042,NTU,staggering,moderate_risk,8.7954,4.1009,0.2962,0.0112,6.0382,0.0454,0.0684,0.0279,Walking
S003C002P016R001A043,NTU,falling_down,high_risk,25.2302,17.2601,0.3029,0.0174,4.8355,0.2321,0.0642,0.1657,Lying
S003C002P016R002A008,NTU,sit_down,low_risk,2.852,1.8365,0.2152,0.0049,5.2078,0.1199,0.0401,0.1185,Sitting
S003C002P016R002A009,NTU,stand_up,low_risk,3.9914,2.3378,0.1557,0.0035,4.7973,0.1418,0.0264,0.1054,Standing
S003C002P016R002A042,NTU,staggering,moderate_risk,1.8519,1.7698,0.2305,0.0149,5.5088,0.0608,0.0581,0.0295,Walking
S003C002P016R002A043,NTU,falling_down,high_risk,10.0122,10.6226,0.1866,0.0099,4.4087,0.2596,0.0449,0.1541,Lying
S003C002P017R001A008,NTU,sit_down,low_risk,12.6457,7.1353,0.2058,0.0345,5.273,0.153,0.1181,0.0539,Sitting
S003C002P017R001A009,NTU,stand_up,low_risk,8.3536,6.9748,0.2167,0.0204,5.3781,0.1559,0.0679,0.0322,Standing
S003C002P017R001A042,NTU,staggering,moderate_risk,4.9819,3.4971,0.2282,0.0411,6.0775,0.089,0.1441,0.0623,Walking
S003C002P017R001A043,NTU,falling_down,high_risk,25.7726,20.1315,0.2171,0.0251,4.8524,0.2437,0.0754,0.1631,Lying
S003C002P017R002A008,NTU,sit_down,low_risk,4.7349,3.4676,0.176,0.0149,5.1109,0.1028,0.0438,0.064,Sitting
S003C002P017R002A009,NTU,stand_up,low_risk,1.1005,0.7095,0.1866,0.0137,5.3868,0.1116,0.0439,0.0694,Standing
S003C002P017R002A042,NTU,staggering,moderate_risk,2.9743,1.945,0.2614,0.0204,6.0091,0.024,0.0674,0.0168,Walking
S003C002P017R002A043,NTU,falling_down,high_risk,11.5797,9.9861,0.2329,0.0229,4.3254,0.385,0.0748,0.2583,Lying
S003C002P018R001A008,NTU,sit_down,low_risk,10.3017,8.2294,0.2395,0.0157,5.6448,0.1203,0.0706,0.0567,Sitting
S003C002P018R001A009,NTU,stand_up,low_risk,6.0301,5.3758,0.232,0.0153,5.0082,0.1538,0.0611,0.0763,Standing
S003C002P018R001A042,NTU,staggering,moderate_risk,11.0923,5.4139,0.2321,0.013,5.557,0.0342,0.0718,0.0402,Walking
S003C002P018R001A043,NTU,falling_down,high_risk,18.0519,7.954,0.2099,0.0203,4.4177,0.3839,0.0669,0.1938,Lying
S003C002P018R002A008,NTU,sit_down,low_risk,1.0262,0.6012,0.1963,0.0029,5.1062,0.0931,0.0231,0.0343,Sitting
S003C002P018R002A009,NTU,stand_up,low_risk,1.615,1.249,0.2063,0.0037,5.1932,0.0941,0.0246,0.0365,Standing
S003C002P018R002A042,NTU,staggering,moderate_risk,4.1737,2.9715,0.2222,0.0062,5.5899,0.0301,0.0295,0.02,Walking
S003C002P018R002A043,NTU,falling_down,high_risk,4.3015,3.6562,0.1805,0.0155,4.4513,0.191,0.0461,0.0752,Lying
S003C002P019R001A008,NTU,sit_down,low_risk,14.6205,9.8668,0.1916,0.0161,4.7193,0.1318,0.0698,0.0701,Sitting
S003C002P019R001A009,NTU,stand_up,low_risk,9.3383,7.2258,0.1584,0.0114,4.7236,0.1486,0.0481,0.0351,Standing
S003C002P019R001A042,NTU,staggering,moderate_risk,16.9272,9.273,0.2658,0.0094,5.0983,0.0241,0.0449,0.0415,Walking
S003C002P019R001A043,NTU,falling_down,high_risk,19.8507,18.4711,0.2498,0.0135,4.4804,0.3118,0.0536,0.1367,Lying
S003C002P019R002A008,NTU,sit_down,low_risk,6.8668,5.2516,0.1996,0.0049,4.6636,0.1598,0.0328,0.1777,Sitting
S003C002P019R002A009,NTU,stand_up,low_risk,4.4279,2.2395,0.132,0.0051,4.8221,0.1612,0.0313,0.0521,Standing
S003C002P019R002A042,NTU,staggering,moderate_risk,1.4445,0.9496,0.228,0.0081,5.5171,0.0376,0.0287,0.0263,Walking
S003C002P019R002A043,NTU,falling_down,high_risk,16.2317,13.7165,0.1824,0.015,4.2435,0.2896,0.046,0.1112,Lying
S003C003P001R001A008,NTU,sit_down,low_risk,1.9983,1.4525,0.1392,0.0038,4.9435,0.1214,0.0248,0.0349,Sitting
S003C003P001R001A009,NTU,stand_up,low_risk,3.2431,2.325,0.0942,0.0042,4.6788,0.1368,0.0259,0.0366,Standing
S003C003P001R001A042,NTU,staggering,moderate_risk,3.6731,2.8855,0.2224,0.0076,5.4755,0.0219,0.0386,0.0166,Walking
S003C003P001R001A043,NTU,falling_down,high_risk,5.6605,6.1312,0.2236,0.0138,4.204,0.2939,0.0627,0.1782,Lying
S003C003P001R002A008,NTU,sit_down,low_risk,8.0352,7.7455,0.1212,0.0091,4.6458,0.1285,0.0498,0.0234,Sitting
S003C003P001R002A009,NTU,stand_up,low_risk,4.612,5.461,0.1438,0.0081,4.693,0.1387,0.0442,0.0232,Standing
S003C003P001R002A042,NTU,staggering,moderate_risk,5.834,4.0783,0.2303,0.0139,5.5274,0.0618,0.0653,0.0551,Walking
S003C003P001R002A043,NTU,falling_down,high_risk,16.6982,15.0182,0.2785,0.0137,4.8177,0.1705,0.0511,0.1102,Lying
S003C003P002R001A008,NTU,sit_down,low_risk,4.7487,2.8339,0.1394,0.0034,5.0243,0.113,0.0195,0.0399,Sitting
S003C003P002R001A009,NTU,stand_up,low_risk,5.2529,3.0563,0.152,0.0036,5.0218,0.1166,0.0203,0.036,Standing
S003C003P002R001A042,NTU,staggering,moderate_risk,5.8664,4.1377,0.2071,0.0114,5.4827,0.0298,0.0464,0.0126,Walking
S003C003P002R001A043,NTU,falling_down,high_risk,8.8716,7.8361,0.2226,0.0095,4.8267,0.1263,0.0475,0.0475,Lying
S003C003P002R002A008,NTU,sit_down,low_risk,7.9829,5.3659,0.1077,0.0054,4.6624,0.118,0.0253,0.0419,Sitting
S003C003P002R002A009,NTU,stand_up,low_risk,7.7519,6.3984,0.1229,0.0069,4.7206,0.128,0.0317,0.0558,Standing
S003C003P002R002A042,NTU,staggering,moderate_risk,7.1821,3.4662,0.0522,0.0446,2.6506,0.0504,0.116,0.0311,Walking
S003C003P002R002A043,NTU,falling_down,high_risk,6.9639,4.1545,0.0719,0.054,2.6488,0.0514,0.1046,0.0435,Lying
S003C003P007R001A008,NTU,sit_down,low_risk,2.3514,1.1815,0.1476,0.0065,4.9654,0.1397,0.0289,0.0263,Sitting
S003C003P007R001A009,NTU,stand_up,low_risk,0.8124,0.5955,0.1391,0.0042,5.0062,0.1559,0.0236,0.0281,Standing
S003C003P007R001A042,NTU,staggering,moderate_risk,6.6864,5.652,0.232,0.0087,5.5651,0.0702,0.0393,0.0305,Walking
S003C003P007R001A043,NTU,falling_down,high_risk,23.4478,27.953,0.2588,0.0124,4.5645,0.3568,0.0533,0.4285,Lying
S003C003P007R002A008,NTU,sit_down,low_risk,6.1146,3.6534,0.3233,0.0091,5.445,0.0625,0.0405,0.0386,Sitting
S003C003P007R002A009,NTU,stand_up,low_risk,6.7541,3.7115,0.3423,0.0073,5.4113,0.0589,0.0378,0.04,Standing
S003C003P007R002A042,NTU,staggering,moderate_risk,17.2893,16.6549,0.2928,0.0152,6.6398,0.0839,0.0864,0.1195,Walking
S003C003P007R002A043,NTU,falling_down,high_risk,38.728,33.8393,0.3486,0.0165,5.8172,0.2712,0.0583,0.4113,Lying
S003C003P008R001A008,NTU,sit_down,low_risk,6.9646,8.2662,0.1642,0.0075,4.3254,0.2078,0.0403,0.1629,Sitting
S003C003P008R001A009,NTU,stand_up,low_risk,4.6952,4.2093,0.0929,0.0054,4.4277,0.1458,0.0268,0.108,Standing
S003C003P008R001A042,NTU,staggering,moderate_risk,15.09,6.8375,0.2207,0.0117,5.278,0.0497,0.0649,0.0435,Walking
S003C003P008R001A043,NTU,falling_down,high_risk,32.0227,35.1458,0.2714,0.0142,5.3538,0.0838,0.0459,0.5248,Lying
S003C003P008R002A008,NTU,sit_down,low_risk,18.0589,12.0213,0.1292,0.0089,4.5753,0.2011,0.0433,0.1132,Sitting
S003C003P008R002A009,NTU,stand_up,low_risk,23.8386,15.0637,0.1164,0.0067,4.7895,0.1597,0.0331,0.1414,Standing
S003C003P008R002A042,NTU,staggering,moderate_risk,12.6354,8.9326,0.2417,0.0134,5.1481,0.0466,0.0894,0.0839,Walking
S003C003P008R002A043,NTU,falling_down,high_risk,24.2711,16.9838,0.2813,0.0144,4.7316,0.2512,0.0827,0.3004,Lying
S003C003P015R001A008,NTU,sit_down,low_risk,6.3005,4.029,0.1581,0.0042,5.0124,0.0722,0.0247,0.0309,Sitting
S003C003P015R001A009,NTU,stand_up,low_risk,6.6767,5.1021,0.144,0.0038,4.8174,0.0924,0.0213,0.0709,Standing
S003C003P015R001A042,NTU,staggering,moderate_risk,1.923,1.1218,0.2099,0.0064,5.3087,0.0304,0.0276,0.0135,Walking
S003C003P015R001A043,NTU,falling_down,high_risk,12.3308,11.6794,0.1897,0.0155,3.981,0.3319,0.0489,0.1412,Lying
S003C003P015R002A008,NTU,sit_down,low_risk,8.8881,6.512,0.2627,0.0124,5.3831,0.133,0.053,0.0496,Sitting
S003C003P015R002A009,NTU,stand_up,low_risk,8.6177,5.0406,0.2496,0.0133,5.4463,0.1346,0.0573,0.0835,Standing
S003C003P015R002A042,NTU,staggering,moderate_risk,4.6168,4.7739,0.269,0.0092,5.8318,0.0281,0.0435,0.0267,Walking
S003C003P015R002A043,NTU,falling_down,high_risk,13.9818,10.3769,0.195,0.0213,4.3968,0.3393,0.0788,0.0987,Lying
S003C003P016R001A008,NTU,sit_down,low_risk,6.8579,5.89,0.1542,0.007,4.7903,0.1301,0.0375,0.0668,Sitting
S003C003P016R001A009,NTU,stand_up,low_risk,4.5893,3.3509,0.1367,0.0058,4.81,0.141,0.0293,0.0447,Standing
S003C003P016R001A042,NTU,staggering,moderate_risk,1.5748,1.6754,0.2373,0.0114,5.4413,0.0545,0.0471,0.0144,Walking
S003C003P016R001A043,NTU,falling_down,high_risk,4.2176,3.2781,0.1619,0.0101,4.289,0.2804,0.0393,0.1551,Lying
S003C003P016R002A008,NTU,sit_down,low_risk,12.6781,15.4782,0.227,0.0175,5.3313,0.1297,0.0798,0.1121,Sitting
S003C003P016R002A009,NTU,stand_up,low_risk,13.4173,12.5596,0.1321,0.0085,4.7838,0.1416,0.0436,0.0651,Standing
S003C003P016R002A042,NTU,staggering,moderate_risk,11.2555,6.4408,0.2998,0.014,6.3187,0.0468,0.0763,0.063,Walking
S003C003P016R002A043,NTU,falling_down,high_risk,22.4749,14.2829,0.2988,0.017,5.6075,0.1632,0.0694,0.0784,Lying
S003C003P017R001A008,NTU,sit_down,low_risk,4.8085,4.3455,0.2074,0.0241,5.0754,0.1051,0.0821,0.0405,Sitting
S003C003P017R001A009,NTU,stand_up,low_risk,7.9646,3.3529,0.1319,0.0121,4.7524,0.1309,0.0408,0.0964,Standing
S003C003P017R001A042,NTU,staggering,moderate_risk,3.7216,2.3123,0.26,0.0235,5.7257,0.024,0.0694,0.0097,Walking
S003C003P017R001A043,NTU,falling_down,high_risk,22.7841,15.3206,0.2209,0.0225,3.7918,0.4677,0.0572,0.1811,Lying
S003C003P017R002A008,NTU,sit_down,low_risk,10.4848,7.1018,0.1424,0.0225,4.7991,0.0946,0.0797,0.0432,Sitting
S003C003P017R002A009,NTU,stand_up,low_risk,9.2584,4.4965,0.1641,0.0165,5.0842,0.094,0.0776,0.0462,Standing
S003C003P017R002A042,NTU,staggering,moderate_risk,4.2721,3.6623,0.2183,0.0277,5.994,0.0452,0.1243,0.0555,Walking
S003C003P017R002A043,NTU,falling_down,high_risk,26.4998,20.0169,0.1932,0.0237,5.2863,0.1055,0.0843,0.1604,Lying
S003C003P018R001A008,NTU,sit_down,low_risk,2.1501,1.53,0.1807,0.0041,5.237,0.0897,0.0306,0.0295,Sitting
S003C003P018R001A009,NTU,stand_up,low_risk,1.6308,2.1957,0.1618,0.0034,5.1933,0.0937,0.0301,0.0286,Standing
S003C003P018R001A042,NTU,staggering,moderate_risk,3.2852,2.1353,0.2165,0.0108,5.6087,0.0248,0.0432,0.0095,Walking
S003C003P018R001A043,NTU,falling_down,high_risk,15.0581,12.8377,0.1501,0.0156,4.6878,0.2067,0.0504,0.1199,Lying
S003C003P018R002A008,NTU,sit_down,low_risk,12.22,9.9122,0.2008,0.008,5.2947,0.0993,0.0463,0.0864,Sitting
S003C003P018R002A009,NTU,stand_up,low_risk,6.6809,5.496,0.1948,0.0073,5.1624,0.0955,0.0357,0.0279,Standing
S003C003P018R002A042,NTU,staggering,moderate_risk,7.6932,3.2385,0.318,0.0084,6.4721,0.0247,0.0504,0.0398,Walking
S003C003P018R002A043,NTU,falling_down,high_risk,12.0657,6.9195,0.21,0.0219,5.1668,0.1593,0.0655,0.0548,Lying
S003C003P019R001A008,NTU,sit_down,low_risk,8.2259,7.0997,0.1872,0.0054,4.6672,0.1388,0.0334,0.1246,Sitting
S003C003P019R001A009,NTU,stand_up,low_risk,5.2805,4.2871,0.1229,0.005,4.6445,0.1705,0.0263,0.0314,Standing
S003C003P019R001A042,NTU,staggering,moderate_risk,2.9744,3.0902,0.2276,0.009,5.4956,0.0425,0.0373,0.025,Walking
S003C003P019R001A043,NTU,falling_down,high_risk,8.3451,5.3719,0.1601,0.0098,4.8315,0.1919,0.0396,0.0669,Lying
S003C003P019R002A008,NTU,sit_down,low_risk,20.9453,17.1422,0.1957,0.0161,4.5655,0.1549,0.0586,0.1024,Sitting
S003C003P019R002A009,NTU,stand_up,low_risk,15.8283,9.2907,0.1683,0.0133,4.3348,0.2346,0.0422,0.0372,Standing
S003C003P019R002A042,NTU,staggering,moderate_risk,14.2941,13.6853,0.3033,0.0085,5.7973,0.036,0.0459,0.0527,Walking
S003C003P019R002A043,NTU,falling_down,high_risk,19.467,13.6632,0.2287,0.0255,4.8335,0.2377,0.0775,0.0667,Lying
S004C001P003R001A008,NTU,sit_down,low_risk,5.7513,3.1182,0.1609,0.0089,4.8375,0.1454,0.0545,0.131,Sitting
S004C001P003R001A009,NTU,stand_up,low_risk,6.1268,4.5482,0.1091,0.0056,4.632,0.1502,0.0329,0.0638,Standing
S004C001P003R001A042,NTU,staggering,moderate_risk,2.4258,2.6334,0.2335,0.0081,5.8533,0.0138,0.0417,0.0132,Walking
S004C001P003R001A043,NTU,falling_down,high_risk,19.282,15.1443,0.276,0.012,4.8539,0.2318,0.0426,0.2052,Lying
S004C001P003R002A008,NTU,sit_down,low_risk,7.5164,6.0292,0.1493,0.0072,5.0111,0.1458,0.0485,0.1174,Sitting
S004C001P003R002A009,NTU,stand_up,low_risk,6.5365,4.5624,0.1083,0.0043,4.9094,0.1541,0.0304,0.0526,Standing
S004C001P003R002A042,NTU,staggering,moderate_risk,6.212,3.4692,0.2345,0.008,5.7636,0.0199,0.0497,0.0176,Walking
S004C001P003R002A043,NTU,falling_down,high_risk,28.0293,28.5599,0.265,0.0099,5.3532,0.1133,0.0467,0.2958,Lying
S004C001P007R001A008,NTU,sit_down,low_risk,10.6575,7.6851,0.1405,0.0071,5.0677,0.1449,0.0369,0.0437,Sitting
S004C001P007R001A009,NTU,stand_up,low_risk,8.8176,7.1767,0.1331,0.0062,5.2497,0.1367,0.0361,0.0581,Standing
S004C001P007R001A042,NTU,staggering,moderate_risk,8.3555,7.3443,0.2358,0.013,5.5725,0.0601,0.0656,0.0464,Walking
S004C001P007R001A043,NTU,falling_down,high_risk,18.5691,20.0773,0.2526,0.01,5.0422,0.2309,0.0675,0.3212,Lying
S004C001P007R002A008,NTU,sit_down,low_risk,5.4459,3.7641,0.1929,0.0224,4.8698,0.1742,0.076,0.0475,Sitting
S004C001P007R002A009,NTU,stand_up,low_risk,6.8929,5.2327,0.1782,0.0124,4.6218,0.1943,0.0515,0.0475,Standing
S004C001P007R002A042,NTU,staggering,moderate_risk,7.7464,6.0911,0.2566,0.0039,6.1532,0.0618,0.0368,0.0189,Walking
S004C001P007R002A043,NTU,falling_down,high_risk,27.516,25.9584,0.2341,0.0105,5.3415,0.2365,0.0474,0.2658,Lying
S004C001P008R001A008,NTU,sit_down,low_risk,6.2166,7.1735,0.1616,0.0127,4.8168,0.2132,0.0829,0.1205,Sitting
S004C001P008R001A009,NTU,stand_up,low_risk,10.5308,11.35,0.1432,0.0056,4.9813,0.1719,0.0313,0.0926,Standing
S004C001P008R001A042,NTU,staggering,moderate_risk,5.2861,4.2871,0.2685,0.0085,6.494,0.0418,0.0598,0.0337,Walking
S004C001P008R001A043,NTU,falling_down,high_risk,43.0757,36.6905,0.2887,0.0131,5.0962,0.2108,0.0492,0.4337,Lying
S004C001P008R002A008,NTU,sit_down,low_risk,18.008,19.3243,0.1731,0.0095,4.6101,0.199,0.0611,0.1811,Sitting
S004C001P008R002A009,NTU,stand_up,low_risk,10.8927,11.4846,0.1276,0.0057,4.8781,0.1633,0.037,0.1279,Standing
S004C001P008R002A042,NTU,staggering,moderate_risk,4.6046,2.6434,0.2431,0.0111,5.7235,0.0223,0.0786,0.048,Walking
S004C001P008R002A043,NTU,falling_down,high_risk,39.8067,34.26,0.2646,0.018,5.6219,0.1581,0.0698,0.4764,Lying
S004C001P020R001A008,NTU,sit_down,low_risk,7.9451,8.3707,0.1492,0.0083,5.0052,0.129,0.0544,0.0428,Sitting
S004C001P020R001A009,NTU,stand_up,low_risk,8.3135,7.0372,0.1438,0.006,5.0692,0.133,0.0379,0.0369,Standing
S004C001P020R001A042,NTU,staggering,moderate_risk,15.6289,8.9266,0.2324,0.0157,5.1396,0.1227,0.0661,0.0795,Walking
S004C001P020R001A043,NTU,falling_down,high_risk,12.6183,8.0507,0.1908,0.0117,4.5127,0.3449,0.0464,0.1127,Lying
S004C001P020R002A008,NTU,sit_down,low_risk,9.3164,8.0161,0.1656,0.0074,5.0611,0.0916,0.0423,0.0443,Sitting
S004C001P020R002A009,NTU,stand_up,low_risk,7.0716,5.5134,0.133,0.0061,5.237,0.1392,0.0365,0.03,Standing
S004C001P020R002A042,NTU,staggering,moderate_risk,9.8515,6.3171,0.2382,0.0115,5.2149,0.0908,0.0671,0.0647,Walking
S004C001P020R002A043,NTU,falling_down,high_risk,8.827,3.6882,0.189,0.0149,4.679,0.3126,0.0623,0.0985,Lying
S004C002P003R001A008,NTU,sit_down,low_risk,5.8484,6.399,0.1628,0.0119,4.8634,0.1261,0.0517,0.0597,Sitting
S004C002P003R001A009,NTU,stand_up,low_risk,15.4879,16.9702,0.1153,0.0104,4.6006,0.1532,0.0468,0.1578,Standing
S004C002P003R001A042,NTU,staggering,moderate_risk,2.4674,1.7707,0.2315,0.0117,5.9738,0.0149,0.0654,0.036,Walking
S004C002P003R001A043,NTU,falling_down,high_risk,31.1912,30.6516,0.2802,0.0178,5.2036,0.1356,0.078,0.3325,Lying
S004C002P003R002A008,NTU,sit_down,low_risk,3.6986,2.6934,0.1425,0.0054,4.7969,0.1469,0.0389,0.0789,Sitting
S004C002P003R002A009,NTU,stand_up,low_risk,4.3555,2.2233,0.1164,0.0041,4.793,0.16,0.0298,0.0418,Standing
S004C002P003R002A042,NTU,staggering,moderate_risk,3.9654,3.8428,0.226,0.0077,5.6571,0.0222,0.0401,0.0168,Walking
S004C002P003R002A043,NTU,falling_down,high_risk,19.4279,23.1372,0.2514,0.0098,5.1428,0.1449,0.0419,0.2875,Lying
S004C002P007R001A008,NTU,sit_down,low_risk,14.5687,9.8726,0.1684,0.0104,4.8884,0.1534,0.0639,0.0659,Sitting
S004C002P007R001A009,NTU,stand_up,low_risk,9.672,8.7559,0.1007,0.0114,4.4818,0.1471,0.0504,0.0449,Standing
S004C002P007R001A042,NTU,staggering,moderate_risk,11.8239,8.3804,0.238,0.0199,5.1673,0.065,0.0755,0.043,Walking
S004C002P007R001A043,NTU,falling_down,high_risk,27.6789,28.0293,0.2173,0.0223,4.3154,0.3336,0.0741,0.2864,Lying
S004C002P007R002A008,NTU,sit_down,low_risk,4.3369,2.597,0.1715,0.0135,5.2444,0.1344,0.0645,0.0782,Sitting
S004C002P007R002A009,NTU,stand_up,low_risk,2.6699,1.4617,0.1432,0.0092,5.1817,0.1324,0.0381,0.0244,Standing
S004C002P007R002A042,NTU,staggering,moderate_risk,7.8055,5.6304,0.2273,0.0055,5.5572,0.0792,0.0332,0.0238,Walking
S004C002P007R002A043,NTU,falling_down,high_risk,18.9786,19.776,0.1892,0.0126,4.9013,0.2624,0.0526,0.2373,Lying
S004C002P008R001A008,NTU,sit_down,low_risk,21.496,14.3017,0.1892,0.0113,4.9693,0.2116,0.0606,0.1884,Sitting
S004C002P008R001A009,NTU,stand_up,low_risk,0.0,0.0,0.0,0.0,0.0,0.0,0.0,0.0,Standing
S004C002P008R001A042,NTU,staggering,moderate_risk,13.7717,9.6994,0.256,0.013,5.4218,0.0494,0.0685,0.0746,Walking
S004C002P008R001A043,NTU,falling_down,high_risk,30.4667,26.2452,0.241,0.0181,4.6243,0.2872,0.0727,0.3173,Lying
S004C002P008R002A008,NTU,sit_down,low_risk,9.8397,10.5731,0.1756,0.0124,4.567,0.2347,0.0879,0.2108,Sitting
S004C002P008R002A009,NTU,stand_up,low_risk,5.1092,2.5086,0.1336,0.0046,4.6298,0.1666,0.0335,0.1273,Standing
S004C002P008R002A042,NTU,staggering,moderate_risk,7.712,3.8364,0.233,0.012,5.6368,0.0255,0.0831,0.034,Walking
S004C002P008R002A043,NTU,falling_down,high_risk,15.6832,16.0768,0.2644,0.0122,4.3566,0.2881,0.0678,0.3277,Lying
S004C002P020R001A008,NTU,sit_down,low_risk,13.3844,9.9548,0.2061,0.0118,5.1879,0.1124,0.0586,0.031,Sitting
S004C002P020R001A009,NTU,stand_up,low_risk,11.1249,9.7176,0.1088,0.0086,4.5949,0.1015,0.0493,0.0303,Standing
S004C002P020R001A042,NTU,staggering,moderate_risk,22.8167,16.5047,0.2759,0.0165,5.5051,0.0856,0.0846,0.1287,Walking
S004C002P020R001A043,NTU,falling_down,high_risk,25.1721,12.3615,0.2059,0.0079,5.2382,0.2596,0.0447,0.1309,Lying
S004C002P020R002A008,NTU,sit_down,low_risk,9.378,6.4415,0.1839,0.006,4.9476,0.1058,0.0324,0.1136,Sitting
S004C002P020R002A009,NTU,stand_up,low_risk,4.6279,3.507,0.1501,0.0039,5.3953,0.1317,0.0218,0.0386,Standing
S004C002P020R002A042,NTU,staggering,moderate_risk,7.0112,4.2797,0.2426,0.0083,5.0818,0.0937,0.0547,0.0339,Walking
S004C002P020R002A043,NTU,falling_down,high_risk,8.9393,10.7888,0.2479,0.0133,4.4942,0.3045,0.0655,0.3404,Lying
S004C003P003R001A008,NTU,sit_down,low_risk,4.6741,3.7948,0.1862,0.0052,5.0873,0.1321,0.0388,0.1616,Sitting
S004C003P003R001A009,NTU,stand_up,low_risk,3.1135,1.7328,0.1243,0.0047,4.9102,0.1507,0.0347,0.0585,Standing
S004C003P003R001A042,NTU,staggering,moderate_risk,8.436,4.8504,0.1021,0.1142,4.2405,0.0947,0.3298,0.0962,Walking
S004C003P003R001A043,NTU,falling_down,high_risk,5.0823,3.2851,0.1973,0.0645,4.5417,0.0586,0.1777,0.0624,Lying
S004C003P003R002A008,NTU,sit_down,low_risk,13.0042,8.8581,0.1729,0.0068,5.0491,0.1454,0.0467,0.1051,Sitting
S004C003P003R002A009,NTU,stand_up,low_risk,11.5299,7.7484,0.1155,0.0063,5.1198,0.1602,0.0369,0.0478,Standing
S004C003P003R002A042,NTU,staggering,moderate_risk,7.0699,2.7765,0.2763,0.0091,6.0655,0.0165,0.0581,0.0272,Walking
S004C003P003R002A043,NTU,falling_down,high_risk,25.7074,24.3552,0.2981,0.0141,5.5803,0.1275,0.0657,0.2105,Lying
S004C003P007R001A008,NTU,sit_down,low_risk,5.8157,6.2267,0.16,0.0058,5.0124,0.1411,0.0391,0.1537,Sitting
S004C003P007R001A009,NTU,stand_up,low_risk,2.7471,1.723,0.1341,0.0041,5.2256,0.1286,0.0272,0.0354,Standing
S004C003P007R001A042,NTU,staggering,moderate_risk,3.6192,1.759,0.2499,0.0135,5.6273,0.0578,0.0618,0.0869,Walking
S004C003P007R001A043,NTU,falling_down,high_risk,29.8662,31.4083,0.2409,0.0111,5.1789,0.1887,0.071,0.3432,Lying
S004C003P007R002A008,NTU,sit_down,low_risk,8.7514,11.0092,0.1889,0.0222,4.6183,0.2069,0.1137,0.0864,Sitting
S004C003P007R002A009,NTU,stand_up,low_risk,11.0375,9.7754,0.0994,0.0168,4.8272,0.1198,0.075,0.0375,Standing
S004C003P007R002A042,NTU,staggering,moderate_risk,6.1941,4.294,0.2715,0.0112,5.9802,0.0878,0.0667,0.0941,Walking
S004C003P007R002A043,NTU,falling_down,high_risk,24.0259,25.0577,0.2629,0.0105,5.0282,0.2023,0.0526,0.1621,Lying
S004C003P008R001A008,NTU,sit_down,low_risk,7.2416,8.6214,0.1512,0.009,4.6801,0.1941,0.0647,0.1313,Sitting
S004C003P008R001A009,NTU,stand_up,low_risk,2.3152,2.5174,0.1814,0.0038,5.381,0.169,0.0269,0.1168,Standing
S004C003P008R001A042,NTU,staggering,moderate_risk,5.9297,4.1781,0.2356,0.0075,5.6199,0.0355,0.0466,0.0248,Walking
S004C003P008R001A043,NTU,falling_down,high_risk,26.0317,21.9425,0.2482,0.0158,4.4819,0.2978,0.0544,0.2622,Lying
S004C003P008R002A008,NTU,sit_down,low_risk,26.0331,26.1747,0.2035,0.0149,4.8087,0.2179,0.084,0.249,Sitting
S004C003P008R002A009,NTU,stand_up,low_risk,21.1583,20.6561,0.1388,0.0088,5.056,0.1674,0.0525,0.1222,Standing
S004C003P008R002A042,NTU,staggering,moderate_risk,79.2312,2.9142,0.0217,0.0126,4.3218,0.0082,0.0486,0.0554,Walking
S004C003P008R002A043,NTU,falling_down,high_risk,77.0381,1.2415,0.0063,0.0035,3.9132,0.0077,0.0199,0.0224,Lying
S004C003P020R001A008,NTU,sit_down,low_risk,7.2996,9.9358,0.1408,0.0245,4.1025,0.2553,0.1253,0.1668,Sitting
S004C003P020R001A009,NTU,stand_up,low_risk,4.9336,3.6807,0.1715,0.004,5.2846,0.1318,0.0257,0.0674,Standing
S004C003P020R001A042,NTU,staggering,moderate_risk,4.3564,4.9722,0.2741,0.0133,5.018,0.1171,0.0603,0.1373,Walking
S004C003P020R001A043,NTU,falling_down,high_risk,7.7719,7.6392,0.1973,0.012,4.7539,0.2999,0.0628,0.1665,Lying
S004C003P020R002A008,NTU,sit_down,low_risk,18.6742,13.0759,0.1842,0.0115,4.6509,0.0966,0.0506,0.0908,Sitting
S004C003P020R002A009,NTU,stand_up,low_risk,8.5224,8.3588,0.1765,0.008,4.7333,0.201,0.0388,0.0356,Standing
S004C003P020R002A042,NTU,staggering,moderate_risk,27.8243,15.3718,0.2764,0.0114,5.387,0.0822,0.0533,0.135,Walking
S004C003P020R002A043,NTU,falling_down,high_risk,35.1007,23.2656,0.2569,0.0118,4.734,0.2616,0.0485,0.2182,Lying
S005C001P004R001A008,NTU,sit_down,low_risk,5.372,2.7353,0.1538,0.0056,4.9485,0.148,0.0266,0.0389,Sitting
S005C001P004R001A009,NTU,stand_up,low_risk,8.9262,5.3343,0.133,0.0066,4.6599,0.1551,0.0291,0.0884,Standing
S005C001P004R001A042,NTU,staggering,moderate_risk,3.7579,2.4112,0.254,0.0108,5.8271,0.0482,0.0439,0.026,Walking
S005C001P004R001A043,NTU,falling_down,high_risk,11.0933,8.174,0.2196,0.0143,4.6661,0.3072,0.0599,0.1231,Lying
S005C001P004R002A008,NTU,sit_down,low_risk,3.5915,2.9739,0.1196,0.0054,4.9274,0.1451,0.0282,0.0547,Sitting
S005C001P004R002A009,NTU,stand_up,low_risk,9.809,7.9259,0.1258,0.0049,5.0037,0.1583,0.0296,0.0724,Standing
S005C001P004R002A042,NTU,staggering,moderate_risk,5.0501,3.2966,0.2397,0.0187,5.7262,0.0498,0.0766,0.0562,Walking
S005C001P004R002A043,NTU,falling_down,high_risk,14.7155,20.5304,0.2501,0.0137,5.0079,0.1969,0.0547,0.2975,Lying
S005C001P010R001A008,NTU,sit_down,low_risk,16.1256,11.7542,0.1656,0.0157,4.5421,0.1866,0.0822,0.1765,Sitting
S005C001P010R001A009,NTU,stand_up,low_risk,10.4125,7.2549,0.1556,0.0055,4.6429,0.1733,0.0273,0.0898,Standing
S005C001P010R001A042,NTU,staggering,moderate_risk,9.6611,7.026,0.2595,0.0135,6.204,0.0331,0.0804,0.0583,Walking
S005C001P010R001A043,NTU,falling_down,high_risk,18.9127,16.6452,0.2413,0.0168,5.2006,0.2503,0.08,0.1713,Lying
S005C001P010R002A008,NTU,sit_down,low_risk,8.0152,10.8624,0.1726,0.0061,5.0413,0.1681,0.0451,0.1927,Sitting
S005C001P010R002A009,NTU,stand_up,low_risk,8.7143,4.7498,0.1302,0.005,4.8883,0.1832,0.0313,0.091,Standing
S005C001P010R002A042,NTU,staggering,moderate_risk,8.5371,7.0939,0.2443,0.0127,5.7444,0.0263,0.0676,0.064,Walking
S005C001P010R002A043,NTU,falling_down,high_risk,13.6175,10.9156,0.2238,0.0164,4.2488,0.2637,0.0706,0.1944,Lying
S005C001P013R001A008,NTU,sit_down,low_risk,12.5321,11.563,0.155,0.0131,4.2409,0.2193,0.0557,0.1255,Sitting
S005C001P013R001A009,NTU,stand_up,low_risk,9.1287,9.2791,0.1504,0.006,4.8725,0.1687,0.0303,0.0562,Standing
S005C001P013R001A042,NTU,staggering,moderate_risk,7.28,4.468,0.2449,0.0078,5.8007,0.019,0.0421,0.0207,Walking
S005C001P013R001A043,NTU,falling_down,high_risk,36.0417,28.0466,0.1908,0.0122,4.5137,0.3,0.0489,0.2795,Lying
S005C001P013R002A008,NTU,sit_down,low_risk,5.7248,5.0131,0.1591,0.0072,4.9588,0.1657,0.0348,0.0981,Sitting
S005C001P013R002A009,NTU,stand_up,low_risk,2.936,2.7561,0.1762,0.0047,5.3758,0.1549,0.0292,0.0447,Standing
S005C001P013R002A042,NTU,staggering,moderate_risk,9.8396,8.4661,0.24,0.0075,5.93,0.0252,0.0569,0.0535,Walking
S005C001P013R002A043,NTU,falling_down,high_risk,21.3655,20.7488,0.1919,0.0163,4.8097,0.2473,0.0546,0.2234,Lying
S005C001P015R001A008,NTU,sit_down,low_risk,4.3653,3.2471,0.1671,0.0065,5.0914,0.1013,0.0396,0.0388,Sitting
S005C001P015R001A009,NTU,stand_up,low_risk,8.9957,9.2698,0.1365,0.0058,4.9139,0.1199,0.0316,0.0855,Standing
S005C001P015R001A042,NTU,staggering,moderate_risk,3.9017,1.9681,0.231,0.0077,5.7495,0.0292,0.0439,0.0164,Walking
S005C001P015R001A043,NTU,falling_down,high_risk,17.924,12.7556,0.1966,0.0122,4.6995,0.3056,0.0467,0.1435,Lying
S005C001P015R002A008,NTU,sit_down,low_risk,7.3236,4.619,0.1778,0.0046,4.8592,0.1158,0.028,0.0421,Sitting
S005C001P015R002A009,NTU,stand_up,low_risk,9.2444,5.7336,0.1403,0.0047,4.5538,0.1195,0.0229,0.05,Standing
S005C001P015R002A042,NTU,staggering,moderate_risk,5.8756,14.4329,0.2277,0.0295,5.4369,0.3496,0.2014,0.3695,Walking
S005C001P015R002A043,NTU,falling_down,high_risk,10.483,9.0346,0.1928,0.0139,4.2364,0.3115,0.0653,0.1254,Lying
S005C001P016R001A008,NTU,sit_down,low_risk,13.6482,13.397,0.1735,0.0115,4.7209,0.1536,0.0706,0.1,Sitting
S005C001P016R001A009,NTU,stand_up,low_risk,16.1126,17.2815,0.1479,0.0158,4.9822,0.1474,0.0601,0.1234,Standing
S005C001P016R001A042,NTU,staggering,moderate_risk,3.1699,2.0268,0.2582,0.0113,5.8957,0.0477,0.0583,0.0321,Walking
S005C001P016R001A043,NTU,falling_down,high_risk,10.3382,8.2392,0.1879,0.0112,4.8508,0.2306,0.0449,0.053,Lying
S005C001P016R002A008,NTU,sit_down,low_risk,17.3002,15.8857,0.1884,0.0129,4.7317,0.1475,0.0633,0.1297,Sitting
S005C001P016R002A009,NTU,stand_up,low_risk,7.8751,5.253,0.1667,0.0122,5.0297,0.1643,0.0554,0.0396,Standing
S005C001P016R002A042,NTU,staggering,moderate_risk,3.9918,10.2919,0.2492,0.0388,5.9388,0.6249,0.2793,0.6014,Walking
S005C001P016R002A043,NTU,falling_down,high_risk,3.3878,2.4494,0.1714,0.0075,4.7794,0.1931,0.0337,0.1701,Lying
S005C001P017R001A008,NTU,sit_down,low_risk,7.7441,7.6918,0.1443,0.0164,4.8277,0.1095,0.072,0.0717,Sitting
S005C001P017R001A009,NTU,stand_up,low_risk,10.4682,9.3504,0.1033,0.0096,4.8652,0.1049,0.0497,0.0422,Standing
S005C001P017R001A042,NTU,staggering,moderate_risk,2.9605,1.419,0.2514,0.011,5.9102,0.0204,0.067,0.0285,Walking
S005C001P017R001A043,NTU,falling_down,high_risk,12.5698,11.7887,0.1967,0.0129,5.415,0.1865,0.0471,0.153,Lying
S005C001P017R002A008,NTU,sit_down,low_risk,5.3537,1.8935,0.1452,0.0117,4.7641,0.115,0.0546,0.0241,Sitting
S005C001P017R002A009,NTU,stand_up,low_risk,5.9793,4.801,0.1266,0.007,4.9152,0.1269,0.0379,0.0476,Standing
S005C001P017R002A042,NTU,staggering,moderate_risk,2.9161,2.1412,0.2255,0.0107,5.7007,0.0159,0.0659,0.0164,Walking
S005C001P017R002A043,NTU,falling_down,high_risk,21.2055,19.8214,0.1938,0.0125,4.9065,0.2161,0.059,0.2018,Lying
S005C001P018R001A008,NTU,sit_down,low_risk,6.703,5.9688,0.1839,0.0068,5.4928,0.1116,0.0348,0.0342,Sitting
S005C001P018R001A009,NTU,stand_up,low_risk,5.2522,4.1342,0.1835,0.0055,5.6022,0.1145,0.0312,0.0262,Standing
S005C001P018R001A042,NTU,staggering,moderate_risk,3.3751,2.1666,0.2492,0.0098,5.989,0.0379,0.0456,0.0274,Walking
S005C001P018R001A043,NTU,falling_down,high_risk,15.5165,9.6975,0.1779,0.0189,4.9727,0.2157,0.0636,0.1147,Lying
S005C001P018R002A008,NTU,sit_down,low_risk,6.6559,6.8281,0.1964,0.0049,6.0127,0.1137,0.0333,0.0394,Sitting
S005C001P018R002A009,NTU,stand_up,low_risk,4.5202,3.7644,0.191,0.0044,6.0363,0.1106,0.0229,0.0269,Standing
S005C001P018R002A042,NTU,staggering,moderate_risk,1.6586,1.2743,0.234,0.0068,5.9451,0.0274,0.0368,0.0161,Walking
S005C001P018R002A043,NTU,falling_down,high_risk,11.9131,7.2835,0.1442,0.0129,4.4792,0.2798,0.0444,0.1402,Lying
S005C001P021R001A008,NTU,sit_down,low_risk,8.5004,4.6621,0.1962,0.008,5.4438,0.1149,0.0395,0.0793,Sitting
S005C001P021R001A009,NTU,stand_up,low_risk,13.2819,11.3621,0.1588,0.0088,5.0112,0.1491,0.0419,0.1251,Standing
S005C001P021R001A042,NTU,staggering,moderate_risk,4.7576,3.1393,0.2563,0.0097,6.0706,0.0245,0.0544,0.0264,Walking
S005C001P021R001A043,NTU,falling_down,high_risk,44.3331,35.7175,0.3429,0.0174,5.1571,0.1962,0.0751,0.4193,Lying
S005C001P021R002A008,NTU,sit_down,low_risk,9.5507,11.54,0.226,0.012,5.5791,0.1972,0.0864,0.2017,Sitting
S005C001P021R002A009,NTU,stand_up,low_risk,7.0911,5.2524,0.1925,0.0053,5.4843,0.1665,0.0368,0.1369,Standing
S005C001P021R002A042,NTU,staggering,moderate_risk,6.4808,4.7438,0.2398,0.0101,5.7173,0.0305,0.0574,0.0446,Walking
S005C001P021R002A043,NTU,falling_down,high_risk,36.108,35.4796,0.3003,0.0178,5.3769,0.0771,0.0693,0.396,Lying
S005C002P004R001A008,NTU,sit_down,low_risk,9.1861,7.5826,0.1799,0.0154,4.6314,0.182,0.0657,0.0715,Sitting
S005C002P004R001A009,NTU,stand_up,low_risk,7.7161,7.4829,0.1692,0.0162,4.7512,0.1868,0.0642,0.1146,Standing
S005C002P004R001A042,NTU,staggering,moderate_risk,14.7459,5.4495,0.2607,0.0093,4.8856,0.0525,0.0359,0.0213,Walking
S005C002P004R001A043,NTU,falling_down,high_risk,25.8836,15.0752,0.223,0.011,4.0525,0.2921,0.0355,0.162,Lying
S005C002P004R002A008,NTU,sit_down,low_risk,0.8783,0.6249,0.1281,0.004,4.7887,0.1459,0.0248,0.0412,Sitting
S005C002P004R002A009,NTU,stand_up,low_risk,1.2562,0.7353,0.1411,0.0039,5.2199,0.1647,0.0273,0.0406,Standing
S005C002P004R002A042,NTU,staggering,moderate_risk,4.5257,4.2824,0.2053,0.0173,5.3559,0.0542,0.0694,0.0289,Walking
S005C002P004R002A043,NTU,falling_down,high_risk,23.3445,27.5726,0.2184,0.0138,5.2412,0.1385,0.0467,0.2895,Lying
S005C002P010R001A008,NTU,sit_down,low_risk,26.5346,20.6893,0.2953,0.0163,6.0447,0.1864,0.0754,0.1921,Sitting
S005C002P010R001A009,NTU,stand_up,low_risk,9.0423,3.955,0.2249,0.0116,6.5258,0.1774,0.053,0.084,Standing
S005C002P010R001A042,NTU,staggering,moderate_risk,17.1785,6.7059,0.2395,0.0256,5.7868,0.0658,0.0841,0.0541,Walking
S005C002P010R001A043,NTU,falling_down,high_risk,26.3555,14.5233,0.2244,0.0284,5.4501,0.2389,0.0869,0.143,Lying
S005C002P010R002A008,NTU,sit_down,low_risk,6.3354,4.5888,0.1872,0.0063,4.7758,0.1755,0.0374,0.157,Sitting
S005C002P010R002A009,NTU,stand_up,low_risk,2.3856,2.7357,0.1297,0.0048,4.672,0.1772,0.0233,0.0429,Standing
S005C002P010R002A042,NTU,staggering,moderate_risk,5.0865,3.2329,0.2158,0.0111,5.3391,0.0332,0.0509,0.0301,Walking
S005C002P010R002A043,NTU,falling_down,high_risk,6.0688,4.341,0.1958,0.0095,3.9282,0.2782,0.0417,0.1743,Lying
S005C002P013R001A008,NTU,sit_down,low_risk,24.1204,19.5737,0.1829,0.018,3.9417,0.2141,0.0644,0.1535,Sitting
S005C002P013R001A009,NTU,stand_up,low_risk,11.2762,7.8649,0.1844,0.0191,4.0301,0.2471,0.045,0.0361,Standing
S005C002P013R001A042,NTU,staggering,moderate_risk,17.8704,7.3433,0.2528,0.0076,5.6062,0.0272,0.0514,0.0557,Walking
S005C002P013R001A043,NTU,falling_down,high_risk,32.3486,19.8975,0.2349,0.015,4.2605,0.3614,0.0541,0.2245,Lying
S005C002P013R002A008,NTU,sit_down,low_risk,4.2884,3.0031,0.135,0.0062,4.5653,0.1711,0.0293,0.0481,Sitting
S005C002P013R002A009,NTU,stand_up,low_risk,2.2131,2.1632,0.17,0.004,5.096,0.1509,0.0245,0.0201,Standing
S005C002P013R002A042,NTU,staggering,moderate_risk,6.554,4.7498,0.2245,0.0042,5.8027,0.0258,0.0379,0.048,Walking
S005C002P013R002A043,NTU,falling_down,high_risk,7.2886,5.5415,0.1548,0.0094,4.3498,0.2845,0.0377,0.1918,Lying
S005C002P015R001A008,NTU,sit_down,low_risk,13.723,6.8751,0.1333,0.0113,4.7383,0.1123,0.0637,0.0432,Sitting
S005C002P015R001A009,NTU,stand_up,low_risk,15.4395,10.8676,0.1075,0.0138,4.5109,0.1263,0.0536,0.0562,Standing
S005C002P015R001A042,NTU,staggering,moderate_risk,5.1427,2.5554,0.3103,0.0105,6.046,0.0267,0.0631,0.0364,Walking
S005C002P015R001A043,NTU,falling_down,high_risk,17.8611,17.7245,0.2535,0.012,5.5857,0.2852,0.0501,0.1394,Lying
S005C002P015R002A008,NTU,sit_down,low_risk,2.6341,1.5627,0.1717,0.003,5.194,0.1112,0.0189,0.0447,Sitting
S005C002P015R002A009,NTU,stand_up,low_risk,1.3605,1.2978,0.1229,0.0031,4.9382,0.1212,0.0226,0.0504,Standing
S005C002P015R002A042,NTU,staggering,moderate_risk,3.65,1.4277,0.2032,0.0097,5.412,0.0353,0.0339,0.0127,Walking
S005C002P015R002A043,NTU,falling_down,high_risk,12.9673,16.6334,0.1564,0.0143,4.2723,0.2959,0.05,0.1698,Lying
S005C002P016R001A008,NTU,sit_down,low_risk,19.4976,19.8191,0.2778,0.0205,5.2544,0.5302,0.0854,0.4562,Sitting
S005C002P016R001A009,NTU,stand_up,low_risk,0.0,0.0,0.0,0.0,0.0,0.0,0.0,0.0,Standing
S005C002P016R001A042,NTU,staggering,moderate_risk,8.9888,4.2213,0.1915,0.0139,4.7691,0.0662,0.0614,0.0296,Walking
S005C002P016R001A043,NTU,falling_down,high_risk,11.6027,5.0169,0.1629,0.0131,4.0436,0.2435,0.0431,0.0342,Lying
S005C002P016R002A008,NTU,sit_down,low_risk,5.3953,3.8898,0.1754,0.0108,4.5246,0.1591,0.0574,0.0878,Sitting
S005C002P016R002A009,NTU,stand_up,low_risk,1.9971,1.8267,0.1707,0.0073,4.8151,0.1797,0.0377,0.0283,Standing
S005C002P016R002A042,NTU,staggering,moderate_risk,1.3412,0.9054,0.218,0.017,5.5256,0.0466,0.0728,0.0085,Walking
S005C002P016R002A043,NTU,falling_down,high_risk,8.1281,9.2857,0.15,0.0061,4.5541,0.2106,0.0264,0.1084,Lying
S005C002P017R001A008,NTU,sit_down,low_risk,19.1589,13.5761,0.1719,0.0205,5.2549,0.112,0.1042,0.2714,Sitting
S005C002P017R001A009,NTU,stand_up,low_risk,5.4239,3.2541,0.1464,0.0206,4.7935,0.1589,0.0751,0.0473,Standing
S005C002P017R001A042,NTU,staggering,moderate_risk,3.4404,2.1286,0.2618,0.01,5.6867,0.0206,0.0623,0.026,Walking
S005C002P017R001A043,NTU,falling_down,high_risk,20.7896,19.9899,0.2885,0.0135,5.1673,0.1672,0.0715,0.1787,Lying
S005C002P017R002A008,NTU,sit_down,low_risk,6.0731,4.0572,0.1619,0.0106,4.8697,0.131,0.0446,0.0433,Sitting
S005C002P017R002A009,NTU,stand_up,low_risk,5.9621,4.7121,0.133,0.0065,5.0816,0.1345,0.0339,0.0709,Standing
S005C002P017R002A042,NTU,staggering,moderate_risk,3.3995,2.377,0.224,0.0091,5.7594,0.0191,0.0518,0.0097,Walking
S005C002P017R002A043,NTU,falling_down,high_risk,9.6828,7.8385,0.1507,0.0099,5.1387,0.1281,0.0468,0.1032,Lying
S005C002P018R001A008,NTU,sit_down,low_risk,10.121,6.2767,0.1453,0.0103,5.1513,0.121,0.0432,0.0548,Sitting
S005C002P018R001A009,NTU,stand_up,low_risk,8.2,3.7984,0.1599,0.0097,4.8896,0.1107,0.0347,0.0254,Standing
S005C002P018R001A042,NTU,staggering,moderate_risk,8.0465,4.2632,0.3567,0.0115,6.7118,0.0339,0.0762,0.0465,Walking
S005C002P018R001A043,NTU,falling_down,high_risk,18.7031,5.9442,0.3309,0.0179,5.0107,0.2888,0.0546,0.0759,Lying
S005C002P018R002A008,NTU,sit_down,low_risk,2.1443,2.0349,0.1374,0.0032,5.232,0.1092,0.0195,0.0436,Sitting
S005C002P018R002A009,NTU,stand_up,low_risk,1.8369,0.9961,0.1338,0.0033,5.2606,0.1045,0.0186,0.0212,Standing
S005C002P018R002A042,NTU,staggering,moderate_risk,2.9917,1.3188,0.2278,0.0063,5.8755,0.0266,0.0315,0.0101,Walking
S005C002P018R002A043,NTU,falling_down,high_risk,5.0786,5.3123,0.1366,0.009,4.336,0.2614,0.0301,0.0796,Lying
S005C002P021R001A008,NTU,sit_down,low_risk,10.3311,10.2138,0.1785,0.0121,5.3455,0.1292,0.0452,0.081,Sitting
S005C002P021R001A009,NTU,stand_up,low_risk,18.5951,10.0074,0.1672,0.0151,4.5253,0.2017,0.0616,0.0758,Standing
S005C002P021R001A042,NTU,staggering,moderate_risk,9.4264,5.2544,0.3056,0.0104,5.4613,0.0226,0.0563,0.02,Walking
S005C002P021R001A043,NTU,falling_down,high_risk,47.9404,33.5773,0.3735,0.0245,4.8519,0.1459,0.0868,0.3684,Lying
S005C002P021R002A008,NTU,sit_down,low_risk,7.6308,6.3221,0.1965,0.0158,4.682,0.1928,0.0662,0.1557,Sitting
S005C002P021R002A009,NTU,stand_up,low_risk,2.0569,1.3062,0.1646,0.0069,4.764,0.1587,0.0351,0.1034,Standing
S005C002P021R002A042,NTU,staggering,moderate_risk,2.799,2.1617,0.2968,0.0111,5.5639,0.0192,0.0504,0.02,Walking
S005C002P021R002A043,NTU,falling_down,high_risk,27.5442,29.1319,0.3449,0.0204,5.3316,0.0935,0.0626,0.3191,Lying
S005C003P004R001A008,NTU,sit_down,low_risk,2.5081,2.2247,0.1504,0.0039,4.9692,0.136,0.0217,0.0557,Sitting
S005C003P004R001A009,NTU,stand_up,low_risk,3.1102,2.3678,0.1202,0.0039,4.8117,0.1466,0.0224,0.0468,Standing
S005C003P004R001A042,NTU,staggering,moderate_risk,3.4145,3.1659,0.2308,0.0094,5.4806,0.0489,0.037,0.0275,Walking
S005C003P004R001A043,NTU,falling_down,high_risk,15.1778,15.4332,0.2038,0.0159,4.3844,0.2828,0.063,0.2351,Lying
S005C003P004R002A008,NTU,sit_down,low_risk,6.9108,7.3147,0.1488,0.0091,4.5716,0.1441,0.0394,0.0322,Sitting
S005C003P004R002A009,NTU,stand_up,low_risk,10.8501,10.4586,0.1309,0.0088,4.4769,0.1546,0.0442,0.0498,Standing
S005C003P004R002A042,NTU,staggering,moderate_risk,13.2835,9.403,0.2389,0.0135,5.1251,0.0541,0.0742,0.0401,Walking
S005C003P004R002A043,NTU,falling_down,high_risk,15.0617,14.8954,0.2285,0.0099,4.9945,0.2535,0.057,0.1715,Lying
S005C003P010R001A008,NTU,sit_down,low_risk,10.4145,9.2692,0.171,0.0078,4.8579,0.1899,0.0577,0.2205,Sitting
S005C003P010R001A009,NTU,stand_up,low_risk,3.2832,2.4212,0.1522,0.0041,5.1359,0.1711,0.0222,0.0894,Standing
S005C003P010R001A042,NTU,staggering,moderate_risk,6.2096,4.233,0.2308,0.0124,5.6865,0.0291,0.0552,0.0322,Walking
S005C003P010R001A043,NTU,falling_down,high_risk,3.6377,2.7698,0.2013,0.0132,4.721,0.2272,0.061,0.1134,Lying
S005C003P010R002A008,NTU,sit_down,low_risk,10.5521,10.1798,0.1761,0.0156,4.0057,0.2209,0.0605,0.0751,Sitting
S005C003P010R002A009,NTU,stand_up,low_risk,16.0748,11.4925,0.1153,0.009,4.2,0.2391,0.0463,0.1059,Standing
S005C003P010R002A042,NTU,staggering,moderate_risk,12.992,8.9012,0.2366,0.0164,5.5022,0.0186,0.0783,0.0301,Walking
S005C003P010R002A043,NTU,falling_down,high_risk,26.4485,12.2422,0.2402,0.0172,4.4242,0.2628,0.0644,0.1145,Lying
S005C003P013R001A008,NTU,sit_down,low_risk,10.3195,8.3844,0.1482,0.0103,4.2773,0.2071,0.0544,0.1111,Sitting
S005C003P013R001A009,NTU,stand_up,low_risk,5.993,2.8146,0.1458,0.0051,4.9853,0.166,0.0295,0.0742,Standing
S005C003P013R001A042,NTU,staggering,moderate_risk,9.5198,5.6805,0.2282,0.0045,5.7962,0.0188,0.0372,0.0236,Walking
S005C003P013R001A043,NTU,falling_down,high_risk,13.0724,11.1619,0.2001,0.0066,4.5049,0.256,0.0419,0.2503,Lying
S005C003P013R002A008,NTU,sit_down,low_risk,12.0522,9.4058,0.134,0.012,4.9871,0.1544,0.0508,0.0526,Sitting
S005C003P013R002A009,NTU,stand_up,low_risk,10.9043,10.887,0.1557,0.0111,4.9203,0.1381,0.05,0.0943,Standing
S005C003P013R002A042,NTU,staggering,moderate_risk,14.4315,10.5501,0.2427,0.0091,5.1514,0.0181,0.0515,0.0619,Walking
S005C003P013R002A043,NTU,falling_down,high_risk,20.747,12.6536,0.2761,0.0138,5.0751,0.0919,0.0412,0.13,Lying
S005C003P015R001A008,NTU,sit_down,low_risk,5.5135,5.491,0.1463,0.0049,4.9246,0.1053,0.0333,0.0568,Sitting
S005C003P015R001A009,NTU,stand_up,low_risk,8.8631,7.0706,0.1378,0.0039,4.9347,0.1219,0.0252,0.1053,Standing
S005C003P015R001A042,NTU,staggering,moderate_risk,2.9292,2.0587,0.2206,0.007,5.6153,0.0274,0.0387,0.0194,Walking
S005C003P015R001A043,NTU,falling_down,high_risk,4.4674,5.2487,0.1719,0.0125,4.3461,0.2954,0.0393,0.1686,Lying
S005C003P015R002A008,NTU,sit_down,low_risk,8.703,5.4054,0.164,0.0136,4.3706,0.1237,0.0336,0.0238,Sitting
S005C003P015R002A009,NTU,stand_up,low_risk,13.337,9.1582,0.1117,0.0115,4.5204,0.1302,0.0368,0.0694,Standing
S005C003P015R002A042,NTU,staggering,moderate_risk,9.3788,3.3986,0.2532,0.0104,5.5937,0.0405,0.0518,0.0404,Walking
S005C003P015R002A043,NTU,falling_down,high_risk,17.3045,10.4928,0.2618,0.0114,4.6922,0.2332,0.0499,0.1043,Lying
S005C003P016R001A008,NTU,sit_down,low_risk,5.9289,4.0774,0.1506,0.0085,4.5419,0.141,0.0589,0.0526,Sitting
S005C003P016R001A009,NTU,stand_up,low_risk,2.7321,2.7529,0.1831,0.0068,5.1825,0.1507,0.0446,0.1473,Standing
S005C003P016R001A042,NTU,staggering,moderate_risk,2.2212,1.6561,0.2222,0.0081,5.5175,0.0417,0.0458,0.0103,Walking
S005C003P016R001A043,NTU,falling_down,high_risk,4.4431,4.56,0.1654,0.0076,4.8775,0.1711,0.0267,0.1117,Lying
S005C003P016R002A008,NTU,sit_down,low_risk,14.9623,14.4922,0.1916,0.033,4.0828,0.5539,0.11,0.4593,Sitting
S005C003P016R002A009,NTU,stand_up,low_risk,0.0,0.0,0.0,0.0,0.0,0.0,0.0,0.0,Standing
S005C003P016R002A042,NTU,staggering,moderate_risk,8.3317,4.4363,0.2289,0.017,5.413,0.0334,0.1006,0.0249,Walking
S005C003P016R002A043,NTU,falling_down,high_risk,12.3385,11.6979,0.1635,0.0207,4.6413,0.2296,0.0636,0.0993,Lying
S005C003P017R001A008,NTU,sit_down,low_risk,2.4338,1.9654,0.1536,0.0083,4.9951,0.1242,0.0457,0.0423,Sitting
S005C003P017R001A009,NTU,stand_up,low_risk,3.4722,2.1919,0.1367,0.0079,5.0087,0.118,0.0447,0.0351,Standing
S005C003P017R001A042,NTU,staggering,moderate_risk,2.5894,1.9621,0.2297,0.008,5.7299,0.0147,0.0439,0.0123,Walking
S005C003P017R001A043,NTU,falling_down,high_risk,7.1009,6.9736,0.1831,0.0085,4.9626,0.1886,0.0383,0.1261,Lying
S005C003P017R002A008,NTU,sit_down,low_risk,8.8773,5.74,0.1947,0.0202,5.132,0.1744,0.0974,0.0539,Sitting
S005C003P017R002A009,NTU,stand_up,low_risk,23.0585,25.1141,0.1602,0.0481,4.7548,0.1479,0.1861,0.3367,Standing
S005C003P017R002A042,NTU,staggering,moderate_risk,4.7196,3.2398,0.2631,0.0226,5.8249,0.0707,0.1352,0.1366,Walking
S005C003P017R002A043,NTU,falling_down,high_risk,20.3422,15.7044,0.2423,0.0114,5.1962,0.1897,0.0755,0.1382,Lying
S005C003P018R001A008,NTU,sit_down,low_risk,4.399,2.5006,0.1456,0.0041,5.0812,0.1199,0.0304,0.0632,Sitting
S005C003P018R001A009,NTU,stand_up,low_risk,4.487,2.6238,0.1526,0.0038,5.2827,0.1149,0.0249,0.0383,Standing
S005C003P018R001A042,NTU,staggering,moderate_risk,2.2168,1.6056,0.2292,0.007,5.8049,0.0348,0.0355,0.0203,Walking
S005C003P018R001A043,NTU,falling_down,high_risk,4.807,4.3853,0.1523,0.0113,4.0589,0.3364,0.0353,0.1511,Lying
S005C003P018R002A008,NTU,sit_down,low_risk,8.2288,6.7293,0.2303,0.0099,6.236,0.0928,0.036,0.0807,Sitting
S005C003P018R002A009,NTU,stand_up,low_risk,8.6884,6.7787,0.1982,0.0072,5.7715,0.1055,0.031,0.0467,Standing
S005C003P018R002A042,NTU,staggering,moderate_risk,8.8727,3.0972,0.2749,0.0099,5.4856,0.0309,0.0459,0.0209,Walking
S005C003P018R002A043,NTU,falling_down,high_risk,16.2222,10.6994,0.2146,0.0114,4.7085,0.2089,0.044,0.1009,Lying
S005C003P021R001A008,NTU,sit_down,low_risk,5.4208,4.5636,0.1989,0.0048,5.4469,0.1223,0.0355,0.1052,Sitting
S005C003P021R001A009,NTU,stand_up,low_risk,10.8518,5.694,0.1653,0.0076,4.934,0.1512,0.0446,0.1551,Standing
S005C003P021R001A042,NTU,staggering,moderate_risk,2.4775,1.8801,0.2374,0.0099,5.4936,0.0251,0.0465,0.0165,Walking
S005C003P021R001A043,NTU,falling_down,high_risk,11.1676,8.8035,0.2794,0.0136,4.165,0.2664,0.0699,0.3015,Lying
S005C003P021R002A008,NTU,sit_down,low_risk,21.9338,19.8401,0.2095,0.0191,4.906,0.1972,0.0674,0.1665,Sitting
S005C003P021R002A009,NTU,stand_up,low_risk,7.5725,5.9641,0.1677,0.0214,4.591,0.2432,0.0799,0.0667,Standing
S005C003P021R002A042,NTU,staggering,moderate_risk,10.9631,8.5715,0.2674,0.0148,5.7276,0.0416,0.0706,0.031,Walking
S005C003P021R002A043,NTU,falling_down,high_risk,16.1745,14.6134,0.269,0.0211,4.9951,0.26,0.1008,0.1152,Lying
S006C001P001R001A008,NTU,sit_down,low_risk,6.0775,3.3146,0.1507,0.0092,5.3599,0.1042,0.0559,0.0541,Sitting
S006C001P001R001A009,NTU,stand_up,low_risk,13.3861,7.6473,0.1395,0.0056,5.1556,0.1491,0.0286,0.0678,Standing
S006C001P001R001A042,NTU,staggering,moderate_risk,4.599,2.0753,0.1939,0.0138,5.3868,0.0703,0.063,0.026,Walking
S006C001P001R001A043,NTU,falling_down,high_risk,7.5867,4.4375,0.2056,0.0113,4.6446,0.276,0.0416,0.0862,Lying
S006C001P001R002A008,NTU,sit_down,low_risk,8.9948,4.6423,0.147,0.007,5.0349,0.1282,0.0449,0.0383,Sitting
S006C001P001R002A009,NTU,stand_up,low_risk,14.9103,7.9676,0.1062,0.0065,4.8902,0.1416,0.0382,0.0806,Standing
S006C001P001R002A042,NTU,staggering,moderate_risk,4.3581,4.581,0.2114,0.0087,5.292,0.0571,0.0576,0.0409,Walking
S006C001P001R002A043,NTU,falling_down,high_risk,18.2786,19.4359,0.1667,0.0114,4.737,0.2541,0.0398,0.1962,Lying
S006C001P007R001A008,NTU,sit_down,low_risk,11.0334,6.0195,0.1611,0.0142,5.2718,0.1395,0.0634,0.0435,Sitting
S006C001P007R001A009,NTU,stand_up,low_risk,5.8761,3.8883,0.1951,0.0094,5.4262,0.1763,0.0499,0.0271,Standing
S006C001P007R001A042,NTU,staggering,moderate_risk,12.3494,7.996,0.2361,0.0151,5.7008,0.0987,0.0879,0.0602,Walking
S006C001P007R001A043,NTU,falling_down,high_risk,17.1332,14.9329,0.2846,0.0198,4.662,0.257,0.0781,0.1189,Lying
S006C001P007R002A008,NTU,sit_down,low_risk,5.2077,5.0211,0.1508,0.0134,5.1076,0.1435,0.048,0.0294,Sitting
S006C001P007R002A009,NTU,stand_up,low_risk,10.0591,9.7565,0.175,0.0135,4.661,0.2411,0.0664,0.0312,Standing
S006C001P007R002A042,NTU,staggering,moderate_risk,10.0527,8.7605,0.2372,0.0043,5.6306,0.0407,0.0396,0.0288,Walking
S006C001P007R002A043,NTU,falling_down,high_risk,7.3306,6.8904,0.1779,0.0111,4.773,0.2958,0.0748,0.1627,Lying
S006C001P008R001A008,NTU,sit_down,low_risk,7.5181,6.0432,0.1706,0.0119,4.8682,0.214,0.0711,0.0839,Sitting
S006C001P008R001A009,NTU,stand_up,low_risk,11.0978,11.7755,0.1364,0.0062,5.1901,0.166,0.0317,0.0822,Standing
S006C001P008R001A042,NTU,staggering,moderate_risk,15.3723,10.5778,0.2799,0.0168,6.1992,0.0562,0.1174,0.0837,Walking
S006C001P008R001A043,NTU,falling_down,high_risk,8.2647,9.4251,0.2957,0.0067,5.6298,0.1916,0.0519,0.2863,Lying
S006C001P008R002A008,NTU,sit_down,low_risk,6.8465,5.4131,0.1602,0.0144,4.7245,0.2428,0.0888,0.0979,Sitting
S006C001P008R002A009,NTU,stand_up,low_risk,9.1233,9.2234,0.1617,0.0059,5.7679,0.1795,0.0412,0.1184,Standing
S006C001P008R002A042,NTU,staggering,moderate_risk,15.171,13.3163,0.2345,0.0206,5.0952,0.1114,0.1302,0.1279,Walking
S006C001P008R002A043,NTU,falling_down,high_risk,44.2563,31.9228,0.2434,0.0186,4.1965,0.3407,0.0522,0.3529,Lying
S006C001P015R001A008,NTU,sit_down,low_risk,9.3903,3.8859,0.1411,0.0131,5.2243,0.1652,0.0599,0.0273,Sitting
S006C001P015R001A009,NTU,stand_up,low_risk,12.5593,7.9627,0.1074,0.0091,4.7214,0.1379,0.0381,0.0601,Standing
S006C001P015R001A042,NTU,staggering,moderate_risk,4.4985,2.4206,0.2593,0.0157,6.2324,0.0303,0.0927,0.0212,Walking
S006C001P015R001A043,NTU,falling_down,high_risk,15.797,12.4006,0.2374,0.0129,5.1491,0.2537,0.0664,0.1803,Lying
S006C001P015R002A008,NTU,sit_down,low_risk,18.6763,6.3,0.192,0.0205,5.3986,0.0993,0.0789,0.0638,Sitting
S006C001P015R002A009,NTU,stand_up,low_risk,15.5126,7.8744,0.2028,0.018,5.4505,0.1146,0.0684,0.0659,Standing
S006C001P015R002A042,NTU,staggering,moderate_risk,2.3208,2.4601,0.2268,0.0162,6.0904,0.0321,0.0764,0.024,Walking
S006C001P015R002A043,NTU,falling_down,high_risk,28.68,28.9195,0.2748,0.0205,5.4321,0.1636,0.073,0.3061,Lying
S006C001P016R001A008,NTU,sit_down,low_risk,3.3359,3.5078,0.1598,0.0206,4.9139,0.3158,0.0965,0.278,Sitting
S006C001P016R001A009,NTU,stand_up,low_risk,5.4174,4.0803,0.1819,0.0167,5.3352,0.1843,0.0679,0.0235,Standing
S006C001P016R001A042,NTU,staggering,moderate_risk,2.6461,1.6568,0.264,0.0119,6.0584,0.0257,0.0835,0.0198,Walking
S006C001P016R001A043,NTU,falling_down,high_risk,12.6707,13.3932,0.1818,0.0108,4.8387,0.2738,0.0496,0.093,Lying
S006C001P016R002A008,NTU,sit_down,low_risk,13.6764,9.5501,0.1964,0.0131,5.4013,0.125,0.0744,0.0461,Sitting
S006C001P016R002A009,NTU,stand_up,low_risk,15.9549,9.3125,0.1682,0.0101,4.9116,0.2035,0.0519,0.0865,Standing
S006C001P016R002A042,NTU,staggering,moderate_risk,9.5052,5.2077,0.2406,0.0161,5.6401,0.0319,0.0931,0.0395,Walking
S006C001P016R002A043,NTU,falling_down,high_risk,17.4385,14.6802,0.182,0.0115,4.5857,0.2719,0.0468,0.1722,Lying
S006C001P017R001A008,NTU,sit_down,low_risk,2.7944,1.9805,0.1732,0.0092,5.321,0.1398,0.0477,0.0404,Sitting
S006C001P017R001A009,NTU,stand_up,low_risk,3.453,2.3486,0.1773,0.0103,5.5987,0.1522,0.0491,0.0663,Standing
S006C001P017R001A042,NTU,staggering,moderate_risk,3.4214,2.443,0.2359,0.0134,5.4406,0.0263,0.0659,0.0397,Walking
S006C001P017R001A043,NTU,falling_down,high_risk,13.4224,11.0114,0.1748,0.0165,4.592,0.2522,0.0606,0.1737,Lying
S006C001P017R002A008,NTU,sit_down,low_risk,8.5821,5.8755,0.1707,0.0159,5.1019,0.1455,0.0746,0.0775,Sitting
S006C001P017R002A009,NTU,stand_up,low_risk,9.5336,7.5054,0.1323,0.0097,4.909,0.1376,0.0441,0.0474,Standing
S006C001P017R002A042,NTU,staggering,moderate_risk,3.5511,2.7223,0.2325,0.0108,5.7496,0.0175,0.0817,0.034,Walking
S006C001P017R002A043,NTU,falling_down,high_risk,3.8563,4.2352,0.1785,0.0105,4.4619,0.2425,0.0517,0.1708,Lying
S006C001P019R001A008,NTU,sit_down,low_risk,11.8491,5.9216,0.1602,0.0098,5.1121,0.1609,0.0478,0.0442,Sitting
S006C001P019R001A009,NTU,stand_up,low_risk,10.4999,5.2017,0.1526,0.007,5.6182,0.1613,0.0415,0.033,Standing
S006C001P019R001A042,NTU,staggering,moderate_risk,7.0121,6.819,0.269,0.0153,6.3838,0.0767,0.0644,0.079,Walking
S006C001P019R001A043,NTU,falling_down,high_risk,4.7755,2.69,0.2182,0.0134,5.0739,0.2829,0.0521,0.0774,Lying
S006C001P019R002A008,NTU,sit_down,low_risk,9.8472,5.8968,0.3064,0.0485,4.0959,0.3709,0.1297,0.1554,Sitting
S006C001P019R002A009,NTU,stand_up,low_risk,23.6496,14.6387,0.2674,0.0291,4.5917,0.376,0.0833,0.1097,Standing
S006C001P019R002A042,NTU,staggering,moderate_risk,6.4628,6.7791,0.2455,0.0109,5.5296,0.0815,0.0551,0.0711,Walking
S006C001P019R002A043,NTU,falling_down,high_risk,17.3322,15.2313,0.2062,0.0127,4.9897,0.2178,0.0615,0.1349,Lying
S006C001P022R001A008,NTU,sit_down,low_risk,10.094,8.8783,0.175,0.0133,4.4588,0.2204,0.0589,0.0481,Sitting
S006C001P022R001A009,NTU,stand_up,low_risk,10.2715,9.3836,0.1781,0.0103,4.6821,0.249,0.0418,0.0573,Standing
S006C001P022R001A042,NTU,staggering,moderate_risk,5.1496,2.7607,0.2528,0.0074,5.8349,0.0245,0.0533,0.0237,Walking
S006C001P022R001A043,NTU,falling_down,high_risk,10.8494,8.9888,0.1779,0.0114,4.6121,0.2344,0.0551,0.1482,Lying
S006C001P022R002A008,NTU,sit_down,low_risk,6.8961,4.2119,0.1148,0.0087,4.846,0.1139,0.0412,0.0629,Sitting
S006C001P022R002A009,NTU,stand_up,low_risk,6.1759,3.4577,0.1779,0.0077,5.5849,0.158,0.0511,0.0806,Standing
S006C001P022R002A042,NTU,staggering,moderate_risk,3.388,3.4685,0.2532,0.0131,5.6597,0.039,0.0782,0.0393,Walking
S006C001P022R002A043,NTU,falling_down,high_risk,8.2555,6.8274,0.2185,0.0216,3.9875,0.3364,0.075,0.2465,Lying
S006C001P023R001A008,NTU,sit_down,low_risk,9.591,6.4949,0.1253,0.006,4.5778,0.1522,0.0304,0.0249,Sitting
S006C001P023R001A009,NTU,stand_up,low_risk,9.8105,7.2894,0.1374,0.006,4.6708,0.164,0.033,0.0194,Standing
S006C001P023R001A042,NTU,staggering,moderate_risk,2.9501,1.6675,0.2483,0.0106,5.6403,0.0284,0.0521,0.0268,Walking
S006C001P023R001A043,NTU,falling_down,high_risk,9.517,5.9584,0.1933,0.0118,4.2786,0.2779,0.0427,0.0732,Lying
S006C001P023R002A008,NTU,sit_down,low_risk,5.6727,3.7023,0.1414,0.0041,4.9018,0.155,0.0174,0.0203,Sitting
S006C001P023R002A009,NTU,stand_up,low_risk,6.7523,4.551,0.1498,0.0042,5.0776,0.1567,0.0241,0.0369,Standing
S006C001P023R002A042,NTU,staggering,moderate_risk,1.867,1.4174,0.2468,0.0061,5.741,0.026,0.0271,0.0107,Walking
S006C001P023R002A043,NTU,falling_down,high_risk,28.2115,21.1204,0.1788,0.0143,4.5809,0.2595,0.0522,0.1988,Lying
S006C001P024R001A008,NTU,sit_down,low_risk,8.7191,6.6385,0.1915,0.0094,5.456,0.1721,0.0467,0.0509,Sitting
S006C001P024R001A009,NTU,stand_up,low_risk,7.3478,5.9253,0.1386,0.0133,4.7752,0.1872,0.0575,0.0471,Standing
S006C001P024R001A042,NTU,staggering,moderate_risk,3.9882,2.7809,0.2228,0.0107,5.6485,0.0312,0.0559,0.0346,Walking
S006C001P024R001A043,NTU,falling_down,high_risk,7.1514,3.012,0.1558,0.0134,4.7442,0.239,0.0519,0.0452,Lying
S006C001P024R002A008,NTU,sit_down,low_risk,4.9525,3.1544,0.2359,0.0069,5.9882,0.1125,0.0455,0.0742,Sitting
S006C001P024R002A009,NTU,stand_up,low_risk,6.3802,3.7947,0.3022,0.0063,7.3455,0.0913,0.0504,0.0811,Standing
S006C001P024R002A042,NTU,staggering,moderate_risk,2.6277,3.2467,0.2226,0.0096,6.025,0.0269,0.0587,0.0288,Walking
S006C001P024R002A043,NTU,falling_down,high_risk,3.4137,4.063,0.1864,0.015,4.8469,0.2805,0.0741,0.0453,Lying
S006C002P001R001A008,NTU,sit_down,low_risk,9.2252,5.985,0.1988,0.0134,4.8908,0.1305,0.0487,0.0432,Sitting
S006C002P001R001A009,NTU,stand_up,low_risk,10.8281,6.8095,0.1899,0.0097,4.0908,0.21,0.0404,0.0617,Standing
S006C002P001R001A042,NTU,staggering,moderate_risk,10.2856,6.6492,0.2696,0.0183,6.157,0.0488,0.0731,0.0496,Walking
S006C002P001R001A043,NTU,falling_down,high_risk,16.1337,14.5219,0.2286,0.017,5.9467,0.2136,0.067,0.168,Lying
S006C002P001R002A008,NTU,sit_down,low_risk,2.6945,1.8063,0.1343,0.0044,5.3291,0.1292,0.0447,0.0706,Sitting
S006C002P001R002A009,NTU,stand_up,low_risk,1.5462,0.9367,0.1277,0.0047,5.1858,0.1418,0.0387,0.066,Standing
S006C002P001R002A042,NTU,staggering,moderate_risk,5.423,2.9695,0.2158,0.0089,5.5116,0.0567,0.0454,0.0166,Walking
S006C002P001R002A043,NTU,falling_down,high_risk,4.8321,3.6865,0.1748,0.009,4.6947,0.2624,0.0355,0.1926,Lying
S006C002P007R001A008,NTU,sit_down,low_risk,7.8319,5.9272,0.1735,0.0185,4.9007,0.1587,0.0786,0.0587,Sitting
S006C002P007R001A009,NTU,stand_up,low_risk,14.4545,10.6492,0.187,0.0121,5.0908,0.165,0.0623,0.0463,Standing
S006C002P007R001A042,NTU,staggering,moderate_risk,12.0096,8.137,0.214,0.0138,5.1627,0.0815,0.0817,0.0932,Walking
S006C002P007R001A043,NTU,falling_down,high_risk,10.1049,6.392,0.2085,0.0241,3.8896,0.374,0.0863,0.1167,Lying
S006C002P007R002A008,NTU,sit_down,low_risk,3.9566,2.7868,0.1337,0.0082,5.5132,0.1061,0.0391,0.0606,Sitting
S006C002P007R002A009,NTU,stand_up,low_risk,7.3723,4.9635,0.1446,0.0068,4.6447,0.168,0.0382,0.0655,Standing
S006C002P007R002A042,NTU,staggering,moderate_risk,8.8202,5.8308,0.2309,0.0025,5.6579,0.0471,0.0352,0.0268,Walking
S006C002P007R002A043,NTU,falling_down,high_risk,17.4046,16.6823,0.1745,0.011,4.8049,0.2782,0.0599,0.1936,Lying
S006C002P008R001A008,NTU,sit_down,low_risk,37.3044,20.1841,0.2034,0.0149,4.2844,0.218,0.0555,0.2351,Sitting
S006C002P008R001A009,NTU,stand_up,low_risk,41.8567,17.461,0.1233,0.0155,4.0144,0.2367,0.0516,0.1918,Standing
S006C002P008R001A042,NTU,staggering,moderate_risk,12.3774,7.1306,0.2314,0.0228,5.9821,0.0835,0.1364,0.0965,Walking
S006C002P008R001A043,NTU,falling_down,high_risk,27.8622,32.3581,0.2904,0.0129,5.431,0.2023,0.0579,0.4767,Lying
S006C002P008R002A008,NTU,sit_down,low_risk,7.1589,6.4943,0.1343,0.0107,4.511,0.1964,0.065,0.0859,Sitting
S006C002P008R002A009,NTU,stand_up,low_risk,2.6804,3.5355,0.1616,0.0052,6.0267,0.1722,0.0389,0.0947,Standing
S006C002P008R002A042,NTU,staggering,moderate_risk,14.6165,16.1206,0.2287,0.0157,5.1037,0.1029,0.1032,0.1324,Walking
S006C002P008R002A043,NTU,falling_down,high_risk,43.6242,34.7409,0.2248,0.016,4.6269,0.2402,0.067,0.3769,Lying
S006C002P015R001A008,NTU,sit_down,low_risk,12.9604,7.6307,0.1705,0.0138,5.0218,0.1624,0.0605,0.0641,Sitting
S006C002P015R001A009,NTU,stand_up,low_risk,17.9513,8.0605,0.1292,0.0122,4.4612,0.1303,0.0544,0.0433,Standing
S006C002P015R001A042,NTU,staggering,moderate_risk,10.0288,5.9283,0.2425,0.037,6.1122,0.1073,0.1271,0.0677,Walking
S006C002P015R001A043,NTU,falling_down,high_risk,34.2843,24.1854,0.2541,0.0164,4.9931,0.2503,0.0541,0.2988,Lying
S006C002P015R002A008,NTU,sit_down,low_risk,2.8705,2.031,0.1937,0.0089,5.3163,0.1077,0.0438,0.0464,Sitting
S006C002P015R002A009,NTU,stand_up,low_risk,5.4141,3.7664,0.1869,0.0093,5.3956,0.1127,0.0457,0.0314,Standing
S006C002P015R002A042,NTU,staggering,moderate_risk,3.0717,2.0761,0.2472,0.0089,6.1417,0.0289,0.0451,0.0184,Walking
S006C002P015R002A043,NTU,falling_down,high_risk,14.4013,15.5815,0.1939,0.0149,4.7698,0.2826,0.06,0.1474,Lying
S006C002P016R001A008,NTU,sit_down,low_risk,7.2399,8.2791,0.1994,0.0252,4.8824,0.3891,0.1078,0.34,Sitting
S006C002P016R001A009,NTU,stand_up,low_risk,11.6333,9.0506,0.1792,0.0211,5.4881,0.1794,0.0779,0.0634,Standing
S006C002P016R001A042,NTU,staggering,moderate_risk,6.9956,8.09,0.2526,0.0321,5.6529,0.2624,0.1836,0.2599,Walking
S006C002P016R001A043,NTU,falling_down,high_risk,0.0,0.0,0.0,0.0,0.0,0.0,0.0,0.0,Lying
S006C002P016R002A008,NTU,sit_down,low_risk,4.2945,3.672,0.1667,0.009,5.0222,0.1109,0.0472,0.0379,Sitting
S006C002P016R002A009,NTU,stand_up,low_risk,2.4346,1.4462,0.165,0.0146,4.9164,0.1563,0.0509,0.0249,Standing
S006C002P016R002A042,NTU,staggering,moderate_risk,2.6129,1.9917,0.2243,0.0141,5.7553,0.0378,0.0728,0.0133,Walking
S006C002P016R002A043,NTU,falling_down,high_risk,3.8236,3.3873,0.162,0.011,4.5464,0.2404,0.0332,0.041,Lying
S006C002P017R001A008,NTU,sit_down,low_risk,11.2288,11.1252,0.177,0.016,4.7465,0.1701,0.0747,0.0762,Sitting
S006C002P017R001A009,NTU,stand_up,low_risk,8.3642,6.9883,0.1589,0.013,5.3087,0.1408,0.0708,0.0495,Standing
S006C002P017R001A042,NTU,staggering,moderate_risk,6.528,4.8571,0.291,0.0184,5.2385,0.0877,0.1153,0.0721,Walking
S006C002P017R001A043,NTU,falling_down,high_risk,25.8137,20.5543,0.2234,0.025,4.2162,0.2575,0.0866,0.1872,Lying
S006C002P017R002A008,NTU,sit_down,low_risk,2.4847,1.5019,0.1604,0.0076,5.0092,0.1253,0.0454,0.0265,Sitting
S006C002P017R002A009,NTU,stand_up,low_risk,2.9758,2.9134,0.1443,0.0077,4.9726,0.1363,0.0343,0.0349,Standing
S006C002P017R002A042,NTU,staggering,moderate_risk,3.087,2.1482,0.2346,0.0084,5.8362,0.0162,0.0586,0.0122,Walking
S006C002P017R002A043,NTU,falling_down,high_risk,21.6733,21.2044,0.2006,0.0164,4.7294,0.2427,0.0546,0.1988,Lying
S006C002P019R001A008,NTU,sit_down,low_risk,26.7814,18.3159,0.1955,0.0149,4.9019,0.1807,0.0554,0.129,Sitting
S006C002P019R001A009,NTU,stand_up,low_risk,17.2306,11.5429,0.1991,0.0121,4.9395,0.1737,0.0504,0.0602,Standing
S006C002P019R001A042,NTU,staggering,moderate_risk,16.822,11.9076,0.296,0.0113,5.8632,0.0679,0.0591,0.0879,Walking
S006C002P019R001A043,NTU,falling_down,high_risk,15.5492,13.1862,0.2394,0.0123,4.8741,0.2853,0.0573,0.1241,Lying
S006C002P019R002A008,NTU,sit_down,low_risk,5.1036,2.6408,0.1533,0.0073,4.4999,0.1716,0.0503,0.0594,Sitting
S006C002P019R002A009,NTU,stand_up,low_risk,0.9194,0.5398,0.1506,0.006,5.1302,0.1965,0.0341,0.0331,Standing
S006C002P019R002A042,NTU,staggering,moderate_risk,2.9574,2.8796,0.2243,0.0091,5.4886,0.08,0.0405,0.0336,Walking
S006C002P019R002A043,NTU,falling_down,high_risk,7.3271,7.8777,0.2141,0.0125,4.6366,0.2648,0.0427,0.0793,Lying
S006C002P022R001A008,NTU,sit_down,low_risk,19.1251,14.4798,0.1928,0.0197,4.5518,0.1586,0.0823,0.1242,Sitting
S006C002P022R001A009,NTU,stand_up,low_risk,15.0927,12.3802,0.2511,0.0182,5.0407,0.2116,0.0631,0.0873,Standing
S006C002P022R001A042,NTU,staggering,moderate_risk,7.3223,5.1396,0.2701,0.0117,5.9114,0.0502,0.0735,0.0445,Walking
S006C002P022R001A043,NTU,falling_down,high_risk,24.3284,16.9623,0.2142,0.019,4.4057,0.3344,0.0801,0.1292,Lying
S006C002P022R002A008,NTU,sit_down,low_risk,5.1004,3.4688,0.1254,0.0061,5.0608,0.1115,0.038,0.0381,Sitting
S006C002P022R002A009,NTU,stand_up,low_risk,8.8322,7.9615,0.1634,0.0072,5.2114,0.1451,0.0417,0.0709,Standing
S006C002P022R002A042,NTU,staggering,moderate_risk,2.905,1.803,0.2362,0.0108,6.033,0.0154,0.059,0.031,Walking
S006C002P022R002A043,NTU,falling_down,high_risk,24.4453,22.4527,0.1548,0.017,4.5598,0.23,0.0705,0.2443,Lying
S006C002P023R001A008,NTU,sit_down,low_risk,17.209,6.5986,0.1688,0.0182,3.6127,0.1889,0.0494,0.0371,Sitting
S006C002P023R001A009,NTU,stand_up,low_risk,17.0175,8.7261,0.176,0.0184,3.7386,0.2124,0.0504,0.0361,Standing
S006C002P023R001A042,NTU,staggering,moderate_risk,6.9466,3.3087,0.2354,0.0109,5.2877,0.0318,0.0588,0.037,Walking
S006C002P023R001A043,NTU,falling_down,high_risk,32.0809,17.3195,0.1615,0.0157,4.3045,0.3074,0.0539,0.2038,Lying
S006C002P023R002A008,NTU,sit_down,low_risk,1.9881,0.6658,0.1337,0.0038,4.9036,0.1574,0.0138,0.0096,Sitting
S006C002P023R002A009,NTU,stand_up,low_risk,0.7977,0.794,0.1655,0.0041,5.089,0.1603,0.0229,0.0209,Standing
S006C002P023R002A042,NTU,staggering,moderate_risk,4.3363,2.4582,0.2416,0.0045,5.6513,0.0207,0.0221,0.0071,Walking
S006C002P023R002A043,NTU,falling_down,high_risk,21.6664,17.2304,0.2089,0.0165,4.3011,0.266,0.0524,0.1255,Lying
S006C002P024R001A008,NTU,sit_down,low_risk,31.7224,17.3608,0.1801,0.0114,6.6174,0.1753,0.0817,0.1835,Sitting
S006C002P024R001A009,NTU,stand_up,low_risk,10.0725,8.2238,0.1628,0.0084,4.9277,0.1289,0.0434,0.0872,Standing
S006C002P024R001A042,NTU,staggering,moderate_risk,7.017,4.3435,0.3011,0.0121,6.5421,0.0187,0.0867,0.0502,Walking
S006C002P024R001A043,NTU,falling_down,high_risk,8.3691,7.3937,0.2275,0.0149,5.0525,0.221,0.0724,0.028,Lying
S006C002P024R002A008,NTU,sit_down,low_risk,2.4069,1.8731,0.1652,0.0089,5.036,0.1076,0.0485,0.0493,Sitting
S006C002P024R002A009,NTU,stand_up,low_risk,4.2605,2.3009,0.2716,0.0067,7.1663,0.0961,0.0463,0.0753,Standing
S006C002P024R002A042,NTU,staggering,moderate_risk,4.609,2.6698,0.2267,0.008,6.0143,0.0197,0.0428,0.011,Walking
S006C002P024R002A043,NTU,falling_down,high_risk,3.7192,4.4151,0.1812,0.0135,4.9369,0.2267,0.0534,0.0316,Lying
S006C003P001R001A008,NTU,sit_down,low_risk,1.4923,1.3716,0.1395,0.0045,5.2496,0.1118,0.0316,0.0354,Sitting
S006C003P001R001A009,NTU,stand_up,low_risk,2.5925,1.736,0.1592,0.0046,5.0521,0.1544,0.024,0.0385,Standing
S006C003P001R001A042,NTU,staggering,moderate_risk,1.6635,1.5129,0.2112,0.0105,5.4748,0.0681,0.0468,0.0226,Walking
S006C003P001R001A043,NTU,falling_down,high_risk,1.5366,1.9073,0.1687,0.0065,4.8873,0.2358,0.0322,0.1457,Lying
S006C003P001R002A008,NTU,sit_down,low_risk,15.3299,8.6466,0.1734,0.0165,4.568,0.1958,0.0695,0.0977,Sitting
S006C003P001R002A009,NTU,stand_up,low_risk,14.7916,8.7706,0.1386,0.0132,4.1255,0.128,0.0566,0.0961,Standing
S006C003P001R002A042,NTU,staggering,moderate_risk,7.4653,5.6407,0.2252,0.0164,5.423,0.0689,0.1146,0.0688,Walking
S006C003P001R002A043,NTU,falling_down,high_risk,20.7094,15.9469,0.2044,0.0151,4.8891,0.1653,0.058,0.136,Lying
S006C003P007R001A008,NTU,sit_down,low_risk,4.1733,2.9983,0.1341,0.0093,5.1774,0.1568,0.0517,0.0444,Sitting
S006C003P007R001A009,NTU,stand_up,low_risk,2.8767,2.5502,0.1515,0.0053,5.3799,0.1624,0.0391,0.0411,Standing
S006C003P007R001A042,NTU,staggering,moderate_risk,10.7873,8.8872,0.2178,0.0131,5.4479,0.1027,0.0739,0.0531,Walking
S006C003P007R001A043,NTU,falling_down,high_risk,10.1318,7.4799,0.2469,0.0205,4.6153,0.2891,0.068,0.0794,Lying
S006C003P007R002A008,NTU,sit_down,low_risk,5.0236,2.9457,0.3106,0.0176,4.4244,0.2721,0.0702,0.094,Sitting
S006C003P007R002A009,NTU,stand_up,low_risk,24.601,27.2459,0.284,0.0337,4.4982,0.4478,0.1598,0.4292,Standing
S006C003P007R002A042,NTU,staggering,moderate_risk,11.1709,8.4168,0.2401,0.0181,5.8035,0.1119,0.11,0.0906,Walking
S006C003P007R002A043,NTU,falling_down,high_risk,25.5867,27.4467,0.2597,0.0251,4.5473,0.311,0.086,0.3005,Lying
S006C003P008R001A008,NTU,sit_down,low_risk,5.5301,8.1758,0.1528,0.0143,4.6178,0.2345,0.0742,0.2369,Sitting
S006C003P008R001A009,NTU,stand_up,low_risk,2.1638,1.4849,0.2109,0.0039,6.5272,0.1694,0.0304,0.1147,Standing
S006C003P008R001A042,NTU,staggering,moderate_risk,19.6795,11.0165,0.2898,0.0161,7.0386,0.0505,0.1071,0.074,Walking
S006C003P008R001A043,NTU,falling_down,high_risk,31.4872,33.8055,0.3149,0.0125,5.872,0.1678,0.0451,0.5517,Lying
S006C003P008R002A008,NTU,sit_down,low_risk,40.4814,18.7041,0.2466,0.0215,3.9749,0.208,0.0602,0.2533,Sitting
S006C003P008R002A009,NTU,stand_up,low_risk,34.0245,18.7661,0.2124,0.0103,4.706,0.1899,0.0428,0.2193,Standing
S006C003P008R002A042,NTU,staggering,moderate_risk,12.8386,7.6603,0.2069,0.0297,4.681,0.1356,0.1441,0.1296,Walking
S006C003P008R002A043,NTU,falling_down,high_risk,28.3434,20.0185,0.2285,0.0205,3.1408,0.6109,0.0656,0.2408,Lying
S006C003P015R001A008,NTU,sit_down,low_risk,2.1604,1.2652,0.1635,0.015,5.8042,0.1151,0.0643,0.0455,Sitting
S006C003P015R001A009,NTU,stand_up,low_risk,3.4397,1.3908,0.1166,0.013,5.5395,0.1072,0.0592,0.0522,Standing
S006C003P015R001A042,NTU,staggering,moderate_risk,2.348,1.984,0.2439,0.0154,6.3024,0.0313,0.0754,0.0217,Walking
S006C003P015R001A043,NTU,falling_down,high_risk,4.3297,3.677,0.1761,0.0101,5.1504,0.2169,0.0454,0.1174,Lying
S006C003P015R002A008,NTU,sit_down,low_risk,10.0861,10.4954,0.0624,0.0214,3.4364,0.0964,0.0528,0.0827,Sitting
S006C003P015R002A009,NTU,stand_up,low_risk,14.3436,11.3577,0.1254,0.0183,4.323,0.0813,0.0708,0.0621,Standing
S006C003P015R002A042,NTU,staggering,moderate_risk,4.3828,2.7266,0.2305,0.0255,6.1344,0.0893,0.106,0.0577,Walking
S006C003P015R002A043,NTU,falling_down,high_risk,16.8519,8.4297,0.2594,0.0194,4.9075,0.2834,0.0732,0.1147,Lying
S006C003P016R001A008,NTU,sit_down,low_risk,10.3816,9.289,0.1669,0.0138,4.8379,0.1557,0.0605,0.0492,Sitting
S006C003P016R001A009,NTU,stand_up,low_risk,8.6623,7.3684,0.1947,0.0092,4.7496,0.1943,0.0451,0.0217,Standing
S006C003P016R001A042,NTU,staggering,moderate_risk,1.8146,0.8821,0.2333,0.0099,5.7185,0.031,0.0651,0.0149,Walking
S006C003P016R001A043,NTU,falling_down,high_risk,5.2849,6.8677,0.163,0.0084,4.6659,0.2392,0.0362,0.0838,Lying
S006C003P016R002A008,NTU,sit_down,low_risk,20.5926,16.234,0.1905,0.0173,4.9803,0.1269,0.0847,0.1104,Sitting
S006C003P016R002A009,NTU,stand_up,low_risk,8.3069,5.9425,0.1497,0.0161,4.5041,0.1801,0.072,0.0987,Standing
S006C003P016R002A042,NTU,staggering,moderate_risk,8.9753,4.833,0.2086,0.0254,4.8827,0.1433,0.1707,0.1319,Walking
S006C003P016R002A043,NTU,falling_down,high_risk,33.5168,14.501,0.1862,0.0296,4.4777,0.2158,0.0776,0.147,Lying
S006C003P017R001A008,NTU,sit_down,low_risk,9.0047,7.2029,0.1544,0.0077,4.8439,0.122,0.0457,0.0339,Sitting
S006C003P017R001A009,NTU,stand_up,low_risk,8.3643,7.183,0.1206,0.0137,4.8136,0.1227,0.0645,0.0248,Standing
S006C003P017R001A042,NTU,staggering,moderate_risk,3.0415,2.2679,0.2267,0.0096,5.5926,0.0214,0.0502,0.0093,Walking
S006C003P017R001A043,NTU,falling_down,high_risk,11.6652,11.3743,0.1537,0.0165,4.6789,0.1761,0.0556,0.1447,Lying
S006C003P017R002A008,NTU,sit_down,low_risk,14.8267,18.5456,0.2145,0.0273,4.2732,0.2601,0.1147,0.2512,Sitting
S006C003P017R002A009,NTU,stand_up,low_risk,15.4448,10.5496,0.1943,0.0255,4.4661,0.1676,0.1098,0.1311,Standing
S006C003P017R002A042,NTU,staggering,moderate_risk,5.4817,4.4199,0.2412,0.032,5.6917,0.0672,0.212,0.1463,Walking
S006C003P017R002A043,NTU,falling_down,high_risk,29.2505,20.3738,0.197,0.0158,4.7203,0.1163,0.0819,0.148,Lying
S006C003P019R001A008,NTU,sit_down,low_risk,2.6289,2.3258,0.1351,0.0056,4.8895,0.1656,0.0398,0.1011,Sitting
S006C003P019R001A009,NTU,stand_up,low_risk,2.7245,1.7015,0.1863,0.005,7.0279,0.1636,0.0388,0.088,Standing
S006C003P019R001A042,NTU,staggering,moderate_risk,4.1392,4.2059,0.2533,0.0095,6.1621,0.0847,0.0469,0.0758,Walking
S006C003P019R001A043,NTU,falling_down,high_risk,16.0743,11.3082,0.1971,0.0116,4.6316,0.2789,0.0411,0.116,Lying
S006C003P019R002A008,NTU,sit_down,low_risk,19.7968,17.7765,0.1697,0.0107,5.2218,0.1558,0.0689,0.0934,Sitting
S006C003P019R002A009,NTU,stand_up,low_risk,14.6269,14.5858,0.1691,0.009,5.3008,0.2013,0.0451,0.0728,Standing
S006C003P019R002A042,NTU,staggering,moderate_risk,16.1229,12.9405,0.2396,0.0166,5.6792,0.0678,0.0844,0.1214,Walking
S006C003P019R002A043,NTU,falling_down,high_risk,13.6886,10.6076,0.23,0.0164,5.015,0.1914,0.0643,0.1049,Lying
S006C003P022R001A008,NTU,sit_down,low_risk,4.7691,5.5625,0.1296,0.0056,5.059,0.1307,0.0324,0.0612,Sitting
S006C003P022R001A009,NTU,stand_up,low_risk,2.455,2.0234,0.1535,0.0049,5.3324,0.1569,0.0362,0.0663,Standing
S006C003P022R001A042,NTU,staggering,moderate_risk,4.8745,3.6234,0.2344,0.0061,5.9728,0.0185,0.0407,0.0329,Walking
S006C003P022R001A043,NTU,falling_down,high_risk,10.6374,9.2375,0.1589,0.0154,4.3966,0.254,0.0522,0.1306,Lying
S006C003P022R002A008,NTU,sit_down,low_risk,13.6245,8.6471,0.1331,0.0112,4.975,0.127,0.0514,0.0521,Sitting
S006C003P022R002A009,NTU,stand_up,low_risk,10.9697,10.423,0.17,0.0092,5.096,0.1652,0.0457,0.0806,Standing
S006C003P022R002A042,NTU,staggering,moderate_risk,5.4898,4.7895,0.2558,0.0206,5.0221,0.0632,0.1128,0.0781,Walking
S006C003P022R002A043,NTU,falling_down,high_risk,26.2451,23.0119,0.2159,0.0234,3.6906,0.4292,0.0862,0.2583,Lying
S006C003P023R001A008,NTU,sit_down,low_risk,1.7527,1.0235,0.1496,0.0049,5.1523,0.1501,0.0263,0.0713,Sitting
S006C003P023R001A009,NTU,stand_up,low_risk,1.6737,1.1827,0.151,0.0041,5.5406,0.1631,0.0284,0.0475,Standing
S006C003P023R001A042,NTU,staggering,moderate_risk,2.6919,1.8563,0.2382,0.0093,5.5577,0.0248,0.0449,0.0125,Walking
S006C003P023R001A043,NTU,falling_down,high_risk,8.3102,5.4989,0.2105,0.0117,4.2129,0.3124,0.0392,0.0702,Lying
S006C003P023R002A008,NTU,sit_down,low_risk,7.8204,5.0534,0.1546,0.0079,4.2367,0.1741,0.0259,0.0302,Sitting
S006C003P023R002A009,NTU,stand_up,low_risk,8.9991,7.9287,0.1078,0.0092,4.4815,0.1736,0.0304,0.0331,Standing
S006C003P023R002A042,NTU,staggering,moderate_risk,23.9931,5.5769,0.164,0.012,4.683,0.0208,0.0452,0.0442,Walking
S006C003P023R002A043,NTU,falling_down,high_risk,27.6694,8.1963,0.241,0.0249,3.8053,0.3288,0.0745,0.1184,Lying
S006C003P024R001A008,NTU,sit_down,low_risk,2.0497,1.7048,0.1748,0.017,4.4034,0.2913,0.0634,0.0814,Sitting
S006C003P024R001A009,NTU,stand_up,low_risk,3.1823,2.4745,0.3164,0.0163,6.2811,0.3735,0.1084,0.1949,Standing
S006C003P024R001A042,NTU,staggering,moderate_risk,3.3159,1.7535,0.2281,0.0078,5.8848,0.0146,0.0462,0.0108,Walking
S006C003P024R001A043,NTU,falling_down,high_risk,2.9066,2.2127,0.1486,0.0121,4.9081,0.1953,0.05,0.0393,Lying
S006C003P024R002A008,NTU,sit_down,low_risk,11.8052,9.593,0.2202,0.0096,5.6445,0.1223,0.0438,0.0771,Sitting
S006C003P024R002A009,NTU,stand_up,low_risk,9.8174,9.1508,0.1922,0.0091,5.4943,0.1258,0.042,0.1003,Standing
S006C003P024R002A042,NTU,staggering,moderate_risk,2.9005,2.9439,0.3223,0.0215,6.3462,0.0659,0.1338,0.1304,Walking
S006C003P024R002A043,NTU,falling_down,high_risk,9.96,4.9718,0.2488,0.0372,4.4673,0.3544,0.162,0.117,Lying
S007C001P001R001A008,NTU,sit_down,low_risk,3.6439,3.6231,0.1599,0.0065,5.3339,0.1279,0.0417,0.0624,Sitting
S007C001P001R001A009,NTU,stand_up,low_risk,4.6136,2.8966,0.1346,0.0049,5.1603,0.1417,0.0263,0.037,Standing
S007C001P001R001A042,NTU,staggering,moderate_risk,2.7539,1.744,0.2601,0.0118,6.0432,0.0362,0.0683,0.0319,Walking
S007C001P001R001A043,NTU,falling_down,high_risk,17.4603,15.7129,0.1846,0.0108,4.9123,0.2573,0.0411,0.1396,Lying
S007C001P001R002A008,NTU,sit_down,low_risk,6.5282,5.8029,0.1542,0.0079,5.0103,0.133,0.0439,0.0616,Sitting
S007C001P001R002A009,NTU,stand_up,low_risk,9.6504,7.7923,0.116,0.0059,5.2177,0.1274,0.0312,0.0614,Standing
S007C001P001R002A042,NTU,staggering,moderate_risk,3.8859,3.1082,0.2476,0.0167,6.704,0.0546,0.1141,0.0333,Walking
S007C001P001R002A043,NTU,falling_down,high_risk,18.337,19.7713,0.2148,0.0115,6.5019,0.2202,0.0633,0.1992,Lying
S007C001P007R001A008,NTU,sit_down,low_risk,8.4313,7.3426,0.1446,0.0056,5.316,0.1394,0.024,0.0317,Sitting
S007C001P007R001A009,NTU,stand_up,low_risk,9.9251,7.4946,0.1443,0.0062,5.1567,0.1576,0.0289,0.0321,Standing
S007C001P007R001A042,NTU,staggering,moderate_risk,10.7688,7.3397,0.2125,0.0145,5.2473,0.0919,0.0851,0.0786,Walking
S007C001P007R001A043,NTU,falling_down,high_risk,6.812,6.0848,0.1925,0.0134,4.6012,0.3326,0.0459,0.1708,Lying
S007C001P007R002A008,NTU,sit_down,low_risk,2.3927,1.6406,0.1816,0.0084,5.2822,0.1279,0.0292,0.0176,Sitting
S007C001P007R002A009,NTU,stand_up,low_risk,5.0537,5.7879,0.1466,0.0064,4.8745,0.1553,0.0317,0.033,Standing
S007C001P007R002A042,NTU,staggering,moderate_risk,6.4477,4.9306,0.2148,0.0078,5.4542,0.048,0.0448,0.0334,Walking
S007C001P007R002A043,NTU,falling_down,high_risk,22.1687,22.8628,0.1814,0.0125,5.0386,0.217,0.0527,0.2094,Lying
S007C001P008R001A008,NTU,sit_down,low_risk,5.0172,3.1764,0.1486,0.0082,4.7202,0.1513,0.0665,0.0821,Sitting
S007C001P008R001A009,NTU,stand_up,low_risk,10.7601,8.0378,0.1614,0.0071,4.736,0.1734,0.0433,0.0463,Standing
S007C001P008R001A042,NTU,staggering,moderate_risk,8.403,6.3772,0.2019,0.0209,4.7872,0.0524,0.1262,0.076,Walking
S007C001P008R001A043,NTU,falling_down,high_risk,28.357,24.187,0.2003,0.0106,4.9139,0.1993,0.0442,0.2764,Lying
S007C001P008R002A008,NTU,sit_down,low_risk,14.9173,9.0616,0.1605,0.0106,5.0509,0.1165,0.0575,0.1006,Sitting
S007C001P008R002A009,NTU,stand_up,low_risk,13.0314,8.0395,0.151,0.0092,4.99,0.1698,0.0448,0.0762,Standing
S007C001P008R002A042,NTU,staggering,moderate_risk,10.7208,6.8448,0.2133,0.0135,5.8176,0.0364,0.0913,0.0441,Walking
S007C001P008R002A043,NTU,falling_down,high_risk,12.7138,10.0273,0.1874,0.0121,4.5965,0.2708,0.0571,0.1984,Lying
S007C001P015R001A008,NTU,sit_down,low_risk,7.6991,5.6798,0.1571,0.006,5.6019,0.1313,0.033,0.0271,Sitting
S007C001P015R001A009,NTU,stand_up,low_risk,13.9323,10.5813,0.1321,0.0104,5.3558,0.1484,0.0588,0.0527,Standing
S007C001P015R001A042,NTU,staggering,moderate_risk,2.5589,1.8507,0.2372,0.0083,5.7062,0.0325,0.053,0.0333,Walking
S007C001P015R001A043,NTU,falling_down,high_risk,9.4176,5.3261,0.1583,0.0084,4.8175,0.2239,0.0337,0.1002,Lying
S007C001P015R002A008,NTU,sit_down,low_risk,3.1961,2.2948,0.1377,0.0078,5.0779,0.0916,0.0423,0.0461,Sitting
S007C001P015R002A009,NTU,stand_up,low_risk,5.3318,5.0366,0.1392,0.009,5.0293,0.1192,0.0484,0.0433,Standing
S007C001P015R002A042,NTU,staggering,moderate_risk,4.7804,3.4742,0.2267,0.0117,5.7172,0.0327,0.0689,0.0264,Walking
S007C001P015R002A043,NTU,falling_down,high_risk,15.6374,11.3596,0.1913,0.0123,4.6691,0.2559,0.0443,0.1415,Lying
S007C001P016R001A008,NTU,sit_down,low_risk,8.6469,5.4459,0.1706,0.0091,4.848,0.1075,0.0551,0.07,Sitting
S007C001P016R001A009,NTU,stand_up,low_risk,4.3107,3.6689,0.1819,0.0105,4.4757,0.19,0.0492,0.0434,Standing
S007C001P016R001A042,NTU,staggering,moderate_risk,3.9427,3.0304,0.2386,0.0096,6.0349,0.019,0.0615,0.0688,Walking
S007C001P016R001A043,NTU,falling_down,high_risk,15.3089,11.9258,0.1391,0.0112,5.016,0.2091,0.0515,0.0659,Lying
S007C001P016R002A008,NTU,sit_down,low_risk,9.7235,7.3607,0.1584,0.0141,4.3595,0.1698,0.0568,0.066,Sitting
S007C001P016R002A009,NTU,stand_up,low_risk,14.5072,7.5609,0.1453,0.0152,4.543,0.1646,0.0815,0.0775,Standing
S007C001P016R002A042,NTU,staggering,moderate_risk,4.6665,3.4808,0.2051,0.0186,5.0874,0.0377,0.093,0.0333,Walking
S007C001P016R002A043,NTU,falling_down,high_risk,10.1913,4.6965,0.1393,0.0125,4.1434,0.2331,0.0394,0.1538,Lying
S007C001P017R001A008,NTU,sit_down,low_risk,6.2972,6.7561,0.1597,0.0089,5.3861,0.1044,0.0539,0.0645,Sitting
S007C001P017R001A009,NTU,stand_up,low_risk,3.9571,5.1851,0.1378,0.0081,5.5588,0.1099,0.0517,0.0518,Standing
S007C001P017R001A042,NTU,staggering,moderate_risk,2.8334,1.8305,0.2301,0.014,6.0,0.0153,0.0784,0.0307,Walking
S007C001P017R001A043,NTU,falling_down,high_risk,29.7354,25.0186,0.1894,0.0145,4.8921,0.1785,0.0697,0.1977,Lying
S007C001P017R002A008,NTU,sit_down,low_risk,9.9973,7.0846,0.1525,0.0072,5.4714,0.1129,0.0485,0.0374,Sitting
S007C001P017R002A009,NTU,stand_up,low_risk,6.2872,5.0306,0.1457,0.0078,5.5141,0.1201,0.0451,0.0463,Standing
S007C001P017R002A042,NTU,staggering,moderate_risk,2.7279,2.0826,0.246,0.0103,6.163,0.0143,0.0714,0.021,Walking
S007C001P017R002A043,NTU,falling_down,high_risk,18.6321,12.9495,0.1828,0.0094,4.9845,0.2239,0.0436,0.0825,Lying
S007C001P018R001A008,NTU,sit_down,low_risk,5.8117,5.0863,0.1361,0.0048,5.286,0.1202,0.0257,0.0253,Sitting
S007C001P018R001A009,NTU,stand_up,low_risk,4.7601,5.2764,0.1255,0.0049,5.2869,0.1187,0.027,0.0374,Standing
S007C001P018R001A042,NTU,staggering,moderate_risk,2.8256,1.4111,0.2282,0.0074,5.8846,0.0224,0.0447,0.0264,Walking
S007C001P018R001A043,NTU,falling_down,high_risk,6.2892,3.9785,0.1591,0.0089,4.8306,0.2235,0.0339,0.0341,Lying
S007C001P018R002A008,NTU,sit_down,low_risk,4.6248,1.9668,0.1247,0.0053,5.1834,0.1231,0.0268,0.022,Sitting
S007C001P018R002A009,NTU,stand_up,low_risk,4.1012,3.2476,0.1176,0.004,5.2737,0.1213,0.0221,0.0331,Standing
S007C001P018R002A042,NTU,staggering,moderate_risk,4.3379,3.4598,0.2291,0.007,5.9467,0.0365,0.0378,0.0274,Walking
S007C001P018R002A043,NTU,falling_down,high_risk,15.5095,1.7741,0.1316,0.0264,3.601,0.0489,0.0553,0.0196,Lying
S007C001P019R001A008,NTU,sit_down,low_risk,9.0735,5.4176,0.1554,0.0064,4.895,0.1624,0.0346,0.0347,Sitting
S007C001P019R001A009,NTU,stand_up,low_risk,7.0221,6.2708,0.1617,0.007,5.0031,0.1682,0.0342,0.0331,Standing
S007C001P019R001A042,NTU,staggering,moderate_risk,5.6821,4.8453,0.2371,0.0098,5.7859,0.0211,0.0442,0.0229,Walking
S007C001P019R001A043,NTU,falling_down,high_risk,15.3709,11.747,0.2202,0.0106,4.8058,0.2535,0.0455,0.0767,Lying
S007C001P019R002A008,NTU,sit_down,low_risk,5.9943,4.3548,0.1439,0.0058,4.9285,0.1682,0.0305,0.0494,Sitting
S007C001P019R002A009,NTU,stand_up,low_risk,7.0069,6.1217,0.135,0.0058,4.9228,0.1709,0.0301,0.044,Standing
S007C001P019R002A042,NTU,staggering,moderate_risk,2.4996,1.6704,0.2452,0.0031,5.9131,0.0275,0.0234,0.0104,Walking
S007C001P019R002A043,NTU,falling_down,high_risk,15.9337,13.6532,0.1834,0.0082,5.2858,0.2247,0.0378,0.1059,Lying
S007C001P025R001A008,NTU,sit_down,low_risk,21.6444,13.4377,0.1755,0.0352,4.1762,0.23,0.0984,0.1378,Sitting
S007C001P025R001A009,NTU,stand_up,low_risk,3.929,3.5019,0.0638,0.02,4.8801,0.2596,0.0682,0.0473,Standing
S007C001P025R001A042,NTU,staggering,moderate_risk,8.4288,8.3297,0.0438,0.0199,4.6858,0.0784,0.0838,0.0642,Walking
S007C001P025R001A043,NTU,falling_down,high_risk,15.2838,12.3181,0.0849,0.0229,3.6737,0.1437,0.0717,0.1122,Lying
S007C001P025R002A008,NTU,sit_down,low_risk,10.9008,11.2382,0.1135,0.0372,4.2106,0.1717,0.0984,0.223,Sitting
S007C001P025R002A009,NTU,stand_up,low_risk,6.3858,3.6742,0.0775,0.0133,5.5598,0.0634,0.0605,0.0258,Standing
S007C001P025R002A042,NTU,staggering,moderate_risk,3.5933,2.8568,0.1484,0.0429,5.1833,0.1806,0.1353,0.0355,Walking
S007C001P025R002A043,NTU,falling_down,high_risk,16.4964,21.9689,0.1839,0.0184,4.9843,0.2534,0.0864,0.3028,Lying
S007C001P026R001A008,NTU,sit_down,low_risk,13.9162,12.3183,0.1536,0.0106,5.3964,0.1065,0.0701,0.1207,Sitting
S007C001P026R001A009,NTU,stand_up,low_risk,11.6042,7.8693,0.0998,0.0047,5.3696,0.1158,0.0315,0.0378,Standing
S007C001P026R001A042,NTU,staggering,moderate_risk,3.0269,2.4252,0.2848,0.0125,6.1057,0.0935,0.0822,0.0503,Walking
S007C001P026R001A043,NTU,falling_down,high_risk,20.5909,18.2259,0.2268,0.0161,5.0256,0.3422,0.0769,0.1779,Lying
S007C001P026R002A008,NTU,sit_down,low_risk,8.1572,7.4578,0.126,0.0083,5.0097,0.083,0.056,0.0372,Sitting
S007C001P026R002A009,NTU,stand_up,low_risk,9.0159,8.5064,0.1491,0.0069,5.4167,0.1023,0.0378,0.0514,Standing
S007C001P026R002A042,NTU,staggering,moderate_risk,6.2934,3.7281,0.2313,0.0073,5.7866,0.0208,0.0552,0.0199,Walking
S007C001P026R002A043,NTU,falling_down,high_risk,14.2626,16.8737,0.1689,0.0146,4.8383,0.2125,0.0608,0.2008,Lying
S007C001P027R001A008,NTU,sit_down,low_risk,4.3263,4.181,0.1711,0.0072,4.4068,0.2149,0.0422,0.0299,Sitting
S007C001P027R001A009,NTU,stand_up,low_risk,10.4864,8.621,0.1495,0.0062,4.6573,0.1976,0.0275,0.0515,Standing
S007C001P027R001A042,NTU,staggering,moderate_risk,14.2361,10.0019,0.2105,0.0105,5.349,0.0838,0.0591,0.0748,Walking
S007C001P027R001A043,NTU,falling_down,high_risk,17.7733,16.7281,0.2223,0.0195,4.3737,0.3282,0.0738,0.1982,Lying
S007C001P027R002A008,NTU,sit_down,low_risk,23.9081,20.0467,0.1589,0.0099,3.7658,0.2413,0.0443,0.18,Sitting
S007C001P027R002A009,NTU,stand_up,low_risk,10.2666,8.8538,0.1422,0.0058,4.7794,0.1878,0.0307,0.0479,Standing
S007C001P027R002A042,NTU,staggering,moderate_risk,9.4788,7.0862,0.1669,0.0121,4.8431,0.1364,0.0706,0.0839,Walking
S007C001P027R002A043,NTU,falling_down,high_risk,7.0388,5.3533,0.2256,0.0144,4.8882,0.2686,0.067,0.044,Lying
S007C001P028R001A008,NTU,sit_down,low_risk,9.0795,8.1845,0.1689,0.0079,5.2566,0.1381,0.0464,0.0758,Sitting
S007C001P028R001A009,NTU,stand_up,low_risk,8.495,8.183,0.1658,0.0069,5.6086,0.1292,0.0442,0.0628,Standing
S007C001P028R001A042,NTU,staggering,moderate_risk,14.6817,8.551,0.2938,0.0091,5.7029,0.0653,0.0807,0.045,Walking
S007C001P028R001A043,NTU,falling_down,high_risk,6.2731,4.8986,0.1788,0.0176,4.5538,0.2939,0.0651,0.0999,Lying
S007C001P028R002A008,NTU,sit_down,low_risk,8.3156,6.7828,0.1768,0.0095,5.5443,0.122,0.0527,0.0398,Sitting
S007C001P028R002A009,NTU,stand_up,low_risk,9.4917,5.6981,0.1394,0.0054,5.5401,0.1249,0.0327,0.0326,Standing
S007C001P028R002A042,NTU,staggering,moderate_risk,11.2016,6.8935,0.296,0.007,7.0225,0.0503,0.0737,0.0554,Walking
S007C001P028R002A043,NTU,falling_down,high_risk,18.7676,16.8275,0.2222,0.0154,5.6924,0.2475,0.0651,0.111,Lying
S007C002P001R001A008,NTU,sit_down,low_risk,7.7897,5.4679,0.1475,0.0099,4.7339,0.1456,0.0537,0.1029,Sitting
S007C002P001R001A009,NTU,stand_up,low_risk,5.0226,3.4143,0.1056,0.0089,4.9905,0.1501,0.0496,0.1332,Standing
S007C002P001R001A042,NTU,staggering,moderate_risk,7.8289,6.3071,0.2775,0.0229,5.7604,0.1058,0.1358,0.1274,Walking
S007C002P001R001A043,NTU,falling_down,high_risk,19.0333,18.0942,0.2053,0.0191,4.6434,0.1873,0.0839,0.1378,Lying
S007C002P001R002A008,NTU,sit_down,low_risk,3.037,2.5845,0.1386,0.0052,5.26,0.1269,0.0341,0.0581,Sitting
S007C002P001R002A009,NTU,stand_up,low_risk,1.9677,1.1173,0.1273,0.0048,5.181,0.1271,0.0309,0.0549,Standing
S007C002P001R002A042,NTU,staggering,moderate_risk,4.1033,3.8489,0.1902,0.0156,5.5109,0.0457,0.0855,0.0142,Walking
S007C002P001R002A043,NTU,falling_down,high_risk,7.1458,7.5617,0.1743,0.0114,5.0146,0.2097,0.0566,0.0907,Lying
S007C002P007R001A008,NTU,sit_down,low_risk,10.6903,7.3347,0.1348,0.0114,4.9007,0.1357,0.0462,0.08,Sitting
S007C002P007R001A009,NTU,stand_up,low_risk,15.749,10.44,0.1243,0.0095,5.249,0.1366,0.0474,0.0919,Standing
S007C002P007R001A042,NTU,staggering,moderate_risk,13.9613,10.3218,0.2385,0.0168,4.9804,0.0829,0.1008,0.0907,Walking
S007C002P007R001A043,NTU,falling_down,high_risk,24.0446,27.5747,0.2207,0.0103,5.1904,0.1914,0.0553,0.2918,Lying
S007C002P007R002A008,NTU,sit_down,low_risk,1.7959,1.4922,0.1687,0.0073,5.3908,0.1278,0.0297,0.0609,Sitting
S007C002P007R002A009,NTU,stand_up,low_risk,1.4352,0.8494,0.1457,0.0052,5.0358,0.1496,0.027,0.04,Standing
S007C002P007R002A042,NTU,staggering,moderate_risk,7.07,5.0758,0.2178,0.0054,5.6288,0.0556,0.0403,0.0225,Walking
S007C002P007R002A043,NTU,falling_down,high_risk,12.7228,13.1537,0.1914,0.0124,4.7102,0.2812,0.05,0.0679,Lying
S007C002P008R001A008,NTU,sit_down,low_risk,3.411,3.0286,0.1337,0.0149,4.5426,0.1512,0.0695,0.0522,Sitting
S007C002P008R001A009,NTU,stand_up,low_risk,10.7645,6.9563,0.1479,0.0134,4.3262,0.1715,0.0525,0.0659,Standing
S007C002P008R001A042,NTU,staggering,moderate_risk,12.8364,5.6687,0.2279,0.0268,5.1668,0.0863,0.1366,0.0749,Walking
S007C002P008R001A043,NTU,falling_down,high_risk,19.3411,6.4943,0.2548,0.0223,4.3943,0.2869,0.0943,0.0992,Lying
S007C002P008R002A008,NTU,sit_down,low_risk,7.2616,8.5669,0.1746,0.0088,5.1317,0.1107,0.0698,0.0486,Sitting
S007C002P008R002A009,NTU,stand_up,low_risk,1.5276,1.2995,0.1542,0.0069,4.9616,0.1652,0.0445,0.0297,Standing
S007C002P008R002A042,NTU,staggering,moderate_risk,12.8467,8.5242,0.2358,0.021,5.6523,0.0873,0.1257,0.1043,Walking
S007C002P008R002A043,NTU,falling_down,high_risk,36.8864,33.1119,0.261,0.011,4.917,0.2923,0.0503,0.3962,Lying
S007C002P015R001A008,NTU,sit_down,low_risk,12.0946,5.6607,0.1946,0.0081,5.2446,0.1268,0.0347,0.0414,Sitting
S007C002P015R001A009,NTU,stand_up,low_risk,15.349,13.6607,0.1542,0.0153,5.0842,0.1432,0.0504,0.0803,Standing
S007C002P015R001A042,NTU,staggering,moderate_risk,9.891,6.8209,0.294,0.0106,6.6093,0.0406,0.0741,0.0565,Walking
S007C002P015R001A043,NTU,falling_down,high_risk,14.312,12.9142,0.2276,0.0134,5.3138,0.26,0.0553,0.0768,Lying
S007C002P015R002A008,NTU,sit_down,low_risk,3.6167,3.4537,0.1392,0.0054,5.1088,0.0979,0.0372,0.0267,Sitting
S007C002P015R002A009,NTU,stand_up,low_risk,2.1819,1.148,0.1366,0.0039,5.0161,0.1198,0.028,0.0416,Standing
S007C002P015R002A042,NTU,staggering,moderate_risk,3.9638,3.1808,0.2185,0.0074,5.5872,0.0304,0.0441,0.0119,Walking
S007C002P015R002A043,NTU,falling_down,high_risk,10.4561,12.8534,0.1765,0.0131,4.2039,0.3244,0.037,0.1623,Lying
S007C002P016R001A008,NTU,sit_down,low_risk,10.8342,8.8606,0.096,0.0146,4.9855,0.1027,0.0808,0.0629,Sitting
S007C002P016R001A009,NTU,stand_up,low_risk,12.3301,9.3217,0.1243,0.0178,5.3615,0.1901,0.0846,0.0545,Standing
S007C002P016R001A042,NTU,staggering,moderate_risk,9.4213,5.5591,0.2256,0.0138,6.3582,0.0413,0.0989,0.07,Walking
S007C002P016R001A043,NTU,falling_down,high_risk,23.9074,9.3426,0.1509,0.0139,4.9172,0.203,0.0617,0.0843,Lying
S007C002P016R002A008,NTU,sit_down,low_risk,6.5374,4.5526,0.2158,0.0087,4.9476,0.1723,0.0437,0.0544,Sitting
S007C002P016R002A009,NTU,stand_up,low_risk,7.3312,3.8424,0.1263,0.0123,4.7934,0.1767,0.0746,0.0558,Standing
S007C002P016R002A042,NTU,staggering,moderate_risk,4.8058,2.9643,0.1834,0.0119,5.4918,0.0642,0.0654,0.0151,Walking
S007C002P016R002A043,NTU,falling_down,high_risk,7.0911,5.5725,0.1525,0.0111,4.6693,0.2048,0.0404,0.0551,Lying
S007C002P017R001A008,NTU,sit_down,low_risk,18.7713,9.3444,0.168,0.0135,4.7668,0.1305,0.0615,0.0758,Sitting
S007C002P017R001A009,NTU,stand_up,low_risk,12.06,10.5134,0.1482,0.0111,4.9347,0.1432,0.0519,0.0948,Standing
S007C002P017R001A042,NTU,staggering,moderate_risk,7.0489,4.043,0.2622,0.0205,5.6019,0.0249,0.0978,0.0398,Walking
S007C002P017R001A043,NTU,falling_down,high_risk,22.212,11.902,0.2162,0.0149,5.1435,0.1408,0.0593,0.1108,Lying
S007C002P017R002A008,NTU,sit_down,low_risk,5.038,2.373,0.1373,0.0068,4.9962,0.1047,0.0397,0.025,Sitting
S007C002P017R002A009,NTU,stand_up,low_risk,1.9978,1.343,0.1835,0.007,6.4262,0.1158,0.0417,0.1423,Standing
S007C002P017R002A042,NTU,staggering,moderate_risk,1.7041,1.2432,0.2258,0.0101,5.85,0.0185,0.058,0.0094,Walking
S007C002P017R002A043,NTU,falling_down,high_risk,7.2739,4.9997,0.1843,0.0075,4.5878,0.2384,0.0334,0.0518,Lying
S007C002P018R001A008,NTU,sit_down,low_risk,6.0748,4.2666,0.1659,0.0077,5.2312,0.1108,0.0299,0.024,Sitting
S007C002P018R001A009,NTU,stand_up,low_risk,5.1373,5.402,0.1503,0.0067,5.1778,0.1068,0.0341,0.037,Standing
S007C002P018R001A042,NTU,staggering,moderate_risk,5.2081,5.081,0.133,0.048,3.2984,0.0652,0.136,0.0454,Walking
S007C002P018R001A043,NTU,falling_down,high_risk,6.8054,6.2339,0.0801,0.0431,3.5229,0.062,0.1066,0.0394,Lying
S007C002P018R002A008,NTU,sit_down,low_risk,2.3279,2.0291,0.1294,0.005,5.2374,0.1245,0.0262,0.0255,Sitting
S007C002P018R002A009,NTU,stand_up,low_risk,3.7437,2.8511,0.1711,0.0045,6.0415,0.1202,0.0255,0.041,Standing
S007C002P018R002A042,NTU,staggering,moderate_risk,2.347,2.4222,0.2038,0.0072,5.6587,0.0394,0.0309,0.0129,Walking
S007C002P018R002A043,NTU,falling_down,high_risk,5.172,4.1003,0.1366,0.0082,4.6457,0.2179,0.0281,0.0414,Lying
S007C002P019R001A008,NTU,sit_down,low_risk,23.799,15.4981,0.1614,0.011,4.7137,0.1706,0.0428,0.1073,Sitting
S007C002P019R001A009,NTU,stand_up,low_risk,17.7701,14.0688,0.16,0.0109,4.8569,0.1736,0.0385,0.0992,Standing
S007C002P019R001A042,NTU,staggering,moderate_risk,9.5477,5.225,0.2374,0.0092,5.146,0.0205,0.0502,0.021,Walking
S007C002P019R001A043,NTU,falling_down,high_risk,25.1628,14.8517,0.1849,0.0122,4.6014,0.1954,0.0479,0.1661,Lying
S007C002P019R002A008,NTU,sit_down,low_risk,2.2107,1.7161,0.1637,0.0047,4.9827,0.1676,0.0314,0.0646,Sitting
S007C002P019R002A009,NTU,stand_up,low_risk,5.1776,1.9325,0.1396,0.005,4.957,0.1709,0.0294,0.0544,Standing
S007C002P019R002A042,NTU,staggering,moderate_risk,2.2495,2.1194,0.237,0.0057,5.9167,0.0343,0.0252,0.0106,Walking
S007C002P019R002A043,NTU,falling_down,high_risk,14.2902,17.6594,0.1853,0.0089,4.8516,0.2743,0.0359,0.1679,Lying
S007C002P025R001A008,NTU,sit_down,low_risk,34.3763,16.785,0.0883,0.0231,4.9604,0.2339,0.0775,0.2006,Sitting
S007C002P025R001A009,NTU,stand_up,low_risk,4.0524,3.5997,0.1162,0.0098,5.5117,0.1312,0.0466,0.0433,Standing
S007C002P025R001A042,NTU,staggering,moderate_risk,16.7212,11.0847,0.0977,0.0305,4.6314,0.0759,0.0946,0.0913,Walking
S007C002P025R001A043,NTU,falling_down,high_risk,17.5269,11.9352,0.2128,0.0217,4.2188,0.1178,0.0732,0.1972,Lying
S007C002P025R002A008,NTU,sit_down,low_risk,9.9845,10.5642,0.1834,0.0309,4.8434,0.1809,0.1,0.1968,Sitting
S007C002P025R002A009,NTU,stand_up,low_risk,1.7138,1.1085,0.124,0.0178,5.5682,0.1636,0.059,0.0572,Standing
S007C002P025R002A042,NTU,staggering,moderate_risk,5.4225,5.7088,0.241,0.019,6.0379,0.123,0.0852,0.028,Walking
S007C002P025R002A043,NTU,falling_down,high_risk,11.1174,11.0516,0.1388,0.0372,3.97,0.376,0.0931,0.1971,Lying
S007C002P026R001A008,NTU,sit_down,low_risk,0.0,0.0,0.0,0.0,0.0,0.0,0.0,0.0,Sitting
S007C002P026R001A009,NTU,stand_up,low_risk,0.0,0.0,0.0,0.0,0.0,0.0,0.0,0.0,Standing
S007C002P026R001A042,NTU,staggering,moderate_risk,16.2946,6.8818,0.3068,0.0223,5.4443,0.1067,0.1294,0.1341,Walking
S007C002P026R001A043,NTU,falling_down,high_risk,18.9102,6.3625,0.2609,0.0241,4.756,0.3306,0.1256,0.0608,Lying
S007C002P026R002A008,NTU,sit_down,low_risk,3.4535,2.3916,0.1219,0.0056,4.9659,0.0898,0.0449,0.0429,Sitting
S007C002P026R002A009,NTU,stand_up,low_risk,6.4278,3.2523,0.1446,0.0059,5.7353,0.1205,0.029,0.0346,Standing
S007C002P026R002A042,NTU,staggering,moderate_risk,6.4697,4.8679,0.2369,0.008,5.7748,0.0299,0.0487,0.0308,Walking
S007C002P026R002A043,NTU,falling_down,high_risk,2.5168,2.8535,0.1642,0.0133,4.6274,0.2527,0.0475,0.1267,Lying
S007C002P027R001A008,NTU,sit_down,low_risk,20.6548,10.8658,0.1235,0.0147,4.374,0.1991,0.0493,0.1379,Sitting
S007C002P027R001A009,NTU,stand_up,low_risk,31.584,16.052,0.0901,0.018,4.2973,0.1997,0.0548,0.1608,Standing
S007C002P027R001A042,NTU,staggering,moderate_risk,22.4122,10.9285,0.2171,0.0157,5.2787,0.0979,0.0716,0.1319,Walking
S007C002P027R001A043,NTU,falling_down,high_risk,28.9618,22.1196,0.2049,0.0198,4.9616,0.2455,0.0776,0.2286,Lying
S007C002P027R002A008,NTU,sit_down,low_risk,12.394,14.3169,0.1383,0.0125,4.1472,0.2231,0.0799,0.2649,Sitting
S007C002P027R002A009,NTU,stand_up,low_risk,5.9154,5.3105,0.1461,0.0058,4.5683,0.1969,0.025,0.0352,Standing
S007C002P027R002A042,NTU,staggering,moderate_risk,7.1548,5.2332,0.1683,0.0134,4.7161,0.127,0.0744,0.0298,Walking
S007C002P027R002A043,NTU,falling_down,high_risk,2.9777,2.0793,0.2331,0.0143,4.7684,0.2678,0.0535,0.0204,Lying
S007C002P028R001A008,NTU,sit_down,low_risk,22.4033,12.0524,0.1493,0.0154,4.8092,0.1486,0.078,0.0725,Sitting
S007C002P028R001A009,NTU,stand_up,low_risk,18.7035,10.5903,0.1239,0.0177,4.9954,0.1234,0.0898,0.0781,Standing
S007C002P028R001A042,NTU,staggering,moderate_risk,19.0834,10.2996,0.282,0.0185,5.686,0.0873,0.119,0.1138,Walking
S007C002P028R001A043,NTU,falling_down,high_risk,19.9578,8.6604,0.1972,0.0278,4.284,0.4153,0.0991,0.082,Lying
S007C002P028R002A008,NTU,sit_down,low_risk,3.2397,2.8704,0.197,0.0075,5.3692,0.1207,0.0422,0.0269,Sitting
S007C002P028R002A009,NTU,stand_up,low_risk,1.1164,0.8094,0.1899,0.0057,6.7545,0.1213,0.0332,0.1008,Standing
S007C002P028R002A042,NTU,staggering,moderate_risk,2.6447,2.0114,0.2412,0.0072,5.0469,0.0522,0.0373,0.0223,Walking
S007C002P028R002A043,NTU,falling_down,high_risk,9.1618,6.4142,0.1909,0.012,3.9956,0.2621,0.0516,0.0696,Lying
S007C003P001R001A008,NTU,sit_down,low_risk,2.0959,1.949,0.1593,0.0039,5.64,0.1273,0.027,0.0542,Sitting
S007C003P001R001A009,NTU,stand_up,low_risk,6.0915,3.5942,0.1628,0.0039,6.4429,0.1305,0.0261,0.1014,Standing
S007C003P001R001A042,NTU,staggering,moderate_risk,3.4667,2.8896,0.2244,0.0111,5.7642,0.0276,0.0478,0.0101,Walking
S007C003P001R001A043,NTU,falling_down,high_risk,3.8086,2.4419,0.1646,0.0111,4.706,0.2355,0.0317,0.0691,Lying
S007C003P001R002A008,NTU,sit_down,low_risk,11.5713,9.5009,0.1744,0.0127,5.3176,0.1787,0.0622,0.1636,Sitting
S007C003P001R002A009,NTU,stand_up,low_risk,11.9601,8.2841,0.1211,0.0089,4.9344,0.1476,0.0416,0.1065,Standing
S007C003P001R002A042,NTU,staggering,moderate_risk,8.0802,5.5981,0.2173,0.0248,5.1341,0.1336,0.1317,0.1066,Walking
S007C003P001R002A043,NTU,falling_down,high_risk,17.1751,11.2594,0.22,0.0205,4.6648,0.2589,0.0658,0.1395,Lying
S007C003P007R001A008,NTU,sit_down,low_risk,0.4071,0.2633,0.1258,0.0042,5.1277,0.138,0.0232,0.0427,Sitting
S007C003P007R001A009,NTU,stand_up,low_risk,0.6879,0.6904,0.1226,0.0042,4.9739,0.1521,0.0255,0.0447,Standing
S007C003P007R001A042,NTU,staggering,moderate_risk,9.2714,5.7622,0.2165,0.009,5.4949,0.085,0.0585,0.0554,Walking
S007C003P007R001A043,NTU,falling_down,high_risk,11.3059,10.2746,0.1892,0.0151,4.6804,0.3028,0.0422,0.1835,Lying
S007C003P007R002A008,NTU,sit_down,low_risk,10.8324,8.0015,0.1625,0.0108,5.3697,0.13,0.0456,0.0475,Sitting
S007C003P007R002A009,NTU,stand_up,low_risk,13.4094,9.1213,0.1024,0.0075,5.1377,0.1582,0.041,0.0727,Standing
S007C003P007R002A042,NTU,staggering,moderate_risk,12.7588,9.2174,0.3012,0.013,5.9607,0.0749,0.067,0.0793,Walking
S007C003P007R002A043,NTU,falling_down,high_risk,28.007,28.727,0.2743,0.0126,5.6008,0.2337,0.0539,0.2706,Lying
S007C003P008R001A008,NTU,sit_down,low_risk,11.8124,11.2181,0.1601,0.007,4.8381,0.1251,0.049,0.0493,Sitting
S007C003P008R001A009,NTU,stand_up,low_risk,2.743,1.2787,0.1414,0.0059,4.6268,0.1667,0.0368,0.0301,Standing
S007C003P008R001A042,NTU,staggering,moderate_risk,7.1228,5.5881,0.2361,0.0178,6.1377,0.0705,0.1142,0.0611,Walking
S007C003P008R001A043,NTU,falling_down,high_risk,9.688,10.0466,0.2576,0.0153,4.6782,0.3048,0.0739,0.1725,Lying
S007C003P008R002A008,NTU,sit_down,low_risk,21.9238,12.4408,0.1983,0.0271,4.7825,0.1213,0.1267,0.2517,Sitting
S007C003P008R002A009,NTU,stand_up,low_risk,13.459,11.2217,0.1274,0.0112,5.2044,0.1585,0.0621,0.0824,Standing
S007C003P008R002A042,NTU,staggering,moderate_risk,8.07,5.4289,0.2479,0.0225,5.5075,0.0839,0.1376,0.0814,Walking
S007C003P008R002A043,NTU,falling_down,high_risk,12.5828,12.827,0.2828,0.0116,4.8312,0.193,0.0541,0.1628,Lying
S007C003P015R001A008,NTU,sit_down,low_risk,2.3396,2.6425,0.1397,0.0041,4.9705,0.12,0.0297,0.0227,Sitting
S007C003P015R001A009,NTU,stand_up,low_risk,3.7794,4.627,0.1356,0.0047,5.055,0.1423,0.0417,0.0559,Standing
S007C003P015R001A042,NTU,staggering,moderate_risk,2.296,2.1694,0.2208,0.0077,5.5078,0.026,0.0421,0.0087,Walking
S007C003P015R001A043,NTU,falling_down,high_risk,5.3888,7.0618,0.1717,0.0125,4.7404,0.1957,0.0424,0.1803,Lying
S007C003P015R002A008,NTU,sit_down,low_risk,7.2944,7.0773,0.1521,0.007,5.8014,0.1154,0.0414,0.0635,Sitting
S007C003P015R002A009,NTU,stand_up,low_risk,14.1026,10.1056,0.1715,0.0106,6.183,0.1377,0.062,0.1079,Standing
S007C003P015R002A042,NTU,staggering,moderate_risk,4.8485,3.4375,0.308,0.0125,6.4439,0.0349,0.0847,0.0382,Walking
S007C003P015R002A043,NTU,falling_down,high_risk,27.4712,19.9123,0.1906,0.0109,5.3652,0.1233,0.0444,0.1597,Lying
S007C003P016R001A008,NTU,sit_down,low_risk,9.736,6.6704,0.2154,0.0133,5.1304,0.1088,0.069,0.0792,Sitting
S007C003P016R001A009,NTU,stand_up,low_risk,7.5024,3.8811,0.1572,0.0134,4.7776,0.2104,0.0555,0.0699,Standing
S007C003P016R001A042,NTU,staggering,moderate_risk,6.3174,5.4857,0.2527,0.0089,5.7177,0.0217,0.0516,0.0267,Walking
S007C003P016R001A043,NTU,falling_down,high_risk,3.7715,2.4956,0.1713,0.0124,4.6091,0.2214,0.0427,0.0752,Lying
S007C003P016R002A008,NTU,sit_down,low_risk,12.9601,9.7429,0.1869,0.0138,4.5823,0.175,0.0611,0.0705,Sitting
S007C003P016R002A009,NTU,stand_up,low_risk,12.7701,10.9119,0.1827,0.0158,4.6319,0.1817,0.074,0.1401,Standing
S007C003P016R002A042,NTU,staggering,moderate_risk,9.6853,4.1972,0.2437,0.0174,5.3674,0.0189,0.0919,0.0506,Walking
S007C003P016R002A043,NTU,falling_down,high_risk,21.8507,8.0837,0.1828,0.0141,4.42,0.2247,0.0627,0.0766,Lying
S007C003P017R001A008,NTU,sit_down,low_risk,3.7401,2.0048,0.1652,0.0056,5.3742,0.1003,0.0421,0.0381,Sitting
S007C003P017R001A009,NTU,stand_up,low_risk,5.3811,5.5247,0.152,0.0071,5.4284,0.1141,0.0449,0.0505,Standing
S007C003P017R001A042,NTU,staggering,moderate_risk,2.0749,1.7057,0.2402,0.0082,5.7544,0.0147,0.0503,0.0075,Walking
S007C003P017R001A043,NTU,falling_down,high_risk,14.4776,13.2616,0.1918,0.017,4.4544,0.2743,0.049,0.1411,Lying
S007C003P017R002A008,NTU,sit_down,low_risk,37.343,17.5526,0.1812,0.0232,4.676,0.1882,0.0873,0.2129,Sitting
S007C003P017R002A009,NTU,stand_up,low_risk,32.0808,18.445,0.1472,0.0217,5.0138,0.147,0.0865,0.1856,Standing
S007C003P017R002A042,NTU,staggering,moderate_risk,8.2048,4.8785,0.202,0.0175,5.6356,0.0326,0.1041,0.0495,Walking
S007C003P017R002A043,NTU,falling_down,high_risk,27.8543,17.3432,0.1833,0.0179,4.6122,0.2104,0.0639,0.1628,Lying
S007C003P018R001A008,NTU,sit_down,low_risk,0.9379,0.5099,0.1518,0.0029,5.3195,0.1149,0.0183,0.0167,Sitting
S007C003P018R001A009,NTU,stand_up,low_risk,0.913,0.7415,0.1651,0.0037,5.9196,0.12,0.0216,0.0554,Standing
S007C003P018R001A042,NTU,staggering,moderate_risk,2.8873,2.125,0.2399,0.0063,6.1005,0.0286,0.0343,0.0131,Walking
S007C003P018R001A043,NTU,falling_down,high_risk,6.5642,4.8755,0.1652,0.0091,4.9506,0.2274,0.0335,0.0506,Lying
S007C003P018R002A008,NTU,sit_down,low_risk,8.9969,7.0981,0.1552,0.0059,5.2248,0.1248,0.0299,0.0641,Sitting
S007C003P018R002A009,NTU,stand_up,low_risk,6.2316,6.0026,0.1676,0.0055,5.2668,0.1247,0.031,0.0407,Standing
S007C003P018R002A042,NTU,staggering,moderate_risk,8.2068,6.0961,0.2655,0.0074,5.5456,0.0364,0.0378,0.0244,Walking
S007C003P018R002A043,NTU,falling_down,high_risk,13.7859,10.4368,0.1929,0.0085,4.8109,0.2131,0.0365,0.114,Lying
S007C003P019R001A008,NTU,sit_down,low_risk,2.1625,1.9122,0.1554,0.0046,5.2587,0.1587,0.0313,0.0651,Sitting
S007C003P019R001A009,NTU,stand_up,low_risk,4.2248,1.5651,0.1376,0.0053,5.2645,0.1619,0.0319,0.067,Standing
S007C003P019R001A042,NTU,staggering,moderate_risk,1.5488,1.4002,0.2403,0.0062,5.9277,0.0223,0.0314,0.0082,Walking
S007C003P019R001A043,NTU,falling_down,high_risk,9.6205,12.5137,0.1899,0.0096,4.963,0.2386,0.0364,0.1202,Lying
S007C003P019R002A008,NTU,sit_down,low_risk,25.373,22.5219,0.2012,0.0104,5.4219,0.1542,0.0514,0.1665,Sitting
S007C003P019R002A009,NTU,stand_up,low_risk,17.7708,12.0757,0.1322,0.0103,5.242,0.1661,0.0469,0.0914,Standing
S007C003P019R002A042,NTU,staggering,moderate_risk,13.9773,7.1445,0.1977,0.0139,5.1298,0.031,0.0534,0.034,Walking
S007C003P019R002A043,NTU,falling_down,high_risk,32.4235,19.7749,0.2082,0.0155,4.1299,0.2135,0.0514,0.1759,Lying
S007C003P025R001A008,NTU,sit_down,low_risk,10.649,10.0568,0.1691,0.0182,5.2176,0.1435,0.0672,0.148,Sitting
S007C003P025R001A009,NTU,stand_up,low_risk,2.8966,2.6884,0.1324,0.0102,6.3723,0.1415,0.0447,0.0227,Standing
S007C003P025R001A042,NTU,staggering,moderate_risk,5.0637,5.069,0.2224,0.024,5.5262,0.0739,0.0767,0.0369,Walking
S007C003P025R001A043,NTU,falling_down,high_risk,4.3642,4.1888,0.2138,0.0299,4.6416,0.4278,0.0726,0.1163,Lying
S007C003P025R002A008,NTU,sit_down,low_risk,31.8989,22.1174,0.286,0.0303,4.6828,0.0792,0.0834,0.1885,Sitting
S007C003P025R002A009,NTU,stand_up,low_risk,14.216,7.2229,0.1532,0.0138,5.5128,0.0484,0.056,0.069,Standing
S007C003P025R002A042,NTU,staggering,moderate_risk,17.2023,9.3114,0.1391,0.0357,4.4433,0.138,0.0928,0.0997,Walking
S007C003P025R002A043,NTU,falling_down,high_risk,32.8489,26.7084,0.2147,0.027,4.83,0.2545,0.083,0.3102,Lying
S007C003P026R001A008,NTU,sit_down,low_risk,3.5651,3.6284,0.1659,0.0038,5.2863,0.1096,0.0336,0.0549,Sitting
S007C003P026R001A009,NTU,stand_up,low_risk,2.4531,1.2402,0.1524,0.0033,5.8152,0.107,0.0219,0.0323,Standing
S007C003P026R001A042,NTU,staggering,moderate_risk,5.4767,3.9837,0.2438,0.0065,5.9614,0.0171,0.0372,0.0233,Walking
S007C003P026R001A043,NTU,falling_down,high_risk,6.6364,6.6939,0.1692,0.0115,4.7322,0.2689,0.0431,0.1438,Lying
S007C003P026R002A008,NTU,sit_down,low_risk,31.8289,19.0307,0.1708,0.0161,4.5358,0.1803,0.0737,0.1788,Sitting
S007C003P026R002A009,NTU,stand_up,low_risk,14.4335,10.5293,0.1832,0.0099,4.6321,0.1839,0.0412,0.1296,Standing
S007C003P026R002A042,NTU,staggering,moderate_risk,10.9075,7.4319,0.2865,0.0105,5.9198,0.016,0.0614,0.0665,Walking
S007C003P026R002A043,NTU,falling_down,high_risk,21.1665,23.8067,0.2641,0.0196,4.8832,0.2611,0.0673,0.2437,Lying
S007C003P027R001A008,NTU,sit_down,low_risk,6.7585,6.7932,0.1657,0.006,4.7881,0.1851,0.0383,0.1495,Sitting
S007C003P027R001A009,NTU,stand_up,low_risk,1.9721,1.4113,0.1372,0.0051,4.7999,0.1994,0.0275,0.0635,Standing
S007C003P027R001A042,NTU,staggering,moderate_risk,4.3031,3.7739,0.2338,0.0074,5.5558,0.0834,0.0502,0.1172,Walking
S007C003P027R001A043,NTU,falling_down,high_risk,13.8324,16.0399,0.2118,0.0124,4.2145,0.3274,0.0484,0.1912,Lying
S007C003P027R002A008,NTU,sit_down,low_risk,0.0,0.0,0.0,0.0,0.0,0.0,0.0,0.0,Sitting
S007C003P027R002A009,NTU,stand_up,low_risk,0.0,0.0,0.0,0.0,0.0,0.0,0.0,0.0,Standing
S007C003P027R002A042,NTU,staggering,moderate_risk,23.4777,12.2735,0.2366,0.0125,4.8457,0.1143,0.0699,0.079,Walking
S007C003P027R002A043,NTU,falling_down,high_risk,11.9734,12.6981,0.2202,0.0149,4.7804,0.2366,0.078,0.1571,Lying
S007C003P028R001A008,NTU,sit_down,low_risk,1.0569,1.2162,0.1297,0.0044,4.6023,0.1302,0.0234,0.0467,Sitting
S007C003P028R001A009,NTU,stand_up,low_risk,2.259,1.2156,0.1927,0.004,6.5243,0.1211,0.0302,0.065,Standing
S007C003P028R001A042,NTU,staggering,moderate_risk,2.4479,2.7492,0.1889,0.0091,5.1437,0.0631,0.0436,0.0329,Walking
S007C003P028R001A043,NTU,falling_down,high_risk,7.9427,8.4685,0.168,0.0156,4.0782,0.309,0.0562,0.1082,Lying
S007C003P028R002A008,NTU,sit_down,low_risk,14.3877,10.3707,0.1588,0.009,5.0842,0.1409,0.055,0.1226,Sitting
S007C003P028R002A009,NTU,stand_up,low_risk,14.0741,9.2749,0.1383,0.0104,5.3007,0.131,0.0576,0.0778,Standing
S007C003P028R002A042,NTU,staggering,moderate_risk,22.9356,12.016,0.2564,0.0126,6.1533,0.0587,0.0676,0.1099,Walking
S007C003P028R002A043,NTU,falling_down,high_risk,25.1644,22.7693,0.1984,0.0179,4.7841,0.2128,0.0762,0.1558,Lying
S008C001P001R001A008,NTU,sit_down,low_risk,6.6121,3.8067,0.1474,0.0056,5.0804,0.1333,0.0271,0.03,Sitting
S008C001P001R001A009,NTU,stand_up,low_risk,5.2091,3.6497,0.1121,0.0059,5.2361,0.1241,0.0285,0.029,Standing
S008C001P001R001A042,NTU,staggering,moderate_risk,2.5446,1.2296,0.249,0.0099,6.0274,0.0527,0.0503,0.0238,Walking
S008C001P001R001A043,NTU,falling_down,high_risk,9.636,8.473,0.1806,0.0128,4.5526,0.2688,0.0518,0.1234,Lying
S008C001P001R002A008,NTU,sit_down,low_risk,8.3563,6.2238,0.1343,0.0062,4.9415,0.1237,0.0348,0.0506,Sitting
S008C001P001R002A009,NTU,stand_up,low_risk,8.6746,6.7411,0.1203,0.0062,4.909,0.1354,0.0336,0.0499,Standing
S008C001P001R002A042,NTU,staggering,moderate_risk,2.8462,1.4893,0.2272,0.0063,5.4229,0.0449,0.0348,0.0153,Walking
S008C001P001R002A043,NTU,falling_down,high_risk,10.7952,10.7246,0.2469,0.0137,4.2567,0.3577,0.0651,0.1362,Lying
S008C001P007R001A008,NTU,sit_down,low_risk,12.2266,8.3277,0.1765,0.012,5.0508,0.2177,0.0587,0.089,Sitting
S008C001P007R001A009,NTU,stand_up,low_risk,16.5478,10.5899,0.2048,0.0088,5.0296,0.2072,0.0405,0.068,Standing
S008C001P007R001A042,NTU,staggering,moderate_risk,6.7125,5.403,0.1921,0.0178,5.226,0.148,0.0911,0.0873,Walking
S008C001P007R001A043,NTU,falling_down,high_risk,21.2986,22.6363,0.2372,0.0074,5.1084,0.2082,0.044,0.2737,Lying
S008C001P007R002A008,NTU,sit_down,low_risk,6.4316,5.2404,0.156,0.0068,5.6178,0.1461,0.0364,0.0285,Sitting
S008C001P007R002A009,NTU,stand_up,low_risk,9.9791,8.1108,0.1188,0.0077,5.2492,0.1706,0.0374,0.024,Standing
S008C001P007R002A042,NTU,staggering,moderate_risk,23.8441,18.492,0.2633,0.0269,5.8805,0.1564,0.1507,0.1707,Walking
S008C001P007R002A043,NTU,falling_down,high_risk,32.8485,32.6704,0.3049,0.0142,5.8894,0.2149,0.0627,0.3616,Lying
S008C001P008R001A008,NTU,sit_down,low_risk,13.3846,14.8932,0.1811,0.0094,4.9413,0.1835,0.055,0.1244,Sitting
S008C001P008R001A009,NTU,stand_up,low_risk,12.3386,9.0484,0.1464,0.0063,5.3392,0.1526,0.0413,0.1057,Standing
S008C001P008R001A042,NTU,staggering,moderate_risk,5.6211,3.7287,0.2962,0.0187,7.0534,0.0305,0.1216,0.0942,Walking
S008C001P008R001A043,NTU,falling_down,high_risk,20.3425,16.3841,0.2175,0.0129,5.3448,0.3159,0.066,0.238,Lying
S008C001P008R002A008,NTU,sit_down,low_risk,12.944,11.8092,0.1985,0.0138,5.5905,0.208,0.0809,0.1809,Sitting
S008C001P008R002A009,NTU,stand_up,low_risk,12.992,8.6208,0.2269,0.0063,5.8616,0.1619,0.0388,0.0658,Standing
S008C001P008R002A042,NTU,staggering,moderate_risk,9.6897,6.1377,0.2845,0.0207,5.919,0.05,0.1467,0.0665,Walking
S008C001P008R002A043,NTU,falling_down,high_risk,41.4601,33.8145,0.2818,0.0121,5.493,0.2316,0.0546,0.3837,Lying
S008C001P015R001A008,NTU,sit_down,low_risk,5.7744,3.7857,0.1643,0.0058,5.0992,0.1024,0.0271,0.0408,Sitting
S008C001P015R001A009,NTU,stand_up,low_risk,9.8399,7.0731,0.1004,0.0063,4.795,0.1146,0.0316,0.0547,Standing
S008C001P015R001A042,NTU,staggering,moderate_risk,3.0357,1.7732,0.2325,0.0102,5.7729,0.0499,0.0547,0.021,Walking
S008C001P015R001A043,NTU,falling_down,high_risk,13.8153,16.5797,0.156,0.0233,4.6333,0.2981,0.0862,0.2301,Lying
S008C001P015R002A008,NTU,sit_down,low_risk,8.2465,7.6277,0.1233,0.0047,4.7647,0.1228,0.0305,0.0539,Sitting
S008C001P015R002A009,NTU,stand_up,low_risk,7.7882,8.0401,0.1471,0.0059,5.1669,0.1316,0.0372,0.0722,Standing
S008C001P015R002A042,NTU,staggering,moderate_risk,2.7627,2.1197,0.209,0.0183,5.5554,0.0472,0.0775,0.0338,Walking
S008C001P015R002A043,NTU,falling_down,high_risk,25.0947,25.9141,0.1907,0.0141,4.9169,0.2409,0.063,0.2971,Lying
S008C001P019R001A008,NTU,sit_down,low_risk,9.963,5.737,0.1427,0.0121,4.6599,0.1328,0.0496,0.0413,Sitting
S008C001P019R001A009,NTU,stand_up,low_risk,9.7103,8.25,0.1389,0.0079,4.6225,0.1784,0.0391,0.0257,Standing
S008C001P019R001A042,NTU,staggering,moderate_risk,2.6028,2.1779,0.2708,0.0089,6.3442,0.0378,0.0478,0.0154,Walking
S008C001P019R001A043,NTU,falling_down,high_risk,3.7592,2.2088,0.2427,0.0176,5.2179,0.3161,0.0689,0.0874,Lying
S008C001P019R002A008,NTU,sit_down,low_risk,7.1135,5.4467,0.2068,0.0161,4.172,0.1727,0.0681,0.0438,Sitting
S008C001P019R002A009,NTU,stand_up,low_risk,8.6172,4.3949,0.1424,0.0079,4.6997,0.177,0.0332,0.0229,Standing
S008C001P019R002A042,NTU,staggering,moderate_risk,3.1609,1.6064,0.2425,0.0057,5.8604,0.045,0.041,0.0134,Walking
S008C001P019R002A043,NTU,falling_down,high_risk,7.2708,6.7965,0.19,0.0163,4.6583,0.2931,0.0648,0.1279,Lying
S008C001P025R001A008,NTU,sit_down,low_risk,7.4726,5.1848,0.1511,0.0101,4.8532,0.1824,0.0642,0.0902,Sitting
S008C001P025R001A009,NTU,stand_up,low_risk,6.6378,5.5656,0.143,0.0065,4.7389,0.1799,0.046,0.0526,Standing
S008C001P025R001A042,NTU,staggering,moderate_risk,12.4907,11.4219,0.2627,0.0136,5.421,0.1248,0.0814,0.1138,Walking
S008C001P025R001A043,NTU,falling_down,high_risk,9.4861,10.2321,0.2486,0.0116,4.7732,0.2922,0.0669,0.1669,Lying
S008C001P025R002A008,NTU,sit_down,low_risk,15.6905,13.8731,0.1832,0.0109,4.691,0.2084,0.0509,0.1029,Sitting
S008C001P025R002A009,NTU,stand_up,low_risk,12.9151,10.8705,0.139,0.0096,4.855,0.1859,0.0441,0.0676,Standing
S008C001P025R002A042,NTU,staggering,moderate_risk,4.7153,3.2768,0.2407,0.0107,5.6625,0.0787,0.0712,0.0308,Walking
S008C001P025R002A043,NTU,falling_down,high_risk,28.3439,21.7064,0.2813,0.0102,5.5611,0.165,0.0687,0.298,Lying
S008C001P029R001A008,NTU,sit_down,low_risk,4.8643,4.1819,0.1726,0.0082,5.0488,0.142,0.0554,0.0897,Sitting
S008C001P029R001A009,NTU,stand_up,low_risk,9.5453,6.7653,0.1827,0.0068,6.263,0.1357,0.048,0.0553,Standing
S008C001P029R001A042,NTU,staggering,moderate_risk,3.3644,2.3134,0.2108,0.0128,5.6105,0.0158,0.0665,0.0193,Walking
S008C001P029R001A043,NTU,falling_down,high_risk,7.6644,7.0922,0.1675,0.0137,4.6646,0.2821,0.0639,0.065,Lying
S008C001P029R002A008,NTU,sit_down,low_risk,12.1855,9.4246,0.1586,0.0164,4.3007,0.1726,0.0819,0.0791,Sitting
S008C001P029R002A009,NTU,stand_up,low_risk,11.0005,8.1044,0.1456,0.0114,4.2687,0.158,0.0514,0.0682,Standing
S008C001P029R002A042,NTU,staggering,moderate_risk,4.0942,1.8421,0.2277,0.0158,5.4479,0.0141,0.0919,0.0312,Walking
S008C001P029R002A043,NTU,falling_down,high_risk,13.7431,11.8503,0.1696,0.012,4.7319,0.2213,0.0606,0.1209,Lying
S008C001P030R001A008,NTU,sit_down,low_risk,8.2516,8.1061,0.1534,0.0086,4.8613,0.1538,0.0422,0.038,Sitting
S008C001P030R001A009,NTU,stand_up,low_risk,13.6351,11.7294,0.1381,0.0082,4.6265,0.1659,0.0418,0.0635,Standing
S008C001P030R001A042,NTU,staggering,moderate_risk,6.4062,4.9929,0.2163,0.0053,5.8085,0.0397,0.0391,0.0255,Walking
S008C001P030R001A043,NTU,falling_down,high_risk,13.5741,17.2376,0.2134,0.0075,5.3734,0.1698,0.0371,0.2716,Lying
S008C001P030R002A008,NTU,sit_down,low_risk,50.3294,31.3762,0.2879,0.0236,3.5138,0.1164,0.085,0.5604,Sitting
S008C001P030R002A009,NTU,stand_up,low_risk,12.0745,9.6001,0.1318,0.0087,4.4104,0.1845,0.0471,0.0789,Standing
S008C001P030R002A042,NTU,staggering,moderate_risk,4.372,4.1126,0.1963,0.01,5.458,0.0421,0.0511,0.0265,Walking
S008C001P030R002A043,NTU,falling_down,high_risk,8.4499,14.8682,0.2203,0.017,4.2659,0.3552,0.0805,0.2368,Lying
S008C001P031R001A008,NTU,sit_down,low_risk,14.3627,11.731,0.1743,0.0107,4.7128,0.2064,0.0524,0.0668,Sitting
S008C001P031R001A009,NTU,stand_up,low_risk,14.8633,9.8518,0.1437,0.0063,4.5652,0.1965,0.0319,0.0484,Standing
S008C001P031R001A042,NTU,staggering,moderate_risk,5.6548,5.4028,0.2191,0.0046,5.5914,0.0205,0.0358,0.0207,Walking
S008C001P031R001A043,NTU,falling_down,high_risk,27.4878,19.9726,0.1957,0.0127,4.6359,0.2386,0.0557,0.2066,Lying
S008C001P031R002A008,NTU,sit_down,low_risk,9.2096,8.43,0.1506,0.0234,4.4699,0.2184,0.0995,0.1329,Sitting
S008C001P031R002A009,NTU,stand_up,low_risk,9.9336,6.6757,0.1053,0.0071,4.4079,0.2087,0.0425,0.1265,Standing
S008C001P031R002A042,NTU,staggering,moderate_risk,3.0217,2.3405,0.2276,0.005,5.9424,0.013,0.0249,0.0094,Walking
S008C001P031R002A043,NTU,falling_down,high_risk,8.5757,11.7527,0.2345,0.0158,4.895,0.2238,0.0932,0.2865,Lying
S008C001P032R001A008,NTU,sit_down,low_risk,7.3315,5.2717,0.1733,0.0097,4.2167,0.1807,0.0442,0.056,Sitting
S008C001P032R001A009,NTU,stand_up,low_risk,5.9072,3.9375,0.1618,0.0119,5.2286,0.176,0.0536,0.0733,Standing
S008C001P032R001A042,NTU,staggering,moderate_risk,4.0426,2.5733,0.2157,0.0083,5.32,0.021,0.0548,0.0245,Walking
S008C001P032R001A043,NTU,falling_down,high_risk,12.9941,12.9438,0.282,0.027,3.6217,0.414,0.0983,0.1863,Lying
S008C001P032R002A008,NTU,sit_down,low_risk,3.7728,2.2617,0.1388,0.0086,4.2895,0.1489,0.0492,0.028,Sitting
S008C001P032R002A009,NTU,stand_up,low_risk,4.345,3.4871,0.16,0.0076,4.2586,0.1741,0.036,0.0267,Standing
S008C001P032R002A042,NTU,staggering,moderate_risk,3.7525,1.8639,0.22,0.0115,5.3159,0.0161,0.0824,0.043,Walking
S008C001P032R002A043,NTU,falling_down,high_risk,11.8624,12.6152,0.2538,0.0228,4.265,0.3188,0.1117,0.153,Lying
S008C001P033R001A008,NTU,sit_down,low_risk,7.9617,6.9249,0.1924,0.0067,4.8461,0.2011,0.0421,0.0345,Sitting
S008C001P033R001A009,NTU,stand_up,low_risk,13.4135,7.1313,0.1321,0.0085,4.4213,0.181,0.0453,0.0499,Standing
S008C001P033R001A042,NTU,staggering,moderate_risk,6.5438,4.2598,0.2085,0.0098,5.3201,0.039,0.0532,0.0249,Walking
S008C001P033R001A043,NTU,falling_down,high_risk,15.8836,18.6578,0.2241,0.0296,4.0187,0.2631,0.1184,0.2194,Lying
S008C001P033R002A008,NTU,sit_down,low_risk,11.0731,10.8002,0.1575,0.0087,4.4762,0.2071,0.0436,0.0654,Sitting
S008C001P033R002A009,NTU,stand_up,low_risk,15.5288,13.3409,0.1403,0.0087,4.3606,0.1869,0.0525,0.1097,Standing
S008C001P033R002A042,NTU,staggering,moderate_risk,7.7684,5.9554,0.1908,0.0143,5.0759,0.0491,0.0859,0.0392,Walking
S008C001P033R002A043,NTU,falling_down,high_risk,39.1549,33.6364,0.1865,0.0311,4.1882,0.1704,0.1013,0.3706,Lying
S008C001P034R001A008,NTU,sit_down,low_risk,8.5722,5.8401,0.2077,0.0194,3.7766,0.2089,0.0806,0.1887,Sitting
S008C001P034R001A009,NTU,stand_up,low_risk,10.4559,8.4274,0.1835,0.0078,3.7999,0.1792,0.0353,0.0826,Standing
S008C001P034R001A042,NTU,staggering,moderate_risk,3.5552,3.7999,0.1798,0.0181,4.8275,0.0451,0.113,0.0336,Walking
S008C001P034R001A043,NTU,falling_down,high_risk,33.9964,32.0915,0.2154,0.0244,4.3303,0.2749,0.1023,0.4056,Lying
S008C001P034R002A008,NTU,sit_down,low_risk,9.035,3.1545,0.1559,0.0088,3.8213,0.1593,0.0376,0.0686,Sitting
S008C001P034R002A009,NTU,stand_up,low_risk,9.6266,8.9025,0.1512,0.0102,4.3567,0.1941,0.0488,0.1524,Standing
S008C001P034R002A042,NTU,staggering,moderate_risk,6.9324,5.7147,0.2343,0.0151,4.7262,0.0335,0.0677,0.0426,Walking
S008C001P034R002A043,NTU,falling_down,high_risk,15.1738,13.2408,0.35,0.0318,3.2071,0.4173,0.1154,0.1648,Lying
S008C001P035R001A008,NTU,sit_down,low_risk,11.1848,8.1415,0.1557,0.0062,4.468,0.1792,0.0306,0.0477,Sitting
S008C001P035R001A009,NTU,stand_up,low_risk,10.841,7.5233,0.128,0.0069,4.227,0.1647,0.0313,0.0218,Standing
S008C001P035R001A042,NTU,staggering,moderate_risk,4.1208,3.1902,0.2417,0.005,5.5456,0.051,0.0345,0.0273,Walking
S008C001P035R001A043,NTU,falling_down,high_risk,6.8175,8.2562,0.1978,0.0107,4.4062,0.3135,0.0485,0.0766,Lying
S008C001P035R002A008,NTU,sit_down,low_risk,9.1348,6.9274,0.1639,0.0082,4.3308,0.2208,0.0481,0.1102,Sitting
S008C001P035R002A009,NTU,stand_up,low_risk,7.8277,7.456,0.1431,0.007,5.1688,0.1918,0.0359,0.0831,Standing
S008C001P035R002A042,NTU,staggering,moderate_risk,4.3826,3.0129,0.2409,0.0059,5.6793,0.0389,0.0449,0.0153,Walking
S008C001P035R002A043,NTU,falling_down,high_risk,17.586,17.7994,0.2518,0.0157,4.2567,0.2896,0.0536,0.1114,Lying
S008C001P036R001A008,NTU,sit_down,low_risk,5.7069,3.9309,0.1239,0.0053,4.6548,0.1365,0.0267,0.0422,Sitting
S008C001P036R001A009,NTU,stand_up,low_risk,6.5151,4.8371,0.1565,0.0048,5.1737,0.1477,0.0219,0.0441,Standing
S008C001P036R001A042,NTU,staggering,moderate_risk,4.9628,3.4101,0.2479,0.0125,5.8466,0.0227,0.0649,0.0372,Walking
S008C001P036R001A043,NTU,falling_down,high_risk,9.8827,8.1928,0.2078,0.0166,4.4471,0.322,0.0594,0.1499,Lying
S008C001P036R002A008,NTU,sit_down,low_risk,30.8708,11.9623,0.1362,0.0442,3.6564,0.1962,0.1101,0.1631,Sitting
S008C001P036R002A009,NTU,stand_up,low_risk,21.7509,9.9716,0.1084,0.0066,4.4268,0.1415,0.032,0.0734,Standing
S008C001P036R002A042,NTU,staggering,moderate_risk,5.138,2.3829,0.2538,0.0136,5.9578,0.0191,0.0747,0.0335,Walking
S008C001P036R002A043,NTU,falling_down,high_risk,36.8,23.7801,0.2094,0.0185,4.4047,0.2683,0.0773,0.2517,Lying
S008C002P001R001A008,NTU,sit_down,low_risk,6.5723,5.8025,0.2329,0.0098,5.1265,0.1537,0.0483,0.0832,Sitting
S008C002P001R001A009,NTU,stand_up,low_risk,0.0,0.0,0.0,0.0,0.0,0.0,0.0,0.0,Standing
S008C002P001R001A042,NTU,staggering,moderate_risk,7.6665,5.2863,0.288,0.0159,5.4876,0.0812,0.0626,0.0455,Walking
S008C002P001R001A043,NTU,falling_down,high_risk,14.8106,16.1559,0.2977,0.0126,4.6848,0.2602,0.0541,0.1198,Lying
S008C002P001R002A008,NTU,sit_down,low_risk,2.6331,2.4552,0.1313,0.0048,5.0088,0.1158,0.03,0.0411,Sitting
S008C002P001R002A009,NTU,stand_up,low_risk,2.5893,2.0673,0.1283,0.0034,4.9833,0.1369,0.0324,0.0485,Standing
S008C002P001R002A042,NTU,staggering,moderate_risk,2.1657,1.7292,0.2067,0.0072,5.3398,0.067,0.0313,0.0195,Walking
S008C002P001R002A043,NTU,falling_down,high_risk,5.9376,4.4629,0.2266,0.0119,4.2423,0.3059,0.0434,0.085,Lying
S008C002P007R001A008,NTU,sit_down,low_risk,19.3122,14.5684,0.1682,0.0131,5.2571,0.1494,0.0675,0.1169,Sitting
S008C002P007R001A009,NTU,stand_up,low_risk,14.799,8.9243,0.1128,0.0096,4.9049,0.1549,0.0385,0.0813,Standing
S008C002P007R001A042,NTU,staggering,moderate_risk,22.3513,21.5138,0.2728,0.0205,6.3278,0.137,0.1041,0.2046,Walking
S008C002P007R001A043,NTU,falling_down,high_risk,19.6935,18.9483,0.3381,0.0208,5.9752,0.2342,0.0813,0.2034,Lying
S008C002P007R002A008,NTU,sit_down,low_risk,11.3684,14.867,0.161,0.0119,4.7088,0.2482,0.055,0.1261,Sitting
S008C002P007R002A009,NTU,stand_up,low_risk,8.8263,9.8128,0.1733,0.009,4.6933,0.2444,0.0504,0.1213,Standing
S008C002P007R002A042,NTU,staggering,moderate_risk,8.8158,9.705,0.2369,0.0321,5.1136,0.1847,0.1481,0.0917,Walking
S008C002P007R002A043,NTU,falling_down,high_risk,5.9712,6.6855,0.2085,0.0136,4.5871,0.3214,0.0593,0.1716,Lying
S008C002P008R001A008,NTU,sit_down,low_risk,26.7778,14.3401,0.1865,0.0147,4.7526,0.1903,0.0566,0.1177,Sitting
S008C002P008R001A009,NTU,stand_up,low_risk,30.9389,12.1272,0.1287,0.0147,4.8165,0.1673,0.0511,0.1356,Standing
S008C002P008R001A042,NTU,staggering,moderate_risk,4.4345,2.9032,0.2777,0.0188,5.9317,0.0368,0.1178,0.0682,Walking
S008C002P008R001A043,NTU,falling_down,high_risk,6.1152,6.5364,0.2092,0.0191,4.363,0.3042,0.1121,0.1357,Lying
S008C002P008R002A008,NTU,sit_down,low_risk,12.3731,21.5841,0.2545,0.0541,4.347,0.35,0.1735,0.302,Sitting
S008C002P008R002A009,NTU,stand_up,low_risk,3.5466,3.1522,0.237,0.0487,4.3496,0.3286,0.1203,0.1185,Standing
S008C002P008R002A042,NTU,staggering,moderate_risk,9.0132,6.1464,0.2507,0.0199,5.4967,0.0544,0.126,0.0262,Walking
S008C002P008R002A043,NTU,falling_down,high_risk,45.4278,38.2315,0.3143,0.0179,5.3848,0.1293,0.0511,0.4242,Lying
S008C002P015R001A008,NTU,sit_down,low_risk,8.5689,3.8999,0.144,0.0064,4.1421,0.1214,0.03,0.027,Sitting
S008C002P015R001A009,NTU,stand_up,low_risk,12.9618,9.2816,0.1313,0.0118,3.9231,0.1318,0.0382,0.0353,Standing
S008C002P015R001A042,NTU,staggering,moderate_risk,11.4658,4.4384,0.2446,0.0267,5.4915,0.0685,0.0896,0.0602,Walking
S008C002P015R001A043,NTU,falling_down,high_risk,28.4423,31.5715,0.2303,0.0218,4.5838,0.2224,0.0809,0.3695,Lying
S008C002P015R002A008,NTU,sit_down,low_risk,1.4756,0.8878,0.1197,0.0056,4.5981,0.1152,0.0369,0.0432,Sitting
S008C002P015R002A009,NTU,stand_up,low_risk,1.2377,0.7244,0.1194,0.0051,4.6534,0.1255,0.0333,0.0897,Standing
S008C002P015R002A042,NTU,staggering,moderate_risk,3.3278,2.4178,0.1995,0.0101,5.393,0.0368,0.0448,0.0146,Walking
S008C002P015R002A043,NTU,falling_down,high_risk,8.7818,10.1729,0.1769,0.0103,4.6731,0.2544,0.059,0.1734,Lying
S008C002P019R001A008,NTU,sit_down,low_risk,17.9981,15.0863,0.2025,0.0241,4.2743,0.1933,0.0671,0.0789,Sitting
S008C002P019R001A009,NTU,stand_up,low_risk,10.7184,7.1056,0.1747,0.0218,4.1414,0.2221,0.0689,0.1036,Standing
S008C002P019R001A042,NTU,staggering,moderate_risk,14.1308,4.6668,0.2537,0.013,6.23,0.0339,0.0711,0.0488,Walking
S008C002P019R001A043,NTU,falling_down,high_risk,12.1523,8.0632,0.2385,0.0184,4.7524,0.3598,0.0804,0.066,Lying
S008C002P019R002A008,NTU,sit_down,low_risk,4.7605,3.1298,0.212,0.0148,4.3685,0.1677,0.0819,0.1408,Sitting
S008C002P019R002A009,NTU,stand_up,low_risk,1.9183,1.4287,0.1532,0.0052,4.7717,0.1732,0.0281,0.0301,Standing
S008C002P019R002A042,NTU,staggering,moderate_risk,3.4736,2.3302,0.2287,0.0095,5.4019,0.0614,0.0338,0.0131,Walking
S008C002P019R002A043,NTU,falling_down,high_risk,8.8248,7.7178,0.1981,0.0142,4.5023,0.2932,0.0505,0.1094,Lying
S008C002P025R001A008,NTU,sit_down,low_risk,20.4679,14.3788,0.1904,0.0119,4.8381,0.1835,0.0566,0.1118,Sitting
S008C002P025R001A009,NTU,stand_up,low_risk,22.1255,10.6044,0.1367,0.0132,4.5533,0.1859,0.046,0.065,Standing
S008C002P025R001A042,NTU,staggering,moderate_risk,26.8544,17.3918,0.2884,0.0098,5.0475,0.1034,0.0462,0.1241,Walking
S008C002P025R001A043,NTU,falling_down,high_risk,15.0638,13.2618,0.2538,0.0092,4.727,0.2594,0.0402,0.2158,Lying
S008C002P025R002A008,NTU,sit_down,low_risk,4.6758,5.7515,0.1714,0.0094,4.7852,0.208,0.0701,0.222,Sitting
S008C002P025R002A009,NTU,stand_up,low_risk,5.598,3.7246,0.1382,0.0052,5.1842,0.1743,0.0393,0.1263,Standing
S008C002P025R002A042,NTU,staggering,moderate_risk,4.7072,4.0829,0.2467,0.0132,5.5163,0.0874,0.076,0.0299,Walking
S008C002P025R002A043,NTU,falling_down,high_risk,17.7716,17.2192,0.3089,0.0115,4.151,0.2878,0.0874,0.2751,Lying
S008C002P029R001A008,NTU,sit_down,low_risk,9.5034,7.9857,0.2062,0.0139,4.9195,0.1543,0.07,0.0573,Sitting
S008C002P029R001A009,NTU,stand_up,low_risk,13.8662,11.4549,0.1637,0.015,4.2199,0.1832,0.0529,0.0959,Standing
S008C002P029R001A042,NTU,staggering,moderate_risk,3.3145,1.8407,0.2518,0.0122,5.295,0.0182,0.0713,0.0335,Walking
S008C002P029R001A043,NTU,falling_down,high_risk,4.5521,3.1452,0.2237,0.0189,4.3171,0.3097,0.0741,0.0638,Lying
S008C002P029R002A008,NTU,sit_down,low_risk,3.3086,2.3259,0.1564,0.0159,4.5181,0.1667,0.0993,0.0817,Sitting
S008C002P029R002A009,NTU,stand_up,low_risk,2.2709,1.1642,0.1189,0.0057,4.5095,0.1437,0.044,0.0685,Standing
S008C002P029R002A042,NTU,staggering,moderate_risk,4.9742,3.6479,0.2047,0.0145,5.2654,0.0359,0.0831,0.0166,Walking
S008C002P029R002A043,NTU,falling_down,high_risk,6.1516,5.092,0.1709,0.0118,4.5089,0.205,0.0582,0.0772,Lying
S008C002P030R001A008,NTU,sit_down,low_risk,55.6681,14.708,0.1401,0.0243,4.043,0.0344,0.0631,0.2483,Sitting
S008C002P030R001A009,NTU,stand_up,low_risk,15.1967,13.4674,0.144,0.0176,4.0458,0.1579,0.0768,0.1089,Standing
S008C002P030R001A042,NTU,staggering,moderate_risk,14.4318,5.6612,0.2337,0.0111,5.2703,0.0244,0.0561,0.0538,Walking
S008C002P030R001A043,NTU,falling_down,high_risk,33.7493,31.725,0.2865,0.0161,4.764,0.1649,0.0513,0.3275,Lying
S008C002P030R002A008,NTU,sit_down,low_risk,2.2607,1.1394,0.1537,0.0039,4.975,0.1313,0.0279,0.0327,Sitting
S008C002P030R002A009,NTU,stand_up,low_risk,2.2393,1.6075,0.1164,0.006,4.2411,0.1798,0.0424,0.0466,Standing
S008C002P030R002A042,NTU,staggering,moderate_risk,2.1205,1.2894,0.2036,0.0058,5.5572,0.0446,0.0357,0.0145,Walking
S008C002P030R002A043,NTU,falling_down,high_risk,30.9568,31.596,0.1913,0.0195,5.3577,0.1111,0.0692,0.3747,Lying
S008C002P031R001A008,NTU,sit_down,low_risk,25.6849,16.3393,0.1774,0.0192,3.9341,0.2098,0.0437,0.1146,Sitting
S008C002P031R001A009,NTU,stand_up,low_risk,14.152,13.6209,0.126,0.0093,3.653,0.1767,0.0444,0.0801,Standing
S008C002P031R001A042,NTU,staggering,moderate_risk,15.2208,6.9349,0.2543,0.0062,5.5734,0.016,0.041,0.0286,Walking
S008C002P031R001A043,NTU,falling_down,high_risk,26.8503,18.2975,0.2639,0.0213,4.3111,0.3171,0.0724,0.1973,Lying
S008C002P031R002A008,NTU,sit_down,low_risk,5.7197,5.8948,0.1755,0.024,4.1384,0.2231,0.1233,0.1596,Sitting
S008C002P031R002A009,NTU,stand_up,low_risk,3.8734,2.8816,0.1221,0.0066,4.3902,0.2067,0.0335,0.1274,Standing
S008C002P031R002A042,NTU,staggering,moderate_risk,3.2526,2.0299,0.2233,0.0046,5.7977,0.0145,0.0224,0.0108,Walking
S008C002P031R002A043,NTU,falling_down,high_risk,20.0434,17.6801,0.1782,0.0093,5.3859,0.1816,0.0633,0.2381,Lying
S008C002P032R001A008,NTU,sit_down,low_risk,19.4078,8.4501,0.2669,0.0206,5.3862,0.2779,0.0844,0.1656,Sitting
S008C002P032R001A009,NTU,stand_up,low_risk,7.8444,4.4488,0.0989,0.0174,4.2803,0.1643,0.0562,0.144,Standing
S008C002P032R001A042,NTU,staggering,moderate_risk,8.8265,4.6033,0.2725,0.0147,6.0198,0.0309,0.0834,0.0293,Walking
S008C002P032R001A043,NTU,falling_down,high_risk,27.1308,19.9828,0.3389,0.0422,4.1192,0.4364,0.133,0.2103,Lying
S008C002P032R002A008,NTU,sit_down,low_risk,3.7547,2.1809,0.1586,0.0072,4.1251,0.1539,0.0394,0.0309,Sitting
S008C002P032R002A009,NTU,stand_up,low_risk,7.7137,5.4049,0.1509,0.0055,4.1139,0.1527,0.0362,0.0362,Standing
S008C002P032R002A042,NTU,staggering,moderate_risk,3.6645,3.5462,0.2411,0.018,5.484,0.0396,0.0859,0.0207,Walking
S008C002P032R002A043,NTU,falling_down,high_risk,21.2824,23.2361,0.3155,0.0269,4.0165,0.3589,0.0849,0.203,Lying
S008C002P033R001A008,NTU,sit_down,low_risk,29.0795,17.1953,0.1836,0.0212,4.5529,0.1988,0.0646,0.1735,Sitting
S008C002P033R001A009,NTU,stand_up,low_risk,29.8226,8.5435,0.1713,0.0208,4.4697,0.1795,0.0646,0.0805,Standing
S008C002P033R001A042,NTU,staggering,moderate_risk,21.775,6.7609,0.2281,0.0115,5.3299,0.0334,0.0648,0.0533,Walking
S008C002P033R001A043,NTU,falling_down,high_risk,28.6631,26.8772,0.2315,0.0389,4.2581,0.1839,0.1186,0.2944,Lying
S008C002P033R002A008,NTU,sit_down,low_risk,2.8824,2.7083,0.2034,0.0085,4.2617,0.2035,0.051,0.1143,Sitting
S008C002P033R002A009,NTU,stand_up,low_risk,3.9199,3.1967,0.1522,0.0105,4.0628,0.2275,0.0483,0.1245,Standing
S008C002P033R002A042,NTU,staggering,moderate_risk,4.687,2.497,0.1916,0.0171,5.1618,0.0605,0.0847,0.0234,Walking
S008C002P033R002A043,NTU,falling_down,high_risk,11.8667,11.3814,0.2747,0.0343,4.1086,0.3454,0.1659,0.2401,Lying
S008C002P034R001A008,NTU,sit_down,low_risk,46.0818,25.4044,0.2012,0.0486,3.3913,0.132,0.1067,0.4364,Sitting
S008C002P034R001A009,NTU,stand_up,low_risk,18.312,16.6189,0.1336,0.0161,3.9087,0.1201,0.0622,0.145,Standing
S008C002P034R001A042,NTU,staggering,moderate_risk,6.4744,4.8485,0.2203,0.0169,5.0229,0.0518,0.1007,0.0402,Walking
S008C002P034R001A043,NTU,falling_down,high_risk,10.8282,8.5923,0.1826,0.0202,4.4568,0.3553,0.1159,0.2075,Lying
S008C002P034R002A008,NTU,sit_down,low_risk,3.4073,2.5705,0.1686,0.0087,3.5761,0.1683,0.0414,0.1088,Sitting
S008C002P034R002A009,NTU,stand_up,low_risk,4.823,2.2622,0.1257,0.0074,3.8547,0.2052,0.0353,0.1521,Standing
S008C002P034R002A042,NTU,staggering,moderate_risk,9.4027,7.4878,0.2387,0.0215,4.5088,0.0276,0.0705,0.0258,Walking
S008C002P034R002A043,NTU,falling_down,high_risk,29.4204,28.3864,0.3016,0.0412,2.942,0.4838,0.1355,0.3009,Lying
S008C002P035R001A008,NTU,sit_down,low_risk,22.1087,11.9993,0.186,0.0163,3.9112,0.1607,0.0463,0.0509,Sitting
S008C002P035R001A009,NTU,stand_up,low_risk,22.9329,7.8172,0.1491,0.017,3.9023,0.1947,0.05,0.0588,Standing
S008C002P035R001A042,NTU,staggering,moderate_risk,6.5064,4.0224,0.2438,0.0073,5.0602,0.0625,0.0422,0.0519,Walking
S008C002P035R001A043,NTU,falling_down,high_risk,21.3288,20.7641,0.2415,0.026,4.332,0.2602,0.0625,0.2407,Lying
S008C002P035R002A008,NTU,sit_down,low_risk,4.2659,4.4752,0.1782,0.0084,4.2664,0.2236,0.0513,0.2283,Sitting
S008C002P035R002A009,NTU,stand_up,low_risk,1.2863,1.2666,0.1418,0.0089,4.761,0.1918,0.0384,0.1286,Standing
S008C002P035R002A042,NTU,staggering,moderate_risk,6.5237,5.409,0.2394,0.0085,5.4528,0.0413,0.0483,0.0184,Walking
S008C002P035R002A043,NTU,falling_down,high_risk,7.1204,9.2892,0.2462,0.0162,4.1855,0.2984,0.0575,0.0841,Lying
S008C002P036R001A008,NTU,sit_down,low_risk,9.6604,8.3399,0.1375,0.0103,5.1819,0.1342,0.0529,0.0531,Sitting
S008C002P036R001A009,NTU,stand_up,low_risk,6.2135,5.9133,0.1209,0.0116,5.2481,0.1488,0.0458,0.0239,Standing
S008C002P036R001A042,NTU,staggering,moderate_risk,4.5991,3.5353,0.262,0.013,5.9322,0.0137,0.0801,0.0645,Walking
S008C002P036R001A043,NTU,falling_down,high_risk,34.733,16.7344,0.2835,0.0155,4.4719,0.2863,0.055,0.2006,Lying
S008C002P036R002A008,NTU,sit_down,low_risk,4.8912,4.4443,0.1812,0.0178,4.5409,0.1891,0.0805,0.188,Sitting
S008C002P036R002A009,NTU,stand_up,low_risk,6.6899,4.4188,0.1472,0.005,4.808,0.1426,0.0297,0.0563,Standing
S008C002P036R002A042,NTU,staggering,moderate_risk,3.1239,2.1514,0.2169,0.0113,5.5111,0.0199,0.0586,0.0133,Walking
S008C002P036R002A043,NTU,falling_down,high_risk,18.0779,17.48,0.2201,0.0279,4.1677,0.3032,0.0835,0.2633,Lying
S008C003P001R001A008,NTU,sit_down,low_risk,6.0648,5.0937,0.1598,0.0109,4.8707,0.1542,0.0466,0.0712,Sitting
S008C003P001R001A009,NTU,stand_up,low_risk,7.4727,5.7102,0.1838,0.0084,4.5677,0.2134,0.0367,0.0989,Standing
S008C003P001R001A042,NTU,staggering,moderate_risk,2.7647,2.9872,0.197,0.0085,5.4191,0.0333,0.041,0.0246,Walking
S008C003P001R001A043,NTU,falling_down,high_risk,2.3923,3.2052,0.2151,0.0148,4.4023,0.2962,0.0547,0.0778,Lying
S008C003P001R002A008,NTU,sit_down,low_risk,12.1834,6.4683,0.2082,0.022,3.4759,0.2123,0.0619,0.1203,Sitting
S008C003P001R002A009,NTU,stand_up,low_risk,16.6974,20.856,0.2462,0.0293,3.564,0.1121,0.0889,0.3801,Standing
S008C003P001R002A042,NTU,staggering,moderate_risk,3.5502,2.3103,0.277,0.0131,5.6005,0.0487,0.064,0.0447,Walking
S008C003P001R002A043,NTU,falling_down,high_risk,12.6744,7.2016,0.2117,0.0165,4.4515,0.3037,0.0685,0.1416,Lying
S008C003P007R001A008,NTU,sit_down,low_risk,2.7151,7.2376,0.1766,0.0261,4.7775,0.7371,0.2171,0.5882,Sitting
S008C003P007R001A009,NTU,stand_up,low_risk,0.0,0.0,0.0,0.0,0.0,0.0,0.0,0.0,Standing
S008C003P007R001A042,NTU,staggering,moderate_risk,7.8078,5.7922,0.202,0.0212,4.9393,0.1667,0.1034,0.0515,Walking
S008C003P007R001A043,NTU,falling_down,high_risk,9.5382,11.9976,0.206,0.0155,4.4344,0.3222,0.0933,0.1206,Lying
S008C003P007R002A008,NTU,sit_down,low_risk,9.8588,7.3628,0.1843,0.0165,4.5902,0.2317,0.0558,0.0606,Sitting
S008C003P007R002A009,NTU,stand_up,low_risk,13.1567,11.7659,0.1648,0.0142,4.2229,0.2307,0.0428,0.0681,Standing
S008C003P007R002A042,NTU,staggering,moderate_risk,20.7864,12.4735,0.2537,0.0303,5.8732,0.1408,0.1759,0.1624,Walking
S008C003P007R002A043,NTU,falling_down,high_risk,25.0549,21.9303,0.2673,0.0224,4.8611,0.2619,0.0859,0.2701,Lying
S008C003P008R001A008,NTU,sit_down,low_risk,7.8911,10.391,0.1617,0.0214,4.9914,0.1946,0.121,0.1888,Sitting
S008C003P008R001A009,NTU,stand_up,low_risk,3.3487,2.6156,0.1602,0.0076,4.8033,0.1638,0.0357,0.0705,Standing
S008C003P008R001A042,NTU,staggering,moderate_risk,3.1238,3.1895,0.2556,0.0182,5.8706,0.0204,0.0972,0.0512,Walking
S008C003P008R001A043,NTU,falling_down,high_risk,33.2261,32.1848,0.2103,0.0135,5.1218,0.1343,0.0525,0.3312,Lying
S008C003P008R002A008,NTU,sit_down,low_risk,28.3952,18.2427,0.1991,0.0165,4.452,0.221,0.0615,0.169,Sitting
S008C003P008R002A009,NTU,stand_up,low_risk,29.4372,15.6189,0.1094,0.0104,4.4789,0.1997,0.0644,0.1023,Standing
S008C003P008R002A042,NTU,staggering,moderate_risk,12.3936,8.5428,0.2673,0.0485,6.4899,0.0671,0.1793,0.0743,Walking
S008C003P008R002A043,NTU,falling_down,high_risk,27.8282,26.0692,0.2505,0.0168,5.9621,0.2049,0.0901,0.2865,Lying
S008C003P015R001A008,NTU,sit_down,low_risk,1.6191,1.291,0.1624,0.0047,4.9977,0.1064,0.0263,0.0349,Sitting
S008C003P015R001A009,NTU,stand_up,low_risk,4.1165,1.6264,0.0948,0.0073,4.6792,0.1359,0.038,0.0431,Standing
S008C003P015R001A042,NTU,staggering,moderate_risk,2.6587,2.1117,0.2042,0.0083,5.5228,0.0358,0.0397,0.0093,Walking
S008C003P015R001A043,NTU,falling_down,high_risk,16.8123,22.5784,0.1433,0.0146,4.5319,0.1834,0.0518,0.2472,Lying
S008C003P015R002A008,NTU,sit_down,low_risk,16.5569,11.6237,0.2275,0.0079,5.6586,0.1289,0.0418,0.0429,Sitting
S008C003P015R002A009,NTU,stand_up,low_risk,11.1609,9.7837,0.2129,0.0108,5.6548,0.1294,0.0506,0.0777,Standing
S008C003P015R002A042,NTU,staggering,moderate_risk,8.3752,2.8169,0.2935,0.0127,5.8531,0.0372,0.0686,0.037,Walking
S008C003P015R002A043,NTU,falling_down,high_risk,21.2999,16.4049,0.2555,0.0147,5.3216,0.2897,0.0743,0.186,Lying
S008C003P019R001A008,NTU,sit_down,low_risk,4.2968,2.144,0.14,0.0095,5.0404,0.1222,0.053,0.0441,Sitting
S008C003P019R001A009,NTU,stand_up,low_risk,4.2341,1.9068,0.1342,0.0064,5.1133,0.1821,0.0384,0.0375,Standing
S008C003P019R001A042,NTU,staggering,moderate_risk,1.7535,1.0908,0.2545,0.0058,5.8111,0.0309,0.0355,0.0103,Walking
S008C003P019R001A043,NTU,falling_down,high_risk,10.8288,10.6327,0.2303,0.0117,4.7782,0.2706,0.0471,0.0522,Lying
S008C003P019R002A008,NTU,sit_down,low_risk,23.8548,18.8777,0.259,0.0229,4.3723,0.2315,0.0967,0.1438,Sitting
S008C003P019R002A009,NTU,stand_up,low_risk,11.082,7.2293,0.1581,0.0193,4.9061,0.1682,0.0648,0.0469,Standing
S008C003P019R002A042,NTU,staggering,moderate_risk,17.7773,12.4589,0.2111,0.0243,5.4976,0.313,0.241,0.313,Walking
S008C003P019R002A043,NTU,falling_down,high_risk,20.9406,16.0,0.2242,0.0183,5.2078,0.2516,0.0809,0.1742,Lying
S008C003P025R001A008,NTU,sit_down,low_risk,5.6661,5.6067,0.1672,0.0076,4.7349,0.1891,0.0482,0.0495,Sitting
S008C003P025R001A009,NTU,stand_up,low_risk,9.2268,4.1593,0.1419,0.0066,4.5027,0.1736,0.0387,0.0267,Standing
S008C003P025R001A042,NTU,staggering,moderate_risk,7.1146,6.9324,0.2373,0.0153,5.4613,0.1534,0.1119,0.0734,Walking
S008C003P025R001A043,NTU,falling_down,high_risk,10.077,11.9936,0.2648,0.0141,4.9212,0.314,0.0801,0.1012,Lying
S008C003P025R002A008,NTU,sit_down,low_risk,37.0398,15.9917,0.2726,0.0112,4.9217,0.0989,0.0796,0.1304,Sitting
S008C003P025R002A009,NTU,stand_up,low_risk,35.4132,12.7863,0.2347,0.0151,4.927,0.1647,0.077,0.1967,Standing
S008C003P025R002A042,NTU,staggering,moderate_risk,10.9576,7.9279,0.2879,0.0299,5.5259,0.1003,0.1544,0.1609,Walking
S008C003P025R002A043,NTU,falling_down,high_risk,45.9428,31.0205,0.447,0.0333,5.6304,0.2778,0.1293,0.472,Lying
S008C003P029R001A008,NTU,sit_down,low_risk,5.1189,5.5142,0.2725,0.0395,5.2935,0.3778,0.2022,0.3663,Sitting
S008C003P029R001A009,NTU,stand_up,low_risk,4.0975,2.6595,0.5433,0.043,7.9536,0.5373,0.1591,0.3986,Standing
S008C003P029R001A042,NTU,staggering,moderate_risk,2.1384,2.1232,0.1959,0.0114,5.2482,0.0292,0.0565,0.0089,Walking
S008C003P029R001A043,NTU,falling_down,high_risk,4.9657,5.8231,0.1726,0.0137,4.5085,0.2283,0.0554,0.0321,Lying
S008C003P029R002A008,NTU,sit_down,low_risk,33.2223,27.7659,0.3079,0.0514,3.5036,0.2679,0.1271,0.5433,Sitting
S008C003P029R002A009,NTU,stand_up,low_risk,14.8379,8.8436,0.1894,0.0205,3.8495,0.209,0.0523,0.0438,Standing
S008C003P029R002A042,NTU,staggering,moderate_risk,8.1677,4.1965,0.2464,0.0333,5.2224,0.0755,0.1497,0.1259,Walking
S008C003P029R002A043,NTU,falling_down,high_risk,12.6736,12.0446,0.2185,0.0156,4.5274,0.2758,0.0728,0.0751,Lying
S008C003P030R001A008,NTU,sit_down,low_risk,2.0165,2.2587,0.1606,0.0049,4.7537,0.1636,0.0296,0.0287,Sitting
S008C003P030R001A009,NTU,stand_up,low_risk,2.051,0.9262,0.1381,0.0059,4.4041,0.1692,0.0375,0.056,Standing
S008C003P030R001A042,NTU,staggering,moderate_risk,4.2774,3.0617,0.2009,0.0047,5.3017,0.0442,0.0333,0.0102,Walking
S008C003P030R001A043,NTU,falling_down,high_risk,21.7138,23.5628,0.2127,0.0113,4.7162,0.1654,0.0403,0.2472,Lying
S008C003P030R002A008,NTU,sit_down,low_risk,9.5245,9.8508,0.2191,0.0158,3.8064,0.0938,0.0518,0.0583,Sitting
S008C003P030R002A009,NTU,stand_up,low_risk,18.3593,18.6589,0.1799,0.0203,3.9154,0.121,0.0741,0.1059,Standing
S008C003P030R002A042,NTU,staggering,moderate_risk,63.352,1.4457,0.2689,0.0133,2.2935,0.007,0.0173,0.0066,Walking
S008C003P030R002A043,NTU,falling_down,high_risk,59.797,1.9074,0.244,0.0165,2.2554,0.008,0.0193,0.0124,Lying
S008C003P031R001A008,NTU,sit_down,low_risk,0.927,0.7821,0.1554,0.0064,4.5051,0.2158,0.0421,0.0611,Sitting
S008C003P031R001A009,NTU,stand_up,low_risk,2.1976,1.434,0.1412,0.0049,4.826,0.1939,0.027,0.063,Standing
S008C003P031R001A042,NTU,staggering,moderate_risk,0.9976,0.7852,0.229,0.0066,5.8513,0.0273,0.0337,0.0083,Walking
S008C003P031R001A043,NTU,falling_down,high_risk,7.3085,6.9306,0.1616,0.0164,4.3812,0.265,0.0807,0.0955,Lying
S008C003P031R002A008,NTU,sit_down,low_risk,29.3741,13.4854,0.1328,0.0303,3.8013,0.2649,0.0911,0.1736,Sitting
S008C003P031R002A009,NTU,stand_up,low_risk,30.0364,13.5512,0.1758,0.0167,3.684,0.2606,0.0464,0.1194,Standing
S008C003P031R002A042,NTU,staggering,moderate_risk,7.6689,2.8952,0.258,0.0121,6.0421,0.0809,0.0527,0.0805,Walking
S008C003P031R002A043,NTU,falling_down,high_risk,29.8576,24.7725,0.2803,0.0143,5.1619,0.2029,0.0698,0.3027,Lying
S008C003P032R001A008,NTU,sit_down,low_risk,5.2517,3.9051,0.178,0.0088,4.2412,0.1529,0.0383,0.056,Sitting
S008C003P032R001A009,NTU,stand_up,low_risk,4.2793,2.7987,0.1404,0.0085,5.1506,0.1388,0.0431,0.0909,Standing
S008C003P032R001A042,NTU,staggering,moderate_risk,4.3015,2.9798,0.2302,0.0122,5.2712,0.0284,0.0565,0.0197,Walking
S008C003P032R001A043,NTU,falling_down,high_risk,8.3527,6.045,0.3204,0.0263,3.8487,0.3652,0.1057,0.0981,Lying
S008C003P032R002A008,NTU,sit_down,low_risk,20.3295,10.9414,0.1234,0.0158,4.4921,0.1657,0.0759,0.1933,Sitting
S008C003P032R002A009,NTU,stand_up,low_risk,15.0262,10.6745,0.1175,0.0137,5.129,0.1388,0.0771,0.203,Standing
S008C003P032R002A042,NTU,staggering,moderate_risk,6.6668,4.1856,0.2468,0.0213,4.7822,0.0916,0.1104,0.0553,Walking
S008C003P032R002A043,NTU,falling_down,high_risk,18.4987,15.3448,0.1963,0.0258,4.2115,0.293,0.116,0.1905,Lying
S008C003P033R001A008,NTU,sit_down,low_risk,1.9789,1.3899,0.1728,0.0049,4.4725,0.1973,0.0369,0.0308,Sitting
S008C003P033R001A009,NTU,stand_up,low_risk,4.6297,3.0306,0.1429,0.0067,4.0612,0.1929,0.0411,0.035,Standing
S008C003P033R001A042,NTU,staggering,moderate_risk,2.6401,2.439,0.2059,0.0103,5.1931,0.0484,0.0511,0.0187,Walking
S008C003P033R001A043,NTU,falling_down,high_risk,13.8307,14.2742,0.1897,0.0172,4.5809,0.141,0.0949,0.1332,Lying
S008C003P033R002A008,NTU,sit_down,low_risk,12.069,6.2774,0.2592,0.0251,3.282,0.3147,0.0805,0.1113,Sitting
S008C003P033R002A009,NTU,stand_up,low_risk,14.8825,10.119,0.2901,0.0423,3.1364,0.1254,0.1053,0.1192,Standing
S008C003P033R002A042,NTU,staggering,moderate_risk,3.5065,4.9906,0.1612,0.0348,4.9762,0.9091,0.1437,0.8999,Walking
S008C003P033R002A043,NTU,falling_down,high_risk,18.9282,14.2616,0.3224,0.0432,3.8119,0.4718,0.1573,0.2147,Lying
S008C003P034R001A008,NTU,sit_down,low_risk,7.03,6.3257,0.2493,0.0174,3.3307,0.2563,0.0673,0.096,Sitting
S008C003P034R001A009,NTU,stand_up,low_risk,5.1906,3.762,0.1849,0.0085,4.0258,0.1773,0.0362,0.0229,Standing
S008C003P034R001A042,NTU,staggering,moderate_risk,5.7966,4.3851,0.1884,0.0222,4.7163,0.0408,0.0819,0.0169,Walking
S008C003P034R001A043,NTU,falling_down,high_risk,13.7321,19.2506,0.1781,0.0213,3.7739,0.263,0.0978,0.195,Lying
S008C003P034R002A008,NTU,sit_down,low_risk,38.9218,16.2328,0.1821,0.0302,3.9138,0.2719,0.0841,0.2167,Sitting
S008C003P034R002A009,NTU,stand_up,low_risk,26.2846,14.1866,0.2278,0.0338,5.2592,0.4613,0.1424,0.2162,Standing
S008C003P034R002A042,NTU,staggering,moderate_risk,3.8449,5.7315,0.156,0.0302,3.9345,0.7659,0.1049,0.6826,Walking
S008C003P034R002A043,NTU,falling_down,high_risk,24.8486,22.1701,0.1728,0.0188,4.297,0.5591,0.1048,0.4727,Lying
S008C003P035R001A008,NTU,sit_down,low_risk,4.7418,4.056,0.174,0.0083,4.3721,0.1938,0.0434,0.0617,Sitting
S008C003P035R001A009,NTU,stand_up,low_risk,8.7434,8.8044,0.1879,0.0122,3.9108,0.2196,0.0597,0.0653,Standing
S008C003P035R001A042,NTU,staggering,moderate_risk,5.3028,3.8548,0.2407,0.0055,5.6116,0.04,0.0347,0.0237,Walking
S008C003P035R001A043,NTU,falling_down,high_risk,8.307,7.0328,0.1726,0.0108,4.4241,0.2844,0.0541,0.1178,Lying
S008C003P035R002A008,NTU,sit_down,low_risk,19.4026,11.4922,0.1814,0.0149,4.0907,0.2028,0.0573,0.0718,Sitting
S008C003P035R002A009,NTU,stand_up,low_risk,12.7706,6.0385,0.1121,0.0103,4.4944,0.1909,0.0599,0.046,Standing
S008C003P035R002A042,NTU,staggering,moderate_risk,6.7703,4.5782,0.2538,0.0151,5.6716,0.0759,0.0863,0.0937,Walking
S008C003P035R002A043,NTU,falling_down,high_risk,14.116,10.073,0.3236,0.0185,4.5173,0.5997,0.0728,0.4532,Lying
S008C003P036R001A008,NTU,sit_down,low_risk,4.4867,3.2509,0.1187,0.0039,4.6369,0.1389,0.0231,0.0312,Sitting
S008C003P036R001A009,NTU,stand_up,low_risk,3.9555,3.7106,0.1361,0.0045,4.8197,0.1518,0.0201,0.0385,Standing
S008C003P036R001A042,NTU,staggering,moderate_risk,3.0454,1.9369,0.2345,0.0092,5.6153,0.0214,0.0461,0.0117,Walking
S008C003P036R001A043,NTU,falling_down,high_risk,12.3139,11.1102,0.2187,0.013,4.1299,0.33,0.0416,0.0954,Lying
S008C003P036R002A008,NTU,sit_down,low_risk,25.5946,20.8036,0.2282,0.0142,4.3409,0.1882,0.0684,0.1959,Sitting
S008C003P036R002A009,NTU,stand_up,low_risk,12.6477,5.2777,0.1446,0.0143,4.5359,0.1352,0.0525,0.0589,Standing
S008C003P036R002A042,NTU,staggering,moderate_risk,8.9286,6.1929,0.3188,0.0191,6.604,0.0556,0.1142,0.0868,Walking
S008C003P036R002A043,NTU,falling_down,high_risk,24.521,12.472,0.2884,0.0253,6.0594,0.2446,0.1184,0.2382,Lying
S009C001P007R001A008,NTU,sit_down,low_risk,14.3897,12.6513,0.1547,0.0075,4.6529,0.1998,0.0492,0.0953,Sitting
S009C001P007R001A009,NTU,stand_up,low_risk,14.9367,12.9596,0.1237,0.0086,4.6293,0.2126,0.0514,0.103,Standing
S009C001P007R001A042,NTU,staggering,moderate_risk,4.3976,3.7301,0.2393,0.0192,5.3989,0.1462,0.1102,0.154,Walking
S009C001P007R001A043,NTU,falling_down,high_risk,7.6982,7.1826,0.2622,0.018,5.1449,0.2104,0.0737,0.1151,Lying
S009C001P007R002A008,NTU,sit_down,low_risk,12.2102,9.9917,0.1623,0.0089,5.4535,0.1263,0.0424,0.0979,Sitting
S009C001P007R002A009,NTU,stand_up,low_risk,7.9981,4.2663,0.1463,0.0119,5.3621,0.1402,0.0558,0.1283,Standing
S009C001P007R002A042,NTU,staggering,moderate_risk,8.7185,7.7689,0.2386,0.019,5.6149,0.0843,0.0972,0.0397,Walking
S009C001P007R002A043,NTU,falling_down,high_risk,15.2563,18.7607,0.2793,0.0259,5.3468,0.2016,0.1373,0.2103,Lying
S009C001P008R001A008,NTU,sit_down,low_risk,5.1004,4.3477,0.1474,0.0158,4.5335,0.23,0.0977,0.1004,Sitting
S009C001P008R001A009,NTU,stand_up,low_risk,15.1652,11.7276,0.1905,0.0058,6.2881,0.1504,0.0521,0.1124,Standing
S009C001P008R001A042,NTU,staggering,moderate_risk,10.9008,7.455,0.2448,0.0193,5.6441,0.026,0.1236,0.0575,Walking
S009C001P008R001A043,NTU,falling_down,high_risk,15.0408,11.8913,0.1936,0.0123,4.942,0.2165,0.05,0.1323,Lying
S009C001P008R002A008,NTU,sit_down,low_risk,7.8125,6.8569,0.1727,0.0067,4.7459,0.1914,0.0529,0.1939,Sitting
S009C001P008R002A009,NTU,stand_up,low_risk,8.4426,7.3817,0.1772,0.0069,4.9363,0.179,0.0537,0.2207,Standing
S009C001P008R002A042,NTU,staggering,moderate_risk,6.1752,4.4063,0.2462,0.02,5.463,0.053,0.1196,0.065,Walking
S009C001P008R002A043,NTU,falling_down,high_risk,6.0872,3.4006,0.2694,0.0143,3.9932,0.3432,0.0545,0.0254,Lying
S009C001P015R001A008,NTU,sit_down,low_risk,9.5487,9.1258,0.2036,0.0062,5.3289,0.1066,0.0382,0.0632,Sitting
S009C001P015R001A009,NTU,stand_up,low_risk,11.8101,10.2473,0.2088,0.0063,5.6351,0.1186,0.037,0.0556,Standing
S009C001P015R001A042,NTU,staggering,moderate_risk,2.8412,1.6632,0.2288,0.0093,5.7465,0.0388,0.0522,0.0165,Walking
S009C001P015R001A043,NTU,falling_down,high_risk,6.3626,4.1861,0.1739,0.0122,4.6743,0.2847,0.051,0.1447,Lying
S009C001P015R002A008,NTU,sit_down,low_risk,8.0411,3.6991,0.1082,0.0067,4.6003,0.1198,0.0385,0.0307,Sitting
S009C001P015R002A009,NTU,stand_up,low_risk,15.6074,9.2782,0.1317,0.0071,4.6387,0.1601,0.0349,0.0511,Standing
S009C001P015R002A042,NTU,staggering,moderate_risk,3.4977,1.8176,0.2632,0.0096,6.1596,0.0428,0.0643,0.0335,Walking
S009C001P015R002A043,NTU,falling_down,high_risk,24.6596,17.6894,0.2041,0.0135,5.022,0.2602,0.0584,0.1771,Lying
S009C001P016R001A008,NTU,sit_down,low_risk,1.8704,1.2622,0.1531,0.0048,5.0047,0.1459,0.0357,0.0678,Sitting
S009C001P016R001A009,NTU,stand_up,low_risk,2.6246,1.8263,0.0953,0.005,4.7416,0.1356,0.03,0.0781,Standing
S009C001P016R001A042,NTU,staggering,moderate_risk,3.5896,3.3177,0.2466,0.0165,5.8576,0.0371,0.0783,0.0204,Walking
S009C001P016R001A043,NTU,falling_down,high_risk,12.3873,10.1264,0.1943,0.0104,4.8909,0.2236,0.0384,0.1091,Lying
S009C001P016R002A008,NTU,sit_down,low_risk,13.2164,8.2248,0.1466,0.0108,5.0901,0.1375,0.0551,0.0694,Sitting
S009C001P016R002A009,NTU,stand_up,low_risk,13.3003,6.6178,0.1154,0.014,5.1664,0.1326,0.0501,0.0487,Standing
S009C001P016R002A042,NTU,staggering,moderate_risk,3.5631,3.2888,0.2447,0.0146,5.9121,0.0256,0.0724,0.0255,Walking
S009C001P016R002A043,NTU,falling_down,high_risk,12.7937,10.5345,0.1895,0.0091,5.1916,0.1563,0.0393,0.0568,Lying
S009C001P017R001A008,NTU,sit_down,low_risk,4.2593,3.3375,0.1649,0.0076,5.4969,0.1039,0.0429,0.0414,Sitting
S009C001P017R001A009,NTU,stand_up,low_risk,5.0967,4.2182,0.1201,0.0065,5.5384,0.1096,0.0344,0.0411,Standing
S009C001P017R001A042,NTU,staggering,moderate_risk,3.3127,2.7055,0.2473,0.0104,5.8996,0.0155,0.0615,0.0244,Walking
S009C001P017R001A043,NTU,falling_down,high_risk,22.7142,19.6254,0.1995,0.014,4.8717,0.2207,0.0604,0.1526,Lying
S009C001P017R002A008,NTU,sit_down,low_risk,9.9545,7.9111,0.1375,0.0107,5.1615,0.1174,0.0733,0.0888,Sitting
S009C001P017R002A009,NTU,stand_up,low_risk,5.4329,3.8331,0.1245,0.0082,5.2054,0.1454,0.0469,0.0567,Standing
S009C001P017R002A042,NTU,staggering,moderate_risk,2.6747,1.7065,0.2321,0.0099,5.7166,0.0216,0.0657,0.0233,Walking
S009C001P017R002A043,NTU,falling_down,high_risk,4.4022,4.0337,0.1717,0.0078,4.6634,0.2716,0.0363,0.0952,Lying
S009C001P019R001A008,NTU,sit_down,low_risk,9.091,6.6846,0.1485,0.0049,4.997,0.1735,0.0274,0.0511,Sitting
S009C001P019R001A009,NTU,stand_up,low_risk,8.826,6.1299,0.149,0.0052,5.2872,0.173,0.0234,0.0461,Standing
S009C001P019R001A042,NTU,staggering,moderate_risk,4.3771,2.6889,0.2355,0.0111,5.7653,0.0534,0.0461,0.0252,Walking
S009C001P019R001A043,NTU,falling_down,high_risk,4.3828,2.5861,0.1824,0.0096,4.842,0.227,0.0404,0.1323,Lying
S009C001P019R002A008,NTU,sit_down,low_risk,7.3825,4.7752,0.1616,0.0082,5.251,0.1366,0.0392,0.0496,Sitting
S009C001P019R002A009,NTU,stand_up,low_risk,10.2099,8.2367,0.1554,0.007,5.1366,0.1718,0.0367,0.0469,Standing
S009C001P019R002A042,NTU,staggering,moderate_risk,3.1702,2.0585,0.2515,0.0053,6.0486,0.0386,0.033,0.0135,Walking
S009C001P019R002A043,NTU,falling_down,high_risk,6.8429,6.7965,0.2033,0.0138,4.6661,0.3145,0.0492,0.1181,Lying
S009C001P025R001A008,NTU,sit_down,low_risk,14.4642,13.1575,0.1855,0.009,5.381,0.1607,0.0545,0.1135,Sitting
S009C001P025R001A009,NTU,stand_up,low_risk,11.2663,10.2327,0.1459,0.0109,4.9067,0.1906,0.0567,0.0608,Standing
S009C001P025R001A042,NTU,staggering,moderate_risk,7.8121,7.5368,0.2593,0.0183,6.0627,0.0606,0.0787,0.0432,Walking
S009C001P025R001A043,NTU,falling_down,high_risk,40.8701,34.8914,0.2932,0.019,5.2909,0.2256,0.0682,0.4081,Lying
S009C001P025R002A008,NTU,sit_down,low_risk,14.1744,12.7829,0.1999,0.02,5.4634,0.1927,0.0866,0.0838,Sitting
S009C001P025R002A009,NTU,stand_up,low_risk,11.4003,12.16,0.1682,0.0174,5.2736,0.1789,0.0674,0.072,Standing
S009C001P025R002A042,NTU,staggering,moderate_risk,10.828,9.8355,0.2779,0.0175,6.4004,0.065,0.0872,0.0572,Walking
S009C001P025R002A043,NTU,falling_down,high_risk,36.6598,33.231,0.4199,0.0241,5.9582,0.1398,0.0845,0.5358,Lying
S009C002P007R001A008,NTU,sit_down,low_risk,24.1341,16.9245,0.1805,0.0133,4.8996,0.1855,0.0684,0.1465,Sitting
S009C002P007R001A009,NTU,stand_up,low_risk,20.4624,15.148,0.1533,0.0135,4.6983,0.1992,0.0601,0.1034,Standing
S009C002P007R001A042,NTU,staggering,moderate_risk,10.7367,12.0484,0.2551,0.0264,5.6601,0.133,0.1128,0.1257,Walking
S009C002P007R001A043,NTU,falling_down,high_risk,9.9104,9.3323,0.2458,0.0296,4.8913,0.2624,0.0804,0.1062,Lying
S009C002P007R002A008,NTU,sit_down,low_risk,4.4575,3.936,0.1758,0.0082,5.7218,0.1252,0.0544,0.0906,Sitting
S009C002P007R002A009,NTU,stand_up,low_risk,4.0494,2.8696,0.1801,0.0084,5.9294,0.0876,0.0539,0.1041,Standing
S009C002P007R002A042,NTU,staggering,moderate_risk,6.6984,5.6063,0.2321,0.0197,5.7173,0.0877,0.0908,0.0286,Walking
S009C002P007R002A043,NTU,falling_down,high_risk,25.0019,23.7103,0.2567,0.038,5.3369,0.2011,0.117,0.2117,Lying
S009C002P008R001A008,NTU,sit_down,low_risk,19.0984,11.3546,0.1757,0.0231,4.2608,0.2059,0.1055,0.1287,Sitting
S009C002P008R001A009,NTU,stand_up,low_risk,18.3311,12.8157,0.2043,0.021,4.5238,0.2006,0.0732,0.1146,Standing
S009C002P008R001A042,NTU,staggering,moderate_risk,11.5824,8.0386,0.2549,0.0147,6.0515,0.0294,0.0979,0.0498,Walking
S009C002P008R001A043,NTU,falling_down,high_risk,19.8398,16.1602,0.193,0.0178,4.9191,0.2231,0.0644,0.1992,Lying
S009C002P008R002A008,NTU,sit_down,low_risk,5.7185,5.0773,0.1646,0.0082,5.0555,0.1739,0.0543,0.1377,Sitting
S009C002P008R002A009,NTU,stand_up,low_risk,7.4408,8.2419,0.1658,0.0066,5.1874,0.1718,0.0447,0.1279,Standing
S009C002P008R002A042,NTU,staggering,moderate_risk,11.0211,12.479,0.2643,0.0156,6.2886,0.0476,0.1298,0.1049,Walking
S009C002P008R002A043,NTU,falling_down,high_risk,20.8895,18.6237,0.2714,0.0143,5.1091,0.2182,0.0656,0.1253,Lying
S009C002P015R001A008,NTU,sit_down,low_risk,15.8565,11.0274,0.1888,0.007,5.2078,0.1407,0.0317,0.0729,Sitting
S009C002P015R001A009,NTU,stand_up,low_risk,16.7244,9.9901,0.0857,0.0088,4.3414,0.1159,0.0355,0.0608,Standing
S009C002P015R001A042,NTU,staggering,moderate_risk,6.7423,4.016,0.2612,0.02,5.5717,0.1097,0.0765,0.1145,Walking
S009C002P015R001A043,NTU,falling_down,high_risk,20.3429,20.3844,0.1945,0.0103,5.5047,0.1747,0.0615,0.2017,Lying
S009C002P015R002A008,NTU,sit_down,low_risk,3.1911,2.3782,0.138,0.0051,4.8864,0.1074,0.0277,0.0283,Sitting
S009C002P015R002A009,NTU,stand_up,low_risk,2.3381,1.5168,0.0887,0.0036,4.4282,0.1028,0.0258,0.0384,Standing
S009C002P015R002A042,NTU,staggering,moderate_risk,2.8446,2.1543,0.2235,0.0105,5.6272,0.0433,0.0475,0.0172,Walking
S009C002P015R002A043,NTU,falling_down,high_risk,8.322,8.785,0.1636,0.0126,4.426,0.2897,0.0473,0.091,Lying
S009C002P016R001A008,NTU,sit_down,low_risk,10.471,5.5694,0.1814,0.0079,5.3859,0.1448,0.0526,0.0689,Sitting
S009C002P016R001A009,NTU,stand_up,low_risk,10.9628,9.9897,0.1499,0.0066,5.2438,0.1375,0.0396,0.0913,Standing
S009C002P016R001A042,NTU,staggering,moderate_risk,6.687,3.2211,0.3282,0.0186,6.673,0.0426,0.1102,0.0377,Walking
S009C002P016R001A043,NTU,falling_down,high_risk,14.5559,13.4804,0.3347,0.0089,5.2845,0.2399,0.0464,0.1092,Lying
S009C002P016R002A008,NTU,sit_down,low_risk,3.514,3.7711,0.1591,0.0081,5.0227,0.1587,0.0474,0.0868,Sitting
S009C002P016R002A009,NTU,stand_up,low_risk,2.613,2.1491,0.1672,0.0094,5.9941,0.1409,0.0447,0.0523,Standing
S009C002P016R002A042,NTU,staggering,moderate_risk,3.9503,2.792,0.2348,0.0125,5.6665,0.0385,0.0613,0.0139,Walking
S009C002P016R002A043,NTU,falling_down,high_risk,13.4441,12.3569,0.1735,0.0071,4.8917,0.1798,0.0296,0.0716,Lying
S009C002P017R001A008,NTU,sit_down,low_risk,9.7737,5.7851,0.1663,0.0139,5.0135,0.1214,0.0624,0.0694,Sitting
S009C002P017R001A009,NTU,stand_up,low_risk,7.2589,5.4306,0.0768,0.0087,4.2373,0.1244,0.0448,0.0332,Standing
S009C002P017R001A042,NTU,staggering,moderate_risk,8.1737,3.6189,0.2907,0.0156,6.8668,0.0212,0.1051,0.0665,Walking
S009C002P017R001A043,NTU,falling_down,high_risk,14.3682,6.0098,0.2421,0.0164,5.0503,0.264,0.0648,0.1302,Lying
S009C002P017R002A008,NTU,sit_down,low_risk,1.9467,1.5815,0.1306,0.0081,4.7212,0.1164,0.0507,0.047,Sitting
S009C002P017R002A009,NTU,stand_up,low_risk,6.454,4.7433,0.1534,0.0096,6.0858,0.1262,0.0422,0.0386,Standing
S009C002P017R002A042,NTU,staggering,moderate_risk,2.9349,2.3102,0.2374,0.0098,5.6295,0.0184,0.0532,0.0121,Walking
S009C002P017R002A043,NTU,falling_down,high_risk,16.5214,15.6486,0.1739,0.0104,4.7143,0.2278,0.0392,0.1294,Lying
S009C002P019R001A008,NTU,sit_down,low_risk,17.2966,15.3403,0.1814,0.0166,5.1616,0.1921,0.0679,0.0847,Sitting
S009C002P019R001A009,NTU,stand_up,low_risk,8.7341,5.9723,0.1792,0.0127,5.2433,0.176,0.0397,0.0259,Standing
S009C002P019R001A042,NTU,staggering,moderate_risk,16.9197,11.5868,0.2457,0.0103,6.2226,0.0446,0.0536,0.0548,Walking
S009C002P019R001A043,NTU,falling_down,high_risk,20.7464,12.8814,0.224,0.0177,5.1591,0.2658,0.0677,0.1236,Lying
S009C002P019R002A008,NTU,sit_down,low_risk,2.7832,2.3071,0.1514,0.005,5.1861,0.1368,0.0321,0.0684,Sitting
S009C002P019R002A009,NTU,stand_up,low_risk,5.9683,2.2769,0.141,0.0051,5.1391,0.173,0.0337,0.0911,Standing
S009C002P019R002A042,NTU,staggering,moderate_risk,3.5395,2.2752,0.2365,0.0079,5.8608,0.0399,0.0332,0.0117,Walking
S009C002P019R002A043,NTU,falling_down,high_risk,15.5604,15.8207,0.1924,0.0113,4.6224,0.3128,0.0365,0.1244,Lying
S009C002P025R001A008,NTU,sit_down,low_risk,16.0827,12.6949,0.1667,0.0155,5.4524,0.1677,0.0625,0.069,Sitting
S009C002P025R001A009,NTU,stand_up,low_risk,16.8683,15.1751,0.152,0.0146,4.9197,0.1701,0.059,0.0837,Standing
S009C002P025R001A042,NTU,staggering,moderate_risk,14.573,11.5947,0.2237,0.0176,5.7069,0.0688,0.0847,0.0568,Walking
S009C002P025R001A043,NTU,falling_down,high_risk,45.535,33.2982,0.2549,0.023,5.3317,0.2005,0.087,0.358,Lying
S009C002P025R002A008,NTU,sit_down,low_risk,3.5361,3.0591,0.1794,0.009,5.1693,0.1683,0.0677,0.1067,Sitting
S009C002P025R002A009,NTU,stand_up,low_risk,3.1394,3.0242,0.1543,0.0086,4.96,0.1772,0.0505,0.1299,Standing
S009C002P025R002A042,NTU,staggering,moderate_risk,4.8833,5.3872,0.2149,0.0172,5.5301,0.1123,0.0679,0.0343,Walking
S009C002P025R002A043,NTU,falling_down,high_risk,19.8921,24.7698,0.3319,0.0057,5.475,0.1317,0.0514,0.3921,Lying
S009C003P007R001A008,NTU,sit_down,low_risk,4.4287,2.6891,0.1708,0.0074,4.737,0.1969,0.0602,0.1392,Sitting
S009C003P007R001A009,NTU,stand_up,low_risk,3.6597,2.596,0.133,0.0064,4.6831,0.2158,0.0454,0.1126,Standing
S009C003P007R001A042,NTU,staggering,moderate_risk,9.1187,11.1037,0.2373,0.0151,5.5902,0.135,0.0906,0.0885,Walking
S009C003P007R001A043,NTU,falling_down,high_risk,3.7896,3.7908,0.2465,0.0163,5.0198,0.2667,0.0585,0.1236,Lying
S009C003P007R002A008,NTU,sit_down,low_risk,16.387,12.7701,0.2067,0.0121,6.1079,0.1396,0.0652,0.1552,Sitting
S009C003P007R002A009,NTU,stand_up,low_risk,12.7033,7.414,0.1726,0.0136,5.159,0.1812,0.0716,0.1321,Standing
S009C003P007R002A042,NTU,staggering,moderate_risk,7.7048,8.1657,0.2586,0.0226,5.3863,0.0897,0.1051,0.0646,Walking
S009C003P007R002A043,NTU,falling_down,high_risk,8.3201,6.5607,0.3062,0.0372,5.0908,0.2442,0.153,0.1477,Lying
S009C003P008R001A008,NTU,sit_down,low_risk,13.6973,12.1131,0.1557,0.0159,4.3216,0.2466,0.0839,0.1057,Sitting
S009C003P008R001A009,NTU,stand_up,low_risk,6.1637,2.6765,0.2003,0.0049,6.6765,0.1506,0.0508,0.0914,Standing
S009C003P008R001A042,NTU,staggering,moderate_risk,7.9616,5.7444,0.2195,0.0198,4.9471,0.0252,0.121,0.0527,Walking
S009C003P008R001A043,NTU,falling_down,high_risk,16.1484,15.8075,0.2448,0.0115,4.5749,0.2344,0.0369,0.1129,Lying
S009C003P008R002A008,NTU,sit_down,low_risk,18.5509,15.2091,0.1716,0.0125,4.7878,0.1339,0.0532,0.1009,Sitting
S009C003P008R002A009,NTU,stand_up,low_risk,22.3436,20.5539,0.1713,0.0092,5.0197,0.1853,0.0479,0.1823,Standing
S009C003P008R002A042,NTU,staggering,moderate_risk,9.3776,5.8087,0.2749,0.0162,6.1027,0.0529,0.1504,0.0849,Walking
S009C003P008R002A043,NTU,falling_down,high_risk,13.4012,12.0664,0.2199,0.0186,4.7128,0.2959,0.0803,0.1404,Lying
S009C003P015R001A008,NTU,sit_down,low_risk,4.4776,2.6317,0.1516,0.0037,5.3164,0.1102,0.0244,0.0473,Sitting
S009C003P015R001A009,NTU,stand_up,low_risk,3.8449,3.0131,0.1983,0.0039,6.28,0.1154,0.0299,0.0416,Standing
S009C003P015R001A042,NTU,staggering,moderate_risk,2.4512,1.7261,0.2302,0.0121,5.7488,0.0392,0.0494,0.0185,Walking
S009C003P015R001A043,NTU,falling_down,high_risk,5.3035,4.8352,0.2212,0.0149,4.2677,0.3523,0.0553,0.1114,Lying
S009C003P015R002A008,NTU,sit_down,low_risk,8.6624,7.6164,0.1222,0.0075,4.85,0.1102,0.0385,0.0571,Sitting
S009C003P015R002A009,NTU,stand_up,low_risk,14.8184,10.8328,0.0915,0.0121,4.4816,0.0762,0.0454,0.0395,Standing
S009C003P015R002A042,NTU,staggering,moderate_risk,2.6467,1.7124,0.2092,0.0117,4.9352,0.0307,0.0603,0.0345,Walking
S009C003P015R002A043,NTU,falling_down,high_risk,18.3417,8.8881,0.1838,0.0141,4.2705,0.2031,0.0463,0.1111,Lying
S009C003P016R001A008,NTU,sit_down,low_risk,10.6326,10.9994,0.1519,0.0059,4.889,0.1469,0.034,0.0679,Sitting
S009C003P016R001A009,NTU,stand_up,low_risk,13.914,11.4195,0.1076,0.0074,4.7301,0.146,0.0354,0.0933,Standing
S009C003P016R001A042,NTU,staggering,moderate_risk,2.1832,1.3809,0.2384,0.0113,5.7971,0.0359,0.0652,0.0138,Walking
S009C003P016R001A043,NTU,falling_down,high_risk,7.7398,10.3203,0.1951,0.0095,4.8475,0.2445,0.0399,0.1615,Lying
S009C003P016R002A008,NTU,sit_down,low_risk,14.6525,13.2629,0.1568,0.0135,4.8865,0.149,0.0676,0.0971,Sitting
S009C003P016R002A009,NTU,stand_up,low_risk,16.5519,14.6583,0.1161,0.0116,4.6152,0.1356,0.0534,0.0986,Standing
S009C003P016R002A042,NTU,staggering,moderate_risk,3.303,2.1972,0.2685,0.0125,5.5007,0.0307,0.0671,0.0312,Walking
S009C003P016R002A043,NTU,falling_down,high_risk,7.0523,2.9479,0.2875,0.0123,4.6216,0.2146,0.0394,0.0777,Lying
S009C003P017R001A008,NTU,sit_down,low_risk,7.6009,6.9449,0.1552,0.0067,5.1885,0.1081,0.0413,0.0432,Sitting
S009C003P017R001A009,NTU,stand_up,low_risk,6.8822,3.0926,0.1894,0.0065,6.6284,0.113,0.0385,0.0374,Standing
S009C003P017R001A042,NTU,staggering,moderate_risk,2.4308,2.2329,0.2346,0.0084,5.7287,0.0136,0.0446,0.0121,Walking
S009C003P017R001A043,NTU,falling_down,high_risk,17.0008,18.9868,0.1858,0.0112,4.7129,0.2395,0.0462,0.156,Lying
S009C003P017R002A008,NTU,sit_down,low_risk,14.0114,13.5868,0.1093,0.0177,4.4934,0.1388,0.0788,0.1455,Sitting
S009C003P017R002A009,NTU,stand_up,low_risk,7.8759,9.107,0.1044,0.0129,4.8624,0.147,0.0491,0.0839,Standing
S009C003P017R002A042,NTU,staggering,moderate_risk,2.9365,2.7935,0.2976,0.0183,5.5483,0.0559,0.1126,0.1111,Walking
S009C003P017R002A043,NTU,falling_down,high_risk,6.6542,7.1181,0.2452,0.0132,4.645,0.2893,0.0534,0.1216,Lying
S009C003P019R001A008,NTU,sit_down,low_risk,3.2917,2.1594,0.1379,0.0042,5.2793,0.1712,0.0269,0.0558,Sitting
S009C003P019R001A009,NTU,stand_up,low_risk,2.3167,1.5409,0.1407,0.0044,6.4486,0.1735,0.0232,0.0502,Standing
S009C003P019R001A042,NTU,staggering,moderate_risk,2.7671,2.4253,0.2341,0.01,5.8657,0.0574,0.041,0.0134,Walking
S009C003P019R001A043,NTU,falling_down,high_risk,18.0846,15.7839,0.1861,0.0118,5.0363,0.1848,0.0394,0.1428,Lying
S009C003P019R002A008,NTU,sit_down,low_risk,14.6279,11.8954,0.1824,0.013,5.3588,0.1448,0.0614,0.0767,Sitting
S009C003P019R002A009,NTU,stand_up,low_risk,15.4841,14.2902,0.1779,0.0212,5.1036,0.2055,0.065,0.0916,Standing
S009C003P019R002A042,NTU,staggering,moderate_risk,9.3878,8.8193,0.2451,0.0117,5.511,0.0502,0.0531,0.0254,Walking
S009C003P019R002A043,NTU,falling_down,high_risk,20.6642,19.121,0.2155,0.0152,4.867,0.3027,0.0559,0.1672,Lying
S009C003P025R001A008,NTU,sit_down,low_risk,2.1424,2.3828,0.1766,0.0086,5.1005,0.165,0.0519,0.1003,Sitting
S009C003P025R001A009,NTU,stand_up,low_risk,1.143,0.9159,0.1397,0.0077,4.9982,0.1666,0.042,0.0605,Standing
S009C003P025R001A042,NTU,staggering,moderate_risk,7.5937,10.9156,0.1873,0.0202,5.5832,0.1068,0.0809,0.0728,Walking
S009C003P025R001A043,NTU,falling_down,high_risk,16.2689,14.9122,0.2301,0.0195,4.2099,0.4705,0.0631,0.1888,Lying
S009C003P025R002A008,NTU,sit_down,low_risk,22.7605,17.4726,0.1738,0.0267,4.9654,0.1945,0.0826,0.1195,Sitting
S009C003P025R002A009,NTU,stand_up,low_risk,18.9641,14.7282,0.1733,0.0265,4.6084,0.1599,0.0724,0.0893,Standing
S009C003P025R002A042,NTU,staggering,moderate_risk,18.3538,11.3975,0.2113,0.026,5.5784,0.1151,0.1049,0.135,Walking
S009C003P025R002A043,NTU,falling_down,high_risk,26.3183,16.1421,0.2499,0.0281,4.3095,0.4162,0.0581,0.1603,Lying
S010C001P007R001A008,NTU,sit_down,low_risk,10.1812,4.5231,0.0783,0.0081,4.6671,0.1005,0.0444,0.0837,Sitting
S010C001P007R001A009,NTU,stand_up,low_risk,4.4949,3.5372,0.182,0.0054,5.256,0.1531,0.0261,0.0246,Standing
S010C001P007R001A042,NTU,staggering,moderate_risk,7.3327,5.8612,0.2581,0.0229,5.5002,0.0708,0.1158,0.0799,Walking
S010C001P007R001A043,NTU,falling_down,high_risk,55.9558,33.8984,0.4572,0.0239,4.9615,0.1675,0.0531,0.375,Lying
S010C001P007R002A008,NTU,sit_down,low_risk,5.5348,2.4487,0.1332,0.0121,5.3637,0.0992,0.0385,0.0147,Sitting
S010C001P007R002A009,NTU,stand_up,low_risk,4.7007,4.8218,0.2013,0.0067,5.4216,0.1535,0.0304,0.0315,Standing
S010C001P007R002A042,NTU,staggering,moderate_risk,23.7513,18.9304,0.2534,0.0274,5.0803,0.1286,0.1033,0.1815,Walking
S010C001P007R002A043,NTU,falling_down,high_risk,48.9846,34.6809,0.2903,0.0258,4.3376,0.2947,0.0573,0.5124,Lying
S010C001P008R001A008,NTU,sit_down,low_risk,7.3526,5.6324,0.1415,0.007,4.8088,0.1635,0.0428,0.0794,Sitting
S010C001P008R001A009,NTU,stand_up,low_risk,9.8594,10.7282,0.1643,0.0058,4.886,0.186,0.0385,0.0936,Standing
S010C001P008R001A042,NTU,staggering,moderate_risk,8.4342,6.298,0.218,0.0205,5.4701,0.0232,0.1213,0.0418,Walking
S010C001P008R001A043,NTU,falling_down,high_risk,10.9282,10.754,0.2123,0.028,3.2573,0.4051,0.1025,0.1696,Lying
S010C001P008R002A008,NTU,sit_down,low_risk,9.9257,11.2752,0.1422,0.0228,3.9685,0.1827,0.0978,0.1181,Sitting
S010C001P008R002A009,NTU,stand_up,low_risk,8.7416,6.8812,0.1358,0.0062,4.4348,0.1613,0.0425,0.0902,Standing
S010C001P008R002A042,NTU,staggering,moderate_risk,16.5382,8.8381,0.2178,0.0208,5.0887,0.0523,0.1184,0.0676,Walking
S010C001P008R002A043,NTU,falling_down,high_risk,56.3582,23.3263,0.1732,0.0211,3.9038,0.2337,0.0713,0.2943,Lying
S010C001P013R001A008,NTU,sit_down,low_risk,5.8436,5.0812,0.1431,0.0075,4.8954,0.1251,0.0335,0.1065,Sitting
S010C001P013R001A009,NTU,stand_up,low_risk,4.4686,3.338,0.1901,0.0044,5.3715,0.1459,0.025,0.0583,Standing
S010C001P013R001A042,NTU,staggering,moderate_risk,13.4984,9.5801,0.2573,0.0143,5.5765,0.0752,0.075,0.1127,Walking
S010C001P013R001A043,NTU,falling_down,high_risk,23.4523,19.3965,0.4585,0.0264,3.156,0.4694,0.0922,0.2577,Lying
S010C001P013R002A008,NTU,sit_down,low_risk,18.1868,13.3582,0.1793,0.0158,3.9929,0.1622,0.0788,0.1732,Sitting
S010C001P013R002A009,NTU,stand_up,low_risk,5.5396,2.9409,0.1963,0.0041,5.1506,0.1574,0.0255,0.0618,Standing
S010C001P013R002A042,NTU,staggering,moderate_risk,5.4128,3.6305,0.2389,0.01,5.9224,0.0215,0.054,0.0338,Walking
S010C001P013R002A043,NTU,falling_down,high_risk,70.8717,25.0782,0.5027,0.0231,4.2459,0.259,0.0547,0.3201,Lying
S010C001P015R001A008,NTU,sit_down,low_risk,5.3887,3.7803,0.156,0.0072,4.9002,0.0933,0.0349,0.0316,Sitting
S010C001P015R001A009,NTU,stand_up,low_risk,6.0962,5.1958,0.2056,0.0068,5.2924,0.1131,0.0355,0.0637,Standing
S010C001P015R001A042,NTU,staggering,moderate_risk,2.3933,2.1491,0.2435,0.0131,5.874,0.0569,0.055,0.0224,Walking
S010C001P015R001A043,NTU,falling_down,high_risk,21.0099,19.0594,0.1932,0.0294,4.0097,0.3707,0.0999,0.2142,Lying
S010C001P015R002A008,NTU,sit_down,low_risk,7.4688,3.9976,0.1484,0.0093,4.6382,0.0971,0.0377,0.0304,Sitting
S010C001P015R002A009,NTU,stand_up,low_risk,5.723,4.5396,0.1855,0.0056,4.9988,0.1053,0.0315,0.0591,Standing
S010C001P015R002A042,NTU,staggering,moderate_risk,1.6296,1.1342,0.2254,0.0212,5.5055,0.0281,0.0751,0.0262,Walking
S010C001P015R002A043,NTU,falling_down,high_risk,27.0324,12.7412,0.1084,0.0172,4.5802,0.2237,0.0802,0.1576,Lying
S010C001P016R001A008,NTU,sit_down,low_risk,7.8015,5.586,0.1275,0.0098,4.8648,0.1111,0.0481,0.0498,Sitting
S010C001P016R001A009,NTU,stand_up,low_risk,6.4097,6.5348,0.1542,0.0089,5.0085,0.1421,0.043,0.0523,Standing
S010C001P016R001A042,NTU,staggering,moderate_risk,3.1386,2.7691,0.2569,0.0248,6.0037,0.0405,0.1154,0.0298,Walking
S010C001P016R001A043,NTU,falling_down,high_risk,12.5944,7.7683,0.2259,0.0208,3.8791,0.2956,0.0629,0.0462,Lying
S010C001P016R002A008,NTU,sit_down,low_risk,6.269,5.9697,0.1193,0.0075,4.6116,0.098,0.0353,0.1133,Sitting
S010C001P016R002A009,NTU,stand_up,low_risk,5.7196,6.4704,0.1646,0.006,4.8949,0.1328,0.0371,0.0844,Standing
S010C001P016R002A042,NTU,staggering,moderate_risk,3.6549,2.6123,0.2372,0.0215,5.8168,0.0355,0.1232,0.019,Walking
S010C001P016R002A043,NTU,falling_down,high_risk,10.8164,8.004,0.1694,0.0283,3.4548,0.256,0.0707,0.2343,Lying
S010C001P017R001A008,NTU,sit_down,low_risk,5.0351,3.9521,0.2764,0.0715,4.4275,0.1467,0.1285,0.0381,Sitting
S010C001P017R001A009,NTU,stand_up,low_risk,6.333,6.6922,0.2483,0.0538,4.6328,0.1,0.1184,0.0432,Standing
S010C001P017R001A042,NTU,staggering,moderate_risk,3.3709,2.3817,0.2699,0.0594,5.5291,0.1016,0.159,0.0194,Walking
S010C001P017R001A043,NTU,falling_down,high_risk,33.8568,18.9689,0.1842,0.0256,4.4219,0.1717,0.09,0.1705,Lying
S010C001P017R002A008,NTU,sit_down,low_risk,6.9847,8.7564,0.1887,0.0425,5.264,0.132,0.1339,0.0776,Sitting
S010C001P017R002A009,NTU,stand_up,low_risk,6.9792,5.2855,0.1945,0.03,5.5486,0.1191,0.0992,0.0817,Standing
S010C001P017R002A042,NTU,staggering,moderate_risk,2.5175,1.4627,0.2599,0.0418,6.0099,0.0577,0.1617,0.0223,Walking
S010C001P017R002A043,NTU,falling_down,high_risk,35.9192,21.8522,0.29,0.0384,4.3236,0.2649,0.1059,0.2072,Lying
S010C001P018R001A008,NTU,sit_down,low_risk,3.5626,3.6836,0.1314,0.0048,4.8075,0.1173,0.0276,0.0586,Sitting
S010C001P018R001A009,NTU,stand_up,low_risk,4.1971,4.0864,0.1932,0.0037,5.1942,0.1229,0.0271,0.0519,Standing
S010C001P018R001A042,NTU,staggering,moderate_risk,2.3417,2.1354,0.2256,0.0105,5.4649,0.0356,0.0471,0.0247,Walking
S010C001P018R001A043,NTU,falling_down,high_risk,16.1638,13.2559,0.1757,0.0185,4.0803,0.2767,0.0576,0.1991,Lying
S010C001P018R002A008,NTU,sit_down,low_risk,4.7338,3.2853,0.0542,0.0268,4.8381,0.3449,0.082,0.3462,Sitting
S010C001P018R002A009,NTU,stand_up,low_risk,4.0934,3.0693,0.1857,0.0056,5.4421,0.1155,0.0313,0.0325,Standing
S010C001P018R002A042,NTU,staggering,moderate_risk,4.8516,0.94,0.0997,0.0628,3.2178,0.0726,0.0826,0.014,Walking
S010C001P018R002A043,NTU,falling_down,high_risk,4.6985,0.7452,0.0968,0.0474,2.9493,0.0769,0.0568,0.0137,Lying
S010C001P019R001A008,NTU,sit_down,low_risk,11.2528,6.9065,0.1832,0.0113,4.7758,0.1472,0.0607,0.1123,Sitting
S010C001P019R001A009,NTU,stand_up,low_risk,8.7578,4.8746,0.1351,0.0065,4.7876,0.1782,0.0391,0.0582,Standing
S010C001P019R001A042,NTU,staggering,moderate_risk,4.6837,2.421,0.2317,0.0116,5.6348,0.0402,0.05,0.023,Walking
S010C001P019R001A043,NTU,falling_down,high_risk,9.0501,4.4812,0.1599,0.0163,4.6061,0.2481,0.058,0.1164,Lying
S010C001P019R002A008,NTU,sit_down,low_risk,9.3272,5.852,0.1607,0.0104,4.8586,0.1595,0.0487,0.0682,Sitting
S010C001P019R002A009,NTU,stand_up,low_risk,5.5593,4.444,0.131,0.0077,4.704,0.1688,0.0366,0.0286,Standing
S010C001P019R002A042,NTU,staggering,moderate_risk,2.3024,1.3932,0.2428,0.0061,5.8649,0.0406,0.0348,0.0317,Walking
S010C001P019R002A043,NTU,falling_down,high_risk,10.4401,7.5228,0.1725,0.0144,4.5651,0.2915,0.0554,0.0396,Lying
S010C001P021R001A008,NTU,sit_down,low_risk,8.6744,7.9234,0.1704,0.0162,4.6906,0.1208,0.0767,0.0706,Sitting
S010C001P021R001A009,NTU,stand_up,low_risk,8.6059,8.3919,0.1658,0.0053,4.9831,0.1479,0.0315,0.0775,Standing
S010C001P021R001A042,NTU,staggering,moderate_risk,7.5235,6.8655,0.2316,0.0182,5.6865,0.0398,0.0898,0.0537,Walking
S010C001P021R001A043,NTU,falling_down,high_risk,8.731,10.3178,0.1924,0.018,4.8586,0.2649,0.0814,0.114,Lying
S010C001P021R002A008,NTU,sit_down,low_risk,2.0956,1.8782,0.2041,0.0058,4.9484,0.1254,0.0324,0.1493,Sitting
S010C001P021R002A009,NTU,stand_up,low_risk,4.1757,4.5044,0.1821,0.0037,4.8728,0.1514,0.0225,0.0663,Standing
S010C001P021R002A042,NTU,staggering,moderate_risk,15.4468,12.8078,0.2452,0.0177,5.6382,0.0565,0.1118,0.1133,Walking
S010C001P021R002A043,NTU,falling_down,high_risk,41.9476,31.0785,0.4201,0.0206,3.8979,0.3694,0.0609,0.6356,Lying
S010C001P025R001A008,NTU,sit_down,low_risk,9.4804,10.6091,0.1629,0.0094,4.8141,0.1829,0.055,0.1454,Sitting
S010C001P025R001A009,NTU,stand_up,low_risk,8.1097,9.6067,0.1322,0.0083,4.7215,0.2009,0.0487,0.0788,Standing
S010C001P025R001A042,NTU,staggering,moderate_risk,8.4319,8.2268,0.2728,0.0172,5.821,0.0787,0.1006,0.104,Walking
S010C001P025R001A043,NTU,falling_down,high_risk,45.2859,37.3318,0.361,0.0226,5.2202,0.1746,0.0714,0.4285,Lying
S010C001P025R002A008,NTU,sit_down,low_risk,11.4335,10.3738,0.1899,0.0085,4.8312,0.1796,0.0511,0.1122,Sitting
S010C001P025R002A009,NTU,stand_up,low_risk,6.8783,5.4242,0.1256,0.0072,4.5911,0.1934,0.041,0.0508,Standing
S010C001P025R002A042,NTU,staggering,moderate_risk,10.17,7.4521,0.2569,0.0109,5.6182,0.0848,0.0724,0.0879,Walking
S010C001P025R002A043,NTU,falling_down,high_risk,33.792,29.3748,0.3391,0.0229,5.6276,0.0893,0.0752,0.6203,Lying
S010C002P007R001A008,NTU,sit_down,low_risk,15.4975,7.8405,0.0901,0.0209,4.5316,0.085,0.0704,0.0582,Sitting
S010C002P007R001A009,NTU,stand_up,low_risk,10.2486,6.9018,0.1905,0.0095,5.3179,0.1549,0.0403,0.0533,Standing
S010C002P007R001A042,NTU,staggering,moderate_risk,9.9481,8.0888,0.2645,0.0231,5.7879,0.0726,0.1253,0.0619,Walking
S010C002P007R001A043,NTU,falling_down,high_risk,55.919,33.0442,0.4423,0.0199,4.8733,0.22,0.0741,0.4482,Lying
S010C002P007R002A008,NTU,sit_down,low_risk,2.055,1.1825,0.1447,0.006,5.4383,0.0822,0.0283,0.0118,Sitting
S010C002P007R002A009,NTU,stand_up,low_risk,1.7137,1.1841,0.1811,0.0039,5.308,0.1537,0.0245,0.0658,Standing
S010C002P007R002A042,NTU,staggering,moderate_risk,15.7513,13.6028,0.2625,0.0302,4.9778,0.1163,0.1175,0.1201,Walking
S010C002P007R002A043,NTU,falling_down,high_risk,11.1007,9.1469,0.2115,0.0214,3.7975,0.4114,0.0833,0.262,Lying
S010C002P008R001A008,NTU,sit_down,low_risk,19.042,13.1444,0.1485,0.0142,4.3245,0.1294,0.0578,0.0583,Sitting
S010C002P008R001A009,NTU,stand_up,low_risk,15.6328,17.3698,0.2156,0.0104,5.0862,0.1845,0.0535,0.1152,Standing
S010C002P008R001A042,NTU,staggering,moderate_risk,9.8385,6.3462,0.2433,0.0176,5.5667,0.0383,0.1182,0.0593,Walking
S010C002P008R001A043,NTU,falling_down,high_risk,62.9481,30.3712,0.5303,0.0414,4.2615,0.2166,0.0922,0.4144,Lying
S010C002P008R002A008,NTU,sit_down,low_risk,20.705,9.9545,0.2331,0.0317,4.6628,0.1857,0.1208,0.1595,Sitting
S010C002P008R002A009,NTU,stand_up,low_risk,5.0173,6.3163,0.2256,0.0087,4.999,0.1554,0.0567,0.1947,Standing
S010C002P008R002A042,NTU,staggering,moderate_risk,10.2119,9.1501,0.2181,0.0139,5.1651,0.0501,0.0909,0.0719,Walking
S010C002P008R002A043,NTU,falling_down,high_risk,67.008,25.6895,0.4392,0.0381,4.7856,0.1048,0.0687,0.4101,Lying
S010C002P013R001A008,NTU,sit_down,low_risk,15.1132,13.6778,0.1562,0.0173,5.0617,0.0879,0.0566,0.1483,Sitting
S010C002P013R001A009,NTU,stand_up,low_risk,6.5156,6.4084,0.1797,0.0098,5.3915,0.119,0.0402,0.0409,Standing
S010C002P013R001A042,NTU,staggering,moderate_risk,26.1778,8.4706,0.2456,0.013,5.3677,0.0439,0.0669,0.1321,Walking
S010C002P013R001A043,NTU,falling_down,high_risk,51.0289,20.8129,0.3059,0.0192,4.0918,0.1829,0.0589,0.2043,Lying
S010C002P013R002A008,NTU,sit_down,low_risk,15.0027,20.2901,0.1226,0.0215,4.3249,0.1966,0.1226,0.3734,Sitting
S010C002P013R002A009,NTU,stand_up,low_risk,4.4165,1.6584,0.233,0.0033,5.6397,0.1557,0.0251,0.0994,Standing
S010C002P013R002A042,NTU,staggering,moderate_risk,10.9702,6.1567,0.2431,0.0045,5.6096,0.0159,0.0394,0.0209,Walking
S010C002P013R002A043,NTU,falling_down,high_risk,2.7385,1.9197,0.3031,0.0176,4.175,0.2128,0.0622,0.1158,Lying
S010C002P015R001A008,NTU,sit_down,low_risk,6.9608,6.8538,0.1253,0.0095,4.4806,0.1217,0.041,0.0295,Sitting
S010C002P015R001A009,NTU,stand_up,low_risk,7.105,5.0226,0.171,0.0096,5.0542,0.1292,0.0462,0.0482,Standing
S010C002P015R001A042,NTU,staggering,moderate_risk,3.313,2.8423,0.2295,0.0172,5.2904,0.0467,0.0653,0.0453,Walking
S010C002P015R001A043,NTU,falling_down,high_risk,27.8604,21.1007,0.1657,0.0334,3.7016,0.3354,0.0831,0.1902,Lying
S010C002P015R002A008,NTU,sit_down,low_risk,5.2746,1.5271,0.1593,0.0044,4.2335,0.0963,0.0206,0.0201,Sitting
S010C002P015R002A009,NTU,stand_up,low_risk,4.7009,2.5652,0.1853,0.0041,4.701,0.1285,0.0211,0.0411,Standing
S010C002P015R002A042,NTU,staggering,moderate_risk,1.8529,1.6985,0.2139,0.014,5.2661,0.0229,0.0493,0.0172,Walking
S010C002P015R002A043,NTU,falling_down,high_risk,16.9391,10.5806,0.266,0.0316,3.1024,0.439,0.0724,0.0863,Lying
S010C002P016R001A008,NTU,sit_down,low_risk,18.4826,11.9153,0.171,0.011,5.3015,0.1247,0.05,0.0706,Sitting
S010C002P016R001A009,NTU,stand_up,low_risk,10.338,8.6776,0.1893,0.0123,5.4301,0.1391,0.0707,0.0586,Standing
S010C002P016R001A042,NTU,staggering,moderate_risk,4.1795,3.3441,0.272,0.0302,5.9809,0.0626,0.1372,0.0493,Walking
S010C002P016R001A043,NTU,falling_down,high_risk,8.6172,4.4715,0.2311,0.0286,4.1815,0.2634,0.069,0.1589,Lying
S010C002P016R002A008,NTU,sit_down,low_risk,5.175,2.416,0.1892,0.0091,4.5707,0.0903,0.0395,0.1306,Sitting
S010C002P016R002A009,NTU,stand_up,low_risk,2.5719,2.4311,0.2139,0.0045,4.9874,0.131,0.0339,0.1286,Standing
S010C002P016R002A042,NTU,staggering,moderate_risk,3.1562,1.9757,0.2171,0.0179,5.21,0.0363,0.0914,0.0179,Walking
S010C002P016R002A043,NTU,falling_down,high_risk,22.7272,15.0013,0.0959,0.0322,3.0147,0.3278,0.0805,0.1425,Lying
S010C002P017R001A008,NTU,sit_down,low_risk,8.5773,8.4198,0.1452,0.06,3.9096,0.1994,0.1559,0.046,Sitting
S010C002P017R001A009,NTU,stand_up,low_risk,8.6318,7.8604,0.1902,0.0447,4.9741,0.1414,0.1092,0.0562,Standing
S010C002P017R001A042,NTU,staggering,moderate_risk,4.23,2.5489,0.2287,0.0855,5.0723,0.0889,0.2059,0.0469,Walking
S010C002P017R001A043,NTU,falling_down,high_risk,29.3852,16.7512,0.1464,0.0249,4.5197,0.1426,0.0919,0.1208,Lying
S010C002P017R002A008,NTU,sit_down,low_risk,4.4738,2.9379,0.2166,0.0419,4.5571,0.0953,0.1093,0.0986,Sitting
S010C002P017R002A009,NTU,stand_up,low_risk,3.7536,3.4446,0.1915,0.0331,4.6816,0.1216,0.0847,0.1138,Standing
S010C002P017R002A042,NTU,staggering,moderate_risk,2.2595,1.5221,0.2664,0.0359,5.5781,0.0983,0.1201,0.0185,Walking
S010C002P017R002A043,NTU,falling_down,high_risk,15.3653,13.268,0.2534,0.0416,3.8748,0.3029,0.108,0.1989,Lying
S010C002P018R001A008,NTU,sit_down,low_risk,3.6787,4.6002,0.189,0.009,5.9582,0.1045,0.0506,0.0472,Sitting
S010C002P018R001A009,NTU,stand_up,low_risk,5.7182,4.0215,0.2534,0.0083,6.3111,0.1151,0.043,0.0521,Standing
S010C002P018R001A042,NTU,staggering,moderate_risk,6.3527,3.559,0.2203,0.0169,5.6536,0.0568,0.0696,0.036,Walking
S010C002P018R001A043,NTU,falling_down,high_risk,15.5479,8.655,0.1437,0.0199,3.8782,0.3117,0.051,0.0721,Lying
S010C002P018R002A008,NTU,sit_down,low_risk,5.1135,2.7246,0.1503,0.0043,4.8057,0.1109,0.0209,0.0652,Sitting
S010C002P018R002A009,NTU,stand_up,low_risk,3.8572,3.4261,0.1833,0.0045,5.2366,0.11,0.0216,0.0311,Standing
S010C002P018R002A042,NTU,staggering,moderate_risk,3.3946,2.1543,0.2134,0.0091,5.5991,0.0352,0.0386,0.0255,Walking
S010C002P018R002A043,NTU,falling_down,high_risk,9.0716,9.1821,0.1734,0.0164,4.0716,0.2694,0.0567,0.1454,Lying
S010C002P019R001A008,NTU,sit_down,low_risk,35.2045,19.7885,0.1658,0.0209,4.5834,0.1537,0.0641,0.1468,Sitting
S010C002P019R001A009,NTU,stand_up,low_risk,23.0424,14.964,0.1141,0.0134,4.595,0.1812,0.0559,0.1139,Standing
S010C002P019R001A042,NTU,staggering,moderate_risk,10.6079,6.0954,0.234,0.016,5.7951,0.0506,0.0802,0.0476,Walking
S010C002P019R001A043,NTU,falling_down,high_risk,9.6195,6.1868,0.1566,0.0205,4.3695,0.2885,0.0911,0.1258,Lying
S010C002P019R002A008,NTU,sit_down,low_risk,3.6301,3.1667,0.1807,0.0058,4.5834,0.1636,0.0342,0.1916,Sitting
S010C002P019R002A009,NTU,stand_up,low_risk,3.7819,2.3333,0.1203,0.0051,4.5802,0.1623,0.0282,0.0683,Standing
S010C002P019R002A042,NTU,staggering,moderate_risk,3.17,2.0237,0.2298,0.0066,5.6055,0.0467,0.0302,0.0182,Walking
S010C002P019R002A043,NTU,falling_down,high_risk,9.8821,7.9874,0.1699,0.0148,4.5225,0.289,0.0473,0.1024,Lying
S010C002P021R001A008,NTU,sit_down,low_risk,29.022,17.2836,0.1799,0.0214,4.6511,0.1546,0.0788,0.1219,Sitting
S010C002P021R001A009,NTU,stand_up,low_risk,27.1639,12.2332,0.1906,0.0089,5.1739,0.1528,0.0453,0.1115,Standing
S010C002P021R001A042,NTU,staggering,moderate_risk,14.5878,10.3582,0.2632,0.0226,5.892,0.0356,0.0926,0.0606,Walking
S010C002P021R001A043,NTU,falling_down,high_risk,55.2675,33.2195,0.4069,0.0224,5.1758,0.0643,0.0601,0.3421,Lying
S010C002P021R002A008,NTU,sit_down,low_risk,9.4048,8.2034,0.1999,0.0056,5.0234,0.1194,0.0334,0.1488,Sitting
S010C002P021R002A009,NTU,stand_up,low_risk,3.3667,1.7257,0.1884,0.0039,4.9794,0.1535,0.0284,0.0967,Standing
S010C002P021R002A042,NTU,staggering,moderate_risk,6.4321,6.6957,0.2504,0.0208,5.3149,0.0705,0.0991,0.0889,Walking
S010C002P021R002A043,NTU,falling_down,high_risk,5.5385,7.4681,0.2841,0.018,4.3243,0.2792,0.0664,0.1084,Lying
S010C002P025R001A008,NTU,sit_down,low_risk,26.1945,19.5339,0.1557,0.0151,4.4956,0.2149,0.063,0.1656,Sitting
S010C002P025R001A009,NTU,stand_up,low_risk,25.9718,16.975,0.1156,0.0171,4.0954,0.1977,0.0622,0.1236,Standing
S010C002P025R001A042,NTU,staggering,moderate_risk,14.3824,13.5414,0.2661,0.0206,5.8712,0.0744,0.1252,0.0832,Walking
S010C002P025R001A043,NTU,falling_down,high_risk,24.8881,16.7522,0.2295,0.0242,5.0623,0.2033,0.1015,0.1291,Lying
S010C002P025R002A008,NTU,sit_down,low_risk,3.0452,3.8923,0.1736,0.0072,4.4655,0.1759,0.0461,0.1464,Sitting
S010C002P025R002A009,NTU,stand_up,low_risk,3.2063,2.8166,0.1402,0.0041,4.38,0.1917,0.034,0.1047,Standing
S010C002P025R002A042,NTU,staggering,moderate_risk,6.2926,5.8178,0.2563,0.0107,5.6036,0.1036,0.0899,0.1216,Walking
S010C002P025R002A043,NTU,falling_down,high_risk,5.5105,3.6986,0.2702,0.0042,5.7881,0.0375,0.0351,0.1942,Lying
S010C003P007R001A008,NTU,sit_down,low_risk,2.0931,1.5048,0.1183,0.0046,4.6826,0.0935,0.0342,0.1727,Sitting
S010C003P007R001A009,NTU,stand_up,low_risk,1.5284,0.352,0.1941,0.0035,5.3127,0.1436,0.0226,0.0538,Standing
S010C003P007R001A042,NTU,staggering,moderate_risk,7.5447,5.6293,0.2532,0.0202,5.394,0.0687,0.0978,0.0887,Walking
S010C003P007R001A043,NTU,falling_down,high_risk,17.5024,12.8857,0.4072,0.0171,4.608,0.1605,0.0707,0.1874,Lying
S010C003P007R002A008,NTU,sit_down,low_risk,8.0583,4.3422,0.1276,0.0159,5.2705,0.1269,0.0586,0.0428,Sitting
S010C003P007R002A009,NTU,stand_up,low_risk,11.5995,7.5972,0.184,0.0113,5.0566,0.1483,0.0481,0.0418,Standing
S010C003P007R002A042,NTU,staggering,moderate_risk,6.7982,4.5182,0.1186,0.068,3.0259,0.0877,0.1863,0.0746,Walking
S010C003P007R002A043,NTU,falling_down,high_risk,8.9571,3.2063,0.1104,0.0461,2.8736,0.0839,0.1242,0.0606,Lying
S010C003P008R001A008,NTU,sit_down,low_risk,2.531,3.3547,0.1588,0.0052,4.6996,0.1693,0.0448,0.1909,Sitting
S010C003P008R001A009,NTU,stand_up,low_risk,1.3628,1.2565,0.1759,0.005,4.8018,0.1901,0.0431,0.1608,Standing
S010C003P008R001A042,NTU,staggering,moderate_risk,12.3255,8.1209,0.237,0.0238,5.875,0.0315,0.1329,0.085,Walking
S010C003P008R001A043,NTU,falling_down,high_risk,11.3853,9.381,0.3552,0.0283,3.4805,0.2888,0.1056,0.2374,Lying
S010C003P008R002A008,NTU,sit_down,low_risk,33.8041,32.8205,0.1774,0.0259,4.1499,0.1867,0.088,0.3275,Sitting
S010C003P008R002A009,NTU,stand_up,low_risk,13.7667,12.2999,0.1532,0.0111,4.5915,0.1743,0.0626,0.0748,Standing
S010C003P008R002A042,NTU,staggering,moderate_risk,18.18,9.5029,0.2466,0.029,5.2656,0.0793,0.1735,0.0734,Walking
S010C003P008R002A043,NTU,falling_down,high_risk,21.7831,9.2781,0.3369,0.0208,3.4759,0.264,0.0866,0.1102,Lying
S010C003P013R001A008,NTU,sit_down,low_risk,8.6685,5.867,0.1608,0.0061,4.7624,0.1185,0.037,0.1561,Sitting
S010C003P013R001A009,NTU,stand_up,low_risk,3.6397,1.5667,0.1764,0.0033,5.1792,0.1404,0.0253,0.0603,Standing
S010C003P013R001A042,NTU,staggering,moderate_risk,10.1064,8.4002,0.2353,0.0079,5.619,0.0333,0.0462,0.0461,Walking
S010C003P013R001A043,NTU,falling_down,high_risk,17.1039,15.8654,0.2693,0.0184,4.4809,0.2233,0.0867,0.3548,Lying
S010C003P013R002A008,NTU,sit_down,low_risk,50.8941,14.4106,0.1526,0.0115,3.84,0.1487,0.039,0.1793,Sitting
S010C003P013R002A009,NTU,stand_up,low_risk,35.609,10.4066,0.2076,0.0115,4.8837,0.1411,0.0347,0.0639,Standing
S010C003P013R002A042,NTU,staggering,moderate_risk,10.0399,7.7984,0.2346,0.0139,5.9143,0.0244,0.0741,0.1111,Walking
S010C003P013R002A043,NTU,falling_down,high_risk,68.3432,21.0902,0.4414,0.0266,4.9688,0.142,0.0783,0.277,Lying
S010C003P015R001A008,NTU,sit_down,low_risk,2.316,1.3265,0.1571,0.0081,4.4587,0.1039,0.0405,0.0285,Sitting
S010C003P015R001A009,NTU,stand_up,low_risk,2.0034,1.0177,0.2088,0.005,4.9929,0.1202,0.0322,0.0792,Standing
S010C003P015R001A042,NTU,staggering,moderate_risk,2.3916,1.4528,0.2166,0.0116,5.4121,0.0333,0.0395,0.0169,Walking
S010C003P015R001A043,NTU,falling_down,high_risk,7.1485,5.2781,0.1319,0.0174,4.0146,0.2588,0.0975,0.1494,Lying
S010C003P015R002A008,NTU,sit_down,low_risk,12.6801,5.7696,0.1523,0.0091,4.6362,0.0858,0.0317,0.0314,Sitting
S010C003P015R002A009,NTU,stand_up,low_risk,11.632,6.8406,0.1829,0.0075,5.0524,0.1105,0.0335,0.0535,Standing
S010C003P015R002A042,NTU,staggering,moderate_risk,5.887,4.7863,0.2176,0.0206,4.8648,0.0302,0.0759,0.0225,Walking
S010C003P015R002A043,NTU,falling_down,high_risk,21.3307,9.3854,0.115,0.0201,3.541,0.3056,0.0554,0.122,Lying
S010C003P016R001A008,NTU,sit_down,low_risk,2.5864,2.1565,0.15,0.0062,4.7583,0.1063,0.0346,0.0415,Sitting
S010C003P016R001A009,NTU,stand_up,low_risk,2.1908,2.0171,0.2013,0.0052,5.0333,0.1284,0.0335,0.1318,Standing
S010C003P016R001A042,NTU,staggering,moderate_risk,4.3495,3.0938,0.2239,0.017,5.2371,0.0333,0.0746,0.0211,Walking
S010C003P016R001A043,NTU,falling_down,high_risk,23.9276,16.3684,0.1308,0.0133,4.2969,0.1303,0.038,0.1248,Lying
S010C003P016R002A008,NTU,sit_down,low_risk,16.8465,13.0401,0.1329,0.0169,4.8263,0.108,0.0476,0.0776,Sitting
S010C003P016R002A009,NTU,stand_up,low_risk,14.9906,10.9977,0.1573,0.0114,4.9702,0.1544,0.0479,0.0684,Standing
S010C003P016R002A042,NTU,staggering,moderate_risk,9.7517,5.0668,0.2714,0.0289,6.426,0.0364,0.1589,0.0408,Walking
S010C003P016R002A043,NTU,falling_down,high_risk,36.6123,11.8517,0.194,0.0326,4.1487,0.2831,0.0987,0.1382,Lying
S010C003P017R001A008,NTU,sit_down,low_risk,3.1104,2.1538,0.116,0.0432,3.9371,0.1163,0.099,0.0789,Sitting
S010C003P017R001A009,NTU,stand_up,low_risk,4.7368,4.7899,0.0866,0.0334,4.0752,0.092,0.0829,0.1204,Standing
S010C003P017R001A042,NTU,staggering,moderate_risk,2.3906,1.8123,0.2626,0.0564,5.2577,0.1621,0.1257,0.0338,Walking
S010C003P017R001A043,NTU,falling_down,high_risk,23.6031,14.3367,0.139,0.0333,3.7114,0.1597,0.0775,0.1382,Lying
S010C003P017R002A008,NTU,sit_down,low_risk,8.9067,10.5242,0.2115,0.0487,4.4059,0.1526,0.1293,0.0741,Sitting
S010C003P017R002A009,NTU,stand_up,low_risk,8.6816,9.3888,0.2068,0.04,4.4677,0.1554,0.1004,0.0616,Standing
S010C003P017R002A042,NTU,staggering,moderate_risk,6.2523,3.7487,0.2326,0.082,4.8446,0.0977,0.2467,0.0419,Walking
S010C003P017R002A043,NTU,falling_down,high_risk,31.0955,19.4748,0.3317,0.0561,3.243,0.3427,0.1083,0.1722,Lying
S010C003P018R001A008,NTU,sit_down,low_risk,3.9386,2.2898,0.151,0.004,4.8743,0.1176,0.0222,0.0675,Sitting
S010C003P018R001A009,NTU,stand_up,low_risk,4.3578,1.9214,0.1968,0.0047,5.2673,0.1262,0.0238,0.0612,Standing
S010C003P018R001A042,NTU,staggering,moderate_risk,3.1692,2.1983,0.2692,0.0111,5.525,0.0201,0.0394,0.0276,Walking
S010C003P018R001A043,NTU,falling_down,high_risk,9.9583,10.783,0.2174,0.0232,3.8634,0.3045,0.0638,0.183,Lying
S010C003P018R002A008,NTU,sit_down,low_risk,12.1952,7.6888,0.1687,0.0061,5.3479,0.0708,0.03,0.0444,Sitting
S010C003P018R002A009,NTU,stand_up,low_risk,5.8684,5.3339,0.208,0.0073,5.8538,0.105,0.0411,0.0733,Standing
S010C003P018R002A042,NTU,staggering,moderate_risk,6.4536,5.4372,0.246,0.0143,6.084,0.0331,0.0686,0.0293,Walking
S010C003P018R002A043,NTU,falling_down,high_risk,25.8907,11.2913,0.2176,0.0271,4.5797,0.2644,0.0827,0.1083,Lying
S010C003P019R001A008,NTU,sit_down,low_risk,2.3023,1.7876,0.1948,0.0057,4.7613,0.1339,0.0412,0.1278,Sitting
S010C003P019R001A009,NTU,stand_up,low_risk,1.4613,0.8987,0.1522,0.004,5.0493,0.1687,0.0335,0.1094,Standing
S010C003P019R001A042,NTU,staggering,moderate_risk,3.7289,2.7447,0.2307,0.0089,5.6219,0.0376,0.0378,0.0206,Walking
S010C003P019R001A043,NTU,falling_down,high_risk,14.0332,10.4989,0.1593,0.0137,4.6304,0.2322,0.0494,0.0691,Lying
S010C003P019R002A008,NTU,sit_down,low_risk,32.8413,12.4064,0.246,0.0177,4.7131,0.1674,0.0485,0.0893,Sitting
S010C003P019R002A009,NTU,stand_up,low_risk,21.9564,7.5423,0.1837,0.0131,4.1774,0.2347,0.0465,0.0395,Standing
S010C003P019R002A042,NTU,staggering,moderate_risk,11.213,7.0306,0.2644,0.0128,6.7523,0.0404,0.07,0.044,Walking
S010C003P019R002A043,NTU,falling_down,high_risk,8.341,7.1779,0.2078,0.0165,5.1824,0.2983,0.0642,0.0381,Lying
S010C003P021R001A008,NTU,sit_down,low_risk,5.9974,4.4641,0.1765,0.0157,5.0703,0.1114,0.0779,0.0909,Sitting
S010C003P021R001A009,NTU,stand_up,low_risk,3.576,3.9705,0.209,0.0034,5.2972,0.1363,0.0248,0.1488,Standing
S010C003P021R001A042,NTU,staggering,moderate_risk,2.8854,3.6979,0.2311,0.0166,5.4123,0.058,0.0736,0.1112,Walking
S010C003P021R001A043,NTU,falling_down,high_risk,7.0445,7.0267,0.2545,0.0195,4.3034,0.191,0.1005,0.1642,Lying
S010C003P021R002A008,NTU,sit_down,low_risk,9.3548,6.0733,0.1983,0.0117,5.1625,0.1297,0.0494,0.0899,Sitting
S010C003P021R002A009,NTU,stand_up,low_risk,6.811,5.4692,0.1876,0.0049,5.0163,0.1612,0.0294,0.0893,Standing
S010C003P021R002A042,NTU,staggering,moderate_risk,26.9086,9.4675,0.2715,0.0228,5.5407,0.0696,0.1322,0.0744,Walking
S010C003P021R002A043,NTU,falling_down,high_risk,49.9184,31.6768,0.3713,0.0251,4.4216,0.3334,0.0848,0.412,Lying
S010C003P025R001A008,NTU,sit_down,low_risk,2.511,3.0954,0.1926,0.0075,4.8074,0.1743,0.0549,0.169,Sitting
S010C003P025R001A009,NTU,stand_up,low_risk,1.8795,2.1846,0.1541,0.007,4.5272,0.1885,0.0474,0.0942,Standing
S010C003P025R001A042,NTU,staggering,moderate_risk,6.1646,4.9607,0.2546,0.0173,5.5442,0.0858,0.1003,0.1112,Walking
S010C003P025R001A043,NTU,falling_down,high_risk,19.5011,15.5553,0.2345,0.0123,4.5239,0.2423,0.0748,0.2235,Lying
S010C003P025R002A008,NTU,sit_down,low_risk,31.6306,20.1664,0.2133,0.0129,4.4541,0.2184,0.0549,0.1293,Sitting
S010C003P025R002A009,NTU,stand_up,low_risk,29.4733,16.5517,0.1514,0.0173,3.9564,0.1741,0.0588,0.1533,Standing
S010C003P025R002A042,NTU,staggering,moderate_risk,39.7319,27.9633,0.2383,0.0402,4.0285,0.3137,0.13,0.5895,Walking
S010C003P025R002A043,NTU,falling_down,high_risk,41.1449,22.3941,0.4265,0.0275,4.7026,0.0826,0.0703,0.6225,Lying
S011C001P001R001A008,NTU,sit_down,low_risk,6.1242,5.9093,0.0777,0.0079,4.6884,0.098,0.0406,0.0407,Sitting
S011C001P001R001A009,NTU,stand_up,low_risk,9.3837,9.4988,0.1513,0.0067,4.9303,0.1346,0.0357,0.0771,Standing
S011C001P001R001A042,NTU,staggering,moderate_risk,5.5123,3.1646,0.2295,0.027,5.4779,0.0493,0.1208,0.0496,Walking
S011C001P001R001A043,NTU,falling_down,high_risk,10.5087,6.3486,0.1574,0.0243,3.7341,0.2603,0.0668,0.1493,Lying
S011C001P001R002A008,NTU,sit_down,low_risk,4.4714,4.9694,0.1403,0.0064,4.7911,0.0974,0.0369,0.0461,Sitting
S011C001P001R002A009,NTU,stand_up,low_risk,5.5733,5.9684,0.1423,0.0051,4.8701,0.1269,0.0339,0.0791,Standing
S011C001P001R002A042,NTU,staggering,moderate_risk,4.3095,3.943,0.2129,0.0154,5.626,0.0284,0.0793,0.027,Walking
S011C001P001R002A043,NTU,falling_down,high_risk,32.1693,25.9499,0.1524,0.0191,4.434,0.21,0.0799,0.3096,Lying
S011C001P002R001A008,NTU,sit_down,low_risk,9.9369,5.7562,0.033,0.031,4.8315,0.5249,0.0791,0.4947,Sitting
S011C001P002R001A009,NTU,stand_up,low_risk,7.601,5.0626,0.1457,0.007,5.0052,0.1141,0.0343,0.0845,Standing
S011C001P002R001A042,NTU,staggering,moderate_risk,2.3127,2.3311,0.2111,0.0141,5.542,0.0267,0.0733,0.0256,Walking
S011C001P002R001A043,NTU,falling_down,high_risk,32.7666,20.7874,0.1337,0.0116,4.7223,0.1766,0.0721,0.304,Lying
S011C001P002R002A008,NTU,sit_down,low_risk,2.2228,2.1427,0.0552,0.0038,4.6177,0.0917,0.0195,0.0369,Sitting
S011C001P002R002A009,NTU,stand_up,low_risk,3.1512,2.5831,0.1468,0.0041,4.9697,0.1168,0.023,0.0499,Standing
S011C001P002R002A042,NTU,staggering,moderate_risk,4.5533,3.3375,0.2076,0.0182,5.5339,0.0263,0.0934,0.0284,Walking
S011C001P002R002A043,NTU,falling_down,high_risk,53.2742,28.5812,0.2892,0.0238,4.8109,0.1753,0.0611,0.345,Lying
S011C001P007R001A008,NTU,sit_down,low_risk,9.9109,6.6695,0.0893,0.0089,4.6062,0.1145,0.04,0.0642,Sitting
S011C001P007R001A009,NTU,stand_up,low_risk,4.0425,4.1753,0.1607,0.0046,4.982,0.1488,0.0292,0.0568,Standing
S011C001P007R001A042,NTU,staggering,moderate_risk,7.4679,7.6562,0.2397,0.036,4.9176,0.122,0.1562,0.1646,Walking
S011C001P007R001A043,NTU,falling_down,high_risk,18.514,12.9562,0.2596,0.0282,4.5154,0.2079,0.0727,0.1024,Lying
S011C001P007R002A008,NTU,sit_down,low_risk,6.585,3.1423,0.0995,0.008,4.8897,0.1022,0.0348,0.0351,Sitting
S011C001P007R002A009,NTU,stand_up,low_risk,6.4831,7.3358,0.1447,0.0062,4.9039,0.1615,0.0318,0.0796,Standing
S011C001P007R002A042,NTU,staggering,moderate_risk,16.6393,17.2777,0.2362,0.0181,5.1137,0.0713,0.0869,0.1891,Walking
S011C001P007R002A043,NTU,falling_down,high_risk,54.9564,33.4973,0.3714,0.0288,4.4666,0.1861,0.0685,0.3623,Lying
S011C001P008R001A008,NTU,sit_down,low_risk,22.7906,16.3807,0.1517,0.0125,4.1825,0.1607,0.0496,0.1699,Sitting
S011C001P008R001A009,NTU,stand_up,low_risk,22.3591,20.8932,0.1713,0.0077,4.3255,0.2287,0.0507,0.192,Standing
S011C001P008R001A042,NTU,staggering,moderate_risk,10.1405,7.4092,0.2494,0.0195,5.7103,0.0709,0.1203,0.0775,Walking
S011C001P008R001A043,NTU,falling_down,high_risk,17.3009,11.4014,0.2646,0.0201,4.8929,0.2512,0.0846,0.0964,Lying
S011C001P008R002A008,NTU,sit_down,low_risk,28.3828,18.5872,0.1902,0.0119,5.2316,0.1519,0.0525,0.1782,Sitting
S011C001P008R002A009,NTU,stand_up,low_risk,25.5641,20.1021,0.2147,0.0078,5.4708,0.1807,0.0448,0.2309,Standing
S011C001P008R002A042,NTU,staggering,moderate_risk,11.3049,12.6154,0.2522,0.0243,5.0978,0.0923,0.1549,0.1846,Walking
S011C001P008R002A043,NTU,falling_down,high_risk,53.0859,32.6808,0.4303,0.0317,4.8736,0.1687,0.081,0.5073,Lying
S011C001P015R001A008,NTU,sit_down,low_risk,4.5587,3.661,0.1945,0.0045,5.1827,0.0778,0.0298,0.0641,Sitting
S011C001P015R001A009,NTU,stand_up,low_risk,5.8636,5.2112,0.2304,0.0043,5.7402,0.1061,0.0271,0.0516,Standing
S011C001P015R001A042,NTU,staggering,moderate_risk,2.6141,2.2659,0.2123,0.0166,5.4384,0.0367,0.0704,0.0329,Walking
S011C001P015R001A043,NTU,falling_down,high_risk,11.1298,5.4206,0.1206,0.0171,4.3621,0.2064,0.0651,0.0651,Lying
S011C001P015R002A008,NTU,sit_down,low_risk,11.0143,9.4095,0.1626,0.0081,4.7133,0.0931,0.0355,0.0471,Sitting
S011C001P015R002A009,NTU,stand_up,low_risk,6.9809,4.4437,0.1595,0.0073,4.878,0.0845,0.0413,0.0417,Standing
S011C001P015R002A042,NTU,staggering,moderate_risk,3.5899,3.1228,0.2289,0.0213,5.4567,0.0313,0.1051,0.0217,Walking
S011C001P015R002A043,NTU,falling_down,high_risk,30.2252,12.5609,0.1208,0.0159,4.8554,0.1546,0.0774,0.2099,Lying
S011C001P016R001A008,NTU,sit_down,low_risk,12.0543,8.9993,0.1499,0.0127,4.7873,0.1026,0.0514,0.1278,Sitting
S011C001P016R001A009,NTU,stand_up,low_risk,7.3203,7.1503,0.1579,0.0087,4.9185,0.16,0.0454,0.1023,Standing
S011C001P016R001A042,NTU,staggering,moderate_risk,2.1999,1.7626,0.2491,0.0298,5.7961,0.0597,0.1162,0.0392,Walking
S011C001P016R001A043,NTU,falling_down,high_risk,23.8005,13.9652,0.1725,0.0302,4.2292,0.2761,0.0905,0.1593,Lying
S011C001P016R002A008,NTU,sit_down,low_risk,9.1085,9.1915,0.1121,0.0156,4.6179,0.1514,0.0667,0.0639,Sitting
S011C001P016R002A009,NTU,stand_up,low_risk,7.0779,6.274,0.2141,0.0115,5.7842,0.1644,0.0572,0.0766,Standing
S011C001P016R002A042,NTU,staggering,moderate_risk,3.5787,2.6747,0.2407,0.0251,5.8479,0.0917,0.1537,0.1406,Walking
S011C001P016R002A043,NTU,falling_down,high_risk,33.4859,16.819,0.258,0.0314,4.2142,0.2733,0.0779,0.1378,Lying
S011C001P017R001A008,NTU,sit_down,low_risk,6.7553,4.4322,0.1327,0.0137,4.9284,0.1015,0.0494,0.0471,Sitting
S011C001P017R001A009,NTU,stand_up,low_risk,4.473,4.3226,0.1539,0.0121,5.1574,0.1261,0.0505,0.0446,Standing
S011C001P017R001A042,NTU,staggering,moderate_risk,3.3436,2.0669,0.2413,0.0175,5.9041,0.0169,0.0904,0.0376,Walking
S011C001P017R001A043,NTU,falling_down,high_risk,4.3933,4.6697,0.1659,0.0207,4.6101,0.2543,0.0862,0.1181,Lying
S011C001P017R002A008,NTU,sit_down,low_risk,5.3225,6.0253,0.1387,0.0075,4.8177,0.0831,0.0482,0.0463,Sitting
S011C001P017R002A009,NTU,stand_up,low_risk,4.3485,4.0642,0.1787,0.006,5.1256,0.108,0.0391,0.0414,Standing
S011C001P017R002A042,NTU,staggering,moderate_risk,2.4593,1.405,0.2152,0.013,5.7844,0.0203,0.0759,0.017,Walking
S011C001P017R002A043,NTU,falling_down,high_risk,3.2171,2.4368,0.1827,0.0179,4.1327,0.305,0.0653,0.1044,Lying
S011C001P018R001A008,NTU,sit_down,low_risk,5.17,2.766,0.0916,0.0089,4.6709,0.0936,0.0306,0.0371,Sitting
S011C001P018R001A009,NTU,stand_up,low_risk,5.099,2.5077,0.1821,0.0073,5.3464,0.1151,0.031,0.0268,Standing
S011C001P018R001A042,NTU,staggering,moderate_risk,19.9474,0.7449,0.0391,0.0306,3.469,0.0635,0.0495,0.0062,Walking
S011C001P018R001A043,NTU,falling_down,high_risk,20.3265,0.4132,0.0324,0.01,3.3532,0.0291,0.0228,0.0028,Lying
S011C001P018R002A008,NTU,sit_down,low_risk,12.0595,9.7344,0.1642,0.0057,4.7314,0.1076,0.0285,0.0615,Sitting
S011C001P018R002A009,NTU,stand_up,low_risk,5.6223,4.6747,0.1966,0.0048,5.3416,0.1214,0.0252,0.0422,Standing
S011C001P018R002A042,NTU,staggering,moderate_risk,3.3231,2.7143,0.2321,0.0092,5.5998,0.0232,0.0467,0.0218,Walking
S011C001P018R002A043,NTU,falling_down,high_risk,25.9301,11.1351,0.1357,0.0138,4.0351,0.1929,0.056,0.0676,Lying
S011C001P019R001A008,NTU,sit_down,low_risk,9.8078,8.3423,0.125,0.0108,4.3624,0.1214,0.0508,0.0825,Sitting
S011C001P019R001A009,NTU,stand_up,low_risk,6.5825,3.887,0.1741,0.0074,4.8707,0.1878,0.0398,0.1025,Standing
S011C001P019R001A042,NTU,staggering,moderate_risk,4.3234,2.6604,0.2297,0.0147,5.6901,0.0341,0.0662,0.0235,Walking
S011C001P019R001A043,NTU,falling_down,high_risk,34.9571,23.0784,0.1419,0.0218,3.8745,0.3061,0.089,0.2253,Lying
S011C001P019R002A008,NTU,sit_down,low_risk,9.2026,5.6167,0.1387,0.0078,4.6073,0.1242,0.0489,0.181,Sitting
S011C001P019R002A009,NTU,stand_up,low_risk,3.9796,3.4199,0.1767,0.0063,4.984,0.1854,0.0391,0.0908,Standing
S011C001P019R002A042,NTU,staggering,moderate_risk,2.322,1.9999,0.2305,0.0106,5.7858,0.0242,0.0467,0.0165,Walking
S011C001P019R002A043,NTU,falling_down,high_risk,16.9588,14.4609,0.1967,0.0184,4.5704,0.2905,0.0878,0.1817,Lying
S011C001P025R001A008,NTU,sit_down,low_risk,12.7373,9.0843,0.1738,0.0147,4.779,0.1596,0.0705,0.1112,Sitting
S011C001P025R001A009,NTU,stand_up,low_risk,8.3924,6.8803,0.174,0.0105,5.1604,0.2016,0.0506,0.0808,Standing
S011C001P025R001A042,NTU,staggering,moderate_risk,7.3728,6.129,0.2656,0.0229,5.5034,0.116,0.12,0.0831,Walking
S011C001P025R001A043,NTU,falling_down,high_risk,18.1547,12.7955,0.3222,0.0149,4.1573,0.2951,0.0705,0.2224,Lying
S011C001P025R002A008,NTU,sit_down,low_risk,13.937,10.9408,0.1586,0.0131,4.9892,0.1969,0.0641,0.1406,Sitting
S011C001P025R002A009,NTU,stand_up,low_risk,9.7882,7.2361,0.15,0.011,5.1241,0.1932,0.0468,0.0697,Standing
S011C001P025R002A042,NTU,staggering,moderate_risk,11.0843,8.0292,0.2675,0.0223,5.5706,0.0614,0.1216,0.1049,Walking
S011C001P025R002A043,NTU,falling_down,high_risk,12.6585,10.5953,0.4328,0.0179,3.5934,0.4437,0.0714,0.1977,Lying
S011C001P027R001A008,NTU,sit_down,low_risk,16.6679,18.2294,0.1624,0.0087,4.5427,0.1887,0.0456,0.1475,Sitting
S011C001P027R001A009,NTU,stand_up,low_risk,13.9085,12.2528,0.1788,0.0067,4.9086,0.2261,0.0357,0.0988,Standing
S011C001P027R001A042,NTU,staggering,moderate_risk,53.9081,8.677,0.4221,0.0557,4.7422,0.1037,0.1441,0.1692,Walking
S011C001P027R001A043,NTU,falling_down,high_risk,46.2631,10.1568,0.3954,0.0386,4.4408,0.0938,0.0941,0.1431,Lying
S011C001P027R002A008,NTU,sit_down,low_risk,14.4101,18.2788,0.101,0.0094,4.286,0.1623,0.0524,0.1549,Sitting
S011C001P027R002A009,NTU,stand_up,low_risk,9.7294,9.5731,0.1869,0.0057,5.4348,0.1949,0.0324,0.1238,Standing
S011C001P027R002A042,NTU,staggering,moderate_risk,8.6656,6.8416,0.2418,0.016,5.3961,0.056,0.0718,0.0575,Walking
S011C001P027R002A043,NTU,falling_down,high_risk,17.0253,18.3092,0.1913,0.0167,4.1894,0.282,0.0694,0.1887,Lying
S011C001P028R001A008,NTU,sit_down,low_risk,9.9479,10.1814,0.1472,0.0209,4.2632,0.1688,0.0905,0.0514,Sitting
S011C001P028R001A009,NTU,stand_up,low_risk,7.3919,7.1565,0.1892,0.0104,5.2085,0.146,0.046,0.0598,Standing
S011C001P028R001A042,NTU,staggering,moderate_risk,12.912,7.1102,0.2293,0.0121,4.9089,0.0398,0.0697,0.0863,Walking
S011C001P028R001A043,NTU,falling_down,high_risk,19.0614,18.1597,0.1136,0.0187,4.4541,0.1612,0.0808,0.207,Lying
S011C001P028R002A008,NTU,sit_down,low_risk,7.2239,6.7406,0.1953,0.009,5.9815,0.0837,0.0633,0.0509,Sitting
S011C001P028R002A009,NTU,stand_up,low_risk,7.1955,8.9473,0.2376,0.0117,6.3574,0.1084,0.0489,0.0754,Standing
S011C001P028R002A042,NTU,staggering,moderate_risk,12.8774,4.6812,0.2819,0.0177,6.1164,0.0354,0.1058,0.079,Walking
S011C001P028R002A043,NTU,falling_down,high_risk,33.2741,24.8531,0.3092,0.0297,4.7184,0.1786,0.1025,0.2311,Lying
S011C001P038R001A008,NTU,sit_down,low_risk,5.5454,2.8067,0.1739,0.005,5.0102,0.1276,0.0297,0.0688,Sitting
S011C001P038R001A009,NTU,stand_up,low_risk,6.8872,4.7605,0.203,0.0052,5.3215,0.1378,0.0308,0.1048,Standing
S011C001P038R001A042,NTU,staggering,moderate_risk,6.4104,3.8551,0.2511,0.0119,5.8732,0.0246,0.0632,0.0625,Walking
S011C001P038R001A043,NTU,falling_down,high_risk,25.0204,13.8456,0.1649,0.0188,3.6922,0.3353,0.0708,0.1383,Lying
S011C001P038R002A008,NTU,sit_down,low_risk,24.8226,22.6331,0.1777,0.0153,5.1883,0.142,0.0692,0.203,Sitting
S011C001P038R002A009,NTU,stand_up,low_risk,9.1397,7.2569,0.2046,0.006,5.8282,0.1201,0.03,0.0682,Standing
S011C001P038R002A042,NTU,staggering,moderate_risk,18.2645,21.2953,0.2722,0.0205,5.643,0.0514,0.0814,0.1526,Walking
S011C001P038R002A043,NTU,falling_down,high_risk,30.3778,19.5387,0.3094,0.0241,6.2254,0.1556,0.149,0.4163,Lying
S011C002P001R001A008,NTU,sit_down,low_risk,8.1839,3.6784,0.1065,0.0108,5.0033,0.104,0.0442,0.0252,Sitting
S011C002P001R001A009,NTU,stand_up,low_risk,14.3074,8.3568,0.1593,0.0099,5.2015,0.1338,0.0476,0.0708,Standing
S011C002P001R001A042,NTU,staggering,moderate_risk,4.307,2.2583,0.2826,0.0226,6.1167,0.0386,0.1372,0.0627,Walking
S011C002P001R001A043,NTU,falling_down,high_risk,13.2816,7.8652,0.1487,0.0304,4.6336,0.2595,0.1061,0.1341,Lying
S011C002P001R002A008,NTU,sit_down,low_risk,2.9883,1.7598,0.1365,0.0038,5.0042,0.0965,0.025,0.0531,Sitting
S011C002P001R002A009,NTU,stand_up,low_risk,3.5617,1.5399,0.1874,0.0033,5.2247,0.1304,0.0268,0.1113,Standing
S011C002P001R002A042,NTU,staggering,moderate_risk,4.2743,2.5725,0.21,0.0128,5.4113,0.0225,0.0653,0.01,Walking
S011C002P001R002A043,NTU,falling_down,high_risk,14.8929,15.676,0.1855,0.0392,4.1412,0.2931,0.1359,0.2629,Lying
S011C002P002R001A008,NTU,sit_down,low_risk,15.5414,7.2889,0.1839,0.0269,3.4645,0.2046,0.0786,0.1146,Sitting
S011C002P002R001A009,NTU,stand_up,low_risk,13.3635,5.5717,0.1289,0.0335,2.4142,0.1222,0.0703,0.0938,Standing
S011C002P002R001A042,NTU,staggering,moderate_risk,5.4141,4.3802,0.2816,0.0146,5.802,0.0341,0.085,0.0591,Walking
S011C002P002R001A043,NTU,falling_down,high_risk,42.141,24.2524,0.2011,0.0241,4.2875,0.2125,0.0746,0.2099,Lying
S011C002P002R002A008,NTU,sit_down,low_risk,1.5224,0.9445,0.0786,0.0033,4.539,0.0873,0.0205,0.0381,Sitting
S011C002P002R002A009,NTU,stand_up,low_risk,1.8234,1.1235,0.1621,0.0032,4.9041,0.1187,0.0198,0.056,Standing
S011C002P002R002A042,NTU,staggering,moderate_risk,3.0687,2.0173,0.2052,0.0139,5.3896,0.0244,0.0683,0.0256,Walking
S011C002P002R002A043,NTU,falling_down,high_risk,13.185,10.7121,0.1622,0.0117,4.4281,0.2385,0.0649,0.209,Lying
S011C002P007R001A008,NTU,sit_down,low_risk,13.4384,7.4869,0.1199,0.0128,4.1024,0.1653,0.046,0.0613,Sitting
S011C002P007R001A009,NTU,stand_up,low_risk,6.5992,5.1549,0.1621,0.0111,4.3548,0.1728,0.0364,0.0315,Standing
S011C002P007R001A042,NTU,staggering,moderate_risk,19.9372,19.5018,0.2624,0.0371,4.8042,0.2654,0.1569,0.1929,Walking
S011C002P007R001A043,NTU,falling_down,high_risk,11.5568,10.1432,0.219,0.0239,4.5952,0.3738,0.1151,0.1923,Lying
S011C002P007R002A008,NTU,sit_down,low_risk,5.0182,3.3313,0.0807,0.0052,5.013,0.1001,0.0266,0.022,Sitting
S011C002P007R002A009,NTU,stand_up,low_risk,0.7287,0.9811,0.1598,0.0049,5.0931,0.1711,0.028,0.0847,Standing
S011C002P007R002A042,NTU,staggering,moderate_risk,8.7236,7.5555,0.2284,0.0205,5.1838,0.0767,0.0988,0.1449,Walking
S011C002P007R002A043,NTU,falling_down,high_risk,51.2375,32.0044,0.393,0.0234,4.3983,0.2187,0.0589,0.3544,Lying
S011C002P008R001A008,NTU,sit_down,low_risk,32.3796,22.2176,0.1779,0.0147,3.961,0.1754,0.0573,0.1824,Sitting
S011C002P008R001A009,NTU,stand_up,low_risk,26.4287,17.4103,0.1524,0.0253,5.0447,0.2208,0.1238,0.2634,Standing
S011C002P008R001A042,NTU,staggering,moderate_risk,9.6012,9.3427,0.2327,0.0218,5.0556,0.0661,0.1237,0.0937,Walking
S011C002P008R001A043,NTU,falling_down,high_risk,44.6066,28.615,0.3768,0.0264,4.4586,0.2747,0.115,0.5086,Lying
S011C002P008R002A008,NTU,sit_down,low_risk,6.7209,3.8171,0.1994,0.0093,5.1953,0.1346,0.052,0.1313,Sitting
S011C002P008R002A009,NTU,stand_up,low_risk,7.5383,9.2049,0.2311,0.0055,5.3974,0.1728,0.0414,0.2269,Standing
S011C002P008R002A042,NTU,staggering,moderate_risk,11.501,11.694,0.2249,0.0233,4.9921,0.1046,0.1529,0.1185,Walking
S011C002P008R002A043,NTU,falling_down,high_risk,4.7582,5.7085,0.2223,0.0171,4.4827,0.2789,0.0841,0.129,Lying
S011C002P015R001A008,NTU,sit_down,low_risk,7.1456,5.2962,0.1714,0.0086,5.4697,0.0839,0.0481,0.0401,Sitting
S011C002P015R001A009,NTU,stand_up,low_risk,8.9637,5.2156,0.2441,0.0075,6.1416,0.0906,0.0398,0.0373,Standing
S011C002P015R001A042,NTU,staggering,moderate_risk,4.4419,2.8397,0.2231,0.015,5.222,0.038,0.0781,0.053,Walking
S011C002P015R001A043,NTU,falling_down,high_risk,22.6843,12.3281,0.2825,0.0221,4.1836,0.2275,0.0768,0.1465,Lying
S011C002P015R002A008,NTU,sit_down,low_risk,12.626,3.7819,0.1604,0.0037,4.4453,0.1022,0.0288,0.0868,Sitting
S011C002P015R002A009,NTU,stand_up,low_risk,4.9904,3.2656,0.1928,0.0028,5.1149,0.0929,0.02,0.0428,Standing
S011C002P015R002A042,NTU,staggering,moderate_risk,2.4199,1.6934,0.2229,0.014,5.477,0.0287,0.0753,0.0205,Walking
S011C002P015R002A043,NTU,falling_down,high_risk,8.3412,6.3282,0.2228,0.0313,4.4838,0.151,0.1164,0.1883,Lying
S011C002P016R001A008,NTU,sit_down,low_risk,18.829,14.5186,0.1498,0.0123,5.0714,0.1038,0.0643,0.1177,Sitting
S011C002P016R001A009,NTU,stand_up,low_risk,11.1048,9.6708,0.1668,0.017,5.1254,0.1628,0.0717,0.0777,Standing
S011C002P016R001A042,NTU,staggering,moderate_risk,8.1549,3.4781,0.217,0.0259,5.7035,0.0315,0.122,0.061,Walking
S011C002P016R001A043,NTU,falling_down,high_risk,22.914,12.5287,0.3175,0.0174,4.6014,0.1812,0.0651,0.088,Lying
S011C002P016R002A008,NTU,sit_down,low_risk,3.8326,4.3297,0.1203,0.0169,4.5127,0.0994,0.0666,0.0883,Sitting
S011C002P016R002A009,NTU,stand_up,low_risk,2.6516,1.636,0.1552,0.0076,4.7533,0.1415,0.038,0.0957,Standing
S011C002P016R002A042,NTU,staggering,moderate_risk,2.4191,1.9446,0.2048,0.0204,5.5537,0.0251,0.0821,0.0219,Walking
S011C002P016R002A043,NTU,falling_down,high_risk,9.08,13.5686,0.146,0.026,3.493,0.3203,0.0738,0.2112,Lying
S011C002P017R001A008,NTU,sit_down,low_risk,9.8721,6.4928,0.1271,0.0211,4.3698,0.0957,0.0897,0.0808,Sitting
S011C002P017R001A009,NTU,stand_up,low_risk,9.1782,5.9076,0.1378,0.0146,4.6221,0.1325,0.0669,0.0605,Standing
S011C002P017R001A042,NTU,staggering,moderate_risk,4.4535,2.7517,0.216,0.0243,5.5416,0.0277,0.0968,0.0309,Walking
S011C002P017R001A043,NTU,falling_down,high_risk,10.0325,6.878,0.2051,0.0241,4.3307,0.2877,0.1187,0.159,Lying
S011C002P017R002A008,NTU,sit_down,low_risk,2.1259,1.8063,0.1669,0.0071,4.8525,0.0789,0.0453,0.085,Sitting
S011C002P017R002A009,NTU,stand_up,low_risk,1.7804,1.6827,0.1889,0.0067,5.1636,0.103,0.0411,0.0376,Standing
S011C002P017R002A042,NTU,staggering,moderate_risk,2.8091,1.926,0.2129,0.0122,5.4698,0.0225,0.0597,0.011,Walking
S011C002P017R002A043,NTU,falling_down,high_risk,17.478,12.9619,0.1452,0.0129,4.1018,0.2411,0.0488,0.0886,Lying
S011C002P018R001A008,NTU,sit_down,low_risk,6.8817,5.8764,0.0779,0.0106,4.6404,0.0929,0.0405,0.0433,Sitting
S011C002P018R001A009,NTU,stand_up,low_risk,5.3113,4.2889,0.175,0.0124,5.2635,0.1147,0.038,0.0379,Standing
S011C002P018R001A042,NTU,staggering,moderate_risk,6.4714,4.3577,0.2663,0.0193,5.5096,0.0499,0.0855,0.0425,Walking
S011C002P018R001A043,NTU,falling_down,high_risk,21.9675,7.1579,0.1801,0.0259,4.1733,0.2445,0.0693,0.0518,Lying
S011C002P018R002A008,NTU,sit_down,low_risk,5.4102,4.035,0.1825,0.0042,4.7088,0.104,0.0231,0.1077,Sitting
S011C002P018R002A009,NTU,stand_up,low_risk,3.617,2.8935,0.2027,0.0035,5.8018,0.117,0.0212,0.061,Standing
S011C002P018R002A042,NTU,staggering,moderate_risk,3.1899,2.1416,0.2163,0.009,5.6077,0.0303,0.0427,0.0286,Walking
S011C002P018R002A043,NTU,falling_down,high_risk,24.7086,13.3638,0.1166,0.0137,3.5656,0.2247,0.0479,0.1164,Lying
S011C002P019R001A008,NTU,sit_down,low_risk,22.9377,16.0277,0.1457,0.0106,4.7642,0.1208,0.0541,0.1388,Sitting
S011C002P019R001A009,NTU,stand_up,low_risk,8.2949,7.6947,0.1782,0.0103,5.2514,0.1703,0.0564,0.047,Standing
S011C002P019R001A042,NTU,staggering,moderate_risk,13.9704,10.4729,0.2235,0.0169,6.2202,0.0671,0.0863,0.0509,Walking
S011C002P019R001A043,NTU,falling_down,high_risk,40.0716,20.0667,0.2078,0.0379,3.5894,0.3179,0.0858,0.1798,Lying
S011C002P019R002A008,NTU,sit_down,low_risk,5.1464,4.3986,0.1593,0.0061,4.4858,0.1161,0.0307,0.1714,Sitting
S011C002P019R002A009,NTU,stand_up,low_risk,2.0771,1.2515,0.1722,0.0058,4.8755,0.1877,0.0291,0.0751,Standing
S011C002P019R002A042,NTU,staggering,moderate_risk,2.8334,2.3838,0.223,0.0105,5.4883,0.0269,0.0419,0.0097,Walking
S011C002P019R002A043,NTU,falling_down,high_risk,15.312,17.5188,0.1461,0.0174,3.8772,0.3104,0.0611,0.1707,Lying
S011C002P025R001A008,NTU,sit_down,low_risk,16.6894,18.0731,0.2027,0.0233,4.5424,0.2188,0.0897,0.139,Sitting
S011C002P025R001A009,NTU,stand_up,low_risk,11.3153,9.9547,0.1701,0.0192,4.8073,0.2138,0.066,0.0538,Standing
S011C002P025R001A042,NTU,staggering,moderate_risk,20.8545,16.3142,0.2709,0.0253,6.0881,0.1088,0.1343,0.1565,Walking
S011C002P025R001A043,NTU,falling_down,high_risk,54.4172,34.8647,0.3303,0.0202,5.0589,0.2817,0.0921,0.4318,Lying
S011C002P025R002A008,NTU,sit_down,low_risk,5.9918,7.3544,0.1626,0.0159,4.2838,0.213,0.0801,0.1908,Sitting
S011C002P025R002A009,NTU,stand_up,low_risk,2.3845,2.1822,0.1585,0.0091,5.1011,0.1905,0.0433,0.0767,Standing
S011C002P025R002A042,NTU,staggering,moderate_risk,5.8358,6.2841,0.2717,0.027,5.4932,0.1052,0.1634,0.1165,Walking
S011C002P025R002A043,NTU,falling_down,high_risk,24.8545,15.5719,0.2029,0.0151,4.1942,0.2858,0.0881,0.2145,Lying
S011C002P027R001A008,NTU,sit_down,low_risk,20.948,20.3599,0.2304,0.0237,4.9133,0.7958,0.0788,0.6273,Sitting
S011C002P027R001A009,NTU,stand_up,low_risk,0.0,0.0,0.0,0.0,0.0,0.0,0.0,0.0,Standing
S011C002P027R001A042,NTU,staggering,moderate_risk,17.6538,15.6387,0.2072,0.0197,5.402,0.1277,0.1085,0.1299,Walking
S011C002P027R001A043,NTU,falling_down,high_risk,16.0097,11.7825,0.2242,0.0295,4.2217,0.2434,0.0785,0.0809,Lying
S011C002P027R002A008,NTU,sit_down,low_risk,10.3817,18.3535,0.1039,0.0166,4.4397,0.1974,0.1012,0.3093,Sitting
S011C002P027R002A009,NTU,stand_up,low_risk,1.5643,0.8323,0.1648,0.0052,5.1681,0.1806,0.0281,0.1199,Standing
S011C002P027R002A042,NTU,staggering,moderate_risk,7.0409,4.1373,0.2282,0.0196,5.1873,0.0577,0.0827,0.0634,Walking
S011C002P027R002A043,NTU,falling_down,high_risk,8.8594,11.9625,0.1942,0.0186,4.0194,0.2752,0.0692,0.2148,Lying
S011C002P028R001A008,NTU,sit_down,low_risk,20.1597,20.0259,0.2238,0.0372,3.5864,0.2613,0.125,0.207,Sitting
S011C002P028R001A009,NTU,stand_up,low_risk,9.5675,5.8429,0.1511,0.0251,4.1047,0.1819,0.0787,0.0514,Standing
S011C002P028R001A042,NTU,staggering,moderate_risk,26.1257,12.6271,0.2148,0.0166,4.6968,0.0623,0.0879,0.1003,Walking
S011C002P028R001A043,NTU,falling_down,high_risk,24.1604,19.7899,0.1695,0.0415,3.3357,0.3444,0.1024,0.2201,Lying
S011C002P028R002A008,NTU,sit_down,low_risk,2.5633,2.688,0.1901,0.0075,5.4514,0.0767,0.0459,0.0526,Sitting
S011C002P028R002A009,NTU,stand_up,low_risk,1.9943,1.6248,0.2064,0.0086,5.6189,0.122,0.0426,0.0895,Standing
S011C002P028R002A042,NTU,staggering,moderate_risk,3.2016,1.6495,0.2596,0.0191,5.4055,0.0266,0.0675,0.0372,Walking
S011C002P028R002A043,NTU,falling_down,high_risk,9.6772,10.4354,0.2043,0.0373,3.8743,0.2689,0.12,0.1979,Lying
S011C002P038R001A008,NTU,sit_down,low_risk,8.4154,6.6191,0.1696,0.0062,5.6277,0.1177,0.0366,0.0424,Sitting
S011C002P038R001A009,NTU,stand_up,low_risk,11.0928,7.7512,0.2133,0.0101,5.999,0.1268,0.0451,0.061,Standing
S011C002P038R001A042,NTU,staggering,moderate_risk,18.8023,9.2679,0.2838,0.0166,5.6264,0.0373,0.0847,0.069,Walking
S011C002P038R001A043,NTU,falling_down,high_risk,48.7985,17.0232,0.3076,0.0241,4.3402,0.186,0.07,0.2053,Lying
S011C002P038R002A008,NTU,sit_down,low_risk,14.5659,13.2148,0.1958,0.0158,4.607,0.139,0.0846,0.2036,Sitting
S011C002P038R002A009,NTU,stand_up,low_risk,5.5536,4.4644,0.1829,0.0039,5.2276,0.1151,0.0262,0.0814,Standing
S011C002P038R002A042,NTU,staggering,moderate_risk,12.6729,11.3309,0.2368,0.0157,5.3328,0.0485,0.0697,0.1075,Walking
S011C002P038R002A043,NTU,falling_down,high_risk,16.3683,11.6178,0.1967,0.0159,3.0441,0.3994,0.0655,0.1007,Lying
S011C003P001R001A008,NTU,sit_down,low_risk,7.5322,4.822,0.1483,0.0051,4.8676,0.1006,0.0388,0.0791,Sitting
S011C003P001R001A009,NTU,stand_up,low_risk,6.7353,7.3223,0.1884,0.0038,5.0719,0.1424,0.031,0.1306,Standing
S011C003P001R001A042,NTU,staggering,moderate_risk,2.7845,1.7953,0.219,0.0193,5.6191,0.0282,0.0885,0.0192,Walking
S011C003P001R001A043,NTU,falling_down,high_risk,6.2601,5.9945,0.1593,0.0173,4.1429,0.2629,0.0785,0.1194,Lying
S011C003P001R002A008,NTU,sit_down,low_risk,9.7229,6.4731,0.117,0.0115,5.0201,0.0956,0.058,0.101,Sitting
S011C003P001R002A009,NTU,stand_up,low_risk,10.3164,7.7419,0.1439,0.0085,4.985,0.1045,0.0459,0.0624,Standing
S011C003P001R002A042,NTU,staggering,moderate_risk,5.7787,4.7076,0.2722,0.0161,5.75,0.0283,0.1061,0.0534,Walking
S011C003P001R002A043,NTU,falling_down,high_risk,23.1896,19.0952,0.2306,0.03,5.306,0.1535,0.1028,0.201,Lying
S011C003P002R001A008,NTU,sit_down,low_risk,5.9593,9.8521,0.1648,0.0504,4.6972,0.6475,0.1931,0.4971,Sitting
S011C003P002R001A009,NTU,stand_up,low_risk,3.8161,1.9047,0.1854,0.0047,5.3984,0.1161,0.0279,0.0671,Standing
S011C003P002R001A042,NTU,staggering,moderate_risk,4.6228,3.8129,0.2091,0.0115,5.5172,0.0282,0.0517,0.0176,Walking
S011C003P002R001A043,NTU,falling_down,high_risk,2.0782,1.7688,0.169,0.0106,4.4164,0.139,0.08,0.132,Lying
S011C003P002R002A008,NTU,sit_down,low_risk,5.1539,2.5954,0.1218,0.012,4.5504,0.099,0.0423,0.0805,Sitting
S011C003P002R002A009,NTU,stand_up,low_risk,5.7919,5.6316,0.1885,0.0078,4.9933,0.1473,0.0368,0.097,Standing
S011C003P002R002A042,NTU,staggering,moderate_risk,8.3006,5.8781,0.2391,0.0219,5.4133,0.023,0.1132,0.0482,Walking
S011C003P002R002A043,NTU,falling_down,high_risk,39.7626,17.3536,0.2112,0.0231,4.2306,0.2962,0.0783,0.2452,Lying
S011C003P007R001A008,NTU,sit_down,low_risk,4.5478,4.9606,0.1316,0.005,4.7884,0.1143,0.034,0.1559,Sitting
S011C003P007R001A009,NTU,stand_up,low_risk,2.4734,1.2309,0.1726,0.0031,5.2432,0.1479,0.0247,0.0463,Standing
S011C003P007R001A042,NTU,staggering,moderate_risk,8.4,6.681,0.2237,0.0309,5.1034,0.142,0.1492,0.1607,Walking
S011C003P007R001A043,NTU,falling_down,high_risk,14.8612,11.1112,0.1799,0.0186,4.477,0.2122,0.0593,0.0464,Lying
S011C003P007R002A008,NTU,sit_down,low_risk,5.4529,3.4939,0.1045,0.0224,4.8063,0.2042,0.0778,0.1059,Sitting
S011C003P007R002A009,NTU,stand_up,low_risk,13.6846,12.4131,0.1824,0.0147,5.1367,0.2079,0.0589,0.0673,Standing
S011C003P007R002A042,NTU,staggering,moderate_risk,15.6261,15.7214,0.244,0.0212,4.548,0.0864,0.0932,0.1124,Walking
S011C003P007R002A043,NTU,falling_down,high_risk,43.7704,23.881,0.1995,0.0253,4.2186,0.2751,0.0938,0.2843,Lying
S011C003P008R001A008,NTU,sit_down,low_risk,7.3806,6.8738,0.1542,0.0139,3.7988,0.1586,0.0724,0.1988,Sitting
S011C003P008R001A009,NTU,stand_up,low_risk,8.9364,11.5017,0.1725,0.0137,4.371,0.2411,0.095,0.1753,Standing
S011C003P008R001A042,NTU,staggering,moderate_risk,12.0873,8.3057,0.2253,0.0139,5.3881,0.0421,0.0838,0.0375,Walking
S011C003P008R001A043,NTU,falling_down,high_risk,54.5869,32.5531,0.3209,0.0389,5.2764,0.1232,0.0821,0.4049,Lying
S011C003P008R002A008,NTU,sit_down,low_risk,8.3357,5.6858,0.1208,0.0635,3.5059,0.2227,0.133,0.0866,Sitting
S011C003P008R002A009,NTU,stand_up,low_risk,8.2237,4.6076,0.0793,0.0704,3.0948,0.2567,0.14,0.095,Standing
S011C003P008R002A042,NTU,staggering,moderate_risk,26.3337,15.876,0.2717,0.0451,4.9141,0.1409,0.1991,0.1426,Walking
S011C003P008R002A043,NTU,falling_down,high_risk,52.333,28.6708,0.3192,0.0421,4.5359,0.2157,0.0978,0.5351,Lying
S011C003P015R001A008,NTU,sit_down,low_risk,2.6396,2.5074,0.1647,0.0078,4.9029,0.0793,0.0397,0.0619,Sitting
S011C003P015R001A009,NTU,stand_up,low_risk,1.7813,1.674,0.193,0.0041,5.3496,0.0983,0.0306,0.0901,Standing
S011C003P015R001A042,NTU,staggering,moderate_risk,3.394,2.1144,0.2264,0.0109,5.4422,0.0194,0.0441,0.0184,Walking
S011C003P015R001A043,NTU,falling_down,high_risk,5.9065,3.702,0.158,0.0143,4.4179,0.1449,0.0659,0.1075,Lying
S011C003P015R002A008,NTU,sit_down,low_risk,10.9159,7.1205,0.1416,0.0122,4.5601,0.1072,0.059,0.0599,Sitting
S011C003P015R002A009,NTU,stand_up,low_risk,7.267,4.4614,0.1808,0.0071,4.6625,0.1303,0.0338,0.0468,Standing
S011C003P015R002A042,NTU,staggering,moderate_risk,4.5417,3.0084,0.255,0.0244,6.4695,0.047,0.1215,0.0617,Walking
S011C003P015R002A043,NTU,falling_down,high_risk,27.4397,12.3632,0.1953,0.0135,4.1353,0.2742,0.0581,0.2147,Lying
S011C003P016R001A008,NTU,sit_down,low_risk,3.3589,1.8162,0.2027,0.011,4.793,0.097,0.0477,0.1252,Sitting
S011C003P016R001A009,NTU,stand_up,low_risk,3.144,1.8643,0.1965,0.0053,4.9326,0.1422,0.0386,0.0831,Standing
S011C003P016R001A042,NTU,staggering,moderate_risk,2.404,1.8824,0.2601,0.0148,5.723,0.0219,0.0763,0.0251,Walking
S011C003P016R001A043,NTU,falling_down,high_risk,3.8505,3.899,0.1995,0.0216,4.4281,0.1745,0.0745,0.195,Lying
S011C003P016R002A008,NTU,sit_down,low_risk,14.2347,10.6831,0.19,0.0188,4.6522,0.1394,0.0652,0.0663,Sitting
S011C003P016R002A009,NTU,stand_up,low_risk,9.9127,8.8897,0.1764,0.0129,5.4822,0.1336,0.0604,0.0729,Standing
S011C003P016R002A042,NTU,staggering,moderate_risk,5.5067,3.8558,0.2555,0.0251,6.0503,0.0233,0.1356,0.0631,Walking
S011C003P016R002A043,NTU,falling_down,high_risk,18.6512,8.0614,0.2075,0.0198,4.5826,0.1844,0.0725,0.0467,Lying
S011C003P017R001A008,NTU,sit_down,low_risk,3.0916,3.8347,0.1629,0.0089,4.8073,0.096,0.0444,0.0871,Sitting
S011C003P017R001A009,NTU,stand_up,low_risk,2.2482,1.1317,0.1771,0.0071,5.0537,0.1234,0.0427,0.0965,Standing
S011C003P017R001A042,NTU,staggering,moderate_risk,3.226,2.1634,0.2158,0.0125,5.4754,0.0175,0.0584,0.0171,Walking
S011C003P017R001A043,NTU,falling_down,high_risk,14.215,10.591,0.1477,0.0185,4.1475,0.2332,0.0682,0.1249,Lying
S011C003P017R002A008,NTU,sit_down,low_risk,12.2016,9.5851,0.1049,0.0168,4.6512,0.124,0.0798,0.0994,Sitting
S011C003P017R002A009,NTU,stand_up,low_risk,7.4351,6.7678,0.1667,0.0136,4.9672,0.0945,0.0673,0.0972,Standing
S011C003P017R002A042,NTU,staggering,moderate_risk,5.7529,4.1576,0.2944,0.0204,6.1166,0.0209,0.1198,0.0388,Walking
S011C003P017R002A043,NTU,falling_down,high_risk,21.2651,15.0991,0.2764,0.017,4.506,0.308,0.0706,0.1144,Lying
S011C003P018R001A008,NTU,sit_down,low_risk,2.561,1.5948,0.1358,0.004,4.8185,0.0894,0.0206,0.0641,Sitting
S011C003P018R001A009,NTU,stand_up,low_risk,2.6283,1.7569,0.1926,0.0037,5.5008,0.1102,0.0198,0.0464,Standing
S011C003P018R001A042,NTU,staggering,moderate_risk,3.1008,1.9984,0.22,0.0114,5.7178,0.0397,0.048,0.0284,Walking
S011C003P018R001A043,NTU,falling_down,high_risk,7.8351,5.6447,0.2095,0.0223,4.024,0.1643,0.0606,0.1241,Lying
S011C003P018R002A008,NTU,sit_down,low_risk,13.2587,7.0753,0.1305,0.0105,4.6673,0.1008,0.0429,0.0206,Sitting
S011C003P018R002A009,NTU,stand_up,low_risk,7.5792,4.6334,0.1623,0.0115,4.8816,0.0917,0.0383,0.0288,Standing
S011C003P018R002A042,NTU,staggering,moderate_risk,5.0521,3.4458,0.2011,0.0125,5.5616,0.028,0.0643,0.0375,Walking
S011C003P018R002A043,NTU,falling_down,high_risk,22.8417,8.1884,0.0959,0.0211,4.3405,0.1447,0.0602,0.0457,Lying
S011C003P019R001A008,NTU,sit_down,low_risk,2.1261,1.9029,0.1733,0.0104,4.3356,0.1211,0.0516,0.1907,Sitting
S011C003P019R001A009,NTU,stand_up,low_risk,3.6705,2.2339,0.1918,0.0063,4.8611,0.1904,0.0337,0.0836,Standing
S011C003P019R001A042,NTU,staggering,moderate_risk,3.1063,2.4826,0.2491,0.0111,5.5957,0.0322,0.0429,0.0201,Walking
S011C003P019R001A043,NTU,falling_down,high_risk,4.4699,4.0446,0.2467,0.0252,3.4254,0.3861,0.0783,0.1215,Lying
S011C003P019R002A008,NTU,sit_down,low_risk,33.2404,12.5301,0.1874,0.0151,4.6675,0.1841,0.0481,0.1062,Sitting
S011C003P019R002A009,NTU,stand_up,low_risk,18.8337,13.9514,0.2019,0.0118,5.6699,0.188,0.0556,0.0567,Standing
S011C003P019R002A042,NTU,staggering,moderate_risk,13.3023,7.3021,0.2653,0.0132,5.9652,0.0256,0.0685,0.0356,Walking
S011C003P019R002A043,NTU,falling_down,high_risk,32.2484,9.416,0.2272,0.0151,4.3471,0.2834,0.0567,0.128,Lying
S011C003P025R001A008,NTU,sit_down,low_risk,4.482,3.286,0.1656,0.0162,4.4838,0.1715,0.0811,0.1863,Sitting
S011C003P025R001A009,NTU,stand_up,low_risk,2.2458,1.4917,0.1901,0.0081,4.9667,0.2115,0.0456,0.1486,Standing
S011C003P025R001A042,NTU,staggering,moderate_risk,9.6029,10.7075,0.2608,0.0292,5.6303,0.1105,0.1528,0.2061,Walking
S011C003P025R001A043,NTU,falling_down,high_risk,40.6232,27.3353,0.3323,0.0303,4.3028,0.2479,0.0661,0.2796,Lying
S011C003P025R002A008,NTU,sit_down,low_risk,19.2483,10.7481,0.1558,0.0186,5.0279,0.1742,0.0653,0.1033,Sitting
S011C003P025R002A009,NTU,stand_up,low_risk,18.6207,11.1567,0.1586,0.0168,4.8602,0.1957,0.0638,0.0956,Standing
S011C003P025R002A042,NTU,staggering,moderate_risk,22.1401,10.8717,0.316,0.0232,5.6035,0.0631,0.1173,0.0966,Walking
S011C003P025R002A043,NTU,falling_down,high_risk,52.3187,27.8299,0.4486,0.0238,4.7766,0.3227,0.0804,0.4178,Lying
S011C003P027R001A008,NTU,sit_down,low_risk,6.1215,8.0151,0.139,0.02,4.3065,0.2119,0.1077,0.1194,Sitting
S011C003P027R001A009,NTU,stand_up,low_risk,4.6532,3.9318,0.1897,0.0071,4.6855,0.2564,0.0449,0.142,Standing
S011C003P027R001A042,NTU,staggering,moderate_risk,10.1326,11.0226,0.2516,0.0193,5.1446,0.0721,0.0901,0.1495,Walking
S011C003P027R001A043,NTU,falling_down,high_risk,6.8223,3.7377,0.2546,0.0317,3.6275,0.3593,0.0634,0.2476,Lying
S011C003P027R002A008,NTU,sit_down,low_risk,36.3455,27.8062,0.1936,0.0219,3.2608,0.2901,0.0698,0.1887,Sitting
S011C003P027R002A009,NTU,stand_up,low_risk,12.6175,14.0006,0.1791,0.0144,4.5138,0.2495,0.0598,0.1257,Standing
S011C003P027R002A042,NTU,staggering,moderate_risk,18.3488,8.4728,0.2989,0.0275,4.7741,0.0498,0.0993,0.0462,Walking
S011C003P027R002A043,NTU,falling_down,high_risk,26.7322,9.6246,0.2727,0.0257,3.6931,0.3103,0.0748,0.0546,Lying
S011C003P028R001A008,NTU,sit_down,low_risk,8.1217,12.3599,0.1254,0.024,4.7096,0.1291,0.1255,0.2178,Sitting
S011C003P028R001A009,NTU,stand_up,low_risk,3.5245,2.6773,0.2073,0.0082,5.2737,0.1398,0.0381,0.0892,Standing
S011C003P028R001A042,NTU,staggering,moderate_risk,3.487,2.3684,0.2521,0.0131,5.0565,0.0284,0.0596,0.0521,Walking
S011C003P028R001A043,NTU,falling_down,high_risk,8.9232,9.6676,0.2925,0.0458,3.2635,0.4713,0.153,0.1871,Lying
S011C003P028R002A008,NTU,sit_down,low_risk,20.2708,17.0057,0.1665,0.0337,4.606,0.2107,0.1316,0.1553,Sitting
S011C003P028R002A009,NTU,stand_up,low_risk,9.5154,7.4604,0.1583,0.0259,4.4187,0.1199,0.0922,0.0806,Standing
S011C003P028R002A042,NTU,staggering,moderate_risk,20.7364,6.6138,0.2834,0.0252,5.5893,0.0381,0.1522,0.1004,Walking
S011C003P028R002A043,NTU,falling_down,high_risk,21.8471,20.1427,0.2119,0.0412,4.0211,0.2587,0.1536,0.1267,Lying
S011C003P038R001A008,NTU,sit_down,low_risk,5.413,3.0066,0.1411,0.0068,4.7281,0.1261,0.0369,0.0595,Sitting
S011C003P038R001A009,NTU,stand_up,low_risk,8.3058,6.6271,0.1754,0.0056,5.0109,0.1339,0.0358,0.1119,Standing
S011C003P038R001A042,NTU,staggering,moderate_risk,5.034,3.1447,0.2284,0.0157,5.3049,0.031,0.0571,0.0498,Walking
S011C003P038R001A043,NTU,falling_down,high_risk,20.7573,9.8149,0.2557,0.0109,4.3248,0.1105,0.0591,0.1209,Lying
S011C003P038R002A008,NTU,sit_down,low_risk,26.7722,20.1726,0.1308,0.0219,4.3744,0.1374,0.0943,0.1687,Sitting
S011C003P038R002A009,NTU,stand_up,low_risk,15.1506,10.3742,0.1392,0.0121,4.8625,0.1353,0.0593,0.0805,Standing
S011C003P038R002A042,NTU,staggering,moderate_risk,16.9321,7.4078,0.3022,0.0134,5.8057,0.0293,0.068,0.0478,Walking
S011C003P038R002A043,NTU,falling_down,high_risk,46.9869,20.6424,0.3111,0.0255,4.4884,0.1594,0.0508,0.1798,Lying
S012C001P007R001A008,NTU,sit_down,low_risk,16.0583,7.6615,0.1269,0.0118,5.255,0.0831,0.0575,0.0567,Sitting
S012C001P007R001A009,NTU,stand_up,low_risk,5.1416,3.9024,0.1719,0.0064,5.6438,0.174,0.0427,0.0515,Standing
S012C001P007R001A042,NTU,staggering,moderate_risk,10.8074,6.6972,0.2484,0.0197,5.6692,0.0352,0.0831,0.0624,Walking
S012C001P007R001A043,NTU,falling_down,high_risk,8.8532,6.8019,0.1656,0.0261,4.3501,0.2493,0.091,0.1771,Lying
S012C001P007R002A008,NTU,sit_down,low_risk,10.7822,10.1495,0.1195,0.0135,4.9066,0.1485,0.0739,0.146,Sitting
S012C001P007R002A009,NTU,stand_up,low_risk,5.4034,3.0386,0.1193,0.0076,5.1238,0.1477,0.0371,0.0432,Standing
S012C001P007R002A042,NTU,staggering,moderate_risk,24.2675,15.3413,0.2538,0.0243,5.082,0.08,0.1323,0.131,Walking
S012C001P007R002A043,NTU,falling_down,high_risk,39.2582,36.3371,0.2917,0.0241,4.4685,0.318,0.0741,0.4053,Lying
S012C001P008R001A008,NTU,sit_down,low_risk,18.7147,16.7093,0.1127,0.0284,4.3171,0.1661,0.0951,0.2084,Sitting
S012C001P008R001A009,NTU,stand_up,low_risk,13.0987,11.6828,0.2029,0.0105,5.3455,0.2007,0.0663,0.1329,Standing
S012C001P008R001A042,NTU,staggering,moderate_risk,13.5146,12.675,0.2332,0.0312,5.6728,0.0981,0.2087,0.2152,Walking
S012C001P008R001A043,NTU,falling_down,high_risk,26.8805,24.6526,0.2366,0.0178,4.6785,0.2157,0.0767,0.27,Lying
S012C001P008R002A008,NTU,sit_down,low_risk,20.8436,11.605,0.2284,0.059,5.2837,0.2138,0.2292,0.2393,Sitting
S012C001P008R002A009,NTU,stand_up,low_risk,9.5807,10.0677,0.2158,0.0291,5.4939,0.2718,0.139,0.1545,Standing
S012C001P008R002A042,NTU,staggering,moderate_risk,40.6611,20.4447,0.3173,0.0743,4.2235,0.2725,0.1808,0.2547,Walking
S012C001P008R002A043,NTU,falling_down,high_risk,21.8878,15.0981,0.2041,0.0303,4.8333,0.1827,0.1063,0.2502,Lying
S012C001P015R001A008,NTU,sit_down,low_risk,7.3598,3.9385,0.1535,0.0161,4.3649,0.1194,0.0487,0.0357,Sitting
S012C001P015R001A009,NTU,stand_up,low_risk,6.7104,5.4957,0.2065,0.0088,5.1232,0.0886,0.0373,0.0446,Standing
S012C001P015R001A042,NTU,staggering,moderate_risk,2.6379,2.2287,0.2374,0.0123,5.7159,0.0463,0.0577,0.0221,Walking
S012C001P015R001A043,NTU,falling_down,high_risk,5.3169,4.4782,0.199,0.0223,3.7049,0.3053,0.0713,0.1205,Lying
S012C001P015R002A008,NTU,sit_down,low_risk,7.7552,6.906,0.1611,0.0094,4.7163,0.1058,0.0423,0.0845,Sitting
S012C001P015R002A009,NTU,stand_up,low_risk,4.6367,4.0716,0.1435,0.0083,4.6792,0.1547,0.0318,0.0492,Standing
S012C001P015R002A042,NTU,staggering,moderate_risk,3.2291,2.0141,0.2182,0.0176,5.3726,0.0453,0.0728,0.0275,Walking
S012C001P015R002A043,NTU,falling_down,high_risk,27.7693,13.6498,0.1443,0.0192,3.9735,0.3078,0.0546,0.1761,Lying
S012C001P016R001A008,NTU,sit_down,low_risk,14.8807,6.3816,0.1071,0.0185,4.6087,0.1074,0.0667,0.0562,Sitting
S012C001P016R001A009,NTU,stand_up,low_risk,18.8212,16.8095,0.1875,0.0199,4.5356,0.1645,0.0726,0.1022,Standing
S012C001P016R001A042,NTU,staggering,moderate_risk,4.3601,2.5182,0.2379,0.0258,5.9576,0.0447,0.1219,0.0246,Walking
S012C001P016R001A043,NTU,falling_down,high_risk,18.6168,9.4645,0.2087,0.0186,4.8994,0.2003,0.0646,0.1733,Lying
S012C001P016R002A008,NTU,sit_down,low_risk,7.9555,8.0169,0.1367,0.0103,4.9204,0.1224,0.0578,0.125,Sitting
S012C001P016R002A009,NTU,stand_up,low_risk,7.5927,7.1429,0.1631,0.0073,4.9233,0.1669,0.041,0.0924,Standing
S012C001P016R002A042,NTU,staggering,moderate_risk,3.6149,2.5037,0.2327,0.0203,5.9878,0.0318,0.1055,0.0261,Walking
S012C001P016R002A043,NTU,falling_down,high_risk,23.3158,14.2214,0.16,0.0213,4.0583,0.3276,0.0617,0.1525,Lying
S012C001P017R001A008,NTU,sit_down,low_risk,16.7326,22.3553,0.2775,0.0201,3.6417,0.1136,0.0775,0.3163,Sitting
S012C001P017R001A009,NTU,stand_up,low_risk,6.2869,3.9284,0.0472,0.0205,4.7607,0.0791,0.0738,0.0534,Standing
S012C001P017R001A042,NTU,staggering,moderate_risk,2.6805,1.8424,0.2978,0.0718,4.8862,0.1258,0.1518,0.034,Walking
S012C001P017R001A043,NTU,falling_down,high_risk,28.9638,20.6146,0.2758,0.0278,4.1966,0.2046,0.0818,0.1485,Lying
S012C001P017R002A008,NTU,sit_down,low_risk,10.1163,7.4916,0.0364,0.0343,3.3777,0.2519,0.0892,0.141,Sitting
S012C001P017R002A009,NTU,stand_up,low_risk,12.802,16.6365,0.0896,0.04,4.5326,0.2347,0.1084,0.2543,Standing
S012C001P017R002A042,NTU,staggering,moderate_risk,3.8073,3.0678,0.217,0.0849,4.6318,0.1046,0.1855,0.0221,Walking
S012C001P017R002A043,NTU,falling_down,high_risk,39.2759,25.0752,0.1969,0.0338,3.4906,0.1523,0.0695,0.2725,Lying
S012C001P018R001A008,NTU,sit_down,low_risk,0.9531,0.8649,0.1778,0.0064,5.1162,0.0932,0.0331,0.0545,Sitting
S012C001P018R001A009,NTU,stand_up,low_risk,2.9954,3.6511,0.2306,0.0066,5.6573,0.1128,0.0355,0.0297,Standing
S012C001P018R001A042,NTU,staggering,moderate_risk,3.8062,1.6712,0.2395,0.0158,5.7182,0.058,0.0569,0.0287,Walking
S012C001P018R001A043,NTU,falling_down,high_risk,8.4412,9.4217,0.2496,0.0147,4.3869,0.291,0.0534,0.2591,Lying
S012C001P018R002A008,NTU,sit_down,low_risk,3.9723,2.0385,0.182,0.0066,4.806,0.0839,0.0301,0.0615,Sitting
S012C001P018R002A009,NTU,stand_up,low_risk,3.2133,2.2393,0.2192,0.0071,5.5797,0.0951,0.0263,0.0232,Standing
S012C001P018R002A042,NTU,staggering,moderate_risk,2.4421,1.6346,0.2704,0.0142,6.3931,0.0309,0.0536,0.0243,Walking
S012C001P018R002A043,NTU,falling_down,high_risk,10.7626,4.5465,0.1629,0.0132,4.7658,0.2098,0.0539,0.0484,Lying
S012C001P019R001A008,NTU,sit_down,low_risk,13.9758,14.2975,0.1831,0.0216,4.2029,0.1428,0.1123,0.2886,Sitting
S012C001P019R001A009,NTU,stand_up,low_risk,7.5161,5.6865,0.1755,0.0077,4.8201,0.2151,0.0501,0.0408,Standing
S012C001P019R001A042,NTU,staggering,moderate_risk,3.7459,1.8387,0.2398,0.014,5.6218,0.0287,0.0569,0.0184,Walking
S012C001P019R001A043,NTU,falling_down,high_risk,27.7929,18.6638,0.1824,0.0229,4.1163,0.2534,0.0724,0.1821,Lying
S012C001P019R002A008,NTU,sit_down,low_risk,16.0362,11.7477,0.1535,0.0167,4.2574,0.1338,0.0676,0.082,Sitting
S012C001P019R002A009,NTU,stand_up,low_risk,9.4427,9.5156,0.1248,0.0104,4.3645,0.2021,0.0486,0.0497,Standing
S012C001P019R002A042,NTU,staggering,moderate_risk,2.6133,2.089,0.2392,0.012,5.7734,0.0248,0.0546,0.0231,Walking
S012C001P019R002A043,NTU,falling_down,high_risk,14.4941,9.037,0.1492,0.0179,4.3011,0.3149,0.0566,0.2316,Lying
S012C001P025R001A008,NTU,sit_down,low_risk,9.2472,6.4188,0.1194,0.0116,4.2836,0.1496,0.0621,0.0619,Sitting
S012C001P025R001A009,NTU,stand_up,low_risk,12.1838,6.0888,0.1926,0.0126,4.6344,0.2048,0.0601,0.0407,Standing
S012C001P025R001A042,NTU,staggering,moderate_risk,9.7991,10.9225,0.2578,0.0268,5.0446,0.1508,0.1448,0.159,Walking
S012C001P025R001A043,NTU,falling_down,high_risk,31.5633,19.9614,0.264,0.021,4.0139,0.3222,0.0943,0.1911,Lying
S012C001P025R002A008,NTU,sit_down,low_risk,10.4207,19.2779,0.1861,0.0207,4.0177,0.1527,0.0962,0.2709,Sitting
S012C001P025R002A009,NTU,stand_up,low_risk,6.8007,4.3694,0.2071,0.0131,4.494,0.2234,0.0606,0.0533,Standing
S012C001P025R002A042,NTU,staggering,moderate_risk,19.8984,13.0457,0.2632,0.0177,5.1641,0.1066,0.0871,0.0756,Walking
S012C001P025R002A043,NTU,falling_down,high_risk,57.9116,31.9789,0.4564,0.0309,4.156,0.2494,0.0701,0.4751,Lying
S012C001P027R001A008,NTU,sit_down,low_risk,7.5881,9.0689,0.141,0.016,4.5393,0.1634,0.0795,0.1896,Sitting
S012C001P027R001A009,NTU,stand_up,low_risk,17.081,20.7324,0.1736,0.0116,4.9555,0.2429,0.048,0.2191,Standing
S012C001P027R001A042,NTU,staggering,moderate_risk,11.9299,9.0313,0.2396,0.0232,5.1516,0.0859,0.0924,0.0916,Walking
S012C001P027R001A043,NTU,falling_down,high_risk,24.3072,20.1206,0.1453,0.0184,3.8274,0.2951,0.0791,0.2069,Lying
S012C001P027R002A008,NTU,sit_down,low_risk,26.7476,24.4169,0.1609,0.0178,4.422,0.1648,0.078,0.2558,Sitting
S012C001P027R002A009,NTU,stand_up,low_risk,13.8708,16.3744,0.2167,0.0068,5.2061,0.2076,0.0395,0.1846,Standing
S012C001P027R002A042,NTU,staggering,moderate_risk,9.8151,8.3897,0.2644,0.0194,5.0213,0.0698,0.0771,0.0816,Walking
S012C001P027R002A043,NTU,falling_down,high_risk,32.5643,33.8356,0.3034,0.019,5.0541,0.1831,0.1235,0.3937,Lying
S012C001P028R001A008,NTU,sit_down,low_risk,25.0743,23.6183,0.283,0.1687,4.1429,0.8661,1.012,0.2819,Sitting
S012C001P028R001A009,NTU,stand_up,low_risk,0.6656,1.1938,0.2174,0.0163,5.638,0.7182,0.0609,0.6863,Standing
S012C001P028R001A042,NTU,staggering,moderate_risk,7.9316,6.0465,0.2444,0.0366,5.163,0.0641,0.1589,0.1139,Walking
S012C001P028R001A043,NTU,falling_down,high_risk,31.7766,20.89,0.153,0.0323,3.405,0.4417,0.0907,0.2683,Lying
S012C001P028R002A008,NTU,sit_down,low_risk,3.5771,1.7551,0.151,0.012,4.6183,0.1022,0.0419,0.0507,Sitting
S012C001P028R002A009,NTU,stand_up,low_risk,1.8483,1.6686,0.2021,0.0051,5.2394,0.1172,0.0279,0.0726,Standing
S012C001P028R002A042,NTU,staggering,moderate_risk,19.2409,8.3986,0.2621,0.0258,5.1054,0.0415,0.127,0.0784,Walking
S012C001P028R002A043,NTU,falling_down,high_risk,32.439,25.0983,0.1363,0.0444,3.7595,0.2966,0.108,0.2547,Lying
S012C001P037R001A008,NTU,sit_down,low_risk,8.8149,5.4604,0.1303,0.0082,4.3758,0.1685,0.0428,0.037,Sitting
S012C001P037R001A009,NTU,stand_up,low_risk,11.5288,12.7046,0.2018,0.0079,5.0347,0.2056,0.0419,0.1214,Standing
S012C001P037R001A042,NTU,staggering,moderate_risk,9.346,4.6799,0.2418,0.0122,5.727,0.0269,0.0666,0.0263,Walking
S012C001P037R001A043,NTU,falling_down,high_risk,4.1892,2.8561,0.1536,0.0191,4.7022,0.1865,0.0843,0.0844,Lying
S012C001P037R002A008,NTU,sit_down,low_risk,14.4775,10.9609,0.1306,0.0128,4.3422,0.168,0.0499,0.0799,Sitting
S012C001P037R002A009,NTU,stand_up,low_risk,18.9187,16.946,0.1695,0.0136,4.2598,0.2574,0.0536,0.115,Standing
S012C001P037R002A042,NTU,staggering,moderate_risk,4.4097,3.2627,0.2304,0.0158,5.4065,0.0539,0.0716,0.0401,Walking
S012C001P037R002A043,NTU,falling_down,high_risk,29.8298,14.4701,0.2191,0.0173,4.2225,0.2088,0.0671,0.1374,Lying
S012C002P007R001A008,NTU,sit_down,low_risk,21.6551,10.4848,0.1167,0.0176,4.915,0.0953,0.07,0.0591,Sitting
S012C002P007R001A009,NTU,stand_up,low_risk,9.6722,9.3843,0.1671,0.0154,4.6901,0.1772,0.0633,0.0573,Standing
S012C002P007R001A042,NTU,staggering,moderate_risk,11.5225,6.4571,0.2337,0.0237,5.6867,0.0336,0.0985,0.0862,Walking
S012C002P007R001A043,NTU,falling_down,high_risk,14.4692,11.4289,0.2103,0.0183,4.4598,0.3029,0.0789,0.1485,Lying
S012C002P007R002A008,NTU,sit_down,low_risk,12.8868,17.1837,0.1802,0.0217,4.7921,0.1853,0.11,0.2429,Sitting
S012C002P007R002A009,NTU,stand_up,low_risk,1.4901,0.858,0.1498,0.0047,5.0918,0.1342,0.0326,0.0592,Standing
S012C002P007R002A042,NTU,staggering,moderate_risk,8.0579,7.5184,0.2517,0.04,4.6395,0.0947,0.1554,0.1044,Walking
S012C002P007R002A043,NTU,falling_down,high_risk,6.8994,10.2579,0.2242,0.0153,4.6529,0.2093,0.0773,0.2018,Lying
S012C002P008R001A008,NTU,sit_down,low_risk,30.7457,13.474,0.1661,0.0359,4.7147,0.1609,0.1111,0.1242,Sitting
S012C002P008R001A009,NTU,stand_up,low_risk,15.55,13.1981,0.1534,0.0164,5.2013,0.1785,0.0738,0.075,Standing
S012C002P008R001A042,NTU,staggering,moderate_risk,16.426,15.1406,0.2506,0.0332,5.906,0.0948,0.1975,0.2487,Walking
S012C002P008R001A043,NTU,falling_down,high_risk,7.9107,5.0117,0.181,0.0249,4.0144,0.3811,0.0832,0.1498,Lying
S012C002P008R002A008,NTU,sit_down,low_risk,16.7332,11.111,0.1769,0.02,4.5994,0.1791,0.1047,0.2444,Sitting
S012C002P008R002A009,NTU,stand_up,low_risk,16.8537,18.4847,0.2269,0.0253,5.2525,0.2966,0.123,0.2328,Standing
S012C002P008R002A042,NTU,staggering,moderate_risk,10.568,9.9488,0.2078,0.033,5.17,0.1253,0.2322,0.2006,Walking
S012C002P008R002A043,NTU,falling_down,high_risk,53.1148,27.3527,0.2966,0.0256,4.0851,0.206,0.0581,0.2826,Lying
S012C002P015R001A008,NTU,sit_down,low_risk,6.4758,5.478,0.1353,0.0138,3.6523,0.1143,0.0394,0.0295,Sitting
S012C002P015R001A009,NTU,stand_up,low_risk,12.522,5.0538,0.1371,0.0135,4.144,0.0941,0.0442,0.0352,Standing
S012C002P015R001A042,NTU,staggering,moderate_risk,4.3904,2.3002,0.3036,0.0155,6.4684,0.0645,0.0911,0.0468,Walking
S012C002P015R001A043,NTU,falling_down,high_risk,35.1105,19.5694,0.3628,0.0215,4.2982,0.2207,0.0719,0.2093,Lying
S012C002P015R002A008,NTU,sit_down,low_risk,4.2275,3.3578,0.2271,0.0077,4.4465,0.1011,0.0385,0.082,Sitting
S012C002P015R002A009,NTU,stand_up,low_risk,1.0449,0.7206,0.1928,0.0048,4.8417,0.1049,0.0256,0.0637,Standing
S012C002P015R002A042,NTU,staggering,moderate_risk,3.0664,1.9736,0.2494,0.0222,5.6778,0.0401,0.0593,0.0201,Walking
S012C002P015R002A043,NTU,falling_down,high_risk,9.6091,7.632,0.3349,0.0128,5.0019,0.1399,0.0628,0.1765,Lying
S012C002P016R001A008,NTU,sit_down,low_risk,17.2999,10.95,0.1251,0.0198,4.6991,0.1559,0.0594,0.079,Sitting
S012C002P016R001A009,NTU,stand_up,low_risk,10.4781,7.0106,0.1775,0.0221,4.5838,0.1479,0.0814,0.0528,Standing
S012C002P016R001A042,NTU,staggering,moderate_risk,5.1201,3.5847,0.2507,0.0381,5.5123,0.0459,0.1573,0.0542,Walking
S012C002P016R001A043,NTU,falling_down,high_risk,26.5386,13.3123,0.2106,0.0204,4.2915,0.245,0.071,0.1368,Lying
S012C002P016R002A008,NTU,sit_down,low_risk,2.9347,2.6323,0.1522,0.0092,4.5539,0.1131,0.0546,0.0935,Sitting
S012C002P016R002A009,NTU,stand_up,low_risk,2.7566,2.8861,0.1828,0.006,4.6974,0.1582,0.038,0.1642,Standing
S012C002P016R002A042,NTU,staggering,moderate_risk,3.1991,1.7667,0.2134,0.0187,5.3706,0.0309,0.0803,0.0219,Walking
S012C002P016R002A043,NTU,falling_down,high_risk,13.3557,11.3295,0.1715,0.0141,3.7481,0.2763,0.056,0.1332,Lying
S012C002P017R001A008,NTU,sit_down,low_risk,17.3357,11.3634,0.1928,0.0541,4.626,0.1147,0.1283,0.0931,Sitting
S012C002P017R001A009,NTU,stand_up,low_risk,10.2988,8.4057,0.2109,0.0327,4.9697,0.1143,0.1041,0.043,Standing
S012C002P017R001A042,NTU,staggering,moderate_risk,2.708,1.8137,0.2501,0.0784,4.4686,0.0942,0.1819,0.0297,Walking
S012C002P017R001A043,NTU,falling_down,high_risk,33.583,22.0176,0.2071,0.0365,4.0658,0.1196,0.0885,0.1449,Lying
S012C002P017R002A008,NTU,sit_down,low_risk,5.4879,6.3985,0.1731,0.0688,3.4928,0.2425,0.157,0.2141,Sitting
S012C002P017R002A009,NTU,stand_up,low_risk,7.3408,6.9734,0.1711,0.0369,3.4405,0.2836,0.0942,0.1654,Standing
S012C002P017R002A042,NTU,staggering,moderate_risk,3.228,2.1026,0.1938,0.0548,4.564,0.0971,0.1196,0.0196,Walking
S012C002P017R002A043,NTU,falling_down,high_risk,19.1825,15.2453,0.3212,0.0284,3.4198,0.2088,0.0794,0.275,Lying
S012C002P018R001A008,NTU,sit_down,low_risk,4.774,4.0604,0.1551,0.0181,4.3574,0.1122,0.0545,0.0419,Sitting
S012C002P018R001A009,NTU,stand_up,low_risk,4.5769,3.6503,0.105,0.016,4.7166,0.1115,0.0425,0.0371,Standing
S012C002P018R001A042,NTU,staggering,moderate_risk,5.1152,3.9646,0.3193,0.0156,6.1662,0.0412,0.0764,0.0402,Walking
S012C002P018R001A043,NTU,falling_down,high_risk,22.9301,11.5877,0.2241,0.0157,5.0769,0.2849,0.0629,0.1293,Lying
S012C002P018R002A008,NTU,sit_down,low_risk,3.133,1.2355,0.1772,0.005,4.8166,0.072,0.0294,0.0792,Sitting
S012C002P018R002A009,NTU,stand_up,low_risk,2.9573,3.143,0.2064,0.0051,5.5667,0.0788,0.0259,0.0384,Standing
S012C002P018R002A042,NTU,staggering,moderate_risk,2.543,1.7673,0.2196,0.0081,5.656,0.0317,0.0358,0.0215,Walking
S012C002P018R002A043,NTU,falling_down,high_risk,16.3293,13.4659,0.2498,0.014,4.4436,0.1824,0.0559,0.1877,Lying
S012C002P019R001A008,NTU,sit_down,low_risk,29.1824,22.0032,0.1738,0.0198,4.5452,0.1219,0.082,0.1641,Sitting
S012C002P019R001A009,NTU,stand_up,low_risk,10.7991,11.8866,0.1745,0.0165,5.0964,0.2086,0.0731,0.0767,Standing
S012C002P019R001A042,NTU,staggering,moderate_risk,16.0491,6.5978,0.2794,0.0205,5.6585,0.0716,0.0767,0.0287,Walking
S012C002P019R001A043,NTU,falling_down,high_risk,31.1199,15.0803,0.2345,0.0277,3.9731,0.2243,0.0881,0.1109,Lying
S012C002P019R002A008,NTU,sit_down,low_risk,7.482,9.1564,0.1124,0.0318,3.7964,0.1552,0.1385,0.1538,Sitting
S012C002P019R002A009,NTU,stand_up,low_risk,2.0847,1.2726,0.1245,0.0077,4.1573,0.2066,0.0457,0.1021,Standing
S012C002P019R002A042,NTU,staggering,moderate_risk,3.7105,3.506,0.2431,0.0134,5.5057,0.0203,0.0526,0.0162,Walking
S012C002P019R002A043,NTU,falling_down,high_risk,15.347,15.689,0.2093,0.0233,3.8417,0.3026,0.07,0.2415,Lying
S012C002P025R001A008,NTU,sit_down,low_risk,12.0684,13.4569,0.2095,0.0179,3.649,0.173,0.0691,0.0675,Sitting
S012C002P025R001A009,NTU,stand_up,low_risk,9.4641,10.0169,0.1355,0.0143,4.2672,0.17,0.0575,0.0367,Standing
S012C002P025R001A042,NTU,staggering,moderate_risk,21.1429,13.1769,0.268,0.0253,4.8119,0.116,0.1154,0.1548,Walking
S012C002P025R001A043,NTU,falling_down,high_risk,41.3131,18.0719,0.1969,0.0148,4.284,0.2624,0.0722,0.2603,Lying
S012C002P025R002A008,NTU,sit_down,low_risk,10.6442,9.8058,0.1658,0.0126,4.3377,0.1498,0.0638,0.1289,Sitting
S012C002P025R002A009,NTU,stand_up,low_risk,7.7647,6.9417,0.1808,0.0156,4.6968,0.2071,0.0623,0.1412,Standing
S012C002P025R002A042,NTU,staggering,moderate_risk,7.1975,7.1045,0.2744,0.0212,5.2681,0.1191,0.1352,0.1632,Walking
S012C002P025R002A043,NTU,falling_down,high_risk,27.7723,17.6462,0.2219,0.0167,3.7956,0.333,0.0752,0.302,Lying
S012C002P027R001A008,NTU,sit_down,low_risk,28.248,26.5532,0.1798,0.0133,4.0717,0.1721,0.0587,0.1819,Sitting
S012C002P027R001A009,NTU,stand_up,low_risk,26.485,25.766,0.2285,0.015,4.8206,0.2128,0.0659,0.2075,Standing
S012C002P027R001A042,NTU,staggering,moderate_risk,21.9101,13.3098,0.2221,0.0187,5.307,0.07,0.076,0.0889,Walking
S012C002P027R001A043,NTU,falling_down,high_risk,30.2657,19.3865,0.1465,0.0299,4.3249,0.2543,0.0965,0.1984,Lying
S012C002P027R002A008,NTU,sit_down,low_risk,21.7332,30.6571,0.1845,0.0189,4.0964,0.2482,0.0853,0.3676,Sitting
S012C002P027R002A009,NTU,stand_up,low_risk,4.2188,2.7669,0.211,0.0047,4.8243,0.2175,0.0318,0.2118,Standing
S012C002P027R002A042,NTU,staggering,moderate_risk,9.7529,6.6162,0.2582,0.0261,4.8886,0.1016,0.1001,0.1446,Walking
S012C002P027R002A043,NTU,falling_down,high_risk,13.8521,11.6845,0.1865,0.0211,4.1577,0.2615,0.094,0.2526,Lying
S012C002P028R001A008,NTU,sit_down,low_risk,15.682,8.9928,0.1592,0.0201,4.6162,0.073,0.0775,0.0684,Sitting
S012C002P028R001A009,NTU,stand_up,low_risk,10.1245,8.578,0.2391,0.0154,6.3858,0.1183,0.0721,0.0836,Standing
S012C002P028R001A042,NTU,staggering,moderate_risk,21.8425,9.0437,0.2588,0.0254,5.2846,0.0421,0.113,0.1075,Walking
S012C002P028R001A043,NTU,falling_down,high_risk,37.0175,24.4444,0.1978,0.0386,3.8261,0.3009,0.105,0.2375,Lying
S012C002P028R002A008,NTU,sit_down,low_risk,3.6903,5.4709,0.1517,0.0099,4.6844,0.1018,0.0468,0.1067,Sitting
S012C002P028R002A009,NTU,stand_up,low_risk,8.3701,7.2611,0.1943,0.005,5.1398,0.1081,0.0277,0.0788,Standing
S012C002P028R002A042,NTU,staggering,moderate_risk,3.7193,3.1173,0.2746,0.0277,4.8695,0.0703,0.1356,0.107,Walking
S012C002P028R002A043,NTU,falling_down,high_risk,18.4597,19.6037,0.3066,0.0216,4.2673,0.1208,0.1077,0.2942,Lying
S012C002P037R001A008,NTU,sit_down,low_risk,14.3892,9.0364,0.1632,0.016,3.8412,0.1852,0.0562,0.0453,Sitting
S012C002P037R001A009,NTU,stand_up,low_risk,22.426,13.959,0.2278,0.0201,4.4256,0.2073,0.0635,0.1172,Standing
S012C002P037R001A042,NTU,staggering,moderate_risk,3.9621,4.0754,0.298,0.0156,5.8944,0.0218,0.0786,0.084,Walking
S012C002P037R001A043,NTU,falling_down,high_risk,13.9826,10.6643,0.2537,0.0181,5.2248,0.2651,0.0862,0.0933,Lying
S012C002P037R002A008,NTU,sit_down,low_risk,4.7226,3.5384,0.1179,0.007,4.0848,0.1603,0.0433,0.1341,Sitting
S012C002P037R002A009,NTU,stand_up,low_risk,8.9121,11.6964,0.1701,0.0103,4.3515,0.2371,0.0753,0.1566,Standing
S012C002P037R002A042,NTU,staggering,moderate_risk,3.5908,2.4712,0.2268,0.0136,5.4352,0.0376,0.047,0.0102,Walking
S012C002P037R002A043,NTU,falling_down,high_risk,9.7278,6.3815,0.2119,0.0166,3.7943,0.2014,0.0785,0.1442,Lying
S012C003P007R001A008,NTU,sit_down,low_risk,2.5619,3.3756,0.1313,0.0079,5.0096,0.0935,0.0494,0.1441,Sitting
S012C003P007R001A009,NTU,stand_up,low_risk,2.5613,2.3267,0.1718,0.0045,5.5069,0.1731,0.032,0.038,Standing
S012C003P007R001A042,NTU,staggering,moderate_risk,8.6894,6.1821,0.2116,0.0145,5.3236,0.0291,0.0666,0.0597,Walking
S012C003P007R001A043,NTU,falling_down,high_risk,13.3245,9.6756,0.2148,0.026,3.8052,0.3597,0.0753,0.1607,Lying
S012C003P007R002A008,NTU,sit_down,low_risk,16.5177,16.7732,0.182,0.0269,4.1345,0.1864,0.0702,0.1365,Sitting
S012C003P007R002A009,NTU,stand_up,low_risk,10.9815,10.7038,0.1917,0.0197,4.1914,0.1818,0.0514,0.035,Standing
S012C003P007R002A042,NTU,staggering,moderate_risk,35.9358,13.4829,0.2683,0.0265,5.0149,0.0809,0.1332,0.1429,Walking
S012C003P007R002A043,NTU,falling_down,high_risk,31.9246,29.8866,0.271,0.0281,5.0764,0.1939,0.0848,0.3142,Lying
S012C003P008R001A008,NTU,sit_down,low_risk,8.7031,5.1702,0.1211,0.0203,4.1883,0.1486,0.104,0.1566,Sitting
S012C003P008R001A009,NTU,stand_up,low_risk,3.6374,3.9341,0.1587,0.0092,4.3065,0.2112,0.0634,0.0869,Standing
S012C003P008R001A042,NTU,staggering,moderate_risk,14.2729,8.1947,0.224,0.0336,4.9525,0.0925,0.1763,0.139,Walking
S012C003P008R001A043,NTU,falling_down,high_risk,27.5241,21.9053,0.1802,0.0141,4.8534,0.1705,0.0519,0.1914,Lying
S012C003P008R002A008,NTU,sit_down,low_risk,15.4344,11.3369,0.2058,0.0194,5.0966,0.1457,0.1068,0.1169,Sitting
S012C003P008R002A009,NTU,stand_up,low_risk,40.1543,16.9539,0.2183,0.0346,3.5263,0.1475,0.1226,0.0994,Standing
S012C003P008R002A042,NTU,staggering,moderate_risk,20.9455,17.7945,0.2877,0.0428,5.571,0.144,0.2476,0.1897,Walking
S012C003P008R002A043,NTU,falling_down,high_risk,15.5246,13.0773,0.3803,0.0339,5.594,0.2997,0.2246,0.2666,Lying
S012C003P015R001A008,NTU,sit_down,low_risk,0.871,0.7306,0.1553,0.0052,4.4569,0.0838,0.0268,0.0267,Sitting
S012C003P015R001A009,NTU,stand_up,low_risk,2.9268,2.4959,0.1805,0.0048,5.0632,0.0967,0.0253,0.0586,Standing
S012C003P015R001A042,NTU,staggering,moderate_risk,3.2449,1.7133,0.2092,0.0122,5.6055,0.0458,0.048,0.0163,Walking
S012C003P015R001A043,NTU,falling_down,high_risk,11.1879,3.7698,0.1915,0.0158,3.7717,0.2353,0.0585,0.1513,Lying
S012C003P015R002A008,NTU,sit_down,low_risk,12.4071,6.9984,0.125,0.0154,3.7982,0.1429,0.0498,0.0641,Sitting
S012C003P015R002A009,NTU,stand_up,low_risk,9.4881,7.931,0.1668,0.0126,3.9467,0.1494,0.0406,0.0615,Standing
S012C003P015R002A042,NTU,staggering,moderate_risk,7.6192,4.0328,0.2959,0.0185,6.3643,0.0485,0.1074,0.0417,Walking
S012C003P015R002A043,NTU,falling_down,high_risk,26.9569,14.927,0.2112,0.0258,4.4875,0.302,0.0927,0.128,Lying
S012C003P016R001A008,NTU,sit_down,low_risk,4.5607,3.2235,0.1254,0.01,4.5163,0.0906,0.0587,0.0862,Sitting
S012C003P016R001A009,NTU,stand_up,low_risk,6.6993,6.4671,0.1854,0.0081,4.7371,0.1471,0.0485,0.0948,Standing
S012C003P016R001A042,NTU,staggering,moderate_risk,2.072,1.5625,0.2084,0.0166,5.4444,0.0274,0.0765,0.0145,Walking
S012C003P016R001A043,NTU,falling_down,high_risk,3.4431,3.4645,0.113,0.0138,3.9103,0.2044,0.0497,0.1077,Lying
S012C003P016R002A008,NTU,sit_down,low_risk,15.5954,14.1561,0.1426,0.0162,4.4926,0.158,0.0693,0.1078,Sitting
S012C003P016R002A009,NTU,stand_up,low_risk,12.6214,8.7607,0.1542,0.014,4.4514,0.1417,0.0696,0.0724,Standing
S012C003P016R002A042,NTU,staggering,moderate_risk,5.8247,3.73,0.2451,0.0358,5.5367,0.09,0.1708,0.0469,Walking
S012C003P016R002A043,NTU,falling_down,high_risk,23.723,10.6518,0.1782,0.0265,4.1504,0.2929,0.0933,0.0706,Lying
S012C003P017R001A008,NTU,sit_down,low_risk,16.8542,18.0307,0.1172,0.036,4.5995,0.1634,0.1275,0.2588,Sitting
S012C003P017R001A009,NTU,stand_up,low_risk,7.8231,6.2491,0.2659,0.0364,5.6832,0.1109,0.1069,0.1173,Standing
S012C003P017R001A042,NTU,staggering,moderate_risk,3.2366,2.0235,0.2776,0.0624,5.0924,0.133,0.1335,0.0268,Walking
S012C003P017R001A043,NTU,falling_down,high_risk,24.4158,17.87,0.1397,0.0669,3.6485,0.2148,0.1012,0.1764,Lying
S012C003P017R002A008,NTU,sit_down,low_risk,11.9882,13.3441,0.1765,0.0725,4.6048,0.1235,0.1612,0.0877,Sitting
S012C003P017R002A009,NTU,stand_up,low_risk,8.9213,10.551,0.2447,0.0546,4.2868,0.1497,0.1194,0.1216,Standing
S012C003P017R002A042,NTU,staggering,moderate_risk,4.1755,3.8964,0.2415,0.0793,5.6245,0.0979,0.2364,0.0377,Walking
S012C003P017R002A043,NTU,falling_down,high_risk,43.4798,23.1525,0.2204,0.0431,3.8613,0.27,0.0907,0.2073,Lying
S012C003P018R001A008,NTU,sit_down,low_risk,4.6838,1.5808,0.1424,0.0084,4.8942,0.0891,0.0365,0.0434,Sitting
S012C003P018R001A009,NTU,stand_up,low_risk,1.024,0.8401,0.1978,0.0054,5.3401,0.1127,0.0251,0.0367,Standing
S012C003P018R001A042,NTU,staggering,moderate_risk,3.4998,2.2264,0.2189,0.0108,5.7205,0.0277,0.041,0.0173,Walking
S012C003P018R001A043,NTU,falling_down,high_risk,21.5917,18.1294,0.1661,0.0162,3.8465,0.3133,0.0634,0.1372,Lying
S012C003P018R002A008,NTU,sit_down,low_risk,8.7707,5.6419,0.1537,0.0082,4.907,0.099,0.0345,0.0561,Sitting
S012C003P018R002A009,NTU,stand_up,low_risk,4.5235,3.4637,0.2429,0.0106,5.5859,0.1039,0.0411,0.0326,Standing
S012C003P018R002A042,NTU,staggering,moderate_risk,9.9716,3.3904,0.2955,0.0157,6.9817,0.0322,0.0794,0.0353,Walking
S012C003P018R002A043,NTU,falling_down,high_risk,21.4338,3.4695,0.1514,0.012,4.9165,0.1957,0.0513,0.0586,Lying
S012C003P019R001A008,NTU,sit_down,low_risk,8.925,12.9238,0.1148,0.0242,4.156,0.1478,0.127,0.2081,Sitting
S012C003P019R001A009,NTU,stand_up,low_risk,3.4607,2.9678,0.1788,0.0098,4.9832,0.1936,0.054,0.1199,Standing
S012C003P019R001A042,NTU,staggering,moderate_risk,2.9822,2.2753,0.2283,0.0097,5.496,0.0269,0.0392,0.0089,Walking
S012C003P019R001A043,NTU,falling_down,high_risk,6.9586,4.5025,0.1674,0.0158,3.517,0.3379,0.0562,0.1157,Lying
S012C003P019R002A008,NTU,sit_down,low_risk,46.8519,19.0911,0.2091,0.0202,3.744,0.1284,0.0572,0.2118,Sitting
S012C003P019R002A009,NTU,stand_up,low_risk,18.1857,7.5994,0.1435,0.0158,4.059,0.2263,0.056,0.0634,Standing
S012C003P019R002A042,NTU,staggering,moderate_risk,6.5722,5.5969,0.2533,0.0125,6.4036,0.0328,0.0755,0.046,Walking
S012C003P019R002A043,NTU,falling_down,high_risk,28.3085,18.5318,0.2623,0.0145,5.1541,0.2072,0.0509,0.1792,Lying
S012C003P025R001A008,NTU,sit_down,low_risk,3.3409,2.3069,0.1578,0.0076,4.4436,0.1566,0.0502,0.1465,Sitting
S012C003P025R001A009,NTU,stand_up,low_risk,4.5262,3.0222,0.179,0.0047,4.8381,0.1718,0.0359,0.0677,Standing
S012C003P025R001A042,NTU,staggering,moderate_risk,7.1351,8.6775,0.2335,0.0239,5.1712,0.1452,0.152,0.1556,Walking
S012C003P025R001A043,NTU,falling_down,high_risk,15.9249,10.1278,0.2424,0.0115,4.4099,0.2018,0.0774,0.1446,Lying
S012C003P025R002A008,NTU,sit_down,low_risk,10.5054,7.4708,0.2173,0.0231,3.2612,0.2022,0.0679,0.0689,Sitting
S012C003P025R002A009,NTU,stand_up,low_risk,9.7571,8.8195,0.2698,0.0284,3.7138,0.2945,0.0771,0.0492,Standing
S012C003P025R002A042,NTU,staggering,moderate_risk,24.8263,11.5264,0.2482,0.0183,4.8051,0.1032,0.0882,0.0826,Walking
S012C003P025R002A043,NTU,falling_down,high_risk,49.6302,28.9933,0.2257,0.0345,3.8741,0.3697,0.0993,0.4452,Lying
S012C003P027R001A008,NTU,sit_down,low_risk,12.2561,17.4203,0.1271,0.0186,4.1745,0.2216,0.1037,0.2054,Sitting
S012C003P027R001A009,NTU,stand_up,low_risk,6.7541,12.911,0.1855,0.0144,4.5855,0.2824,0.0894,0.1752,Standing
S012C003P027R001A042,NTU,staggering,moderate_risk,7.1189,5.5868,0.2365,0.0239,5.4438,0.1235,0.1107,0.0499,Walking
S012C003P027R001A043,NTU,falling_down,high_risk,11.7663,21.391,0.3767,0.039,2.8438,0.6079,0.1008,0.2926,Lying
S012C003P027R002A008,NTU,sit_down,low_risk,38.9047,15.7767,0.1078,0.0366,4.6321,0.0775,0.1167,0.1462,Sitting
S012C003P027R002A009,NTU,stand_up,low_risk,0.0,0.0,0.0,0.0,0.0,0.0,0.0,0.0,Standing
S012C003P027R002A042,NTU,staggering,moderate_risk,16.4838,11.2194,0.2544,0.0185,5.1238,0.0616,0.0885,0.0955,Walking
S012C003P027R002A043,NTU,falling_down,high_risk,46.8809,19.6191,0.2526,0.0126,4.2677,0.2826,0.0757,0.2677,Lying
S012C003P028R001A008,NTU,sit_down,low_risk,6.54,8.1507,0.1678,0.0181,4.4642,0.077,0.0797,0.1619,Sitting
S012C003P028R001A009,NTU,stand_up,low_risk,2.8731,3.691,0.2407,0.0158,5.4306,0.1308,0.0599,0.1111,Standing
S012C003P028R001A042,NTU,staggering,moderate_risk,3.681,2.4973,0.2355,0.0186,5.1166,0.0322,0.0759,0.0414,Walking
S012C003P028R001A043,NTU,falling_down,high_risk,7.5955,4.9499,0.1417,0.0262,3.3599,0.3245,0.1054,0.1995,Lying
S012C003P028R002A008,NTU,sit_down,low_risk,6.7568,6.4613,0.109,0.0115,4.6255,0.1254,0.0478,0.0513,Sitting
S012C003P028R002A009,NTU,stand_up,low_risk,5.3936,4.8694,0.178,0.0085,5.6487,0.1412,0.0393,0.04,Standing
S012C003P028R002A042,NTU,staggering,moderate_risk,30.5551,8.5187,0.2549,0.0282,5.085,0.0399,0.1218,0.077,Walking
S012C003P028R002A043,NTU,falling_down,high_risk,39.955,21.6613,0.1366,0.031,3.6802,0.1578,0.0737,0.2104,Lying
S012C003P037R001A008,NTU,sit_down,low_risk,4.1009,2.4289,0.1159,0.0067,4.0112,0.1618,0.0405,0.1506,Sitting
S012C003P037R001A009,NTU,stand_up,low_risk,2.7157,1.7063,0.181,0.0048,4.5262,0.2093,0.0304,0.1252,Standing
S012C003P037R001A042,NTU,staggering,moderate_risk,8.7776,5.2623,0.2169,0.01,5.4808,0.0228,0.0489,0.02,Walking
S012C003P037R001A043,NTU,falling_down,high_risk,19.7331,16.5978,0.2415,0.0235,3.4341,0.3274,0.0679,0.1406,Lying
S012C003P037R002A008,NTU,sit_down,low_risk,21.8945,14.8075,0.1517,0.0202,4.1232,0.1883,0.0778,0.0979,Sitting
S012C003P037R002A009,NTU,stand_up,low_risk,25.9495,18.7956,0.1737,0.0177,4.9095,0.2075,0.0719,0.1664,Standing
S012C003P037R002A042,NTU,staggering,moderate_risk,10.8272,6.0708,0.2319,0.0195,5.786,0.0376,0.0969,0.0536,Walking
S012C003P037R002A043,NTU,falling_down,high_risk,37.7486,17.4432,0.153,0.0216,3.6491,0.281,0.068,0.184,Lying
S013C001P007R001A008,NTU,sit_down,low_risk,5.4203,4.2477,0.2331,0.0074,6.2106,0.0676,0.0343,0.0279,Sitting
S013C001P007R001A009,NTU,stand_up,low_risk,8.9689,7.3753,0.2165,0.0081,5.9275,0.1014,0.0581,0.0504,Standing
S013C001P007R001A042,NTU,staggering,moderate_risk,7.6706,6.4299,0.2003,0.0193,5.2781,0.072,0.0892,0.0672,Walking
S013C001P007R001A043,NTU,falling_down,high_risk,10.8477,12.0018,0.2003,0.0158,4.954,0.2731,0.0836,0.2592,Lying
S013C001P007R002A008,NTU,sit_down,low_risk,9.3116,6.6428,0.1754,0.0133,5.2832,0.0965,0.0577,0.1222,Sitting
S013C001P007R002A009,NTU,stand_up,low_risk,14.1188,14.7242,0.1193,0.0128,5.0505,0.1215,0.059,0.1918,Standing
S013C001P007R002A042,NTU,staggering,moderate_risk,9.8789,7.1592,0.2264,0.008,5.6897,0.0508,0.0499,0.041,Walking
S013C001P007R002A043,NTU,falling_down,high_risk,32.1917,35.2444,0.1856,0.0115,4.8529,0.2799,0.0519,0.4248,Lying
S013C001P008R001A008,NTU,sit_down,low_risk,10.1891,7.2517,0.1856,0.0069,5.1573,0.1,0.0466,0.0457,Sitting
S013C001P008R001A009,NTU,stand_up,low_risk,8.8032,6.6483,0.1654,0.0046,5.4147,0.0711,0.0302,0.0465,Standing
S013C001P008R001A042,NTU,staggering,moderate_risk,35.6012,30.5378,0.2566,0.0296,4.9393,0.1732,0.1519,0.3919,Walking
S013C001P008R001A043,NTU,falling_down,high_risk,20.0358,12.1843,0.1878,0.013,4.3515,0.2668,0.053,0.1295,Lying
S013C001P008R002A008,NTU,sit_down,low_risk,3.8408,2.7058,0.154,0.0107,5.1658,0.0635,0.0519,0.092,Sitting
S013C001P008R002A009,NTU,stand_up,low_risk,6.4399,5.4106,0.1122,0.0089,5.0123,0.0998,0.0465,0.0564,Standing
S013C001P008R002A042,NTU,staggering,moderate_risk,11.6025,8.9796,0.2357,0.0138,4.7332,0.1164,0.0933,0.0881,Walking
S013C001P008R002A043,NTU,falling_down,high_risk,15.1087,14.5829,0.1831,0.0086,5.3714,0.1601,0.0454,0.141,Lying
S013C001P015R001A008,NTU,sit_down,low_risk,5.1872,3.1697,0.1795,0.0096,4.7249,0.1053,0.04,0.0443,Sitting
S013C001P015R001A009,NTU,stand_up,low_risk,9.1819,7.4484,0.0878,0.0085,4.0841,0.0994,0.0323,0.0325,Standing
S013C001P015R001A042,NTU,staggering,moderate_risk,4.4671,2.358,0.2279,0.0123,5.4516,0.0404,0.0483,0.0129,Walking
S013C001P015R001A043,NTU,falling_down,high_risk,12.4638,10.6407,0.189,0.0077,5.0942,0.1781,0.044,0.1865,Lying
S013C001P015R002A008,NTU,sit_down,low_risk,12.3711,9.9367,0.1997,0.0069,5.1366,0.1016,0.0285,0.0377,Sitting
S013C001P015R002A009,NTU,stand_up,low_risk,7.6895,5.6281,0.094,0.0071,4.49,0.0959,0.0248,0.0255,Standing
S013C001P015R002A042,NTU,staggering,moderate_risk,2.7867,2.0045,0.2634,0.0129,5.8275,0.0363,0.0598,0.0229,Walking
S013C001P015R002A043,NTU,falling_down,high_risk,16.1529,14.4883,0.207,0.008,5.1294,0.2292,0.0414,0.0948,Lying
S013C001P016R001A008,NTU,sit_down,low_risk,8.3094,5.4839,0.1962,0.0065,4.7227,0.1308,0.0329,0.0731,Sitting
S013C001P016R001A009,NTU,stand_up,low_risk,6.9155,5.5382,0.0783,0.0045,4.2276,0.0889,0.0287,0.0621,Standing
S013C001P016R001A042,NTU,staggering,moderate_risk,5.1888,4.1864,0.2242,0.0477,5.448,0.1158,0.1913,0.0919,Walking
S013C001P016R001A043,NTU,falling_down,high_risk,13.2818,13.351,0.2105,0.0136,5.0221,0.2331,0.055,0.1452,Lying
S013C001P016R002A008,NTU,sit_down,low_risk,4.6502,5.308,0.1641,0.0048,4.6547,0.1168,0.0313,0.0432,Sitting
S013C001P016R002A009,NTU,stand_up,low_risk,11.5993,6.8588,0.1092,0.0053,4.3307,0.1318,0.0311,0.0634,Standing
S013C001P016R002A042,NTU,staggering,moderate_risk,2.9085,2.9343,0.2225,0.0157,5.3184,0.0291,0.0645,0.0257,Walking
S013C001P016R002A043,NTU,falling_down,high_risk,13.1594,13.9383,0.1773,0.0102,4.6157,0.2395,0.042,0.1475,Lying
S013C001P017R001A008,NTU,sit_down,low_risk,1.6023,1.4166,0.2134,0.0086,5.1306,0.1148,0.0646,0.0631,Sitting
S013C001P017R001A009,NTU,stand_up,low_risk,5.2815,4.1619,0.1357,0.004,4.9872,0.1015,0.0321,0.0464,Standing
S013C001P017R001A042,NTU,staggering,moderate_risk,3.5231,2.5136,0.2098,0.017,5.5486,0.0178,0.0854,0.019,Walking
S013C001P017R001A043,NTU,falling_down,high_risk,16.9019,14.9035,0.194,0.0092,5.0674,0.1332,0.0484,0.1216,Lying
S013C001P017R002A008,NTU,sit_down,low_risk,6.4394,5.6467,0.2004,0.0055,5.076,0.0987,0.0326,0.0524,Sitting
S013C001P017R002A009,NTU,stand_up,low_risk,7.6103,2.2808,0.0552,0.0043,4.4107,0.0629,0.0265,0.0429,Standing
S013C001P017R002A042,NTU,staggering,moderate_risk,3.1831,2.0141,0.2155,0.0105,5.5056,0.0158,0.0615,0.018,Walking
S013C001P017R002A043,NTU,falling_down,high_risk,2.8562,2.1366,0.1587,0.0135,5.0512,0.1798,0.0492,0.1178,Lying
S013C001P018R001A008,NTU,sit_down,low_risk,3.1411,2.0588,0.1616,0.0134,4.3638,0.1335,0.053,0.0595,Sitting
S013C001P018R001A009,NTU,stand_up,low_risk,4.5335,1.912,0.0981,0.0088,4.1893,0.1086,0.0447,0.0401,Standing
S013C001P018R001A042,NTU,staggering,moderate_risk,5.0637,0.2431,0.5776,0.0129,2.0205,0.0219,0.0577,0.0278,Walking
S013C001P018R001A043,NTU,falling_down,high_risk,4.8395,0.3694,0.5767,0.0071,1.9834,0.0101,0.0319,0.0255,Lying
S013C001P018R002A008,NTU,sit_down,low_risk,8.7119,7.5105,0.2471,0.0079,5.1182,0.1148,0.0543,0.0955,Sitting
S013C001P018R002A009,NTU,stand_up,low_risk,4.6193,2.3316,0.2018,0.0066,4.804,0.0996,0.0376,0.0449,Standing
S013C001P018R002A042,NTU,staggering,moderate_risk,3.8235,2.3833,0.2433,0.0269,5.1234,0.0365,0.1213,0.0521,Walking
S013C001P018R002A043,NTU,falling_down,high_risk,5.4689,3.228,0.221,0.0175,4.0793,0.3039,0.0648,0.1114,Lying
S013C001P019R001A008,NTU,sit_down,low_risk,12.2418,9.5951,0.2102,0.0091,4.5373,0.1541,0.0456,0.0781,Sitting
S013C001P019R001A009,NTU,stand_up,low_risk,6.1304,3.7371,0.1282,0.0065,4.2691,0.1877,0.0372,0.032,Standing
S013C001P019R001A042,NTU,staggering,moderate_risk,5.7458,1.9091,0.2291,0.009,5.4888,0.0255,0.0347,0.0166,Walking
S013C001P019R001A043,NTU,falling_down,high_risk,5.996,2.718,0.2063,0.0103,4.6504,0.2533,0.0383,0.1383,Lying
S013C001P019R002A008,NTU,sit_down,low_risk,12.0072,7.4029,0.2328,0.0078,4.6281,0.169,0.0342,0.0607,Sitting
S013C001P019R002A009,NTU,stand_up,low_risk,7.5596,6.2961,0.0809,0.0073,4.1351,0.1174,0.0333,0.0369,Standing
S013C001P019R002A042,NTU,staggering,moderate_risk,3.1228,2.1052,0.24,0.0082,5.6995,0.0184,0.0406,0.0191,Walking
S013C001P019R002A043,NTU,falling_down,high_risk,8.9996,6.8424,0.1992,0.0079,4.9868,0.2145,0.0331,0.1337,Lying
S013C001P025R001A008,NTU,sit_down,low_risk,8.3493,7.1792,0.179,0.0129,4.4294,0.1985,0.0622,0.0654,Sitting
S013C001P025R001A009,NTU,stand_up,low_risk,5.3014,5.1742,0.1099,0.0124,4.52,0.1082,0.0477,0.0436,Standing
S013C001P025R001A042,NTU,staggering,moderate_risk,12.0799,15.5318,0.2807,0.0161,5.4909,0.1374,0.1106,0.2421,Walking
S013C001P025R001A043,NTU,falling_down,high_risk,30.3893,31.5148,0.3491,0.0197,5.4633,0.1948,0.0615,0.5553,Lying
S013C001P025R002A008,NTU,sit_down,low_risk,7.0428,5.216,0.1607,0.0167,4.4913,0.1961,0.0707,0.1512,Sitting
S013C001P025R002A009,NTU,stand_up,low_risk,8.2961,5.5085,0.0921,0.0136,4.5591,0.1519,0.0554,0.0807,Standing
S013C001P025R002A042,NTU,staggering,moderate_risk,14.9293,15.3294,0.2528,0.0144,5.7224,0.1162,0.0729,0.1181,Walking
S013C001P025R002A043,NTU,falling_down,high_risk,5.7393,4.9146,0.3028,0.0099,4.7558,0.3372,0.0707,0.1607,Lying
S013C001P027R001A008,NTU,sit_down,low_risk,9.7308,8.6385,0.1915,0.007,4.8524,0.1939,0.0364,0.0958,Sitting
S013C001P027R001A009,NTU,stand_up,low_risk,10.1208,8.3286,0.129,0.0066,4.0947,0.1964,0.0322,0.0773,Standing
S013C001P027R001A042,NTU,staggering,moderate_risk,11.7987,11.6931,0.2567,0.0125,5.5958,0.1123,0.057,0.0786,Walking
S013C001P027R001A043,NTU,falling_down,high_risk,7.735,6.6827,0.2093,0.0164,5.1018,0.2837,0.0723,0.1334,Lying
S013C001P027R002A008,NTU,sit_down,low_risk,15.5041,12.9033,0.1901,0.0075,4.9201,0.2151,0.0399,0.1351,Sitting
S013C001P027R002A009,NTU,stand_up,low_risk,8.3123,7.7032,0.1146,0.0066,4.5921,0.1976,0.0279,0.0446,Standing
S013C001P027R002A042,NTU,staggering,moderate_risk,10.6358,7.0749,0.2391,0.0111,5.4544,0.0525,0.046,0.0436,Walking
S013C001P027R002A043,NTU,falling_down,high_risk,18.389,18.6276,0.1913,0.01,5.0072,0.2612,0.0443,0.1654,Lying
S013C001P028R001A008,NTU,sit_down,low_risk,7.3733,5.9108,0.2188,0.0076,4.9289,0.1233,0.0427,0.0387,Sitting
S013C001P028R001A009,NTU,stand_up,low_risk,9.2851,8.2179,0.0993,0.0063,4.5432,0.1202,0.0391,0.0584,Standing
S013C001P028R001A042,NTU,staggering,moderate_risk,15.1128,8.0868,0.242,0.019,5.1606,0.0509,0.1194,0.0911,Walking
S013C001P028R001A043,NTU,falling_down,high_risk,8.2161,10.498,0.2415,0.0225,4.2539,0.4246,0.0858,0.1532,Lying
S013C001P028R002A008,NTU,sit_down,low_risk,11.0375,9.548,0.1893,0.0087,4.821,0.1351,0.0402,0.0964,Sitting
S013C001P028R002A009,NTU,stand_up,low_risk,9.2453,8.4918,0.1221,0.0068,4.5556,0.1039,0.0307,0.0917,Standing
S013C001P028R002A042,NTU,staggering,moderate_risk,8.8926,5.1878,0.2173,0.0138,5.1129,0.0453,0.0607,0.0711,Walking
S013C001P028R002A043,NTU,falling_down,high_risk,19.8374,24.3574,0.1727,0.014,4.5938,0.2103,0.0507,0.2019,Lying
S013C001P037R001A008,NTU,sit_down,low_risk,14.9558,12.9668,0.1462,0.0107,4.7546,0.1868,0.0544,0.1108,Sitting
S013C001P037R001A009,NTU,stand_up,low_risk,8.2018,7.1487,0.1192,0.0087,4.6825,0.19,0.0448,0.0676,Standing
S013C001P037R001A042,NTU,staggering,moderate_risk,4.3411,2.2344,0.2337,0.0115,5.6764,0.0383,0.0603,0.0354,Walking
S013C001P037R001A043,NTU,falling_down,high_risk,14.9809,14.0017,0.2133,0.0125,4.8159,0.3297,0.0653,0.1675,Lying
S013C001P037R002A008,NTU,sit_down,low_risk,11.8046,9.4525,0.1953,0.0089,4.2903,0.2077,0.0499,0.0773,Sitting
S013C001P037R002A009,NTU,stand_up,low_risk,12.1973,4.9828,0.0699,0.007,4.055,0.1171,0.0316,0.0362,Standing
S013C001P037R002A042,NTU,staggering,moderate_risk,2.7362,2.263,0.2373,0.0118,5.8329,0.031,0.0577,0.0175,Walking
S013C001P037R002A043,NTU,falling_down,high_risk,10.3947,6.6239,0.2249,0.0184,4.0568,0.3687,0.0622,0.0842,Lying
S013C002P007R001A008,NTU,sit_down,low_risk,15.3184,8.3886,0.1936,0.0093,5.4273,0.0885,0.0443,0.0452,Sitting
S013C002P007R001A009,NTU,stand_up,low_risk,11.915,10.8713,0.1654,0.0162,5.2396,0.0767,0.0694,0.0419,Standing
S013C002P007R001A042,NTU,staggering,moderate_risk,10.5738,9.9522,0.1718,0.02,5.1306,0.0859,0.0995,0.0586,Walking
S013C002P007R001A043,NTU,falling_down,high_risk,15.4213,23.8476,0.1644,0.0179,4.5545,0.2334,0.0804,0.2544,Lying
S013C002P007R002A008,NTU,sit_down,low_risk,2.7294,2.9132,0.1987,0.0165,4.8363,0.0968,0.0665,0.1354,Sitting
S013C002P007R002A009,NTU,stand_up,low_risk,5.8962,8.5339,0.161,0.0149,4.5962,0.1258,0.0829,0.2675,Standing
S013C002P007R002A042,NTU,staggering,moderate_risk,8.6942,5.8858,0.242,0.0067,5.6734,0.0269,0.0447,0.0442,Walking
S013C002P007R002A043,NTU,falling_down,high_risk,9.5106,9.7571,0.1714,0.0106,4.7351,0.2008,0.0597,0.1903,Lying
S013C002P008R001A008,NTU,sit_down,low_risk,22.817,13.856,0.1629,0.015,4.5067,0.1094,0.05,0.0764,Sitting
S013C002P008R001A009,NTU,stand_up,low_risk,9.2788,8.1241,0.153,0.0085,4.9885,0.0839,0.0396,0.067,Standing
S013C002P008R001A042,NTU,staggering,moderate_risk,17.9669,15.7409,0.2979,0.0256,5.3599,0.188,0.152,0.2623,Walking
S013C002P008R001A043,NTU,falling_down,high_risk,7.9747,5.7496,0.2694,0.0164,5.1124,0.3101,0.0817,0.1944,Lying
S013C002P008R002A008,NTU,sit_down,low_risk,7.7155,6.6661,0.1596,0.0077,5.2336,0.0781,0.0349,0.0666,Sitting
S013C002P008R002A009,NTU,stand_up,low_risk,7.0981,5.605,0.1669,0.0074,5.3395,0.1003,0.0401,0.0784,Standing
S013C002P008R002A042,NTU,staggering,moderate_risk,13.6021,10.5288,0.2451,0.0121,5.2524,0.0758,0.0895,0.1188,Walking
S013C002P008R002A043,NTU,falling_down,high_risk,20.6911,21.5042,0.2075,0.0118,4.8546,0.2197,0.0472,0.1933,Lying
S013C002P015R001A008,NTU,sit_down,low_risk,12.7297,7.006,0.1856,0.0116,4.7182,0.1728,0.0458,0.0284,Sitting
S013C002P015R001A009,NTU,stand_up,low_risk,8.9955,6.2108,0.115,0.0131,3.7806,0.1246,0.0472,0.0391,Standing
S013C002P015R001A042,NTU,staggering,moderate_risk,5.3055,3.867,0.2179,0.0176,5.8565,0.0469,0.0826,0.0322,Walking
S013C002P015R001A043,NTU,falling_down,high_risk,17.8166,18.0905,0.2042,0.009,4.947,0.1897,0.0425,0.1997,Lying
S013C002P015R002A008,NTU,sit_down,low_risk,7.1277,5.2125,0.1928,0.0051,4.8203,0.1137,0.0303,0.0769,Sitting
S013C002P015R002A009,NTU,stand_up,low_risk,10.6048,4.0994,0.0994,0.004,4.3005,0.098,0.0233,0.0229,Standing
S013C002P015R002A042,NTU,staggering,moderate_risk,3.1053,1.6218,0.2006,0.0122,5.0534,0.047,0.038,0.0135,Walking
S013C002P015R002A043,NTU,falling_down,high_risk,6.6894,5.2089,0.1589,0.0069,4.4754,0.219,0.0366,0.1361,Lying
S013C002P016R001A008,NTU,sit_down,low_risk,12.07,12.4863,0.2324,0.0104,5.1169,0.1301,0.0478,0.0823,Sitting
S013C002P016R001A009,NTU,stand_up,low_risk,13.1043,6.3459,0.0943,0.012,4.6651,0.0908,0.0468,0.0555,Standing
S013C002P016R001A042,NTU,staggering,moderate_risk,5.7994,2.8611,0.232,0.0228,5.2767,0.0286,0.1172,0.0358,Walking
S013C002P016R001A043,NTU,falling_down,high_risk,15.8533,11.1524,0.2655,0.0123,5.0412,0.1987,0.043,0.1412,Lying
S013C002P016R002A008,NTU,sit_down,low_risk,3.0294,2.9068,0.1584,0.004,4.6958,0.1184,0.029,0.0331,Sitting
S013C002P016R002A009,NTU,stand_up,low_risk,3.712,1.8634,0.1165,0.0034,4.3473,0.1253,0.0247,0.0658,Standing
S013C002P016R002A042,NTU,staggering,moderate_risk,1.6416,1.4641,0.2022,0.011,5.3514,0.0277,0.0476,0.0211,Walking
S013C002P016R002A043,NTU,falling_down,high_risk,4.4174,3.6789,0.1771,0.0119,4.508,0.2377,0.0506,0.111,Lying
S013C002P017R001A008,NTU,sit_down,low_risk,7.9092,5.7171,0.1747,0.0126,5.048,0.1372,0.0608,0.0928,Sitting
S013C002P017R001A009,NTU,stand_up,low_risk,6.8962,4.1046,0.0999,0.0097,4.7382,0.1016,0.0375,0.0689,Standing
S013C002P017R001A042,NTU,staggering,moderate_risk,4.0034,2.5778,0.2601,0.025,6.1846,0.0401,0.136,0.0488,Walking
S013C002P017R001A043,NTU,falling_down,high_risk,11.9943,10.0913,0.2395,0.0153,5.2887,0.2202,0.0703,0.0578,Lying
S013C002P017R002A008,NTU,sit_down,low_risk,4.2727,1.8144,0.1944,0.0056,4.9687,0.1114,0.0359,0.0491,Sitting
S013C002P017R002A009,NTU,stand_up,low_risk,4.3424,2.5608,0.0623,0.0042,4.5056,0.0676,0.0336,0.0496,Standing
S013C002P017R002A042,NTU,staggering,moderate_risk,3.3251,2.5589,0.1983,0.0136,5.2817,0.0187,0.0547,0.0144,Walking
S013C002P017R002A043,NTU,falling_down,high_risk,9.5128,10.6633,0.158,0.0076,4.6702,0.1781,0.0381,0.0843,Lying
S013C002P018R001A008,NTU,sit_down,low_risk,10.4352,4.9313,0.145,0.0139,4.7078,0.1281,0.0863,0.0596,Sitting
S013C002P018R001A009,NTU,stand_up,low_risk,3.9175,2.9754,0.0946,0.0131,4.3983,0.0694,0.07,0.0361,Standing
S013C002P018R001A042,NTU,staggering,moderate_risk,8.649,9.614,0.2075,0.0391,4.6801,0.1078,0.164,0.1967,Walking
S013C002P018R001A043,NTU,falling_down,high_risk,9.0271,16.84,0.1576,0.027,3.7735,0.3189,0.0912,0.2591,Lying
S013C002P018R002A008,NTU,sit_down,low_risk,4.6544,3.9321,0.1365,0.0074,3.9374,0.1506,0.0357,0.0798,Sitting
S013C002P018R002A009,NTU,stand_up,low_risk,4.0017,2.781,0.0736,0.006,3.6915,0.1061,0.0287,0.0317,Standing
S013C002P018R002A042,NTU,staggering,moderate_risk,2.4429,1.7852,0.2227,0.018,5.0286,0.041,0.0814,0.0235,Walking
S013C002P018R002A043,NTU,falling_down,high_risk,7.6661,8.9547,0.1643,0.0165,3.9717,0.2795,0.0661,0.1601,Lying
S013C002P019R001A008,NTU,sit_down,low_risk,33.273,16.5098,0.2631,0.0148,4.5891,0.1544,0.05,0.1339,Sitting
S013C002P019R001A009,NTU,stand_up,low_risk,9.4173,4.2987,0.1196,0.0152,3.993,0.1467,0.0644,0.0474,Standing
S013C002P019R001A042,NTU,staggering,moderate_risk,14.0061,7.2954,0.2535,0.0086,5.9199,0.0233,0.0389,0.0309,Walking
S013C002P019R001A043,NTU,falling_down,high_risk,21.6678,9.7132,0.229,0.0157,4.9229,0.2625,0.0588,0.0786,Lying
S013C002P019R002A008,NTU,sit_down,low_risk,7.2079,9.2111,0.2314,0.0144,4.2809,0.199,0.0754,0.1436,Sitting
S013C002P019R002A009,NTU,stand_up,low_risk,4.2861,2.332,0.0669,0.0045,4.1632,0.1132,0.0285,0.065,Standing
S013C002P019R002A042,NTU,staggering,moderate_risk,2.9254,2.2771,0.2201,0.0079,5.4606,0.0192,0.0344,0.0107,Walking
S013C002P019R002A043,NTU,falling_down,high_risk,4.8473,7.9878,0.1801,0.0075,4.6785,0.2106,0.0275,0.1259,Lying
S013C002P025R001A008,NTU,sit_down,low_risk,12.7551,13.8111,0.1743,0.0149,5.1242,0.1946,0.0767,0.0628,Sitting
S013C002P025R001A009,NTU,stand_up,low_risk,11.1768,9.0428,0.0795,0.0129,5.0325,0.1043,0.0536,0.0545,Standing
S013C002P025R001A042,NTU,staggering,moderate_risk,22.9599,16.5366,0.3056,0.0169,5.4405,0.1482,0.0721,0.1128,Walking
S013C002P025R001A043,NTU,falling_down,high_risk,35.6325,28.9057,0.3816,0.0165,5.6514,0.1884,0.0637,0.5162,Lying
S013C002P025R002A008,NTU,sit_down,low_risk,4.5433,5.8938,0.1563,0.0161,4.3703,0.2345,0.0828,0.1064,Sitting
S013C002P025R002A009,NTU,stand_up,low_risk,4.7789,5.3511,0.124,0.0164,5.3295,0.1714,0.0785,0.1108,Standing
S013C002P025R002A042,NTU,staggering,moderate_risk,8.8008,6.9732,0.2364,0.0152,5.1036,0.1357,0.0856,0.1584,Walking
S013C002P025R002A043,NTU,falling_down,high_risk,13.95,12.5854,0.2295,0.0082,4.9569,0.1669,0.0639,0.1921,Lying
S013C002P027R001A008,NTU,sit_down,low_risk,20.318,18.2103,0.2324,0.0148,4.8502,0.1905,0.0469,0.1206,Sitting
S013C002P027R001A009,NTU,stand_up,low_risk,14.0176,14.0637,0.1419,0.0132,4.079,0.2175,0.0453,0.0857,Standing
S013C002P027R001A042,NTU,staggering,moderate_risk,17.8081,10.9152,0.2392,0.0136,5.0693,0.0831,0.057,0.0751,Walking
S013C002P027R001A043,NTU,falling_down,high_risk,34.1789,20.4779,0.2361,0.021,4.4951,0.3266,0.081,0.2466,Lying
S013C002P027R002A008,NTU,sit_down,low_risk,8.356,18.8043,0.1906,0.0099,4.7286,0.2301,0.0599,0.2822,Sitting
S013C002P027R002A009,NTU,stand_up,low_risk,2.6215,0.857,0.1013,0.006,4.2994,0.1787,0.033,0.0724,Standing
S013C002P027R002A042,NTU,staggering,moderate_risk,8.8368,5.2196,0.2325,0.0091,5.2259,0.1002,0.0477,0.1307,Walking
S013C002P027R002A043,NTU,falling_down,high_risk,9.2404,9.8619,0.2122,0.0103,4.5796,0.2354,0.0417,0.1697,Lying
S013C002P028R001A008,NTU,sit_down,low_risk,8.7317,10.1672,0.228,0.0073,5.0979,0.1068,0.0389,0.0788,Sitting
S013C002P028R001A009,NTU,stand_up,low_risk,12.2418,6.7955,0.0969,0.0116,4.8524,0.0912,0.0475,0.0502,Standing
S013C002P028R001A042,NTU,staggering,moderate_risk,25.5735,10.96,0.2588,0.0247,5.3472,0.0426,0.1218,0.085,Walking
S013C002P028R001A043,NTU,falling_down,high_risk,11.7054,14.3556,0.2213,0.0236,4.1742,0.3523,0.0649,0.1411,Lying
S013C002P028R002A008,NTU,sit_down,low_risk,2.273,1.7111,0.1713,0.0083,4.626,0.1386,0.0365,0.07,Sitting
S013C002P028R002A009,NTU,stand_up,low_risk,6.3458,3.0466,0.1129,0.0061,4.4648,0.103,0.026,0.11,Standing
S013C002P028R002A042,NTU,staggering,moderate_risk,4.9424,4.812,0.2411,0.0208,4.8491,0.0461,0.064,0.0616,Walking
S013C002P028R002A043,NTU,falling_down,high_risk,6.9299,6.4048,0.1541,0.02,3.9741,0.3207,0.0612,0.1431,Lying
S013C002P037R001A008,NTU,sit_down,low_risk,15.4931,12.388,0.2194,0.0136,4.0904,0.2366,0.0553,0.0931,Sitting
S013C002P037R001A009,NTU,stand_up,low_risk,15.2146,12.8083,0.1935,0.0164,4.0703,0.2147,0.0564,0.0717,Standing
S013C002P037R001A042,NTU,staggering,moderate_risk,6.5999,5.4093,0.3,0.014,6.7781,0.027,0.0819,0.0557,Walking
S013C002P037R001A043,NTU,falling_down,high_risk,17.6184,16.8738,0.297,0.014,5.1484,0.3282,0.0677,0.0958,Lying
S013C002P037R002A008,NTU,sit_down,low_risk,6.5906,8.0948,0.2073,0.0206,4.4467,0.2501,0.1075,0.1717,Sitting
S013C002P037R002A009,NTU,stand_up,low_risk,4.4516,5.2914,0.0566,0.0098,4.0896,0.135,0.0555,0.0681,Standing
S013C002P037R002A042,NTU,staggering,moderate_risk,3.4954,2.6962,0.2433,0.0161,5.5077,0.0391,0.0521,0.0098,Walking
S013C002P037R002A043,NTU,falling_down,high_risk,10.6972,12.3826,0.2716,0.0158,4.0627,0.3457,0.06,0.2024,Lying
S013C003P007R001A008,NTU,sit_down,low_risk,2.0526,1.6895,0.1736,0.0077,5.6623,0.0706,0.0299,0.0178,Sitting
S013C003P007R001A009,NTU,stand_up,low_risk,2.5793,2.3594,0.1675,0.0073,5.408,0.0811,0.0551,0.0394,Standing
S013C003P007R001A042,NTU,staggering,moderate_risk,6.211,5.1587,0.2509,0.0224,5.8251,0.0771,0.0844,0.0749,Walking
S013C003P007R001A043,NTU,falling_down,high_risk,15.2292,16.692,0.2209,0.013,5.4118,0.2113,0.0509,0.1673,Lying
S013C003P007R002A008,NTU,sit_down,low_risk,18.8727,17.0587,0.1648,0.0172,5.7937,0.0973,0.072,0.0809,Sitting
S013C003P007R002A009,NTU,stand_up,low_risk,23.4754,18.3056,0.1248,0.012,5.3907,0.1069,0.0638,0.1625,Standing
S013C003P007R002A042,NTU,staggering,moderate_risk,13.2854,11.5097,0.261,0.0134,5.7563,0.0534,0.0741,0.0809,Walking
S013C003P007R002A043,NTU,falling_down,high_risk,33.5194,31.7675,0.2856,0.0154,4.7644,0.2283,0.0483,0.2935,Lying
S013C003P008R001A008,NTU,sit_down,low_risk,9.5022,5.5326,0.2075,0.0096,5.2354,0.118,0.077,0.1615,Sitting
S013C003P008R001A009,NTU,stand_up,low_risk,10.2419,6.532,0.1895,0.0031,5.5888,0.0738,0.0298,0.0812,Standing
S013C003P008R001A042,NTU,staggering,moderate_risk,31.3191,29.9809,0.3119,0.0248,6.1303,0.2027,0.1702,0.4111,Walking
S013C003P008R001A043,NTU,falling_down,high_risk,30.6716,24.4135,0.2185,0.0125,5.1305,0.1822,0.0374,0.2169,Lying
S013C003P008R002A008,NTU,sit_down,low_risk,13.6022,10.6046,0.1755,0.0133,5.203,0.0777,0.0545,0.0705,Sitting
S013C003P008R002A009,NTU,stand_up,low_risk,10.7409,7.5023,0.1733,0.0134,4.9147,0.1085,0.0522,0.0702,Standing
S013C003P008R002A042,NTU,staggering,moderate_risk,11.715,10.5629,0.2289,0.0147,4.7757,0.1005,0.0994,0.047,Walking
S013C003P008R002A043,NTU,falling_down,high_risk,14.66,8.4985,0.1727,0.0138,4.9732,0.1562,0.0597,0.0723,Lying
S013C003P015R001A008,NTU,sit_down,low_risk,1.6076,0.8944,0.2431,0.0049,4.8428,0.131,0.023,0.039,Sitting
S013C003P015R001A009,NTU,stand_up,low_risk,2.5237,1.3809,0.155,0.0047,4.3022,0.1075,0.022,0.044,Standing
S013C003P015R001A042,NTU,staggering,moderate_risk,2.2761,1.613,0.2315,0.009,5.6821,0.0396,0.0389,0.0129,Walking
S013C003P015R001A043,NTU,falling_down,high_risk,4.428,3.5153,0.1938,0.0058,5.1534,0.1741,0.0366,0.1396,Lying
S013C003P015R002A008,NTU,sit_down,low_risk,13.0275,11.1981,0.1899,0.0098,4.6732,0.1323,0.0357,0.0931,Sitting
S013C003P015R002A009,NTU,stand_up,low_risk,5.9637,4.2572,0.1122,0.0113,4.2551,0.1134,0.0424,0.0527,Standing
S013C003P015R002A042,NTU,staggering,moderate_risk,5.2049,2.9553,0.1962,0.0158,5.0604,0.044,0.0657,0.0275,Walking
S013C003P015R002A043,NTU,falling_down,high_risk,9.3671,8.8834,0.1947,0.0076,4.702,0.2028,0.0285,0.0878,Lying
S013C003P016R001A008,NTU,sit_down,low_risk,3.6148,3.9509,0.236,0.0061,4.7211,0.1209,0.0284,0.0484,Sitting
S013C003P016R001A009,NTU,stand_up,low_risk,8.2681,6.391,0.0994,0.0057,4.3277,0.1063,0.0328,0.069,Standing
S013C003P016R001A042,NTU,staggering,moderate_risk,2.1862,1.9099,0.2584,0.0432,5.2665,0.102,0.1163,0.0391,Walking
S013C003P016R001A043,NTU,falling_down,high_risk,3.4412,6.0342,0.2198,0.0151,4.4839,0.2687,0.0627,0.1363,Lying
S013C003P016R002A008,NTU,sit_down,low_risk,7.089,5.6085,0.1483,0.0104,5.2875,0.1212,0.0555,0.0448,Sitting
S013C003P016R002A009,NTU,stand_up,low_risk,8.0734,6.2719,0.1103,0.0155,4.502,0.1328,0.0536,0.0597,Standing
S013C003P016R002A042,NTU,staggering,moderate_risk,5.9138,3.8507,0.218,0.0135,5.4329,0.0323,0.08,0.028,Walking
S013C003P016R002A043,NTU,falling_down,high_risk,10.2048,7.8121,0.26,0.0128,4.6699,0.1995,0.0374,0.0965,Lying
S013C003P017R001A008,NTU,sit_down,low_risk,10.5207,7.7919,0.1651,0.0073,4.7799,0.1086,0.0513,0.0651,Sitting
S013C003P017R001A009,NTU,stand_up,low_risk,5.9496,3.7771,0.0988,0.0052,4.6087,0.1021,0.0358,0.0297,Standing
S013C003P017R001A042,NTU,staggering,moderate_risk,2.3423,1.765,0.2068,0.0113,5.4344,0.0211,0.062,0.0142,Walking
S013C003P017R001A043,NTU,falling_down,high_risk,14.476,18.7088,0.1738,0.0065,5.0367,0.1357,0.0364,0.1662,Lying
S013C003P017R002A008,NTU,sit_down,low_risk,4.1042,3.4677,0.2071,0.0108,4.5971,0.1095,0.0494,0.1058,Sitting
S013C003P017R002A009,NTU,stand_up,low_risk,9.5384,4.4251,0.0433,0.0111,4.7037,0.042,0.0514,0.0698,Standing
S013C003P017R002A042,NTU,staggering,moderate_risk,5.8168,4.0015,0.245,0.0192,5.5106,0.0268,0.1099,0.0484,Walking
S013C003P017R002A043,NTU,falling_down,high_risk,21.758,14.6151,0.243,0.0108,4.7793,0.1891,0.0541,0.1914,Lying
S013C003P018R001A008,NTU,sit_down,low_risk,1.5552,1.0923,0.1861,0.0059,4.5105,0.1212,0.0317,0.0691,Sitting
S013C003P018R001A009,NTU,stand_up,low_risk,2.54,2.1754,0.0914,0.0074,4.133,0.115,0.0275,0.0255,Standing
S013C003P018R001A042,NTU,staggering,moderate_risk,78.8006,1.5022,0.0836,0.045,2.5824,0.023,0.055,0.0239,Walking
S013C003P018R001A043,NTU,falling_down,high_risk,78.3827,0.5788,0.098,0.0211,2.5649,0.0078,0.0176,0.0105,Lying
S013C003P018R002A008,NTU,sit_down,low_risk,6.348,7.3035,0.1495,0.0309,6.4803,0.2022,0.193,0.4474,Sitting
S013C003P018R002A009,NTU,stand_up,low_risk,7.2708,4.6641,0.101,0.0149,5.9755,0.1617,0.1225,0.2595,Standing
S013C003P018R002A042,NTU,staggering,moderate_risk,4.3072,3.309,0.2076,0.0475,3.7975,0.0866,0.1617,0.0759,Walking
S013C003P018R002A043,NTU,falling_down,high_risk,4.782,4.378,0.2689,0.0209,3.0637,0.3282,0.0675,0.0898,Lying
S013C003P019R001A008,NTU,sit_down,low_risk,6.2485,4.5658,0.2494,0.0063,4.5064,0.1488,0.0383,0.1638,Sitting
S013C003P019R001A009,NTU,stand_up,low_risk,2.893,1.7827,0.1182,0.0048,4.3497,0.1796,0.0302,0.0763,Standing
S013C003P019R001A042,NTU,staggering,moderate_risk,4.0194,2.8254,0.2402,0.0083,5.4399,0.0311,0.0274,0.0162,Walking
S013C003P019R001A043,NTU,falling_down,high_risk,9.9638,9.1736,0.2103,0.0101,4.6772,0.2237,0.0335,0.0794,Lying
S013C003P019R002A008,NTU,sit_down,low_risk,30.1111,20.1934,0.1842,0.0098,5.1402,0.1599,0.0438,0.1588,Sitting
S013C003P019R002A009,NTU,stand_up,low_risk,20.0798,11.8668,0.0678,0.0138,4.5783,0.1183,0.0505,0.0562,Standing
S013C003P019R002A042,NTU,staggering,moderate_risk,13.2664,5.3674,0.2203,0.0146,6.3976,0.0355,0.077,0.0494,Walking
S013C003P019R002A043,NTU,falling_down,high_risk,17.497,12.9759,0.2275,0.0105,5.7165,0.2893,0.0392,0.1257,Lying
S013C003P025R001A008,NTU,sit_down,low_risk,2.926,1.9976,0.1788,0.011,4.4192,0.1879,0.0587,0.1734,Sitting
S013C003P025R001A009,NTU,stand_up,low_risk,5.22,3.4377,0.101,0.0132,4.5253,0.1123,0.0524,0.0681,Standing
S013C003P025R001A042,NTU,staggering,moderate_risk,8.8812,14.9752,0.2295,0.0261,5.375,0.1938,0.1591,0.2386,Walking
S013C003P025R001A043,NTU,falling_down,high_risk,9.2449,8.4555,0.3132,0.0071,4.6255,0.2451,0.0588,0.2133,Lying
S013C003P025R002A008,NTU,sit_down,low_risk,15.961,12.9409,0.2014,0.016,5.1797,0.188,0.0612,0.0958,Sitting
S013C003P025R002A009,NTU,stand_up,low_risk,12.667,6.213,0.1452,0.0211,4.5955,0.2609,0.0702,0.0845,Standing
S013C003P025R002A042,NTU,staggering,moderate_risk,24.8462,11.3491,0.2752,0.0183,5.6059,0.1197,0.0758,0.087,Walking
S013C003P025R002A043,NTU,falling_down,high_risk,48.4709,25.8624,0.3719,0.0117,5.7064,0.1555,0.0576,0.3865,Lying
S013C003P027R001A008,NTU,sit_down,low_risk,2.7429,2.2603,0.1686,0.0055,4.8314,0.1718,0.0346,0.113,Sitting
S013C003P027R001A009,NTU,stand_up,low_risk,2.4517,1.5232,0.0993,0.0056,4.3216,0.1791,0.0329,0.1143,Standing
S013C003P027R001A042,NTU,staggering,moderate_risk,9.6112,10.8051,0.2225,0.0167,5.0681,0.1218,0.0707,0.0804,Walking
S013C003P027R001A043,NTU,falling_down,high_risk,9.665,9.1485,0.1785,0.0131,4.4422,0.2623,0.0671,0.1744,Lying
S013C003P027R002A008,NTU,sit_down,low_risk,34.8624,23.8465,0.283,0.0128,4.2295,0.2364,0.049,0.2398,Sitting
S013C003P027R002A009,NTU,stand_up,low_risk,21.1522,9.6392,0.0946,0.0125,4.0554,0.1853,0.0419,0.0595,Standing
S013C003P027R002A042,NTU,staggering,moderate_risk,15.244,12.0795,0.2573,0.0132,5.0213,0.0639,0.0527,0.0525,Walking
S013C003P027R002A043,NTU,falling_down,high_risk,23.4497,17.2742,0.217,0.0149,4.3377,0.2573,0.0485,0.1003,Lying
S013C003P028R001A008,NTU,sit_down,low_risk,3.7045,1.5239,0.1983,0.0087,4.6864,0.1258,0.0357,0.042,Sitting
S013C003P028R001A009,NTU,stand_up,low_risk,5.0418,2.8822,0.1977,0.0077,4.406,0.1174,0.0371,0.079,Standing
S013C003P028R001A042,NTU,staggering,moderate_risk,5.6113,3.7835,0.2371,0.0228,5.0366,0.0395,0.0991,0.0352,Walking
S013C003P028R001A043,NTU,falling_down,high_risk,3.2941,2.4703,0.2075,0.0114,4.973,0.1616,0.0751,0.2193,Lying
S013C003P028R002A008,NTU,sit_down,low_risk,15.7426,12.8354,0.23,0.0136,5.706,0.1324,0.0603,0.0784,Sitting
S013C003P028R002A009,NTU,stand_up,low_risk,12.6519,10.7891,0.1664,0.0146,4.4331,0.1057,0.055,0.0611,Standing
S013C003P028R002A042,NTU,staggering,moderate_risk,26.9123,12.4673,0.2338,0.0223,5.4436,0.0638,0.0823,0.077,Walking
S013C003P028R002A043,NTU,falling_down,high_risk,19.8811,15.9582,0.1768,0.0176,4.8243,0.1746,0.0602,0.1074,Lying
S013C003P037R001A008,NTU,sit_down,low_risk,3.6825,6.1993,0.1536,0.0081,4.5582,0.1765,0.0511,0.1659,Sitting
S013C003P037R001A009,NTU,stand_up,low_risk,5.1822,3.7532,0.1372,0.0058,4.5333,0.1765,0.0411,0.0856,Standing
S013C003P037R001A042,NTU,staggering,moderate_risk,3.8972,2.357,0.2398,0.0117,5.4518,0.0485,0.0531,0.0105,Walking
S013C003P037R001A043,NTU,falling_down,high_risk,16.0735,17.2678,0.2416,0.0132,4.6076,0.3405,0.0735,0.3477,Lying
S013C003P037R002A008,NTU,sit_down,low_risk,29.0049,22.8862,0.2698,0.0142,5.1211,0.2109,0.0556,0.1963,Sitting
S013C003P037R002A009,NTU,stand_up,low_risk,16.0476,11.1257,0.1099,0.0136,4.0999,0.1182,0.0523,0.0528,Standing
S013C003P037R002A042,NTU,staggering,moderate_risk,4.0189,3.0314,0.2499,0.015,5.5004,0.0319,0.0725,0.0378,Walking
S013C003P037R002A043,NTU,falling_down,high_risk,21.6363,17.0654,0.2074,0.0152,4.6341,0.3683,0.0711,0.1791,Lying
S014C001P007R001A008,NTU,sit_down,low_risk,13.8922,12.8132,0.1583,0.0179,5.1248,0.1275,0.0731,0.1375,Sitting
S014C001P007R001A009,NTU,stand_up,low_risk,10.2368,7.7465,0.1221,0.0113,5.0439,0.1122,0.0567,0.0816,Standing
S014C001P007R001A042,NTU,staggering,moderate_risk,7.6664,5.8548,0.2631,0.0148,5.5141,0.069,0.0816,0.1406,Walking
S014C001P007R001A043,NTU,falling_down,high_risk,6.162,6.0706,0.2091,0.0193,5.1237,0.243,0.0666,0.1057,Lying
S014C001P007R002A008,NTU,sit_down,low_risk,12.275,10.509,0.1449,0.0222,4.8745,0.1572,0.0996,0.1632,Sitting
S014C001P007R002A009,NTU,stand_up,low_risk,19.2873,14.6376,0.0867,0.0128,4.5181,0.1901,0.0583,0.1557,Standing
S014C001P007R002A042,NTU,staggering,moderate_risk,6.6606,4.6713,0.2426,0.01,5.9169,0.0476,0.064,0.0673,Walking
S014C001P007R002A043,NTU,falling_down,high_risk,17.6513,16.3821,0.1876,0.0164,4.7821,0.2775,0.064,0.0654,Lying
S014C001P008R001A008,NTU,sit_down,low_risk,8.5627,6.3133,0.2293,0.0165,5.0464,0.1773,0.0834,0.2057,Sitting
S014C001P008R001A009,NTU,stand_up,low_risk,12.2493,11.2308,0.2224,0.0119,4.8718,0.1316,0.0779,0.1191,Standing
S014C001P008R001A042,NTU,staggering,moderate_risk,27.7022,26.0702,0.256,0.0263,4.9553,0.1864,0.1192,0.3006,Walking
S014C001P008R001A043,NTU,falling_down,high_risk,10.4953,8.6918,0.2299,0.0146,5.8875,0.1473,0.1072,0.2122,Lying
S014C001P008R002A008,NTU,sit_down,low_risk,15.5214,11.607,0.2148,0.0291,4.5523,0.169,0.1132,0.2084,Sitting
S014C001P008R002A009,NTU,stand_up,low_risk,18.8574,13.7217,0.1846,0.0231,5.1689,0.2606,0.1009,0.1605,Standing
S014C001P008R002A042,NTU,staggering,moderate_risk,18.9388,19.4271,0.277,0.0426,5.4397,0.1468,0.1993,0.3049,Walking
S014C001P008R002A043,NTU,falling_down,high_risk,24.2606,26.5315,0.3333,0.025,5.3764,0.119,0.1001,0.7636,Lying
S014C001P015R001A008,NTU,sit_down,low_risk,6.9664,7.7245,0.2632,0.0109,5.2581,0.1171,0.0545,0.081,Sitting
S014C001P015R001A009,NTU,stand_up,low_risk,7.2272,4.881,0.1977,0.011,4.8642,0.1064,0.0496,0.0809,Standing
S014C001P015R001A042,NTU,staggering,moderate_risk,5.0135,3.1017,0.299,0.0147,6.1409,0.0383,0.0657,0.022,Walking
S014C001P015R001A043,NTU,falling_down,high_risk,10.971,9.7404,0.2778,0.0111,5.8226,0.1826,0.0537,0.1001,Lying
S014C001P015R002A008,NTU,sit_down,low_risk,6.7217,6.2861,0.2521,0.0101,5.5581,0.1062,0.0523,0.0636,Sitting
S014C001P015R002A009,NTU,stand_up,low_risk,12.4571,11.426,0.1487,0.011,4.9079,0.1418,0.0447,0.0997,Standing
S014C001P015R002A042,NTU,staggering,moderate_risk,4.3981,2.9604,0.2613,0.0292,5.7316,0.0465,0.08,0.0216,Walking
S014C001P015R002A043,NTU,falling_down,high_risk,24.3999,22.044,0.1968,0.0075,4.9931,0.2273,0.0412,0.2031,Lying
S014C001P017R001A008,NTU,sit_down,low_risk,23.7715,23.5545,0.2302,0.0441,4.6734,0.1181,0.0996,0.2514,Sitting
S014C001P017R001A009,NTU,stand_up,low_risk,16.2975,7.9488,0.0826,0.0169,4.7134,0.0743,0.0606,0.1061,Standing
S014C001P017R001A042,NTU,staggering,moderate_risk,3.7723,2.3538,0.185,0.064,5.3473,0.1046,0.1969,0.0334,Walking
S014C001P017R001A043,NTU,falling_down,high_risk,18.472,17.7412,0.2161,0.0255,5.1783,0.146,0.0928,0.0863,Lying
S014C001P017R002A008,NTU,sit_down,low_risk,13.9248,12.0563,0.1073,0.0266,4.721,0.078,0.0728,0.1434,Sitting
S014C001P017R002A009,NTU,stand_up,low_risk,12.9929,5.5515,0.1143,0.0188,4.0405,0.0969,0.0639,0.0948,Standing
S014C001P017R002A042,NTU,staggering,moderate_risk,3.8874,2.8259,0.2372,0.0981,5.1937,0.1524,0.2492,0.0375,Walking
S014C001P017R002A043,NTU,falling_down,high_risk,7.28,5.8141,0.23,0.0294,4.4843,0.0932,0.0761,0.1873,Lying
S014C001P019R001A008,NTU,sit_down,low_risk,12.2627,9.2422,0.2814,0.0169,4.7124,0.1499,0.0643,0.1838,Sitting
S014C001P019R001A009,NTU,stand_up,low_risk,9.6254,4.1072,0.0918,0.0083,4.0926,0.1464,0.0362,0.0866,Standing
S014C001P019R001A042,NTU,staggering,moderate_risk,4.523,2.1316,0.2612,0.0142,5.9867,0.0232,0.0736,0.0177,Walking
S014C001P019R001A043,NTU,falling_down,high_risk,12.7864,11.2869,0.208,0.0106,5.3996,0.2751,0.0537,0.1423,Lying
S014C001P019R002A008,NTU,sit_down,low_risk,10.4014,9.2062,0.2056,0.0199,4.7353,0.1821,0.0821,0.1601,Sitting
S014C001P019R002A009,NTU,stand_up,low_risk,8.1059,8.6078,0.0849,0.0078,4.1979,0.1539,0.0376,0.0592,Standing
S014C001P019R002A042,NTU,staggering,moderate_risk,3.7048,3.1696,0.2251,0.0133,6.053,0.0203,0.0585,0.026,Walking
S014C001P019R002A043,NTU,falling_down,high_risk,6.969,7.917,0.1924,0.0112,5.2087,0.2601,0.0464,0.1026,Lying
S014C001P025R001A008,NTU,sit_down,low_risk,9.0954,7.6345,0.1933,0.0204,5.3004,0.2157,0.0739,0.1033,Sitting
S014C001P025R001A009,NTU,stand_up,low_risk,7.6757,6.6934,0.1269,0.0175,4.8189,0.1945,0.0724,0.0623,Standing
S014C001P025R001A042,NTU,staggering,moderate_risk,10.4104,12.5008,0.2933,0.0324,5.8623,0.1188,0.1651,0.2305,Walking
S014C001P025R001A043,NTU,falling_down,high_risk,15.9783,23.0739,0.3082,0.015,5.2792,0.2811,0.0931,0.4011,Lying
S014C001P025R002A008,NTU,sit_down,low_risk,24.2485,18.1293,0.2619,0.0112,5.6306,0.1722,0.0628,0.1777,Sitting
S014C001P025R002A009,NTU,stand_up,low_risk,20.5691,18.0532,0.165,0.0096,4.9595,0.1519,0.0572,0.161,Standing
S014C001P025R002A042,NTU,staggering,moderate_risk,10.197,8.8654,0.2586,0.0182,5.4907,0.126,0.0875,0.1172,Walking
S014C001P025R002A043,NTU,falling_down,high_risk,24.3759,26.7997,0.3039,0.0181,5.3915,0.3086,0.1076,0.4749,Lying
S014C001P027R001A008,NTU,sit_down,low_risk,10.3554,9.657,0.1887,0.0107,5.2349,0.1803,0.0483,0.0974,Sitting
S014C001P027R001A009,NTU,stand_up,low_risk,13.3376,13.6765,0.1195,0.0078,4.6904,0.1789,0.0388,0.1078,Standing
S014C001P027R001A042,NTU,staggering,moderate_risk,12.5853,12.577,0.2509,0.021,5.4274,0.0646,0.0714,0.1143,Walking
S014C001P027R001A043,NTU,falling_down,high_risk,23.3862,19.085,0.2526,0.0109,5.2965,0.2048,0.0592,0.264,Lying
S014C001P027R002A008,NTU,sit_down,low_risk,9.2898,7.3138,0.2089,0.011,5.1543,0.2074,0.0579,0.1322,Sitting
S014C001P027R002A009,NTU,stand_up,low_risk,10.6859,8.8178,0.1383,0.0073,4.7953,0.2006,0.0399,0.0847,Standing
S014C001P027R002A042,NTU,staggering,moderate_risk,9.2629,5.0006,0.2483,0.0108,5.5596,0.0763,0.0564,0.0381,Walking
S014C001P027R002A043,NTU,falling_down,high_risk,16.3076,10.249,0.2146,0.0075,4.9849,0.2283,0.0382,0.0562,Lying
S014C001P037R001A008,NTU,sit_down,low_risk,11.8347,12.388,0.1859,0.0189,4.8029,0.2208,0.1031,0.1471,Sitting
S014C001P037R001A009,NTU,stand_up,low_risk,14.2889,11.7564,0.1253,0.0105,4.5744,0.1829,0.0647,0.0898,Standing
S014C001P037R001A042,NTU,staggering,moderate_risk,7.6254,5.5132,0.2425,0.0199,5.6633,0.0337,0.0871,0.0511,Walking
S014C001P037R001A043,NTU,falling_down,high_risk,29.9089,24.7482,0.2414,0.0164,5.2632,0.2911,0.1006,0.2564,Lying
S014C001P037R002A008,NTU,sit_down,low_risk,13.4706,12.8862,0.1778,0.0133,4.4788,0.1891,0.0608,0.1425,Sitting
S014C001P037R002A009,NTU,stand_up,low_risk,12.1514,16.3251,0.114,0.0163,4.014,0.2445,0.1001,0.2096,Standing
S014C001P037R002A042,NTU,staggering,moderate_risk,3.0847,1.8003,0.2598,0.018,5.4953,0.0323,0.0733,0.0204,Walking
S014C001P037R002A043,NTU,falling_down,high_risk,13.89,12.0922,0.2423,0.019,4.8959,0.3612,0.0917,0.1596,Lying
S014C001P039R001A008,NTU,sit_down,low_risk,7.4927,6.2764,0.1636,0.0144,4.6761,0.0935,0.0512,0.051,Sitting
S014C001P039R001A009,NTU,stand_up,low_risk,10.633,8.111,0.1028,0.0112,4.3479,0.1376,0.0446,0.0653,Standing
S014C001P039R001A042,NTU,staggering,moderate_risk,3.242,2.7811,0.2337,0.0181,5.8363,0.051,0.0923,0.0765,Walking
S014C001P039R001A043,NTU,falling_down,high_risk,15.7459,13.354,0.1828,0.0118,5.2763,0.2683,0.0651,0.1838,Lying
S014C001P039R002A008,NTU,sit_down,low_risk,5.3556,2.8204,0.2514,0.0089,5.28,0.1139,0.0491,0.1591,Sitting
S014C001P039R002A009,NTU,stand_up,low_risk,11.2308,8.1864,0.2218,0.0109,5.6463,0.1071,0.067,0.1549,Standing
S014C001P039R002A042,NTU,staggering,moderate_risk,6.145,3.4598,0.2319,0.0175,5.6935,0.0286,0.073,0.0418,Walking
S014C001P039R002A043,NTU,falling_down,high_risk,11.4459,8.3921,0.2188,0.0132,5.1033,0.2415,0.0693,0.117,Lying
S014C002P007R001A008,NTU,sit_down,low_risk,17.4679,14.9601,0.2002,0.0271,4.2629,0.1558,0.0734,0.0801,Sitting
S014C002P007R001A009,NTU,stand_up,low_risk,12.6669,8.3519,0.1463,0.028,4.1024,0.1141,0.0863,0.0486,Standing
S014C002P007R001A042,NTU,staggering,moderate_risk,9.6666,8.0682,0.2548,0.0275,5.7465,0.049,0.0937,0.1065,Walking
S014C002P007R001A043,NTU,falling_down,high_risk,3.6052,2.9511,0.2075,0.0188,5.3194,0.1848,0.075,0.0763,Lying
S014C002P007R002A008,NTU,sit_down,low_risk,3.811,6.6715,0.2505,0.0354,4.3107,0.2638,0.1428,0.2195,Sitting
S014C002P007R002A009,NTU,stand_up,low_risk,7.4041,10.0647,0.256,0.0326,3.6577,0.2736,0.1178,0.2607,Standing
S014C002P007R002A042,NTU,staggering,moderate_risk,6.305,4.5695,0.2508,0.0167,5.8665,0.0478,0.0681,0.0511,Walking
S014C002P007R002A043,NTU,falling_down,high_risk,21.1611,20.9195,0.232,0.0133,5.0114,0.2105,0.0676,0.177,Lying
S014C002P008R001A008,NTU,sit_down,low_risk,30.5376,18.5624,0.2438,0.0194,5.0706,0.1904,0.0939,0.1876,Sitting
S014C002P008R001A009,NTU,stand_up,low_risk,12.332,8.2033,0.133,0.0212,5.4023,0.1389,0.1064,0.1452,Standing
S014C002P008R001A042,NTU,staggering,moderate_risk,25.7127,18.791,0.2951,0.0303,5.542,0.1273,0.1736,0.2636,Walking
S014C002P008R001A043,NTU,falling_down,high_risk,9.2438,5.9841,0.2334,0.0251,4.558,0.3635,0.1006,0.0757,Lying
S014C002P008R002A008,NTU,sit_down,low_risk,7.1055,8.6288,0.1902,0.0273,4.5727,0.1646,0.1371,0.2529,Sitting
S014C002P008R002A009,NTU,stand_up,low_risk,4.6741,6.5244,0.1591,0.0315,4.6591,0.2911,0.1637,0.2042,Standing
S014C002P008R002A042,NTU,staggering,moderate_risk,13.4505,16.4424,0.2515,0.0278,5.0114,0.1291,0.1352,0.2701,Walking
S014C002P008R002A043,NTU,falling_down,high_risk,4.0943,9.9742,0.2411,0.0186,5.2344,0.7499,0.0786,0.6583,Lying
S014C002P015R001A008,NTU,sit_down,low_risk,12.6728,10.0042,0.1699,0.0117,5.3228,0.1097,0.052,0.0633,Sitting
S014C002P015R001A009,NTU,stand_up,low_risk,13.9759,7.235,0.101,0.0176,4.5106,0.1316,0.0611,0.0598,Standing
S014C002P015R001A042,NTU,staggering,moderate_risk,8.0814,3.885,0.2354,0.0186,5.6106,0.0483,0.0753,0.0475,Walking
S014C002P015R001A043,NTU,falling_down,high_risk,11.642,5.7146,0.2149,0.0137,4.8514,0.2588,0.0538,0.041,Lying
S014C002P015R002A008,NTU,sit_down,low_risk,0.9537,0.9955,0.1719,0.0096,4.8071,0.1223,0.0531,0.0743,Sitting
S014C002P015R002A009,NTU,stand_up,low_risk,2.256,1.5587,0.1341,0.0047,4.2953,0.1172,0.0338,0.0747,Standing
S014C002P015R002A042,NTU,staggering,moderate_risk,1.5156,1.359,0.2494,0.0199,5.6331,0.0308,0.0597,0.0203,Walking
S014C002P015R002A043,NTU,falling_down,high_risk,4.0752,3.647,0.2476,0.0077,5.2167,0.1626,0.049,0.1354,Lying
S014C002P017R001A008,NTU,sit_down,low_risk,22.0852,12.3054,0.0778,0.0249,4.1969,0.184,0.0765,0.0945,Sitting
S014C002P017R001A009,NTU,stand_up,low_risk,22.5995,9.7906,0.1373,0.0224,4.1224,0.0674,0.1057,0.0731,Standing
S014C002P017R001A042,NTU,staggering,moderate_risk,5.0218,4.2975,0.2935,0.0768,4.5384,0.0876,0.2277,0.0921,Walking
S014C002P017R001A043,NTU,falling_down,high_risk,12.452,13.9644,0.2202,0.0268,4.8166,0.1979,0.1128,0.2652,Lying
S014C002P017R002A008,NTU,sit_down,low_risk,12.7195,11.4251,0.2818,0.0373,3.6377,0.1094,0.0828,0.2617,Sitting
S014C002P017R002A009,NTU,stand_up,low_risk,16.8751,10.7949,0.3588,0.0275,3.716,0.1406,0.0752,0.2261,Standing
S014C002P017R002A042,NTU,staggering,moderate_risk,3.5566,2.3937,0.1597,0.0655,4.7421,0.0727,0.1482,0.0293,Walking
S014C002P017R002A043,NTU,falling_down,high_risk,14.9979,17.7094,0.2282,0.0359,4.7058,0.159,0.0846,0.1872,Lying
S014C002P019R001A008,NTU,sit_down,low_risk,25.7418,16.4975,0.2524,0.0102,5.5172,0.1156,0.0456,0.104,Sitting
S014C002P019R001A009,NTU,stand_up,low_risk,19.3693,13.8703,0.0956,0.0093,4.5013,0.1369,0.0378,0.0659,Standing
S014C002P019R001A042,NTU,staggering,moderate_risk,13.2032,5.4172,0.2524,0.0207,5.4719,0.0337,0.0984,0.0401,Walking
S014C002P019R001A043,NTU,falling_down,high_risk,18.4249,8.6633,0.2086,0.014,5.1038,0.2445,0.0634,0.1101,Lying
S014C002P019R002A008,NTU,sit_down,low_risk,3.7894,4.7397,0.1815,0.0192,4.1965,0.1985,0.0932,0.1702,Sitting
S014C002P019R002A009,NTU,stand_up,low_risk,4.1302,3.803,0.0863,0.0127,3.7959,0.1501,0.0607,0.079,Standing
S014C002P019R002A042,NTU,staggering,moderate_risk,3.2351,2.5566,0.2229,0.011,5.5183,0.021,0.0427,0.0129,Walking
S014C002P019R002A043,NTU,falling_down,high_risk,5.2075,5.5803,0.1921,0.0121,4.6767,0.2528,0.0449,0.1381,Lying
S014C002P025R001A008,NTU,sit_down,low_risk,13.3937,9.6741,0.1894,0.0279,4.4248,0.1981,0.0867,0.0719,Sitting
S014C002P025R001A009,NTU,stand_up,low_risk,14.8135,4.0208,0.1202,0.0253,4.3288,0.1358,0.0883,0.0984,Standing
S014C002P025R001A042,NTU,staggering,moderate_risk,14.6877,7.6806,0.3027,0.036,5.9552,0.0889,0.1727,0.1423,Walking
S014C002P025R001A043,NTU,falling_down,high_risk,12.5943,12.5446,0.3595,0.0139,5.1513,0.2892,0.0713,0.2146,Lying
S014C002P025R002A008,NTU,sit_down,low_risk,7.8814,12.0816,0.2328,0.0185,4.4698,0.2137,0.1077,0.1912,Sitting
S014C002P025R002A009,NTU,stand_up,low_risk,3.6034,5.1743,0.1456,0.0072,4.1453,0.1481,0.0504,0.1265,Standing
S014C002P025R002A042,NTU,staggering,moderate_risk,9.0728,9.3844,0.2552,0.0157,5.2053,0.1158,0.0962,0.1631,Walking
S014C002P025R002A043,NTU,falling_down,high_risk,28.2807,28.272,0.2917,0.0125,4.6458,0.2478,0.0633,0.3002,Lying
S014C002P027R001A008,NTU,sit_down,low_risk,12.3679,9.4981,0.1933,0.0161,4.0013,0.1752,0.0434,0.0595,Sitting
S014C002P027R001A009,NTU,stand_up,low_risk,13.505,7.0833,0.1362,0.0145,3.6358,0.1861,0.0497,0.0576,Standing
S014C002P027R001A042,NTU,staggering,moderate_risk,14.4709,10.6092,0.2111,0.0213,4.8679,0.0856,0.082,0.0781,Walking
S014C002P027R001A043,NTU,falling_down,high_risk,23.5375,17.833,0.2363,0.0155,4.8006,0.2156,0.06,0.1434,Lying
S014C002P027R002A008,NTU,sit_down,low_risk,5.5918,10.0144,0.254,0.0143,4.8601,0.2007,0.0853,0.2441,Sitting
S014C002P027R002A009,NTU,stand_up,low_risk,2.8819,4.3865,0.1579,0.0061,4.567,0.1912,0.0376,0.1473,Standing
S014C002P027R002A042,NTU,staggering,moderate_risk,4.4226,3.6886,0.245,0.0158,5.2769,0.1047,0.0611,0.0925,Walking
S014C002P027R002A043,NTU,falling_down,high_risk,14.4029,12.4853,0.1932,0.0119,4.6333,0.2338,0.0474,0.1354,Lying
S014C002P037R001A008,NTU,sit_down,low_risk,23.3005,16.8296,0.2217,0.0249,4.156,0.2415,0.0826,0.1405,Sitting
S014C002P037R001A009,NTU,stand_up,low_risk,25.6222,18.4999,0.2213,0.0265,3.9451,0.2272,0.0849,0.1234,Standing
S014C002P037R001A042,NTU,staggering,moderate_risk,14.4974,7.0751,0.2363,0.0222,5.477,0.0363,0.1116,0.0631,Walking
S014C002P037R001A043,NTU,falling_down,high_risk,24.6058,14.4851,0.2269,0.0199,4.6055,0.2575,0.0724,0.0911,Lying
S014C002P037R002A008,NTU,sit_down,low_risk,5.457,8.6997,0.1931,0.011,4.5274,0.2045,0.0844,0.2352,Sitting
S014C002P037R002A009,NTU,stand_up,low_risk,11.4437,13.6295,0.1297,0.0172,4.4669,0.1925,0.1129,0.1729,Standing
S014C002P037R002A042,NTU,staggering,moderate_risk,3.5133,3.3794,0.244,0.0189,5.9179,0.0434,0.0718,0.0118,Walking
S014C002P037R002A043,NTU,falling_down,high_risk,14.28,12.6337,0.2827,0.015,5.0146,0.2127,0.0867,0.2647,Lying
S014C002P039R001A008,NTU,sit_down,low_risk,20.0651,8.3227,0.176,0.0132,4.733,0.172,0.0507,0.094,Sitting
S014C002P039R001A009,NTU,stand_up,low_risk,26.2942,12.6641,0.1334,0.0224,3.9072,0.1806,0.0586,0.1075,Standing
S014C002P039R001A042,NTU,staggering,moderate_risk,6.9907,2.2508,0.2655,0.0262,5.3064,0.0415,0.1268,0.0845,Walking
S014C002P039R001A043,NTU,falling_down,high_risk,13.2264,17.1514,0.232,0.0173,4.8854,0.2778,0.0683,0.1492,Lying
S014C002P039R002A008,NTU,sit_down,low_risk,9.1029,10.2328,0.2261,0.0092,5.2926,0.1022,0.0591,0.2087,Sitting
S014C002P039R002A009,NTU,stand_up,low_risk,9.3061,7.6368,0.1707,0.014,5.4782,0.0939,0.0858,0.2238,Standing
S014C002P039R002A042,NTU,staggering,moderate_risk,3.8909,2.9295,0.229,0.0116,5.7314,0.0233,0.0593,0.0219,Walking
S014C002P039R002A043,NTU,falling_down,high_risk,3.2947,4.4112,0.2304,0.0202,4.6379,0.246,0.0643,0.1373,Lying
S014C003P007R001A008,NTU,sit_down,low_risk,4.2684,7.4671,0.1669,0.0111,4.912,0.1681,0.0765,0.176,Sitting
S014C003P007R001A009,NTU,stand_up,low_risk,2.8707,2.9454,0.1618,0.0053,4.9072,0.1109,0.0434,0.1501,Standing
S014C003P007R001A042,NTU,staggering,moderate_risk,7.7817,5.7905,0.2559,0.0095,5.6517,0.05,0.0513,0.0854,Walking
S014C003P007R001A043,NTU,falling_down,high_risk,6.8419,7.5378,0.2264,0.0149,4.9863,0.2435,0.0562,0.0815,Lying
S014C003P007R002A008,NTU,sit_down,low_risk,30.3709,23.7528,0.243,0.0352,4.6421,0.1487,0.1176,0.2242,Sitting
S014C003P007R002A009,NTU,stand_up,low_risk,21.3395,14.824,0.1232,0.0257,4.4892,0.17,0.0788,0.1146,Standing
S014C003P007R002A042,NTU,staggering,moderate_risk,13.9659,6.866,0.2411,0.0107,5.7589,0.0397,0.0592,0.0727,Walking
S014C003P007R002A043,NTU,falling_down,high_risk,13.6249,11.1465,0.2092,0.0223,4.7035,0.2775,0.0862,0.0423,Lying
S014C003P008R001A008,NTU,sit_down,low_risk,9.3193,7.6639,0.1793,0.0223,4.186,0.2536,0.1163,0.196,Sitting
S014C003P008R001A009,NTU,stand_up,low_risk,8.9455,7.0014,0.1664,0.0093,4.4969,0.1413,0.0568,0.1566,Standing
S014C003P008R001A042,NTU,staggering,moderate_risk,26.1138,28.5048,0.2293,0.022,4.9685,0.127,0.1012,0.2941,Walking
S014C003P008R001A043,NTU,falling_down,high_risk,24.95,22.8744,0.1991,0.0174,4.5824,0.2059,0.0509,0.2268,Lying
S014C003P008R002A008,NTU,sit_down,low_risk,55.5414,28.4168,0.3261,0.0148,4.5593,0.1896,0.0715,0.2983,Sitting
S014C003P008R002A009,NTU,stand_up,low_risk,54.4148,27.0114,0.2291,0.0232,3.5754,0.1956,0.0952,0.2383,Standing
S014C003P008R002A042,NTU,staggering,moderate_risk,32.5956,27.2189,0.2429,0.0426,4.9899,0.1621,0.1756,0.3238,Walking
S014C003P008R002A043,NTU,falling_down,high_risk,39.8391,35.222,0.2618,0.0209,4.8546,0.0787,0.0612,0.4267,Lying
S014C003P015R001A008,NTU,sit_down,low_risk,3.9561,3.4068,0.2104,0.0145,4.5212,0.1401,0.0452,0.0991,Sitting
S014C003P015R001A009,NTU,stand_up,low_risk,2.9267,2.7484,0.1715,0.0097,4.3642,0.1158,0.0357,0.0948,Standing
S014C003P015R001A042,NTU,staggering,moderate_risk,2.9116,1.3435,0.2154,0.0109,4.7057,0.0265,0.0331,0.0161,Walking
S014C003P015R001A043,NTU,falling_down,high_risk,5.6263,4.6179,0.1938,0.009,4.3435,0.1721,0.0287,0.0692,Lying
S014C003P015R002A008,NTU,sit_down,low_risk,14.5373,9.598,0.1607,0.0206,4.3432,0.1265,0.0687,0.0836,Sitting
S014C003P015R002A009,NTU,stand_up,low_risk,13.8583,10.727,0.1532,0.0145,4.0802,0.1305,0.0514,0.0895,Standing
S014C003P015R002A042,NTU,staggering,moderate_risk,5.0308,2.1615,0.2456,0.0199,5.7287,0.0387,0.0944,0.0339,Walking
S014C003P015R002A043,NTU,falling_down,high_risk,11.5007,9.1445,0.2164,0.0132,4.7399,0.227,0.0468,0.0549,Lying
S014C003P017R001A008,NTU,sit_down,low_risk,19.3784,21.7268,0.3357,0.0426,4.4565,0.1327,0.0795,0.2881,Sitting
S014C003P017R001A009,NTU,stand_up,low_risk,5.1609,4.6024,0.0958,0.0222,4.4187,0.1107,0.0623,0.1632,Standing
S014C003P017R001A042,NTU,staggering,moderate_risk,2.9332,1.9827,0.1557,0.0614,4.7291,0.1278,0.1275,0.0255,Walking
S014C003P017R001A043,NTU,falling_down,high_risk,17.4248,19.5158,0.218,0.0206,3.8595,0.1496,0.0571,0.197,Lying
S014C003P017R002A008,NTU,sit_down,low_risk,11.0254,9.8505,0.2329,0.0227,5.4201,0.2907,0.0933,0.2377,Sitting
S014C003P017R002A009,NTU,stand_up,low_risk,12.6237,6.6945,0.1334,0.0222,4.4252,0.0815,0.096,0.0708,Standing
S014C003P017R002A042,NTU,staggering,moderate_risk,4.1203,3.4917,0.2501,0.0735,5.4034,0.0605,0.2041,0.078,Walking
S014C003P017R002A043,NTU,falling_down,high_risk,15.8659,16.9996,0.2103,0.034,4.606,0.3687,0.1215,0.2972,Lying
S014C003P019R001A008,NTU,sit_down,low_risk,2.2898,1.5118,0.3023,0.006,4.6864,0.1509,0.0369,0.2274,Sitting
S014C003P019R001A009,NTU,stand_up,low_risk,3.1299,2.3233,0.1262,0.0064,4.0315,0.146,0.0324,0.1337,Standing
S014C003P019R001A042,NTU,staggering,moderate_risk,4.8339,2.2352,0.2343,0.0132,5.511,0.0192,0.0545,0.0427,Walking
S014C003P019R001A043,NTU,falling_down,high_risk,3.6971,5.7979,0.2222,0.0105,4.8168,0.2095,0.0485,0.2179,Lying
S014C003P019R002A008,NTU,sit_down,low_risk,28.0142,24.6321,0.2214,0.0257,4.4806,0.2321,0.0803,0.2,Sitting
S014C003P019R002A009,NTU,stand_up,low_risk,19.3847,12.492,0.1466,0.0133,4.1126,0.1622,0.0514,0.0644,Standing
S014C003P019R002A042,NTU,staggering,moderate_risk,6.8597,4.8328,0.2528,0.027,7.3385,0.0513,0.0949,0.0619,Walking
S014C003P019R002A043,NTU,falling_down,high_risk,6.0615,5.8697,0.2325,0.0132,6.0384,0.2354,0.0575,0.0421,Lying
S014C003P025R001A008,NTU,sit_down,low_risk,3.2434,3.3199,0.1814,0.0101,5.1248,0.1736,0.0632,0.1913,Sitting
S014C003P025R001A009,NTU,stand_up,low_risk,2.5966,1.4802,0.1642,0.0089,5.1074,0.1329,0.0461,0.0952,Standing
S014C003P025R001A042,NTU,staggering,moderate_risk,23.8169,3.4543,0.2497,0.0317,4.1877,0.044,0.1251,0.0374,Walking
S014C003P025R001A043,NTU,falling_down,high_risk,25.4862,4.1767,0.2727,0.0189,4.0609,0.03,0.0608,0.024,Lying
S014C003P025R002A008,NTU,sit_down,low_risk,51.3856,3.3583,0.1774,0.0521,3.3431,0.092,0.0864,0.038,Sitting
S014C003P025R002A009,NTU,stand_up,low_risk,50.974,2.6727,0.1525,0.0364,3.6584,0.0543,0.0632,0.0213,Standing
S014C003P025R002A042,NTU,staggering,moderate_risk,30.0933,12.1115,0.2792,0.0227,7.9248,0.1083,0.1198,0.1549,Walking
S014C003P025R002A043,NTU,falling_down,high_risk,41.4398,35.8412,0.3468,0.0176,7.195,0.3372,0.084,0.3866,Lying
S014C003P027R001A008,NTU,sit_down,low_risk,4.0136,3.2912,0.1934,0.0049,4.5504,0.1754,0.045,0.1695,Sitting
S014C003P027R001A009,NTU,stand_up,low_risk,2.6793,1.7994,0.1281,0.0047,4.1907,0.1687,0.0322,0.0943,Standing
S014C003P027R001A042,NTU,staggering,moderate_risk,8.419,6.4043,0.2445,0.0134,5.1916,0.0579,0.0469,0.0903,Walking
S014C003P027R001A043,NTU,falling_down,high_risk,17.9894,21.3469,0.2942,0.0134,4.5707,0.192,0.0646,0.2841,Lying
S014C003P027R002A008,NTU,sit_down,low_risk,23.0347,18.264,0.1805,0.0105,4.7458,0.2189,0.0526,0.1673,Sitting
S014C003P027R002A009,NTU,stand_up,low_risk,13.9033,14.3352,0.1363,0.0182,4.3791,0.1746,0.0724,0.1259,Standing
S014C003P027R002A042,NTU,staggering,moderate_risk,14.2571,8.1907,0.2316,0.0155,4.9116,0.0702,0.0574,0.0401,Walking
S014C003P027R002A043,NTU,falling_down,high_risk,14.7129,6.6161,0.2053,0.0133,4.2929,0.283,0.0464,0.0295,Lying
S014C003P037R001A008,NTU,sit_down,low_risk,13.4966,20.2532,0.1832,0.018,4.3689,0.27,0.1203,0.252,Sitting
S014C003P037R001A009,NTU,stand_up,low_risk,10.6551,13.8177,0.153,0.0128,4.4101,0.1914,0.085,0.1199,Standing
S014C003P037R001A042,NTU,staggering,moderate_risk,4.1207,3.5854,0.233,0.0206,5.577,0.0428,0.0759,0.0426,Walking
S014C003P037R001A043,NTU,falling_down,high_risk,26.0483,31.042,0.3015,0.0281,4.4086,0.3628,0.1162,0.3932,Lying
S014C003P037R002A008,NTU,sit_down,low_risk,30.1006,18.6871,0.2779,0.0292,4.2762,0.2635,0.0949,0.251,Sitting
S014C003P037R002A009,NTU,stand_up,low_risk,23.647,14.4964,0.2325,0.0279,3.433,0.2741,0.0727,0.1003,Standing
S014C003P037R002A042,NTU,staggering,moderate_risk,9.1127,6.6472,0.2379,0.0189,5.8213,0.0253,0.1005,0.0511,Walking
S014C003P037R002A043,NTU,falling_down,high_risk,27.3784,20.0384,0.2036,0.0177,4.7727,0.2654,0.0658,0.1147,Lying
S014C003P039R001A008,NTU,sit_down,low_risk,3.4846,2.4541,0.2336,0.0136,4.4739,0.1264,0.0415,0.1191,Sitting
S014C003P039R001A009,NTU,stand_up,low_risk,6.3769,3.5884,0.1716,0.0066,3.9505,0.1394,0.0363,0.1023,Standing
S014C003P039R001A042,NTU,staggering,moderate_risk,3.9539,2.5372,0.2704,0.0268,5.4794,0.0288,0.0841,0.0334,Walking
S014C003P039R001A043,NTU,falling_down,high_risk,17.6034,15.7772,0.2811,0.0141,4.6326,0.2367,0.0554,0.198,Lying
S014C003P039R002A008,NTU,sit_down,low_risk,14.6472,11.0336,0.2011,0.012,4.9922,0.1129,0.0484,0.0867,Sitting
S014C003P039R002A009,NTU,stand_up,low_risk,21.3558,10.4357,0.1319,0.0142,4.899,0.0873,0.0581,0.0597,Standing
S014C003P039R002A042,NTU,staggering,moderate_risk,5.4125,3.3925,0.2413,0.0142,5.4617,0.0224,0.0843,0.0863,Walking
S014C003P039R002A043,NTU,falling_down,high_risk,9.6519,8.1389,0.2191,0.0171,4.5682,0.2657,0.0928,0.0865,Lying
S015C001P007R001A008,NTU,sit_down,low_risk,5.6869,4.9435,0.1706,0.0151,4.8517,0.0841,0.0582,0.0292,Sitting
S015C001P007R001A009,NTU,stand_up,low_risk,8.2965,5.5661,0.1137,0.009,4.7686,0.1606,0.0448,0.0776,Standing
S015C001P007R001A042,NTU,staggering,moderate_risk,7.0279,5.5268,0.2363,0.0149,5.6399,0.0516,0.0815,0.0682,Walking
S015C001P007R001A043,NTU,falling_down,high_risk,11.2106,17.1828,0.2918,0.0145,5.2508,0.1843,0.087,0.2613,Lying
S015C001P007R002A008,NTU,sit_down,low_risk,12.6401,10.3427,0.1746,0.0224,4.4361,0.1715,0.0988,0.1576,Sitting
S015C001P007R002A009,NTU,stand_up,low_risk,7.8336,5.285,0.0806,0.009,4.3635,0.1508,0.0461,0.0837,Standing
S015C001P007R002A042,NTU,staggering,moderate_risk,8.2354,5.0272,0.2365,0.0238,5.215,0.0824,0.1324,0.1202,Walking
S015C001P007R002A043,NTU,falling_down,high_risk,8.4243,13.9344,0.192,0.0167,5.3524,0.1788,0.0604,0.1749,Lying
S015C001P008R001A008,NTU,sit_down,low_risk,7.82,7.9679,0.1676,0.0214,4.3157,0.2074,0.0792,0.0722,Sitting
S015C001P008R001A009,NTU,stand_up,low_risk,9.9607,5.5139,0.1988,0.0207,3.542,0.1172,0.0942,0.0581,Standing
S015C001P008R001A042,NTU,staggering,moderate_risk,24.9666,19.323,0.2409,0.022,5.2297,0.126,0.118,0.1605,Walking
S015C001P008R001A043,NTU,falling_down,high_risk,30.0852,32.7116,0.2974,0.0276,5.8619,0.1617,0.1165,0.5115,Lying
S015C001P008R002A008,NTU,sit_down,low_risk,46.9229,31.2457,0.138,0.0336,3.6957,0.1492,0.1106,0.3266,Sitting
S015C001P008R002A009,NTU,stand_up,low_risk,37.2027,31.7597,0.1088,0.0181,3.0804,0.0953,0.073,0.3296,Standing
S015C001P008R002A042,NTU,staggering,moderate_risk,5.1562,3.9554,0.1943,0.021,5.0529,0.077,0.0958,0.0634,Walking
S015C001P008R002A043,NTU,falling_down,high_risk,25.4813,20.6793,0.1544,0.0089,4.4805,0.2122,0.0396,0.1339,Lying
S015C001P015R001A008,NTU,sit_down,low_risk,8.7638,6.5754,0.1453,0.0327,4.0974,0.1233,0.0858,0.0714,Sitting
S015C001P015R001A009,NTU,stand_up,low_risk,14.7477,9.5603,0.0976,0.0245,3.9202,0.1108,0.0755,0.0751,Standing
S015C001P015R001A042,NTU,staggering,moderate_risk,6.3665,3.6144,0.2562,0.0527,5.6081,0.1157,0.1228,0.0331,Walking
S015C001P015R001A043,NTU,falling_down,high_risk,14.1982,9.7676,0.2316,0.0315,4.6585,0.1582,0.08,0.0419,Lying
S015C001P015R002A008,NTU,sit_down,low_risk,2.5007,1.8737,0.3277,0.0248,4.8851,0.1095,0.0601,0.0249,Sitting
S015C001P015R002A009,NTU,stand_up,low_risk,10.2274,4.3072,0.2114,0.0277,5.0062,0.0822,0.0737,0.0624,Standing
S015C001P015R002A042,NTU,staggering,moderate_risk,65.699,11.9281,0.2644,0.109,3.9114,0.1807,0.1045,0.2511,Walking
S015C001P015R002A043,NTU,falling_down,high_risk,63.0935,3.0533,0.2203,0.0291,3.763,0.0878,0.0442,0.0208,Lying
S015C001P016R001A008,NTU,sit_down,low_risk,7.5905,7.1804,0.2028,0.0097,5.118,0.1188,0.0477,0.0547,Sitting
S015C001P016R001A009,NTU,stand_up,low_risk,7.2367,5.5191,0.115,0.0086,4.5491,0.1233,0.0372,0.0791,Standing
S015C001P016R001A042,NTU,staggering,moderate_risk,3.0861,2.2659,0.237,0.0214,5.9635,0.0375,0.1109,0.0333,Walking
S015C001P016R001A043,NTU,falling_down,high_risk,7.7358,7.1283,0.2409,0.0121,5.1991,0.2355,0.0541,0.1707,Lying
S015C001P016R002A008,NTU,sit_down,low_risk,7.2888,6.0705,0.2316,0.0127,5.0535,0.1379,0.0538,0.073,Sitting
S015C001P016R002A009,NTU,stand_up,low_risk,6.8018,6.1541,0.0992,0.0101,4.377,0.1317,0.0451,0.0988,Standing
S015C001P016R002A042,NTU,staggering,moderate_risk,4.9571,3.7166,0.2157,0.0282,5.5193,0.0573,0.103,0.0509,Walking
S015C001P016R002A043,NTU,falling_down,high_risk,6.3807,5.4069,0.1859,0.0127,4.6241,0.2004,0.0391,0.0405,Lying
S015C001P017R001A008,NTU,sit_down,low_risk,4.7461,5.3295,0.2468,0.0076,5.483,0.1036,0.0454,0.1105,Sitting
S015C001P017R001A009,NTU,stand_up,low_risk,5.9641,6.7562,0.1567,0.0077,5.2587,0.1242,0.0401,0.0565,Standing
S015C001P017R001A042,NTU,staggering,moderate_risk,2.8658,2.3229,0.2387,0.0192,5.6527,0.0219,0.0878,0.0299,Walking
S015C001P017R001A043,NTU,falling_down,high_risk,15.3215,12.132,0.2033,0.0123,5.012,0.1488,0.0473,0.043,Lying
S015C001P017R002A008,NTU,sit_down,low_risk,7.9728,7.5525,0.1703,0.0102,4.8622,0.1133,0.0492,0.1257,Sitting
S015C001P017R002A009,NTU,stand_up,low_risk,5.2622,4.0946,0.1615,0.0079,5.0961,0.117,0.0425,0.0688,Standing
S015C001P017R002A042,NTU,staggering,moderate_risk,2.9134,1.9219,0.2617,0.0206,6.157,0.0383,0.0927,0.0272,Walking
S015C001P017R002A043,NTU,falling_down,high_risk,7.4906,7.0063,0.225,0.0107,4.9497,0.2239,0.0525,0.1837,Lying
S015C001P019R001A008,NTU,sit_down,low_risk,9.0071,7.3813,0.1908,0.0147,4.5213,0.1551,0.0645,0.0951,Sitting
S015C001P019R001A009,NTU,stand_up,low_risk,6.1057,7.4256,0.1447,0.0102,4.3509,0.1995,0.0493,0.0592,Standing
S015C001P019R001A042,NTU,staggering,moderate_risk,3.9233,2.007,0.2414,0.0135,5.7844,0.0285,0.0678,0.0206,Walking
S015C001P019R001A043,NTU,falling_down,high_risk,8.1957,7.1952,0.194,0.0201,4.7654,0.2964,0.0725,0.1831,Lying
S015C001P019R002A008,NTU,sit_down,low_risk,16.4339,9.6398,0.1873,0.0121,5.0862,0.1578,0.0664,0.1459,Sitting
S015C001P019R002A009,NTU,stand_up,low_risk,8.532,6.6391,0.1384,0.0071,4.8706,0.1847,0.0479,0.0827,Standing
S015C001P019R002A042,NTU,staggering,moderate_risk,3.5398,2.6463,0.2411,0.0172,6.1389,0.0188,0.077,0.0265,Walking
S015C001P019R002A043,NTU,falling_down,high_risk,8.8382,7.1411,0.2103,0.0191,4.4863,0.3448,0.0702,0.1929,Lying
S015C001P025R001A008,NTU,sit_down,low_risk,63.0266,12.4376,0.1064,0.0324,4.4452,0.0915,0.0992,0.1831,Sitting
S015C001P025R001A009,NTU,stand_up,low_risk,17.8799,13.9727,0.0819,0.0156,4.6259,0.117,0.0675,0.1022,Standing
S015C001P025R001A042,NTU,staggering,moderate_risk,11.1761,11.2922,0.2437,0.0309,5.7593,0.114,0.167,0.1923,Walking
S015C001P025R001A043,NTU,falling_down,high_risk,30.0853,27.5939,0.2997,0.0133,4.9421,0.1861,0.057,0.2243,Lying
S015C001P025R002A008,NTU,sit_down,low_risk,43.8929,28.3938,0.4185,0.0519,4.6331,0.1022,0.1906,0.3352,Sitting
S015C001P025R002A009,NTU,stand_up,low_risk,14.7796,14.9186,0.1484,0.0148,4.6293,0.198,0.0661,0.0885,Standing
S015C001P025R002A042,NTU,staggering,moderate_risk,25.1744,29.5771,0.31,0.0279,5.4942,0.1577,0.1228,0.2762,Walking
S015C001P025R002A043,NTU,falling_down,high_risk,31.4945,26.4036,0.3142,0.016,5.1421,0.2272,0.0572,0.2061,Lying
S015C001P037R001A008,NTU,sit_down,low_risk,13.2907,14.1239,0.1779,0.0227,4.7455,0.2036,0.1292,0.1739,Sitting
S015C001P037R001A009,NTU,stand_up,low_risk,11.7706,13.6738,0.1185,0.0125,4.5459,0.2023,0.089,0.1462,Standing
S015C001P037R001A042,NTU,staggering,moderate_risk,4.0968,2.3194,0.2416,0.0188,5.7041,0.037,0.0832,0.0228,Walking
S015C001P037R001A043,NTU,falling_down,high_risk,9.6729,10.4855,0.2237,0.0188,5.1961,0.1598,0.1005,0.1809,Lying
S015C001P037R002A008,NTU,sit_down,low_risk,12.4913,10.6321,0.1849,0.0293,4.543,0.2078,0.1332,0.1239,Sitting
S015C001P037R002A009,NTU,stand_up,low_risk,18.5845,20.5019,0.1133,0.0204,4.2859,0.2096,0.1107,0.2544,Standing
S015C001P037R002A042,NTU,staggering,moderate_risk,5.7745,4.3486,0.2399,0.0214,5.2755,0.0864,0.0905,0.0337,Walking
S015C001P037R002A043,NTU,falling_down,high_risk,12.462,12.9314,0.2065,0.0167,4.552,0.2947,0.0695,0.2148,Lying
S015C002P007R001A008,NTU,sit_down,low_risk,6.9041,6.7512,0.1979,0.0171,4.7918,0.1074,0.0634,0.0629,Sitting
S015C002P007R001A009,NTU,stand_up,low_risk,13.5664,7.1606,0.1448,0.0152,4.4894,0.1675,0.0635,0.0685,Standing
S015C002P007R001A042,NTU,staggering,moderate_risk,11.6286,6.6012,0.2488,0.0232,5.2531,0.0502,0.1056,0.0466,Walking
S015C002P007R001A043,NTU,falling_down,high_risk,28.0887,28.0279,0.297,0.0163,5.082,0.2018,0.0692,0.192,Lying
S015C002P007R002A008,NTU,sit_down,low_risk,24.23,28.4422,0.2337,0.0358,4.939,0.207,0.201,0.432,Sitting
S015C002P007R002A009,NTU,stand_up,low_risk,3.1737,2.8939,0.1401,0.0066,4.7578,0.1563,0.0395,0.1049,Standing
S015C002P007R002A042,NTU,staggering,moderate_risk,9.3432,9.0509,0.2728,0.0421,5.0281,0.1238,0.1694,0.1305,Walking
S015C002P007R002A043,NTU,falling_down,high_risk,4.4197,5.9269,0.253,0.0155,5.196,0.2773,0.0551,0.1539,Lying
S015C002P008R001A008,NTU,sit_down,low_risk,15.5496,14.1526,0.1836,0.0166,4.9204,0.1816,0.0618,0.0879,Sitting
S015C002P008R001A009,NTU,stand_up,low_risk,14.2802,10.6855,0.1506,0.0268,4.3083,0.1544,0.1035,0.0675,Standing
S015C002P008R001A042,NTU,staggering,moderate_risk,18.3399,16.3572,0.2544,0.0301,5.0396,0.101,0.187,0.1756,Walking
S015C002P008R001A043,NTU,falling_down,high_risk,35.4635,35.0174,0.2739,0.0229,5.1665,0.2809,0.1031,0.513,Lying
S015C002P008R002A008,NTU,sit_down,low_risk,4.9176,9.407,0.1641,0.0193,4.3875,0.2229,0.0992,0.2494,Sitting
S015C002P008R002A009,NTU,stand_up,low_risk,8.5662,10.3779,0.0983,0.0113,4.2164,0.1548,0.0738,0.1891,Standing
S015C002P008R002A042,NTU,staggering,moderate_risk,8.8871,9.3957,0.2224,0.0288,4.9324,0.0779,0.1136,0.0551,Walking
S015C002P008R002A043,NTU,falling_down,high_risk,30.1819,23.0913,0.2038,0.013,4.2844,0.2392,0.042,0.1981,Lying
S015C002P015R001A008,NTU,sit_down,low_risk,8.7012,6.2549,0.1671,0.0352,3.2241,0.1344,0.0853,0.0285,Sitting
S015C002P015R001A009,NTU,stand_up,low_risk,17.0483,12.8615,0.171,0.0172,3.4068,0.1437,0.0576,0.053,Standing
S015C002P015R001A042,NTU,staggering,moderate_risk,6.7094,3.5862,0.2523,0.0299,5.3655,0.039,0.0885,0.0376,Walking
S015C002P015R001A043,NTU,falling_down,high_risk,19.0436,13.3894,0.1919,0.026,4.7152,0.1817,0.0701,0.0843,Lying
S015C002P015R002A008,NTU,sit_down,low_risk,2.8915,2.0646,0.207,0.0439,3.6213,0.1427,0.058,0.0629,Sitting
S015C002P015R002A009,NTU,stand_up,low_risk,1.8964,1.32,0.1057,0.0366,3.4857,0.1631,0.0669,0.0864,Standing
S015C002P015R002A042,NTU,staggering,moderate_risk,2.4509,2.1096,0.0896,0.048,4.3627,0.0942,0.1338,0.0714,Walking
S015C002P015R002A043,NTU,falling_down,high_risk,4.7077,5.0858,0.2888,0.0113,4.9543,0.1289,0.0851,0.195,Lying
S015C002P016R001A008,NTU,sit_down,low_risk,11.3613,8.0164,0.1764,0.0217,4.6392,0.1504,0.0659,0.0891,Sitting
S015C002P016R001A009,NTU,stand_up,low_risk,13.2805,7.7456,0.1067,0.0108,3.8826,0.132,0.0387,0.0682,Standing
S015C002P016R001A042,NTU,staggering,moderate_risk,9.47,2.991,0.2587,0.0415,6.046,0.0918,0.1734,0.0586,Walking
S015C002P016R001A043,NTU,falling_down,high_risk,6.2284,8.2869,0.228,0.0152,4.8697,0.205,0.0591,0.0675,Lying
S015C002P016R002A008,NTU,sit_down,low_risk,2.6183,2.3405,0.2247,0.0092,4.6089,0.1298,0.0473,0.0643,Sitting
S015C002P016R002A009,NTU,stand_up,low_risk,5.3053,5.4523,0.1238,0.0078,4.2686,0.1303,0.0514,0.121,Standing
S015C002P016R002A042,NTU,staggering,moderate_risk,3.3065,2.6185,0.2122,0.0195,5.0673,0.0402,0.0671,0.0165,Walking
S015C002P016R002A043,NTU,falling_down,high_risk,2.8,2.051,0.1755,0.0076,4.4862,0.1562,0.0263,0.0251,Lying
S015C002P017R001A008,NTU,sit_down,low_risk,9.2758,7.8681,0.2351,0.0138,5.4024,0.1124,0.0626,0.127,Sitting
S015C002P017R001A009,NTU,stand_up,low_risk,5.768,4.4289,0.1701,0.0102,4.9305,0.1195,0.0589,0.1045,Standing
S015C002P017R001A042,NTU,staggering,moderate_risk,4.0583,2.9224,0.2333,0.0233,5.3676,0.0236,0.1188,0.049,Walking
S015C002P017R001A043,NTU,falling_down,high_risk,7.9188,8.6521,0.2162,0.0157,5.1431,0.27,0.0809,0.0713,Lying
S015C002P017R002A008,NTU,sit_down,low_risk,3.6875,2.2413,0.2205,0.0117,4.7209,0.1296,0.0546,0.0964,Sitting
S015C002P017R002A009,NTU,stand_up,low_risk,6.0976,4.4943,0.1723,0.011,4.5501,0.1233,0.0427,0.0926,Standing
S015C002P017R002A042,NTU,staggering,moderate_risk,3.9576,3.1483,0.2164,0.0131,5.5341,0.0269,0.0564,0.0115,Walking
S015C002P017R002A043,NTU,falling_down,high_risk,11.4285,13.025,0.1894,0.0135,4.7567,0.2217,0.044,0.1035,Lying
S015C002P019R001A008,NTU,sit_down,low_risk,22.6556,10.7123,0.1983,0.0167,4.2974,0.1629,0.0612,0.0479,Sitting
S015C002P019R001A009,NTU,stand_up,low_risk,11.8994,7.6577,0.1481,0.0251,4.1947,0.2317,0.0786,0.057,Standing
S015C002P019R001A042,NTU,staggering,moderate_risk,11.3513,4.8431,0.2596,0.0242,6.7986,0.0402,0.1202,0.0558,Walking
S015C002P019R001A043,NTU,falling_down,high_risk,13.8206,7.2955,0.2554,0.0171,5.3761,0.3168,0.08,0.0876,Lying
S015C002P019R002A008,NTU,sit_down,low_risk,4.9347,6.3019,0.1801,0.0174,4.5584,0.1645,0.0865,0.1078,Sitting
S015C002P019R002A009,NTU,stand_up,low_risk,1.1123,2.2268,0.1433,0.0074,4.652,0.1783,0.043,0.1191,Standing
S015C002P019R002A042,NTU,staggering,moderate_risk,2.573,1.9859,0.2351,0.0132,5.5744,0.0199,0.0559,0.0224,Walking
S015C002P019R002A043,NTU,falling_down,high_risk,9.389,9.2257,0.1919,0.0163,4.647,0.2349,0.0652,0.1881,Lying
S015C002P025R001A008,NTU,sit_down,low_risk,48.2356,24.8367,0.3332,0.0994,3.4792,0.0615,0.2541,0.3624,Sitting
S015C002P025R001A009,NTU,stand_up,low_risk,15.2771,8.1318,0.2311,0.0397,3.4602,0.131,0.1195,0.1022,Standing
S015C002P025R001A042,NTU,staggering,moderate_risk,23.3054,15.0628,0.2791,0.0349,5.7567,0.1421,0.1614,0.1286,Walking
S015C002P025R001A043,NTU,falling_down,high_risk,23.6903,16.8046,0.2613,0.0148,5.5584,0.2115,0.0772,0.1348,Lying
S015C002P025R002A008,NTU,sit_down,low_risk,4.2872,7.0518,0.1551,0.0134,4.4575,0.1795,0.0822,0.1204,Sitting
S015C002P025R002A009,NTU,stand_up,low_risk,1.9297,1.42,0.115,0.0062,4.2338,0.1739,0.038,0.0868,Standing
S015C002P025R002A042,NTU,staggering,moderate_risk,7.4375,6.3194,0.2583,0.0316,5.0602,0.1195,0.1444,0.179,Walking
S015C002P025R002A043,NTU,falling_down,high_risk,31.2967,26.3855,0.2861,0.0229,5.1284,0.1777,0.084,0.2759,Lying
S015C002P037R001A008,NTU,sit_down,low_risk,23.9986,16.8695,0.2094,0.022,4.4624,0.2182,0.0789,0.1136,Sitting
S015C002P037R001A009,NTU,stand_up,low_risk,41.7427,28.0016,0.1123,0.0288,4.2172,0.1135,0.112,0.4431,Standing
S015C002P037R001A042,NTU,staggering,moderate_risk,11.5149,4.7751,0.2941,0.0258,6.276,0.061,0.1076,0.0454,Walking
S015C002P037R001A043,NTU,falling_down,high_risk,29.5449,23.4734,0.2933,0.016,5.4838,0.2606,0.0713,0.2667,Lying
S015C002P037R002A008,NTU,sit_down,low_risk,15.3966,15.7461,0.1646,0.0332,4.4882,0.221,0.1625,0.1903,Sitting
S015C002P037R002A009,NTU,stand_up,low_risk,8.8541,8.7307,0.125,0.0254,4.2289,0.2156,0.1221,0.1001,Standing
S015C002P037R002A042,NTU,staggering,moderate_risk,3.9769,2.1876,0.2259,0.0191,5.3212,0.0658,0.0783,0.0199,Walking
S015C002P037R002A043,NTU,falling_down,high_risk,9.0853,11.0057,0.2369,0.0126,4.3396,0.33,0.0549,0.2065,Lying
S015C003P007R001A008,NTU,sit_down,low_risk,2.1953,1.4134,0.198,0.0099,4.9895,0.0804,0.0472,0.0543,Sitting
S015C003P007R001A009,NTU,stand_up,low_risk,1.2611,0.7194,0.1323,0.0052,4.6669,0.14,0.0332,0.0927,Standing
S015C003P007R001A042,NTU,staggering,moderate_risk,3.3278,2.4966,0.2335,0.0095,5.4869,0.0543,0.063,0.1372,Walking
S015C003P007R001A043,NTU,falling_down,high_risk,19.2365,16.2869,0.2391,0.0117,4.7959,0.2751,0.0584,0.2405,Lying
S015C003P007R002A008,NTU,sit_down,low_risk,30.815,23.963,0.2256,0.0285,4.5043,0.1544,0.0786,0.1881,Sitting
S015C003P007R002A009,NTU,stand_up,low_risk,20.437,14.6142,0.1477,0.0299,3.8807,0.218,0.0737,0.0501,Standing
S015C003P007R002A042,NTU,staggering,moderate_risk,22.5409,19.8979,0.2446,0.0301,5.2347,0.0979,0.1332,0.1562,Walking
S015C003P007R002A043,NTU,falling_down,high_risk,15.4268,23.1569,0.2563,0.0133,5.3167,0.1597,0.0552,0.2295,Lying
S015C003P008R001A008,NTU,sit_down,low_risk,5.8261,8.2765,0.1571,0.0116,4.515,0.1611,0.0627,0.2122,Sitting
S015C003P008R001A009,NTU,stand_up,low_risk,7.8846,6.2508,0.1334,0.014,4.3054,0.161,0.0753,0.0686,Standing
S015C003P008R001A042,NTU,staggering,moderate_risk,14.3168,12.0748,0.2014,0.0228,5.2493,0.1087,0.1358,0.2155,Walking
S015C003P008R001A043,NTU,falling_down,high_risk,9.6222,10.7158,0.2234,0.0133,4.8867,0.2283,0.0989,0.2432,Lying
S015C003P008R002A008,NTU,sit_down,low_risk,44.2498,8.8273,0.0985,0.0136,8.0625,0.0214,0.1082,0.1553,Sitting
S015C003P008R002A009,NTU,stand_up,low_risk,45.9802,9.94,0.1172,0.0103,9.3265,0.0332,0.129,0.0915,Standing
S015C003P008R002A042,NTU,staggering,moderate_risk,11.4722,8.5803,0.2653,0.018,5.6708,0.0894,0.1327,0.0676,Walking
S015C003P008R002A043,NTU,falling_down,high_risk,6.0634,3.9336,0.2191,0.0165,4.7748,0.2504,0.0674,0.1126,Lying
S015C003P015R001A008,NTU,sit_down,low_risk,8.4365,6.675,0.2204,0.0222,4.6466,0.107,0.0844,0.1425,Sitting
S015C003P015R001A009,NTU,stand_up,low_risk,7.6048,7.1676,0.1302,0.0368,4.5583,0.0774,0.108,0.0908,Standing
S015C003P015R001A042,NTU,staggering,moderate_risk,3.0415,2.0283,0.1427,0.036,4.6958,0.1296,0.0797,0.0403,Walking
S015C003P015R001A043,NTU,falling_down,high_risk,8.9665,10.1815,0.1557,0.0235,3.4383,0.2087,0.0705,0.1469,Lying
S015C003P015R002A008,NTU,sit_down,low_risk,5.0846,5.1535,0.1448,0.0395,4.8404,0.6883,0.1283,0.5906,Sitting
S015C003P015R002A009,NTU,stand_up,low_risk,15.6357,10.2041,0.1563,0.029,3.8273,0.0618,0.0957,0.1121,Standing
S015C003P015R002A042,NTU,staggering,moderate_risk,13.3929,7.3597,0.0377,0.0315,4.5992,0.1027,0.0947,0.0445,Walking
S015C003P015R002A043,NTU,falling_down,high_risk,35.0089,16.0747,0.2347,0.0265,4.8108,0.1445,0.075,0.1071,Lying
S015C003P016R001A008,NTU,sit_down,low_risk,2.3773,2.6343,0.226,0.0068,4.7327,0.1388,0.034,0.1134,Sitting
S015C003P016R001A009,NTU,stand_up,low_risk,4.2525,1.5725,0.1351,0.006,4.2071,0.1227,0.0277,0.0945,Standing
S015C003P016R001A042,NTU,staggering,moderate_risk,1.1034,0.7959,0.2101,0.0172,5.1702,0.0364,0.0679,0.019,Walking
S015C003P016R001A043,NTU,falling_down,high_risk,4.1095,4.7214,0.1742,0.0123,4.4743,0.1704,0.038,0.049,Lying
S015C003P016R002A008,NTU,sit_down,low_risk,16.907,11.0893,0.2929,0.0181,5.2944,0.2231,0.0639,0.1543,Sitting
S015C003P016R002A009,NTU,stand_up,low_risk,11.0377,7.1496,0.1087,0.0161,4.1008,0.1378,0.0594,0.0597,Standing
S015C003P016R002A042,NTU,staggering,moderate_risk,7.3687,4.0766,0.2476,0.0329,5.8275,0.0745,0.1386,0.0428,Walking
S015C003P016R002A043,NTU,falling_down,high_risk,4.6431,4.4977,0.208,0.0152,4.798,0.2113,0.0512,0.0263,Lying
S015C003P017R001A008,NTU,sit_down,low_risk,4.0583,3.56,0.2186,0.0072,4.7475,0.088,0.0515,0.0895,Sitting
S015C003P017R001A009,NTU,stand_up,low_risk,2.3695,1.5101,0.1346,0.0067,4.1007,0.1879,0.0398,0.0677,Standing
S015C003P017R001A042,NTU,staggering,moderate_risk,4.1557,3.1943,0.2079,0.0158,5.215,0.0253,0.0624,0.0183,Walking
S015C003P017R001A043,NTU,falling_down,high_risk,16.0246,17.1902,0.2143,0.0095,4.3586,0.2402,0.0351,0.0884,Lying
S015C003P017R002A008,NTU,sit_down,low_risk,18.7949,15.9229,0.1714,0.0205,4.9517,0.1432,0.0827,0.1351,Sitting
S015C003P017R002A009,NTU,stand_up,low_risk,10.2403,8.0685,0.1628,0.0142,5.3833,0.1066,0.0642,0.0673,Standing
S015C003P017R002A042,NTU,staggering,moderate_risk,3.0153,2.3428,0.2742,0.0207,5.9941,0.0344,0.1195,0.0373,Walking
S015C003P017R002A043,NTU,falling_down,high_risk,10.9707,9.2182,0.2629,0.0126,5.6371,0.2341,0.0685,0.197,Lying
S015C003P019R001A008,NTU,sit_down,low_risk,67.3131,1.0326,0.0684,0.0544,2.2955,0.0588,0.072,0.0205,Sitting
S015C003P019R001A009,NTU,stand_up,low_risk,69.1219,1.5746,0.6989,0.0325,2.2488,0.0631,0.0402,0.0229,Standing
S015C003P019R001A042,NTU,staggering,moderate_risk,3.2515,2.4377,0.2172,0.0119,5.4592,0.0281,0.0479,0.021,Walking
S015C003P019R001A043,NTU,falling_down,high_risk,7.7905,9.088,0.1769,0.0142,4.2144,0.3429,0.0449,0.1752,Lying
S015C003P019R002A008,NTU,sit_down,low_risk,30.2363,21.1077,0.2431,0.0209,4.875,0.1805,0.0748,0.1548,Sitting
S015C003P019R002A009,NTU,stand_up,low_risk,20.8982,10.5285,0.1346,0.0166,4.548,0.1867,0.0799,0.073,Standing
S015C003P019R002A042,NTU,staggering,moderate_risk,6.4843,3.6084,0.2433,0.0209,5.5083,0.0217,0.0784,0.0384,Walking
S015C003P019R002A043,NTU,falling_down,high_risk,23.2629,17.8574,0.2264,0.013,4.6632,0.2556,0.0542,0.1964,Lying
S015C003P025R001A008,NTU,sit_down,low_risk,8.3042,11.4547,0.1764,0.0227,4.2285,0.2419,0.113,0.138,Sitting
S015C003P025R001A009,NTU,stand_up,low_risk,4.7184,6.491,0.0852,0.0124,4.0966,0.1456,0.061,0.1246,Standing
S015C003P025R001A042,NTU,staggering,moderate_risk,12.042,14.3625,0.2462,0.0354,5.1805,0.1772,0.1904,0.2663,Walking
S015C003P025R001A043,NTU,falling_down,high_risk,20.7194,18.6744,0.3021,0.0145,4.7691,0.2801,0.0652,0.2135,Lying
S015C003P025R002A008,NTU,sit_down,low_risk,66.9337,1.1838,0.0419,0.0672,3.1304,0.0696,0.0507,0.0193,Sitting
S015C003P025R002A009,NTU,stand_up,low_risk,66.8815,2.3059,0.0607,0.0557,3.2682,0.058,0.0575,0.0354,Standing
S015C003P025R002A042,NTU,staggering,moderate_risk,68.1274,3.2715,2.2793,0.3585,2.7124,0.0444,0.0896,0.0507,Walking
S015C003P025R002A043,NTU,falling_down,high_risk,68.8811,2.4484,0.8641,0.0435,2.826,0.021,0.0447,0.0383,Lying
S015C003P037R001A008,NTU,sit_down,low_risk,6.0197,9.9973,0.1962,0.0165,4.4897,0.2494,0.0936,0.2035,Sitting
S015C003P037R001A009,NTU,stand_up,low_risk,8.3011,9.9462,0.1309,0.0138,4.4191,0.2046,0.0921,0.0594,Standing
S015C003P037R001A042,NTU,staggering,moderate_risk,2.8455,2.447,0.2212,0.0154,5.5492,0.0364,0.0616,0.0131,Walking
S015C003P037R001A043,NTU,falling_down,high_risk,11.867,17.044,0.2805,0.0127,5.0905,0.1964,0.0916,0.3242,Lying
S015C003P037R002A008,NTU,sit_down,low_risk,32.8336,30.5763,0.3009,0.0296,3.9158,0.3064,0.0894,0.3055,Sitting
S015C003P037R002A009,NTU,stand_up,low_risk,44.5326,29.9148,0.2676,0.0511,3.4315,0.102,0.1276,0.5329,Standing
S015C003P037R002A042,NTU,staggering,moderate_risk,5.1576,4.6893,0.2466,0.0223,5.6474,0.0835,0.1091,0.0407,Walking
S015C003P037R002A043,NTU,falling_down,high_risk,20.1251,18.1964,0.2266,0.019,4.8872,0.357,0.0834,0.1545,Lying
S016C001P007R001A008,NTU,sit_down,low_risk,4.3121,2.2496,0.1869,0.0135,5.2783,0.1249,0.061,0.0914,Sitting
S016C001P007R001A009,NTU,stand_up,low_risk,9.7199,5.7399,0.0775,0.0109,4.7351,0.136,0.0474,0.0767,Standing
S016C001P007R001A042,NTU,staggering,moderate_risk,35.7585,2.562,0.4959,0.0476,3.0607,0.0486,0.0927,0.0485,Walking
S016C001P007R001A043,NTU,falling_down,high_risk,36.8245,3.5416,0.4833,0.079,3.5587,0.0961,0.0959,0.0458,Lying
S016C001P007R002A008,NTU,sit_down,low_risk,9.7426,6.7996,0.074,0.0383,4.102,0.286,0.1481,0.2679,Sitting
S016C001P007R002A009,NTU,stand_up,low_risk,4.8144,3.619,0.1087,0.0089,4.778,0.1571,0.0414,0.078,Standing
S016C001P007R002A042,NTU,staggering,moderate_risk,17.64,15.3179,0.2412,0.0237,5.3667,0.0938,0.106,0.1683,Walking
S016C001P007R002A043,NTU,falling_down,high_risk,20.0587,14.4217,0.2824,0.0165,5.0399,0.2009,0.0946,0.1666,Lying
S016C001P008R001A008,NTU,sit_down,low_risk,9.4033,12.277,0.2007,0.018,4.8634,0.1926,0.1107,0.3075,Sitting
S016C001P008R001A009,NTU,stand_up,low_risk,11.829,10.1961,0.0878,0.0196,4.2207,0.1651,0.1048,0.1344,Standing
S016C001P008R001A042,NTU,staggering,moderate_risk,10.9763,8.8227,0.2519,0.0268,5.7452,0.0465,0.1375,0.0714,Walking
S016C001P008R001A043,NTU,falling_down,high_risk,10.6014,16.2056,0.3086,0.0209,5.4055,0.217,0.1034,0.2433,Lying
S016C001P008R002A008,NTU,sit_down,low_risk,11.6083,12.0211,0.1737,0.0311,4.6776,0.2008,0.1381,0.1678,Sitting
S016C001P008R002A009,NTU,stand_up,low_risk,27.0852,22.0694,0.1119,0.0235,3.8782,0.0728,0.0858,0.2701,Standing
S016C001P008R002A042,NTU,staggering,moderate_risk,17.0436,13.2892,0.2302,0.0428,4.8618,0.2822,0.159,0.1545,Walking
S016C001P008R002A043,NTU,falling_down,high_risk,10.9729,5.7856,0.1983,0.0158,4.8155,0.2812,0.0721,0.174,Lying
S016C001P019R001A008,NTU,sit_down,low_risk,6.49,7.6895,0.1885,0.0232,4.3871,0.1986,0.1025,0.217,Sitting
S016C001P019R001A009,NTU,stand_up,low_risk,8.4919,4.4865,0.093,0.0086,3.605,0.1393,0.0418,0.0783,Standing
S016C001P019R001A042,NTU,staggering,moderate_risk,4.7006,2.4789,0.2491,0.015,5.2929,0.0405,0.0489,0.0203,Walking
S016C001P019R001A043,NTU,falling_down,high_risk,7.6444,4.2459,0.2388,0.0166,4.6569,0.2162,0.061,0.1875,Lying
S016C001P019R002A008,NTU,sit_down,low_risk,18.7305,15.9019,0.2599,0.021,4.673,0.1741,0.0915,0.2137,Sitting
S016C001P019R002A009,NTU,stand_up,low_risk,10.2001,4.6364,0.0682,0.0092,3.8293,0.1158,0.0441,0.0613,Standing
S016C001P019R002A042,NTU,staggering,moderate_risk,2.4349,2.6804,0.2233,0.0138,5.6928,0.0223,0.0573,0.0308,Walking
S016C001P019R002A043,NTU,falling_down,high_risk,14.4767,13.1986,0.2052,0.0157,4.9799,0.2624,0.0681,0.1158,Lying
S016C001P021R001A008,NTU,sit_down,low_risk,7.6495,8.4449,0.2534,0.0149,6.119,0.1194,0.0826,0.1408,Sitting
S016C001P021R001A009,NTU,stand_up,low_risk,6.9382,9.0227,0.2582,0.0123,5.78,0.1392,0.0697,0.1801,Standing
S016C001P021R001A042,NTU,staggering,moderate_risk,11.1484,9.6444,0.2695,0.0245,6.1259,0.0439,0.1263,0.0807,Walking
S016C001P021R001A043,NTU,falling_down,high_risk,9.6638,8.8695,0.2731,0.0195,5.6677,0.2268,0.1062,0.1036,Lying
S016C001P021R002A008,NTU,sit_down,low_risk,2.8341,3.0054,0.2407,0.0109,5.5467,0.1158,0.0464,0.1113,Sitting
S016C001P021R002A009,NTU,stand_up,low_risk,4.8069,5.4176,0.224,0.008,4.9468,0.1388,0.042,0.1187,Standing
S016C001P021R002A042,NTU,staggering,moderate_risk,19.7313,16.7117,0.2497,0.0412,5.3514,0.1167,0.1546,0.1273,Walking
S016C001P021R002A043,NTU,falling_down,high_risk,27.3813,26.2976,0.3039,0.0222,5.3293,0.208,0.1279,0.2846,Lying
S016C001P025R001A008,NTU,sit_down,low_risk,5.1082,5.7255,0.1765,0.021,4.4385,0.1955,0.1,0.1793,Sitting
S016C001P025R001A009,NTU,stand_up,low_risk,11.044,7.0448,0.1377,0.0072,4.1131,0.144,0.0502,0.0986,Standing
S016C001P025R001A042,NTU,staggering,moderate_risk,8.0461,11.7149,0.2759,0.023,5.1281,0.0954,0.1264,0.1876,Walking
S016C001P025R001A043,NTU,falling_down,high_risk,21.1209,23.6314,0.2798,0.0181,5.1133,0.21,0.0749,0.2507,Lying
S016C001P025R002A008,NTU,sit_down,low_risk,6.3696,6.1638,0.2576,0.0156,5.1389,0.1866,0.0742,0.1052,Sitting
S016C001P025R002A009,NTU,stand_up,low_risk,6.864,5.4885,0.1182,0.0161,4.1648,0.1487,0.0734,0.1117,Standing
S016C001P025R002A042,NTU,staggering,moderate_risk,12.1901,13.6282,0.2766,0.0226,6.4636,0.0883,0.0912,0.0879,Walking
S016C001P025R002A043,NTU,falling_down,high_risk,32.8553,33.5561,0.3618,0.016,5.687,0.1671,0.0588,0.2734,Lying
S016C001P039R001A008,NTU,sit_down,low_risk,8.863,11.003,0.255,0.0185,4.9569,0.0932,0.064,0.1666,Sitting
S016C001P039R001A009,NTU,stand_up,low_risk,5.1599,5.0011,0.1758,0.0081,5.1865,0.0699,0.0411,0.052,Standing
S016C001P039R001A042,NTU,staggering,moderate_risk,4.7455,2.5736,0.2458,0.0198,5.9304,0.028,0.0973,0.0352,Walking
S016C001P039R001A043,NTU,falling_down,high_risk,14.6647,14.4111,0.2794,0.0168,5.0909,0.2908,0.0789,0.1585,Lying
S016C001P039R002A008,NTU,sit_down,low_risk,5.1043,2.709,0.2277,0.0117,5.5566,0.094,0.0457,0.0321,Sitting
S016C001P039R002A009,NTU,stand_up,low_risk,5.0999,2.9697,0.1937,0.0088,5.384,0.0933,0.0504,0.0656,Standing
S016C001P039R002A042,NTU,staggering,moderate_risk,3.7884,2.7669,0.2462,0.0322,5.9382,0.0497,0.1265,0.0389,Walking
S016C001P039R002A043,NTU,falling_down,high_risk,5.1302,4.4237,0.2567,0.0127,4.9708,0.2016,0.0564,0.1665,Lying
S016C001P040R001A008,NTU,sit_down,low_risk,16.3305,23.1585,0.1824,0.0172,4.4145,0.1889,0.0834,0.2995,Sitting
S016C001P040R001A009,NTU,stand_up,low_risk,11.1174,9.6819,0.0896,0.0163,4.3679,0.1738,0.0839,0.1386,Standing
S016C001P040R001A042,NTU,staggering,moderate_risk,4.3136,4.5455,0.2206,0.0273,5.6058,0.0434,0.0994,0.0361,Walking
S016C001P040R001A043,NTU,falling_down,high_risk,13.4405,11.7609,0.2228,0.0147,4.9135,0.2902,0.0577,0.131,Lying
S016C001P040R002A008,NTU,sit_down,low_risk,10.0878,13.9558,0.1802,0.0211,4.8287,0.1769,0.1024,0.156,Sitting
S016C001P040R002A009,NTU,stand_up,low_risk,8.018,5.5062,0.1119,0.0087,4.1805,0.1525,0.043,0.1231,Standing
S016C001P040R002A042,NTU,staggering,moderate_risk,4.418,4.6246,0.2367,0.0257,5.292,0.0485,0.1009,0.0771,Walking
S016C001P040R002A043,NTU,falling_down,high_risk,4.5274,2.7616,0.296,0.0158,4.9228,0.1668,0.0654,0.179,Lying
S016C002P007R001A008,NTU,sit_down,low_risk,5.573,3.0073,0.2025,0.0195,5.5991,0.1275,0.0761,0.0384,Sitting
S016C002P007R001A009,NTU,stand_up,low_risk,13.5571,5.8105,0.0687,0.0161,4.776,0.0905,0.0597,0.0559,Standing
S016C002P007R001A042,NTU,staggering,moderate_risk,12.409,9.5548,0.2947,0.0244,5.9645,0.0569,0.0987,0.1052,Walking
S016C002P007R001A043,NTU,falling_down,high_risk,24.9737,27.4689,0.3391,0.0238,5.2714,0.1834,0.0708,0.2018,Lying
S016C002P007R002A008,NTU,sit_down,low_risk,13.1257,17.5501,0.2161,0.0201,4.7732,0.2594,0.1037,0.3526,Sitting
S016C002P007R002A009,NTU,stand_up,low_risk,3.6675,3.2298,0.1337,0.0073,4.6491,0.1404,0.0378,0.1214,Standing
S016C002P007R002A042,NTU,staggering,moderate_risk,11.5133,7.4368,0.2399,0.0278,5.1253,0.1572,0.1191,0.1415,Walking
S016C002P007R002A043,NTU,falling_down,high_risk,14.3829,10.1107,0.3117,0.0343,3.8664,0.2884,0.0884,0.2303,Lying
S016C002P008R001A008,NTU,sit_down,low_risk,33.3442,24.1445,0.2654,0.0232,5.1414,0.1681,0.0914,0.2164,Sitting
S016C002P008R001A009,NTU,stand_up,low_risk,31.8136,19.1842,0.1031,0.0188,4.2845,0.168,0.0734,0.1621,Standing
S016C002P008R001A042,NTU,staggering,moderate_risk,13.215,10.0789,0.2469,0.0378,5.4483,0.0512,0.1657,0.0621,Walking
S016C002P008R001A043,NTU,falling_down,high_risk,14.1966,11.3401,0.2778,0.0143,5.205,0.1373,0.0791,0.1581,Lying
S016C002P008R002A008,NTU,sit_down,low_risk,9.6515,10.9563,0.2074,0.0269,4.3903,0.1943,0.1511,0.1817,Sitting
S016C002P008R002A009,NTU,stand_up,low_risk,9.3656,7.9133,0.1453,0.0206,4.0774,0.2038,0.1025,0.1419,Standing
S016C002P008R002A042,NTU,staggering,moderate_risk,13.1539,12.0602,0.2272,0.0216,5.1765,0.0621,0.102,0.0751,Walking
S016C002P008R002A043,NTU,falling_down,high_risk,23.1369,22.683,0.229,0.018,4.6971,0.2053,0.0545,0.2108,Lying
S016C002P019R001A008,NTU,sit_down,low_risk,21.4204,16.447,0.2212,0.0224,4.8743,0.1557,0.079,0.1156,Sitting
S016C002P019R001A009,NTU,stand_up,low_risk,19.1939,13.0664,0.1233,0.0165,3.8867,0.1262,0.0574,0.0293,Standing
S016C002P019R001A042,NTU,staggering,moderate_risk,4.7665,2.9939,0.2202,0.0185,5.3821,0.0347,0.0703,0.0475,Walking
S016C002P019R001A043,NTU,falling_down,high_risk,16.4957,18.8734,0.2384,0.0213,4.7317,0.2283,0.0765,0.2607,Lying
S016C002P019R002A008,NTU,sit_down,low_risk,8.2755,10.0982,0.2586,0.0264,4.0508,0.2252,0.122,0.236,Sitting
S016C002P019R002A009,NTU,stand_up,low_risk,2.9006,4.5883,0.0866,0.0096,3.4996,0.1227,0.046,0.1222,Standing
S016C002P019R002A042,NTU,staggering,moderate_risk,2.9866,1.2957,0.2205,0.0093,5.3081,0.0104,0.0363,0.0154,Walking
S016C002P019R002A043,NTU,falling_down,high_risk,16.1544,11.9806,0.2033,0.0132,4.3639,0.2652,0.0554,0.1983,Lying
S016C002P021R001A008,NTU,sit_down,low_risk,21.4511,17.5777,0.1637,0.0209,5.0856,0.1685,0.0824,0.1245,Sitting
S016C002P021R001A009,NTU,stand_up,low_risk,30.3552,16.8711,0.095,0.0193,4.7774,0.1489,0.0688,0.0665,Standing
S016C002P021R001A042,NTU,staggering,moderate_risk,14.2187,9.3195,0.2446,0.0223,5.9922,0.0193,0.1298,0.0827,Walking
S016C002P021R001A043,NTU,falling_down,high_risk,30.7287,32.5068,0.2867,0.0193,5.4494,0.1773,0.0875,0.3992,Lying
S016C002P021R002A008,NTU,sit_down,low_risk,3.3228,2.7721,0.2333,0.0093,4.903,0.1343,0.044,0.1489,Sitting
S016C002P021R002A009,NTU,stand_up,low_risk,7.6864,6.9924,0.2033,0.0086,4.3679,0.1417,0.0373,0.1729,Standing
S016C002P021R002A042,NTU,staggering,moderate_risk,16.2418,15.0341,0.3246,0.0471,5.3223,0.128,0.2044,0.2023,Walking
S016C002P021R002A043,NTU,falling_down,high_risk,10.5382,11.3333,0.3214,0.0147,5.1206,0.2195,0.0945,0.1777,Lying
S016C002P025R001A008,NTU,sit_down,low_risk,16.1137,8.8941,0.176,0.0231,4.3876,0.1682,0.0939,0.105,Sitting
S016C002P025R001A009,NTU,stand_up,low_risk,10.3032,9.9432,0.1234,0.0216,4.5046,0.1855,0.0795,0.0755,Standing
S016C002P025R001A042,NTU,staggering,moderate_risk,16.7172,15.8022,0.342,0.0318,6.1014,0.159,0.1312,0.1828,Walking
S016C002P025R001A043,NTU,falling_down,high_risk,32.1811,31.4731,0.315,0.0155,6.23,0.1872,0.0762,0.2284,Lying
S016C002P025R002A008,NTU,sit_down,low_risk,7.8315,9.8217,0.2636,0.0196,5.2163,0.2585,0.0954,0.1812,Sitting
S016C002P025R002A009,NTU,stand_up,low_risk,3.3271,2.3663,0.1713,0.0086,4.4397,0.1367,0.0542,0.0972,Standing
S016C002P025R002A042,NTU,staggering,moderate_risk,7.9052,8.9125,0.2598,0.0207,5.1517,0.0968,0.0937,0.1708,Walking
S016C002P025R002A043,NTU,falling_down,high_risk,17.3701,18.7303,0.2587,0.0193,4.8162,0.2142,0.0874,0.2214,Lying
S016C002P039R001A008,NTU,sit_down,low_risk,13.6915,14.9477,0.2127,0.0209,4.8173,0.1579,0.0912,0.2593,Sitting
S016C002P039R001A009,NTU,stand_up,low_risk,14.0549,20.7091,0.1984,0.01,4.5874,0.1451,0.0505,0.1712,Standing
S016C002P039R001A042,NTU,staggering,moderate_risk,4.6671,3.5848,0.2316,0.0261,5.9584,0.0335,0.119,0.062,Walking
S016C002P039R001A043,NTU,falling_down,high_risk,21.9587,18.5973,0.2351,0.0216,4.9593,0.2323,0.0915,0.1479,Lying
S016C002P039R002A008,NTU,sit_down,low_risk,0.9976,0.5938,0.1997,0.0109,5.2738,0.0904,0.036,0.0531,Sitting
S016C002P039R002A009,NTU,stand_up,low_risk,0.9927,1.046,0.1778,0.0052,4.9411,0.1123,0.0312,0.0671,Standing
S016C002P039R002A042,NTU,staggering,moderate_risk,3.2192,2.811,0.2202,0.0218,5.281,0.0375,0.0845,0.0387,Walking
S016C002P039R002A043,NTU,falling_down,high_risk,7.4593,6.1302,0.1623,0.0145,4.5215,0.2115,0.057,0.0987,Lying
S016C002P040R001A008,NTU,sit_down,low_risk,19.5777,19.6112,0.2944,0.0235,5.956,0.1783,0.0865,0.1432,Sitting
S016C002P040R001A009,NTU,stand_up,low_risk,14.8245,16.7081,0.1734,0.0332,5.1203,0.6333,0.1145,0.4979,Standing
S016C002P040R001A042,NTU,staggering,moderate_risk,7.89,6.5178,0.2677,0.0305,5.85,0.0595,0.1118,0.0535,Walking
S016C002P040R001A043,NTU,falling_down,high_risk,14.9933,15.0865,0.2377,0.0255,4.9385,0.2495,0.0733,0.0875,Lying
S016C002P040R002A008,NTU,sit_down,low_risk,2.6275,2.4593,0.1725,0.0209,4.7585,0.2535,0.091,0.1731,Sitting
S016C002P040R002A009,NTU,stand_up,low_risk,5.3428,7.8239,0.1178,0.0114,3.9428,0.1916,0.0634,0.0599,Standing
S016C002P040R002A042,NTU,staggering,moderate_risk,2.506,2.0103,0.2102,0.0176,5.1993,0.0351,0.0743,0.0299,Walking
S016C002P040R002A043,NTU,falling_down,high_risk,5.6322,6.9743,0.2479,0.0153,4.2387,0.3733,0.0555,0.1898,Lying
S016C003P007R001A008,NTU,sit_down,low_risk,2.991,2.1672,0.2433,0.0386,4.7778,0.2106,0.1198,0.0481,Sitting
S016C003P007R001A009,NTU,stand_up,low_risk,5.9872,6.8255,0.2523,0.0215,4.4123,0.2614,0.0947,0.1171,Standing
S016C003P007R001A042,NTU,staggering,moderate_risk,6.3448,4.0758,0.2582,0.0217,5.2871,0.097,0.0889,0.1227,Walking
S016C003P007R001A043,NTU,falling_down,high_risk,5.522,9.235,0.303,0.0293,4.159,0.314,0.0987,0.2164,Lying
S016C003P007R002A008,NTU,sit_down,low_risk,20.5086,14.6251,0.1994,0.0191,3.4251,0.2664,0.0646,0.114,Sitting
S016C003P007R002A009,NTU,stand_up,low_risk,10.0291,4.1956,0.1723,0.0197,3.5341,0.1954,0.0575,0.0446,Standing
S016C003P007R002A042,NTU,staggering,moderate_risk,19.7993,9.9483,0.0515,0.0349,3.6867,0.0172,0.1068,0.0647,Walking
S016C003P007R002A043,NTU,falling_down,high_risk,21.9958,9.9696,0.044,0.0327,3.6143,0.0738,0.0779,0.0815,Lying
S016C003P008R001A008,NTU,sit_down,low_risk,64.4444,15.4271,1.0427,0.46,2.7815,0.23,0.4243,0.3787,Sitting
S016C003P008R001A009,NTU,stand_up,low_risk,56.5547,12.2455,0.7197,0.2732,3.2332,0.196,0.2396,0.1131,Standing
S016C003P008R001A042,NTU,staggering,moderate_risk,73.6823,8.4424,0.284,0.5307,6.4163,0.1623,0.6266,0.1309,Walking
S016C003P008R001A043,NTU,falling_down,high_risk,75.0226,4.0197,0.1263,0.198,6.2419,0.1478,0.228,0.0753,Lying
S016C003P008R002A008,NTU,sit_down,low_risk,66.7561,24.0994,0.2827,0.5749,6.0225,0.383,0.4947,0.2488,Sitting
S016C003P008R002A009,NTU,stand_up,low_risk,64.5786,7.9215,0.1834,0.2244,7.2453,0.1656,0.3004,0.1145,Standing
S016C003P008R002A042,NTU,staggering,moderate_risk,71.4859,6.2322,0.242,0.5357,6.3885,0.1903,0.5681,0.1136,Walking
S016C003P008R002A043,NTU,falling_down,high_risk,77.1174,9.8496,0.768,0.2782,7.0488,0.1297,0.3673,0.1901,Lying
S016C003P019R001A008,NTU,sit_down,low_risk,11.3451,15.949,0.2159,0.0254,4.8936,0.2035,0.1588,0.2964,Sitting
S016C003P019R001A009,NTU,stand_up,low_risk,7.8433,9.5492,0.114,0.016,3.8643,0.1949,0.0872,0.1818,Standing
S016C003P019R001A042,NTU,staggering,moderate_risk,2.8389,1.8324,0.2257,0.0101,5.4992,0.0282,0.041,0.022,Walking
S016C003P019R001A043,NTU,falling_down,high_risk,9.7972,9.4528,0.1831,0.0115,4.6624,0.2533,0.0508,0.1158,Lying
S016C003P019R002A008,NTU,sit_down,low_risk,25.4078,18.3452,0.2441,0.0182,4.1774,0.1455,0.0707,0.1322,Sitting
S016C003P019R002A009,NTU,stand_up,low_risk,16.9188,16.8082,0.1013,0.0161,4.0256,0.1645,0.0578,0.1132,Standing
S016C003P019R002A042,NTU,staggering,moderate_risk,10.9241,4.9006,0.2663,0.0187,6.9744,0.0522,0.0673,0.0338,Walking
S016C003P019R002A043,NTU,falling_down,high_risk,19.7793,11.5801,0.2733,0.0137,6.2694,0.1479,0.0579,0.0959,Lying
S016C003P021R001A008,NTU,sit_down,low_risk,13.7269,22.4204,0.2766,0.0123,5.1779,0.1488,0.0678,0.3422,Sitting
S016C003P021R001A009,NTU,stand_up,low_risk,6.7686,6.0034,0.236,0.0134,4.7042,0.1394,0.0584,0.1603,Standing
S016C003P021R001A042,NTU,staggering,moderate_risk,4.1623,3.8804,0.2608,0.0269,5.6347,0.0716,0.1235,0.0835,Walking
S016C003P021R001A043,NTU,falling_down,high_risk,3.9379,4.0664,0.2694,0.01,5.442,0.1086,0.0703,0.2161,Lying
S016C003P021R002A008,NTU,sit_down,low_risk,11.18,9.8283,0.1727,0.0169,5.1749,0.1508,0.073,0.109,Sitting
S016C003P021R002A009,NTU,stand_up,low_risk,9.2984,6.6366,0.1331,0.0191,4.3195,0.1503,0.0617,0.0772,Standing
S016C003P021R002A042,NTU,staggering,moderate_risk,17.0267,11.6718,0.2298,0.0334,5.49,0.05,0.1438,0.07,Walking
S016C003P021R002A043,NTU,falling_down,high_risk,31.1891,33.0522,0.3013,0.0196,4.9094,0.1897,0.0633,0.3578,Lying
S016C003P025R001A008,NTU,sit_down,low_risk,12.9805,13.2421,0.195,0.0241,4.8578,0.1639,0.1421,0.1949,Sitting
S016C003P025R001A009,NTU,stand_up,low_risk,4.8848,3.2213,0.1426,0.0108,4.4712,0.1542,0.0635,0.0756,Standing
S016C003P025R001A042,NTU,staggering,moderate_risk,6.0207,7.0727,0.209,0.0233,5.6904,0.1323,0.1448,0.1199,Walking
S016C003P025R001A043,NTU,falling_down,high_risk,5.6139,5.0417,0.2507,0.0101,5.6246,0.1128,0.0713,0.1072,Lying
S016C003P025R002A008,NTU,sit_down,low_risk,13.9107,12.9729,0.2586,0.0117,4.9711,0.1744,0.0523,0.074,Sitting
S016C003P025R002A009,NTU,stand_up,low_risk,11.6379,10.6939,0.1292,0.0184,3.8114,0.1645,0.0572,0.0423,Standing
S016C003P025R002A042,NTU,staggering,moderate_risk,13.7817,8.4502,0.241,0.0201,5.5269,0.0973,0.0972,0.0821,Walking
S016C003P025R002A043,NTU,falling_down,high_risk,25.0072,17.7256,0.2465,0.0245,4.9095,0.2046,0.0829,0.1319,Lying
S016C003P039R001A008,NTU,sit_down,low_risk,73.7269,1.6294,0.3728,0.3942,2.6073,0.1959,0.1392,0.0255,Sitting
S016C003P039R001A009,NTU,stand_up,low_risk,74.798,2.5207,0.3605,0.1427,3.4067,0.0753,0.1021,0.0376,Standing
S016C003P039R001A042,NTU,staggering,moderate_risk,74.5368,8.5779,0.5631,0.5855,4.6991,0.294,0.4201,0.1531,Walking
S016C003P039R001A043,NTU,falling_down,high_risk,58.4528,12.1436,0.2066,0.1738,4.3252,0.1715,0.2311,0.1213,Lying
S016C003P039R002A008,NTU,sit_down,low_risk,10.4173,5.454,0.2246,0.0277,5.2988,0.0889,0.1163,0.1057,Sitting
S016C003P039R002A009,NTU,stand_up,low_risk,13.1709,4.5802,0.3191,0.0277,5.4408,0.1579,0.1236,0.0721,Standing
S016C003P039R002A042,NTU,staggering,moderate_risk,7.5372,4.3649,0.2465,0.0441,5.0318,0.1386,0.1672,0.0821,Walking
S016C003P039R002A043,NTU,falling_down,high_risk,7.3027,14.0295,0.2797,0.0409,4.8564,0.6769,0.3132,0.5006,Lying
S016C003P040R001A008,NTU,sit_down,low_risk,10.73,16.125,0.1754,0.0211,4.3924,0.2367,0.1073,0.2286,Sitting
S016C003P040R001A009,NTU,stand_up,low_risk,9.6268,13.2179,0.1055,0.0168,4.1736,0.1982,0.0811,0.1045,Standing
S016C003P040R001A042,NTU,staggering,moderate_risk,2.0088,1.6226,0.2104,0.0199,5.0555,0.042,0.0716,0.0262,Walking
S016C003P040R001A043,NTU,falling_down,high_risk,3.9807,3.8185,0.1764,0.0209,4.4016,0.2158,0.0726,0.0907,Lying
S016C003P040R002A008,NTU,sit_down,low_risk,27.6388,19.748,0.2414,0.022,4.1103,0.1631,0.0617,0.101,Sitting
S016C003P040R002A009,NTU,stand_up,low_risk,19.1267,13.8009,0.1847,0.0214,3.2078,0.2032,0.0567,0.0962,Standing
S016C003P040R002A042,NTU,staggering,moderate_risk,64.9446,2.4475,0.6377,0.1981,2.5817,0.157,0.1782,0.0273,Walking
S016C003P040R002A043,NTU,falling_down,high_risk,64.1609,2.4702,0.5943,0.0549,2.6616,0.0317,0.0733,0.0312,Lying
S017C001P003R001A008,NTU,sit_down,low_risk,11.7209,7.7738,0.2347,0.0073,4.6933,0.1517,0.0455,0.1973,Sitting
S017C001P003R001A009,NTU,stand_up,low_risk,9.7883,7.8749,0.1505,0.0059,4.2123,0.136,0.037,0.1169,Standing
S017C001P003R001A042,NTU,staggering,moderate_risk,4.4883,2.5814,0.2311,0.0175,5.5381,0.0279,0.0678,0.0213,Walking
S017C001P003R001A043,NTU,falling_down,high_risk,12.3932,10.5547,0.244,0.0215,4.4201,0.2935,0.0758,0.1799,Lying
S017C001P003R002A008,NTU,sit_down,low_risk,7.1956,3.6687,0.1913,0.0429,4.4281,0.2267,0.1525,0.2391,Sitting
S017C001P003R002A009,NTU,stand_up,low_risk,8.5692,8.7301,0.1397,0.0076,4.4726,0.1777,0.0423,0.0841,Standing
S017C001P003R002A042,NTU,staggering,moderate_risk,3.9525,2.0259,0.241,0.0222,5.7952,0.0228,0.0927,0.0338,Walking
S017C001P003R002A043,NTU,falling_down,high_risk,12.121,17.6273,0.242,0.0204,4.9875,0.249,0.1188,0.231,Lying
S017C001P007R001A008,NTU,sit_down,low_risk,18.9431,16.4925,0.1656,0.0231,4.7729,0.1783,0.101,0.1786,Sitting
S017C001P007R001A009,NTU,stand_up,low_risk,9.4648,8.4666,0.1134,0.0073,4.6729,0.1467,0.0314,0.0746,Standing
S017C001P007R001A042,NTU,staggering,moderate_risk,8.1514,6.126,0.2723,0.0255,5.8259,0.0739,0.1111,0.0895,Walking
S017C001P007R001A043,NTU,falling_down,high_risk,12.3848,17.3052,0.2761,0.0211,4.9701,0.2835,0.0918,0.2329,Lying
S017C001P007R002A008,NTU,sit_down,low_risk,15.6849,14.0794,0.2114,0.021,4.6934,0.1963,0.0807,0.2142,Sitting
S017C001P007R002A009,NTU,stand_up,low_risk,11.4769,7.0249,0.0899,0.0092,4.8889,0.1325,0.0532,0.1282,Standing
S017C001P007R002A042,NTU,staggering,moderate_risk,13.2481,13.1874,0.2451,0.0191,5.9593,0.0681,0.0975,0.0901,Walking
S017C001P007R002A043,NTU,falling_down,high_risk,38.3216,35.3616,0.2865,0.0194,5.3691,0.1918,0.0642,0.3833,Lying
S017C001P008R001A008,NTU,sit_down,low_risk,57.1538,28.9608,0.2327,0.0377,3.9209,0.2312,0.1084,0.435,Sitting
S017C001P008R001A009,NTU,stand_up,low_risk,31.4435,20.7358,0.0797,0.0264,3.7945,0.1053,0.1061,0.1956,Standing
S017C001P008R001A042,NTU,staggering,moderate_risk,8.778,7.1717,0.2636,0.0188,6.353,0.0425,0.1086,0.0713,Walking
S017C001P008R001A043,NTU,falling_down,high_risk,5.5277,3.3556,0.2453,0.0092,6.2798,0.1101,0.062,0.1601,Lying
S017C001P008R002A008,NTU,sit_down,low_risk,8.9075,11.1589,0.1664,0.0153,4.3791,0.1626,0.0837,0.0732,Sitting
S017C001P008R002A009,NTU,stand_up,low_risk,17.3896,9.7162,0.1451,0.0134,4.0585,0.1926,0.0759,0.0774,Standing
S017C001P008R002A042,NTU,staggering,moderate_risk,11.476,10.1747,0.2131,0.0267,5.2216,0.0648,0.1476,0.126,Walking
S017C001P008R002A043,NTU,falling_down,high_risk,24.3927,21.3244,0.2075,0.009,4.9246,0.1794,0.0446,0.1488,Lying
S017C001P009R001A008,NTU,sit_down,low_risk,6.6776,7.8761,0.2533,0.0291,4.3764,0.2663,0.1359,0.2702,Sitting
S017C001P009R001A009,NTU,stand_up,low_risk,24.0419,21.2786,0.2708,0.0157,5.1722,0.1911,0.0695,0.2344,Standing
S017C001P009R001A042,NTU,staggering,moderate_risk,8.1086,7.1403,0.221,0.0138,5.5187,0.0203,0.0614,0.0423,Walking
S017C001P009R001A043,NTU,falling_down,high_risk,16.0483,12.9437,0.2288,0.0166,4.5993,0.2414,0.0613,0.1702,Lying
S017C001P009R002A008,NTU,sit_down,low_risk,19.1535,24.2441,0.2846,0.022,4.8663,0.2337,0.1028,0.2968,Sitting
S017C001P009R002A009,NTU,stand_up,low_risk,16.8012,9.5384,0.111,0.0098,4.7158,0.1618,0.0488,0.0541,Standing
S017C001P009R002A042,NTU,staggering,moderate_risk,7.313,5.7935,0.2444,0.0201,5.7393,0.0181,0.099,0.0798,Walking
S017C001P009R002A043,NTU,falling_down,high_risk,30.7577,26.8693,0.2301,0.0157,4.9799,0.2559,0.054,0.2312,Lying
S017C001P015R001A008,NTU,sit_down,low_risk,5.9215,5.0924,0.246,0.0071,5.3121,0.0954,0.0394,0.0802,Sitting
S017C001P015R001A009,NTU,stand_up,low_risk,8.3172,5.9514,0.146,0.0058,4.6771,0.1155,0.0308,0.0619,Standing
S017C001P015R001A042,NTU,staggering,moderate_risk,3.3931,2.3703,0.2322,0.0176,4.8999,0.0385,0.0592,0.0648,Walking
S017C001P015R001A043,NTU,falling_down,high_risk,5.8387,4.056,0.2383,0.0132,5.0111,0.2209,0.077,0.1113,Lying
S017C001P015R002A008,NTU,sit_down,low_risk,3.591,3.4846,0.1931,0.0101,4.9983,0.0993,0.0403,0.0545,Sitting
S017C001P015R002A009,NTU,stand_up,low_risk,11.1623,10.0321,0.0928,0.0117,4.3895,0.0701,0.0603,0.1112,Standing
S017C001P015R002A042,NTU,staggering,moderate_risk,8.6047,5.3445,0.2253,0.0179,5.508,0.0479,0.0721,0.0315,Walking
S017C001P015R002A043,NTU,falling_down,high_risk,11.8756,17.9273,0.2338,0.0101,5.0806,0.2303,0.063,0.1878,Lying
S017C001P016R001A008,NTU,sit_down,low_risk,3.2352,1.9633,0.2014,0.0113,4.684,0.1457,0.0586,0.0489,Sitting
S017C001P016R001A009,NTU,stand_up,low_risk,4.6881,3.2594,0.2002,0.0098,4.8298,0.1366,0.051,0.089,Standing
S017C001P016R001A042,NTU,staggering,moderate_risk,2.4376,1.8816,0.2172,0.0262,4.953,0.0349,0.0851,0.0343,Walking
S017C001P016R001A043,NTU,falling_down,high_risk,14.071,12.5089,0.1668,0.0193,3.7842,0.2651,0.0619,0.147,Lying
S017C001P016R002A008,NTU,sit_down,low_risk,5.4746,3.8296,0.1972,0.0099,4.3032,0.1547,0.0464,0.1804,Sitting
S017C001P016R002A009,NTU,stand_up,low_risk,10.0131,4.8022,0.0944,0.007,3.8252,0.1326,0.0348,0.0897,Standing
S017C001P016R002A042,NTU,staggering,moderate_risk,1.9749,1.3499,0.2551,0.0199,5.7135,0.0353,0.0584,0.0257,Walking
S017C001P016R002A043,NTU,falling_down,high_risk,12.6973,11.008,0.219,0.0207,4.5703,0.2764,0.0632,0.1463,Lying
S017C001P017R001A008,NTU,sit_down,low_risk,20.0821,16.481,0.3167,0.0379,4.5337,0.0911,0.0951,0.1974,Sitting
S017C001P017R001A009,NTU,stand_up,low_risk,16.9251,10.1444,0.2666,0.0229,4.5048,0.0451,0.0652,0.0954,Standing
S017C001P017R001A042,NTU,staggering,moderate_risk,3.0331,2.0261,0.2436,0.061,4.9863,0.0875,0.1608,0.0324,Walking
S017C001P017R001A043,NTU,falling_down,high_risk,20.0493,20.6383,0.2014,0.021,4.3969,0.1896,0.0632,0.0824,Lying
S017C001P017R002A008,NTU,sit_down,low_risk,15.1994,13.0318,0.1655,0.0207,5.1329,0.0807,0.0672,0.0868,Sitting
S017C001P017R002A009,NTU,stand_up,low_risk,12.2684,11.2744,0.1248,0.0264,4.3096,0.1918,0.0711,0.0788,Standing
S017C001P017R002A042,NTU,staggering,moderate_risk,3.944,2.0957,0.218,0.0521,5.3417,0.0746,0.1479,0.026,Walking
S017C001P017R002A043,NTU,falling_down,high_risk,15.5085,14.0935,0.2586,0.0478,4.6853,0.1792,0.1319,0.2214,Lying
S017C001P020R001A008,NTU,sit_down,low_risk,5.5138,7.0382,0.27,0.0234,4.5518,0.2274,0.0984,0.0882,Sitting
S017C001P020R001A009,NTU,stand_up,low_risk,4.0094,3.9529,0.2082,0.0052,4.5673,0.154,0.0297,0.0523,Standing
S017C001P020R001A042,NTU,staggering,moderate_risk,22.6028,18.3078,0.2647,0.0257,5.5125,0.1029,0.1075,0.1057,Walking
S017C001P020R001A043,NTU,falling_down,high_risk,22.763,21.2397,0.2734,0.0118,5.1966,0.2562,0.0408,0.1834,Lying
S017C001P020R002A008,NTU,sit_down,low_risk,17.8469,20.5279,0.2664,0.0326,4.0843,0.2728,0.1591,0.3027,Sitting
S017C001P020R002A009,NTU,stand_up,low_risk,6.5113,5.4874,0.1855,0.0065,4.4998,0.1614,0.0295,0.0924,Standing
S017C001P020R002A042,NTU,staggering,moderate_risk,9.4661,6.6048,0.2307,0.0325,5.2684,0.1534,0.1462,0.1381,Walking
S017C001P020R002A043,NTU,falling_down,high_risk,12.3376,12.3056,0.2808,0.014,4.9068,0.0922,0.0969,0.2323,Lying
S017C002P003R001A008,NTU,sit_down,low_risk,17.7212,11.3399,0.1825,0.0158,4.862,0.1319,0.0785,0.0879,Sitting
S017C002P003R001A009,NTU,stand_up,low_risk,7.2604,5.0188,0.1325,0.0126,4.8069,0.148,0.0491,0.0435,Standing
S017C002P003R001A042,NTU,staggering,moderate_risk,7.2891,5.5499,0.2511,0.0163,6.0517,0.0212,0.0838,0.0337,Walking
S017C002P003R001A043,NTU,falling_down,high_risk,14.3535,7.8601,0.3072,0.0259,4.948,0.1973,0.1304,0.1597,Lying
S017C002P003R002A008,NTU,sit_down,low_risk,14.2498,12.385,0.1837,0.0196,4.7127,0.144,0.0853,0.162,Sitting
S017C002P003R002A009,NTU,stand_up,low_risk,5.4657,3.2702,0.161,0.0067,4.2708,0.1921,0.0405,0.1428,Standing
S017C002P003R002A042,NTU,staggering,moderate_risk,3.9369,3.0717,0.2236,0.0211,5.6778,0.0265,0.0854,0.0426,Walking
S017C002P003R002A043,NTU,falling_down,high_risk,14.8642,13.4315,0.1737,0.0138,4.9601,0.1905,0.0669,0.1222,Lying
S017C002P007R001A008,NTU,sit_down,low_risk,24.2567,18.2815,0.1728,0.0263,4.4673,0.1887,0.0879,0.1023,Sitting
S017C002P007R001A009,NTU,stand_up,low_risk,10.1785,8.1003,0.1086,0.0147,4.0138,0.1746,0.0512,0.0556,Standing
S017C002P007R001A042,NTU,staggering,moderate_risk,16.3873,10.2967,0.2476,0.0284,5.6764,0.0476,0.1123,0.1012,Walking
S017C002P007R001A043,NTU,falling_down,high_risk,14.6586,15.335,0.2466,0.0323,5.0922,0.3014,0.1306,0.2124,Lying
S017C002P007R002A008,NTU,sit_down,low_risk,14.0556,15.6776,0.2558,0.033,4.6504,0.3191,0.1556,0.3278,Sitting
S017C002P007R002A009,NTU,stand_up,low_risk,3.1159,4.8975,0.1306,0.0077,4.6191,0.1521,0.0468,0.1423,Standing
S017C002P007R002A042,NTU,staggering,moderate_risk,6.911,6.7655,0.2344,0.0265,5.4518,0.0834,0.0923,0.1346,Walking
S017C002P007R002A043,NTU,falling_down,high_risk,6.4504,5.7095,0.2662,0.0168,4.738,0.3213,0.0631,0.1397,Lying
S017C002P008R001A008,NTU,sit_down,low_risk,23.7145,21.3784,0.2723,0.0236,4.7099,0.5056,0.0881,0.4061,Sitting
S017C002P008R001A009,NTU,stand_up,low_risk,0.0,0.0,0.0,0.0,0.0,0.0,0.0,0.0,Standing
S017C002P008R001A042,NTU,staggering,moderate_risk,10.2931,5.4464,0.2657,0.0279,5.7862,0.0743,0.1259,0.1046,Walking
S017C002P008R001A043,NTU,falling_down,high_risk,9.4038,10.8452,0.2686,0.0132,5.6949,0.2152,0.07,0.1117,Lying
S017C002P008R002A008,NTU,sit_down,low_risk,14.4212,10.024,0.2319,0.0224,4.1963,0.1775,0.1008,0.2273,Sitting
S017C002P008R002A009,NTU,stand_up,low_risk,9.6405,8.5521,0.1264,0.0268,3.855,0.2757,0.1093,0.1098,Standing
S017C002P008R002A042,NTU,staggering,moderate_risk,16.6895,16.7018,0.2282,0.0216,5.1556,0.0536,0.1135,0.1204,Walking
S017C002P008R002A043,NTU,falling_down,high_risk,10.9243,10.588,0.2686,0.0203,4.4161,0.3141,0.0838,0.2389,Lying
S017C002P009R001A008,NTU,sit_down,low_risk,36.2825,35.0864,0.3047,0.026,4.6755,0.2497,0.1025,0.3446,Sitting
S017C002P009R001A009,NTU,stand_up,low_risk,27.5276,24.0382,0.2451,0.0274,5.4102,0.177,0.0842,0.1524,Standing
S017C002P009R001A042,NTU,staggering,moderate_risk,7.8168,5.5251,0.2593,0.022,5.3838,0.0297,0.0821,0.0623,Walking
S017C002P009R001A043,NTU,falling_down,high_risk,41.0091,21.523,0.3655,0.0317,3.1216,0.1912,0.0737,0.2871,Lying
S017C002P009R002A008,NTU,sit_down,low_risk,22.232,22.6502,0.2257,0.0223,4.6109,0.2313,0.1277,0.2361,Sitting
S017C002P009R002A009,NTU,stand_up,low_risk,5.6186,3.0996,0.1775,0.0087,4.0664,0.1632,0.0409,0.0717,Standing
S017C002P009R002A042,NTU,staggering,moderate_risk,4.8126,3.7402,0.2399,0.0152,5.4147,0.0188,0.0664,0.0572,Walking
S017C002P009R002A043,NTU,falling_down,high_risk,7.6507,8.2493,0.2529,0.0143,4.9236,0.3132,0.0798,0.3789,Lying
S017C002P015R001A008,NTU,sit_down,low_risk,6.6906,3.6357,0.2985,0.0303,5.1691,0.0894,0.0893,0.0514,Sitting
S017C002P015R001A009,NTU,stand_up,low_risk,11.3663,7.2786,0.1326,0.0133,4.3206,0.1435,0.0469,0.0821,Standing
S017C002P015R001A042,NTU,staggering,moderate_risk,40.9845,12.0281,0.1789,0.0666,4.9414,0.0464,0.1282,0.208,Walking
S017C002P015R001A043,NTU,falling_down,high_risk,39.2933,4.4067,0.1434,0.0361,5.0063,0.0375,0.0829,0.1137,Lying
S017C002P015R002A008,NTU,sit_down,low_risk,5.1496,3.9627,0.2484,0.0049,5.0817,0.0992,0.0332,0.068,Sitting
S017C002P015R002A009,NTU,stand_up,low_risk,6.444,4.815,0.1984,0.0063,4.413,0.0937,0.0286,0.1016,Standing
S017C002P015R002A042,NTU,staggering,moderate_risk,3.4729,3.3343,0.2352,0.0152,5.1828,0.0487,0.0564,0.0372,Walking
S017C002P015R002A043,NTU,falling_down,high_risk,5.1616,6.4867,0.1988,0.0148,4.9425,0.2858,0.0541,0.1167,Lying
S017C002P016R001A008,NTU,sit_down,low_risk,9.4784,6.8078,0.1795,0.0219,4.4946,0.1696,0.0705,0.0541,Sitting
S017C002P016R001A009,NTU,stand_up,low_risk,11.0475,10.0932,0.1234,0.0173,4.129,0.1318,0.0475,0.0472,Standing
S017C002P016R001A042,NTU,staggering,moderate_risk,6.0246,4.9301,0.256,0.0298,6.4327,0.0408,0.1491,0.0945,Walking
S017C002P016R001A043,NTU,falling_down,high_risk,7.4006,5.87,0.2197,0.0179,4.5624,0.2614,0.0728,0.0729,Lying
S017C002P016R002A008,NTU,sit_down,low_risk,4.8779,5.8751,0.2576,0.0226,4.5005,0.1829,0.0976,0.1204,Sitting
S017C002P016R002A009,NTU,stand_up,low_risk,5.5941,4.9688,0.1686,0.0068,4.1373,0.1697,0.039,0.0862,Standing
S017C002P016R002A042,NTU,staggering,moderate_risk,3.4841,1.995,0.2726,0.0177,5.2878,0.0468,0.0548,0.0421,Walking
S017C002P016R002A043,NTU,falling_down,high_risk,4.7106,5.4267,0.2596,0.0256,3.8527,0.3395,0.0855,0.1649,Lying
S017C002P017R001A008,NTU,sit_down,low_risk,14.1516,10.4752,0.1605,0.0321,4.2448,0.4701,0.119,0.3882,Sitting
S017C002P017R001A009,NTU,stand_up,low_risk,11.382,8.383,0.1576,0.0216,4.508,0.0775,0.1006,0.0673,Standing
S017C002P017R001A042,NTU,staggering,moderate_risk,5.0046,3.2801,0.2438,0.0613,4.9988,0.0644,0.2309,0.117,Walking
S017C002P017R001A043,NTU,falling_down,high_risk,12.6194,7.769,0.2037,0.0288,4.6336,0.1903,0.0914,0.0447,Lying
S017C002P017R002A008,NTU,sit_down,low_risk,4.5647,4.1402,0.0821,0.0423,4.2345,0.1023,0.0901,0.1604,Sitting
S017C002P017R002A009,NTU,stand_up,low_risk,3.3083,2.7483,0.1725,0.0249,4.116,0.1511,0.0678,0.1352,Standing
S017C002P017R002A042,NTU,staggering,moderate_risk,2.9775,2.4201,0.1792,0.0695,4.3281,0.1198,0.121,0.0142,Walking
S017C002P017R002A043,NTU,falling_down,high_risk,12.7104,15.1912,0.2429,0.0252,4.0532,0.1813,0.0871,0.195,Lying
S017C002P020R001A008,NTU,sit_down,low_risk,12.0933,7.5433,0.2037,0.0152,5.1998,0.1715,0.0869,0.1022,Sitting
S017C002P020R001A009,NTU,stand_up,low_risk,9.8423,7.2585,0.1338,0.0092,4.9145,0.1547,0.0385,0.0406,Standing
S017C002P020R001A042,NTU,staggering,moderate_risk,17.9917,10.5107,0.2324,0.0253,5.836,0.1183,0.1258,0.0721,Walking
S017C002P020R001A043,NTU,falling_down,high_risk,25.16,22.9855,0.286,0.0111,5.8404,0.2166,0.048,0.1826,Lying
S017C002P020R002A008,NTU,sit_down,low_risk,6.8177,8.4325,0.2611,0.0259,3.9865,0.2519,0.094,0.3085,Sitting
S017C002P020R002A009,NTU,stand_up,low_risk,5.9704,7.4113,0.1579,0.0096,4.4513,0.1438,0.0351,0.1136,Standing
S017C002P020R002A042,NTU,staggering,moderate_risk,9.2532,14.7156,0.2571,0.0311,4.737,0.1595,0.1542,0.2379,Walking
S017C002P020R002A043,NTU,falling_down,high_risk,6.2929,8.3094,0.2694,0.0106,4.3713,0.2221,0.0613,0.2253,Lying
S017C003P003R001A008,NTU,sit_down,low_risk,10.7897,10.6295,0.2313,0.0097,4.7126,0.1332,0.0615,0.2068,Sitting
S017C003P003R001A009,NTU,stand_up,low_risk,3.7171,4.0165,0.1393,0.0054,4.3328,0.1509,0.0319,0.1216,Standing
S017C003P003R001A042,NTU,staggering,moderate_risk,2.1503,1.8079,0.2033,0.0163,5.4254,0.0261,0.0623,0.0286,Walking
S017C003P003R001A043,NTU,falling_down,high_risk,19.657,21.9166,0.219,0.0191,4.602,0.2083,0.0631,0.1561,Lying
S017C003P003R002A008,NTU,sit_down,low_risk,12.774,10.0356,0.1807,0.0213,4.5326,0.1581,0.0958,0.2043,Sitting
S017C003P003R002A009,NTU,stand_up,low_risk,11.6444,8.2949,0.1619,0.0203,3.8928,0.2914,0.0616,0.0821,Standing
S017C003P003R002A042,NTU,staggering,moderate_risk,5.3419,3.395,0.2377,0.0172,5.7633,0.0348,0.0953,0.0796,Walking
S017C003P003R002A043,NTU,falling_down,high_risk,22.2736,31.9336,0.2215,0.0251,4.9102,0.3149,0.0996,0.3498,Lying
S017C003P007R001A008,NTU,sit_down,low_risk,17.1209,19.6376,0.305,0.0163,4.9293,0.1883,0.1377,0.4259,Sitting
S017C003P007R001A009,NTU,stand_up,low_risk,5.7806,3.7073,0.1895,0.0056,4.6846,0.1744,0.0312,0.1427,Standing
S017C003P007R001A042,NTU,staggering,moderate_risk,6.2414,5.1921,0.2761,0.0328,5.4912,0.0671,0.1281,0.1222,Walking
S017C003P007R001A043,NTU,falling_down,high_risk,8.8959,13.1481,0.2511,0.0208,4.6671,0.3691,0.0995,0.1835,Lying
S017C003P007R002A008,NTU,sit_down,low_risk,35.1777,31.0039,0.2556,0.0315,4.1192,0.2624,0.0917,0.2746,Sitting
S017C003P007R002A009,NTU,stand_up,low_risk,17.5821,9.6412,0.1778,0.0209,3.9258,0.1572,0.0675,0.0613,Standing
S017C003P007R002A042,NTU,staggering,moderate_risk,12.6189,14.032,0.256,0.0265,4.9373,0.0567,0.1054,0.0721,Walking
S017C003P007R002A043,NTU,falling_down,high_risk,29.2371,27.014,0.2504,0.0227,4.5695,0.2072,0.0725,0.2121,Lying
S017C003P008R001A008,NTU,sit_down,low_risk,7.5168,9.9569,0.2451,0.035,4.5857,0.1636,0.1481,0.1602,Sitting
S017C003P008R001A009,NTU,stand_up,low_risk,18.6729,22.8912,0.1331,0.0226,4.7102,0.2473,0.124,0.1852,Standing
S017C003P008R001A042,NTU,staggering,moderate_risk,11.0564,9.0696,0.24,0.0243,5.546,0.0541,0.127,0.0652,Walking
S017C003P008R001A043,NTU,falling_down,high_risk,16.7247,18.3288,0.2601,0.0192,5.2576,0.1579,0.0773,0.28,Lying
S017C003P008R002A008,NTU,sit_down,low_risk,31.8873,24.6056,0.3036,0.0279,4.0356,0.1663,0.0789,0.2271,Sitting
S017C003P008R002A009,NTU,stand_up,low_risk,11.0542,10.6872,0.1754,0.0132,3.4868,0.2518,0.037,0.0595,Standing
S017C003P008R002A042,NTU,staggering,moderate_risk,7.0054,7.079,0.2423,0.0319,5.5814,0.0641,0.1915,0.1448,Walking
S017C003P008R002A043,NTU,falling_down,high_risk,21.354,13.3442,0.2149,0.0087,5.6196,0.1858,0.0436,0.1005,Lying
S017C003P009R001A008,NTU,sit_down,low_risk,12.792,16.496,0.3165,0.0442,4.4357,0.2671,0.1672,0.3056,Sitting
S017C003P009R001A009,NTU,stand_up,low_risk,3.6638,2.7785,0.176,0.0387,4.0503,0.2356,0.1174,0.1781,Standing
S017C003P009R001A042,NTU,staggering,moderate_risk,7.7243,6.632,0.2339,0.0154,5.6606,0.0331,0.0645,0.0478,Walking
S017C003P009R001A043,NTU,falling_down,high_risk,18.6464,20.1275,0.2511,0.02,5.067,0.1847,0.1363,0.3142,Lying
S017C003P009R002A008,NTU,sit_down,low_risk,40.73,31.2167,0.3302,0.0114,4.8259,0.2411,0.0744,0.2777,Sitting
S017C003P009R002A009,NTU,stand_up,low_risk,34.188,13.8415,0.1261,0.0155,4.0361,0.1766,0.0497,0.0934,Standing
S017C003P009R002A042,NTU,staggering,moderate_risk,17.2256,6.1469,0.2918,0.0193,6.8168,0.0232,0.0855,0.0432,Walking
S017C003P009R002A043,NTU,falling_down,high_risk,31.8624,20.1321,0.2606,0.01,5.573,0.2222,0.0499,0.1271,Lying
S017C003P015R001A008,NTU,sit_down,low_risk,2.2226,1.1478,0.2695,0.0041,5.8556,0.0622,0.0354,0.0921,Sitting
S017C003P015R001A009,NTU,stand_up,low_risk,7.0359,4.0419,0.1749,0.0035,4.6154,0.1071,0.0318,0.0446,Standing
S017C003P015R001A042,NTU,staggering,moderate_risk,3.2095,2.0057,0.2747,0.0139,5.602,0.0398,0.0532,0.0199,Walking
S017C003P015R001A043,NTU,falling_down,high_risk,4.5468,4.5425,0.3369,0.0122,4.9232,0.3326,0.0601,0.2019,Lying
S017C003P015R002A008,NTU,sit_down,low_risk,10.5926,9.018,0.1735,0.0113,4.7387,0.1357,0.0524,0.057,Sitting
S017C003P015R002A009,NTU,stand_up,low_risk,18.8398,8.8282,0.0894,0.0106,4.504,0.1191,0.0437,0.0559,Standing
S017C003P015R002A042,NTU,staggering,moderate_risk,5.7459,3.6207,0.2556,0.0195,6.1332,0.0378,0.1027,0.0423,Walking
S017C003P015R002A043,NTU,falling_down,high_risk,14.7756,16.6732,0.2118,0.0195,5.3442,0.2541,0.0762,0.1197,Lying
S017C003P016R001A008,NTU,sit_down,low_risk,3.8567,2.4417,0.243,0.0097,4.5884,0.1281,0.0443,0.1049,Sitting
S017C003P016R001A009,NTU,stand_up,low_risk,2.1719,1.2722,0.1619,0.007,4.3132,0.1456,0.0304,0.0887,Standing
S017C003P016R001A042,NTU,staggering,moderate_risk,2.2836,2.3292,0.2199,0.0187,5.0244,0.0262,0.0754,0.0284,Walking
S017C003P016R001A043,NTU,falling_down,high_risk,10.3352,11.4477,0.1861,0.0149,4.1033,0.2083,0.046,0.1101,Lying
S017C003P016R002A008,NTU,sit_down,low_risk,8.9821,6.1772,0.1754,0.0151,4.6689,0.1365,0.0558,0.0926,Sitting
S017C003P016R002A009,NTU,stand_up,low_risk,8.8466,7.7221,0.097,0.0115,4.4827,0.1544,0.0426,0.0434,Standing
S017C003P016R002A042,NTU,staggering,moderate_risk,5.383,3.2945,0.2123,0.0169,5.4066,0.0231,0.0635,0.0597,Walking
S017C003P016R002A043,NTU,falling_down,high_risk,24.5396,21.1897,0.206,0.0141,4.4245,0.2618,0.0534,0.1453,Lying
S017C003P017R001A008,NTU,sit_down,low_risk,10.7851,8.9051,0.1213,0.051,3.9126,0.1604,0.1047,0.2686,Sitting
S017C003P017R001A009,NTU,stand_up,low_risk,14.134,19.568,0.1843,0.0293,3.6755,0.0638,0.0838,0.2284,Standing
S017C003P017R001A042,NTU,staggering,moderate_risk,3.1008,2.3715,0.264,0.0699,5.0483,0.1172,0.1688,0.03,Walking
S017C003P017R001A043,NTU,falling_down,high_risk,17.7203,15.7499,0.1916,0.033,4.2362,0.1742,0.0898,0.1225,Lying
S017C003P017R002A008,NTU,sit_down,low_risk,65.5034,13.8604,0.4553,0.1048,3.8312,0.0926,0.0901,0.3494,Sitting
S017C003P017R002A009,NTU,stand_up,low_risk,46.0453,6.5445,0.2039,0.0392,4.1546,0.0503,0.0553,0.0615,Standing
S017C003P017R002A042,NTU,staggering,moderate_risk,5.2407,3.7254,0.2477,0.065,4.727,0.0786,0.1916,0.0737,Walking
S017C003P017R002A043,NTU,falling_down,high_risk,29.3535,31.44,0.1955,0.0326,3.9317,0.3368,0.1054,0.4543,Lying
S017C003P020R001A008,NTU,sit_down,low_risk,7.7457,7.4372,0.2261,0.0094,4.6555,0.1688,0.0639,0.1669,Sitting
S017C003P020R001A009,NTU,stand_up,low_risk,2.1861,1.9507,0.1796,0.0042,4.5951,0.1253,0.0302,0.0636,Standing
S017C003P020R001A042,NTU,staggering,moderate_risk,16.0729,14.3644,0.3049,0.0413,5.0931,0.0895,0.1602,0.1849,Walking
S017C003P020R001A043,NTU,falling_down,high_risk,9.8976,8.5311,0.2724,0.014,4.9414,0.1995,0.053,0.2416,Lying
S017C003P020R002A008,NTU,sit_down,low_risk,37.5831,30.913,0.263,0.0206,4.6144,0.2858,0.1104,0.364,Sitting
S017C003P020R002A009,NTU,stand_up,low_risk,14.5061,14.8725,0.2279,0.0113,4.4927,0.1901,0.0476,0.1265,Standing
S017C003P020R002A042,NTU,staggering,moderate_risk,21.9895,19.9065,0.313,0.0251,6.2813,0.0982,0.1367,0.1806,Walking
S017C003P020R002A043,NTU,falling_down,high_risk,41.5238,34.5604,0.3303,0.0186,5.1874,0.3527,0.0824,0.4602,Lying
S018C001P008R001A080,NTU,squat_down,moderate_risk,27.169,13.8934,0.2245,0.029,4.2065,0.2165,0.0776,0.1655,Sitting
S018C001P008R002A080,NTU,squat_down,moderate_risk,33.1029,21.4167,0.204,0.0146,4.5359,0.2772,0.0794,0.2243,Sitting
S018C001P041R001A080,NTU,squat_down,moderate_risk,10.5033,9.2738,0.2166,0.0115,4.6824,0.2927,0.0363,0.1468,Sitting
S018C001P041R002A080,NTU,squat_down,moderate_risk,12.9505,7.2905,0.1879,0.0092,4.7034,0.2675,0.0373,0.1017,Sitting
S018C001P042R001A080,NTU,squat_down,moderate_risk,8.9953,8.6251,0.1594,0.0066,4.3506,0.2581,0.0247,0.0892,Sitting
S018C001P042R002A080,NTU,squat_down,moderate_risk,10.3193,5.5446,0.1392,0.008,4.8784,0.2094,0.0304,0.0357,Sitting
S018C001P043R001A080,NTU,squat_down,moderate_risk,15.1909,15.7835,0.2663,0.0053,4.9385,0.1841,0.031,0.2919,Sitting
S018C001P043R002A080,NTU,squat_down,moderate_risk,22.629,20.4371,0.1879,0.0084,4.6371,0.2306,0.0326,0.1684,Sitting
S018C001P044R001A080,NTU,squat_down,moderate_risk,10.1557,9.4486,0.2347,0.0078,5.0292,0.2251,0.0265,0.1166,Sitting
S018C001P044R002A080,NTU,squat_down,moderate_risk,11.234,9.026,0.2052,0.0027,5.6231,0.0917,0.014,0.0903,Sitting
S018C001P045R001A080,NTU,squat_down,moderate_risk,4.4908,4.6891,0.2157,0.0055,5.2948,0.1619,0.0214,0.0711,Sitting
S018C001P045R002A080,NTU,squat_down,moderate_risk,7.0272,3.73,0.2355,0.0052,5.6631,0.097,0.0236,0.0444,Sitting
S018C002P008R001A080,NTU,squat_down,moderate_risk,35.9916,17.0287,0.1991,0.0179,4.1713,0.1608,0.0574,0.1213,Sitting
S018C002P008R002A080,NTU,squat_down,moderate_risk,22.6422,22.0716,0.2758,0.0165,3.8576,0.3513,0.0968,0.3261,Sitting
S018C002P041R001A080,NTU,squat_down,moderate_risk,13.216,6.2916,0.2282,0.0129,4.499,0.348,0.0438,0.0533,Sitting
S018C002P041R002A080,NTU,squat_down,moderate_risk,1.6378,1.2763,0.2084,0.0111,4.4587,0.2925,0.0351,0.1002,Sitting
S018C002P042R001A080,NTU,squat_down,moderate_risk,13.1703,7.365,0.1878,0.0107,5.0845,0.2731,0.047,0.0942,Sitting
S018C002P042R002A080,NTU,squat_down,moderate_risk,2.1181,0.9988,0.1498,0.0073,4.6398,0.1926,0.0253,0.0423,Sitting
S018C002P043R001A080,NTU,squat_down,moderate_risk,33.0016,25.7109,0.2321,0.0083,4.8244,0.1963,0.0292,0.2098,Sitting
S018C002P043R002A080,NTU,squat_down,moderate_risk,3.9341,2.5395,0.2164,0.0066,4.5245,0.2305,0.0287,0.2622,Sitting
S018C002P044R001A080,NTU,squat_down,moderate_risk,14.8637,12.1001,0.2089,0.0066,5.1681,0.1692,0.0209,0.0802,Sitting
S018C002P044R002A080,NTU,squat_down,moderate_risk,2.2518,2.4721,0.2442,0.0026,5.121,0.098,0.0137,0.1301,Sitting
S018C002P045R001A080,NTU,squat_down,moderate_risk,9.7905,4.4867,0.2156,0.0083,6.0954,0.1432,0.029,0.0463,Sitting
S018C002P045R002A080,NTU,squat_down,moderate_risk,1.7924,1.128,0.2318,0.0041,5.531,0.0989,0.0194,0.1107,Sitting
S018C003P008R001A080,NTU,squat_down,moderate_risk,7.0531,8.9556,0.2034,0.0148,3.8602,0.1954,0.0619,0.2141,Sitting
S018C003P008R002A080,NTU,squat_down,moderate_risk,32.9105,20.1416,0.2188,0.0235,3.9927,0.317,0.0845,0.1539,Sitting
S018C003P041R001A080,NTU,squat_down,moderate_risk,1.8826,1.9101,0.2033,0.0061,4.6229,0.2572,0.0239,0.2107,Sitting
S018C003P041R002A080,NTU,squat_down,moderate_risk,11.3049,3.8222,0.1898,0.0136,4.5287,0.3006,0.0483,0.0659,Sitting
S018C003P042R001A080,NTU,squat_down,moderate_risk,0.9636,0.8155,0.1715,0.0068,4.3708,0.2662,0.023,0.067,Sitting
S018C003P042R002A080,NTU,squat_down,moderate_risk,20.9318,10.3218,0.1357,0.0121,4.3486,0.1889,0.044,0.0394,Sitting
S018C003P043R001A080,NTU,squat_down,moderate_risk,6.4459,5.5303,0.2107,0.0055,4.617,0.1999,0.0204,0.2136,Sitting
S018C003P043R002A080,NTU,squat_down,moderate_risk,21.1927,17.9524,0.2227,0.0094,4.7347,0.1844,0.0313,0.1317,Sitting
S018C003P044R001A080,NTU,squat_down,moderate_risk,2.1735,2.8661,0.172,0.0059,4.5076,0.2297,0.0203,0.1203,Sitting
S018C003P044R002A080,NTU,squat_down,moderate_risk,8.4335,10.3907,0.1989,0.0027,5.1559,0.067,0.0143,0.0529,Sitting
S018C003P045R001A080,NTU,squat_down,moderate_risk,1.6043,0.8034,0.2245,0.0048,5.4407,0.1543,0.0273,0.1069,Sitting
S018C003P045R002A080,NTU,squat_down,moderate_risk,9.7094,4.4158,0.2231,0.007,5.3226,0.084,0.0228,0.0481,Sitting
S019C001P008R001A080,NTU,squat_down,moderate_risk,22.9243,18.5816,0.2153,0.0092,5.5605,0.2276,0.0441,0.2312,Sitting
S019C001P008R002A080,NTU,squat_down,moderate_risk,17.333,11.1996,0.1815,0.0079,4.8942,0.1392,0.027,0.0812,Sitting
S019C001P041R001A080,NTU,squat_down,moderate_risk,8.4121,6.6773,0.2042,0.0087,4.8569,0.2304,0.0327,0.0675,Sitting
S019C001P041R002A080,NTU,squat_down,moderate_risk,14.8724,10.1164,0.1962,0.0115,4.6826,0.2639,0.043,0.098,Sitting
S019C001P042R001A080,NTU,squat_down,moderate_risk,5.7789,4.9463,0.1952,0.0049,5.7094,0.1822,0.0193,0.0555,Sitting
S019C001P042R002A080,NTU,squat_down,moderate_risk,6.0464,4.003,0.2249,0.0049,6.0178,0.1597,0.0196,0.0323,Sitting
S019C001P046R001A080,NTU,squat_down,moderate_risk,5.0828,3.4747,0.1362,0.0319,4.5251,0.2664,0.1378,0.1561,Sitting
S019C001P046R002A080,NTU,squat_down,moderate_risk,38.806,22.9589,0.1336,0.0659,4.1772,0.3461,0.2668,0.7454,Sitting
S019C001P047R001A080,NTU,squat_down,moderate_risk,3.027,0.9239,0.1866,0.0041,5.0611,0.146,0.0151,0.0355,Sitting
S019C001P047R002A080,NTU,squat_down,moderate_risk,11.5893,7.7076,0.177,0.0065,4.7764,0.2111,0.0219,0.0765,Sitting
S019C001P048R001A080,NTU,squat_down,moderate_risk,16.2156,12.9293,0.1873,0.0066,4.8015,0.1763,0.0328,0.1144,Sitting
S019C001P048R002A080,NTU,squat_down,moderate_risk,20.9245,16.3169,0.1915,0.0074,4.6579,0.2721,0.0344,0.1607,Sitting
S019C001P049R001A080,NTU,squat_down,moderate_risk,4.5742,7.3424,0.23,0.0054,5.4913,0.1587,0.027,0.0638,Sitting
S019C001P049R002A080,NTU,squat_down,moderate_risk,12.3546,5.6741,0.1977,0.0089,4.7033,0.2768,0.0343,0.067,Sitting
S019C001P050R001A080,NTU,squat_down,moderate_risk,5.4444,3.1598,0.1977,0.0083,4.8511,0.238,0.0313,0.0361,Sitting
S019C001P050R002A080,NTU,squat_down,moderate_risk,11.0861,5.2294,0.2166,0.0119,4.3453,0.303,0.0451,0.0821,Sitting
S019C001P051R001A080,NTU,squat_down,moderate_risk,2.437,3.0156,0.1918,0.0038,5.0836,0.1413,0.0185,0.0762,Sitting
S019C001P051R002A080,NTU,squat_down,moderate_risk,14.9326,7.2274,0.2144,0.0102,4.0076,0.34,0.0364,0.0669,Sitting
S019C002P008R001A080,NTU,squat_down,moderate_risk,38.1713,16.3853,0.2632,0.0087,5.3201,0.1502,0.0376,0.1607,Sitting
S019C002P008R002A080,NTU,squat_down,moderate_risk,2.3396,0.8544,0.1415,0.0044,4.5287,0.1431,0.0186,0.0863,Sitting
S019C002P041R001A080,NTU,squat_down,moderate_risk,15.196,5.5354,0.1873,0.0098,4.4918,0.2179,0.04,0.0748,Sitting
S019C002P041R002A080,NTU,squat_down,moderate_risk,66.8376,0.6338,0.4406,0.0056,4.256,0.0082,0.0186,0.0101,Sitting
S019C002P042R001A080,NTU,squat_down,moderate_risk,8.5336,7.9334,0.2788,0.0095,5.4495,0.1996,0.0248,0.0165,Sitting
S019C002P042R002A080,NTU,squat_down,moderate_risk,1.1903,0.7189,0.2216,0.0042,5.9753,0.1459,0.0179,0.0244,Sitting
S019C002P046R001A080,NTU,squat_down,moderate_risk,8.2894,9.3316,0.2799,0.1094,3.7224,0.3787,0.3337,0.2554,Sitting
S019C002P046R002A080,NTU,squat_down,moderate_risk,47.5779,37.2002,0.2654,0.027,4.6497,0.5535,0.1172,0.6217,Sitting
S019C002P047R001A080,NTU,squat_down,moderate_risk,13.6234,14.3411,0.2716,0.0059,5.7825,0.1538,0.0241,0.0579,Sitting
S019C002P047R002A080,NTU,squat_down,moderate_risk,39.2218,1.1984,0.5821,0.0181,3.9988,0.0256,0.0358,0.0197,Sitting
S019C002P048R001A080,NTU,squat_down,moderate_risk,22.7097,15.11,0.2398,0.0074,5.0704,0.1352,0.0287,0.1127,Sitting
S019C002P048R002A080,NTU,squat_down,moderate_risk,9.8191,15.3378,0.2711,0.0212,4.3658,0.3984,0.0897,0.2717,Sitting
S019C002P049R001A080,NTU,squat_down,moderate_risk,10.3992,4.7882,0.2318,0.0103,5.2616,0.1491,0.0391,0.0494,Sitting
S019C002P049R002A080,NTU,squat_down,moderate_risk,5.6516,0.2484,0.8678,0.005,3.732,0.0044,0.0172,0.0089,Sitting
S019C002P050R001A080,NTU,squat_down,moderate_risk,6.4184,3.0664,0.2092,0.0106,5.0404,0.2295,0.0411,0.0288,Sitting
S019C002P050R002A080,NTU,squat_down,moderate_risk,3.779,2.4749,0.1755,0.0069,4.8481,0.175,0.0302,0.1179,Sitting
S019C002P051R001A080,NTU,squat_down,moderate_risk,13.671,9.1727,0.2461,0.0061,6.2459,0.1268,0.0242,0.048,Sitting
S019C002P051R002A080,NTU,squat_down,moderate_risk,2.8035,2.1475,0.206,0.0107,3.7827,0.3459,0.0347,0.0957,Sitting
S019C003P008R001A080,NTU,squat_down,moderate_risk,10.7154,8.4721,0.2014,0.0075,4.48,0.2391,0.0314,0.2053,Sitting
S019C003P008R002A080,NTU,squat_down,moderate_risk,18.6103,5.6613,0.2738,0.0057,5.6893,0.1347,0.0282,0.0724,Sitting
S019C003P041R001A080,NTU,squat_down,moderate_risk,2.6194,1.4363,0.2148,0.0101,4.7768,0.2394,0.0349,0.1137,Sitting
S019C003P041R002A080,NTU,squat_down,moderate_risk,17.9524,6.3203,0.2059,0.0151,4.9704,0.2273,0.0546,0.0665,Sitting
S019C003P042R001A080,NTU,squat_down,moderate_risk,1.1829,0.8975,0.1922,0.0061,6.1048,0.1696,0.0189,0.0634,Sitting
S019C003P042R002A080,NTU,squat_down,moderate_risk,4.6957,4.248,0.2647,0.0063,5.6801,0.1497,0.0194,0.0189,Sitting
S019C003P046R001A080,NTU,squat_down,moderate_risk,4.1957,2.432,0.1582,0.0135,5.0367,0.2566,0.0829,0.1742,Sitting
S019C003P046R002A080,NTU,squat_down,moderate_risk,38.8301,34.823,0.2328,0.0732,4.4517,0.4814,0.2747,0.5262,Sitting
S019C003P047R001A080,NTU,squat_down,moderate_risk,2.7,3.2349,0.2103,0.0042,5.3321,0.1457,0.0145,0.0558,Sitting
S019C003P047R002A080,NTU,squat_down,moderate_risk,10.4455,3.3476,0.2188,0.0049,5.0945,0.141,0.02,0.0708,Sitting
S019C003P048R001A080,NTU,squat_down,moderate_risk,6.4452,7.9343,0.2381,0.0061,4.9435,0.1639,0.0344,0.2499,Sitting
S019C003P048R002A080,NTU,squat_down,moderate_risk,21.0031,16.9802,0.2318,0.0135,4.2179,0.2533,0.0337,0.152,Sitting
S019C003P049R001A080,NTU,squat_down,moderate_risk,1.4108,1.1639,0.2377,0.0051,5.6335,0.1489,0.0282,0.1032,Sitting
S019C003P049R002A080,NTU,squat_down,moderate_risk,18.3865,11.396,0.2002,0.0089,4.6527,0.2356,0.0329,0.109,Sitting
S019C003P050R001A080,NTU,squat_down,moderate_risk,1.8088,1.6133,0.2008,0.007,4.593,0.259,0.025,0.0359,Sitting
S019C003P050R002A080,NTU,squat_down,moderate_risk,14.865,11.7868,0.1864,0.0127,4.5123,0.2424,0.0452,0.1489,Sitting
S019C003P051R001A080,NTU,squat_down,moderate_risk,0.9908,0.6585,0.2168,0.0031,5.2458,0.1401,0.0172,0.18,Sitting
S019C003P051R002A080,NTU,squat_down,moderate_risk,16.4999,10.5251,0.1896,0.0112,4.4424,0.2534,0.0463,0.0899,Sitting
S020C001P008R001A080,NTU,squat_down,moderate_risk,28.6604,19.4879,0.188,0.0072,4.5155,0.2794,0.0295,0.2215,Sitting
S020C001P008R002A080,NTU,squat_down,moderate_risk,15.4612,12.3119,0.2441,0.0083,5.1667,0.2536,0.0385,0.1317,Sitting
S020C001P041R001A080,NTU,squat_down,moderate_risk,11.3425,8.5608,0.2037,0.0064,5.0914,0.2157,0.0287,0.0928,Sitting
S020C001P041R002A080,NTU,squat_down,moderate_risk,10.0075,10.5668,0.2294,0.007,6.2759,0.1991,0.0326,0.1166,Sitting
S020C001P043R001A080,NTU,squat_down,moderate_risk,19.7232,11.8341,0.204,0.0095,4.2529,0.1917,0.0327,0.099,Sitting
S020C001P043R002A080,NTU,squat_down,moderate_risk,17.1955,17.548,0.1754,0.0065,5.163,0.1742,0.0351,0.1349,Sitting
S020C001P044R001A080,NTU,squat_down,moderate_risk,11.9701,10.7238,0.2081,0.0067,5.6696,0.2246,0.0313,0.0933,Sitting
S020C001P044R002A080,NTU,squat_down,moderate_risk,13.8547,9.7575,0.176,0.0061,5.0014,0.2108,0.0297,0.0627,Sitting
S020C001P052R001A080,NTU,squat_down,moderate_risk,12.5206,11.0081,0.1999,0.0101,4.5829,0.2677,0.0323,0.0958,Sitting
S020C001P052R002A080,NTU,squat_down,moderate_risk,10.4017,9.452,0.2129,0.0059,4.9152,0.2159,0.0221,0.0912,Sitting
S020C001P053R001A080,NTU,squat_down,moderate_risk,11.3819,8.4525,0.1663,0.0079,4.793,0.1446,0.0299,0.0515,Sitting
S020C001P053R002A080,NTU,squat_down,moderate_risk,10.1394,8.1501,0.2174,0.0079,5.1416,0.1625,0.033,0.065,Sitting
S020C001P054R001A080,NTU,squat_down,moderate_risk,12.4464,9.7729,0.1839,0.0035,5.2537,0.1295,0.019,0.0885,Sitting
S020C001P054R002A080,NTU,squat_down,moderate_risk,12.1161,10.5877,0.2105,0.004,5.3104,0.1461,0.0214,0.0944,Sitting
S020C002P008R001A080,NTU,squat_down,moderate_risk,30.7333,16.1453,0.2436,0.0107,4.5148,0.2312,0.0395,0.1566,Sitting
S020C002P008R002A080,NTU,squat_down,moderate_risk,5.4029,4.84,0.2138,0.0071,4.7511,0.2093,0.0342,0.2566,Sitting
S020C002P041R001A080,NTU,squat_down,moderate_risk,35.6035,6.7359,0.27,0.0136,2.8735,0.1994,0.0533,0.6783,Sitting
S020C002P041R002A080,NTU,squat_down,moderate_risk,4.0175,8.8286,0.2282,0.0074,5.6998,0.2197,0.0343,0.1747,Sitting
S020C002P043R001A080,NTU,squat_down,moderate_risk,30.9425,18.1537,0.2527,0.0106,4.5551,0.1678,0.0417,0.1218,Sitting
S020C002P043R002A080,NTU,squat_down,moderate_risk,3.6576,3.3225,0.2194,0.0068,5.7084,0.1761,0.0295,0.1939,Sitting
S020C002P044R001A080,NTU,squat_down,moderate_risk,24.3297,10.2077,0.2424,0.0068,5.3518,0.2028,0.0204,0.0751,Sitting
S020C002P044R002A080,NTU,squat_down,moderate_risk,2.4275,2.4742,0.1973,0.0062,4.7282,0.2229,0.0263,0.1463,Sitting
S020C002P052R001A080,NTU,squat_down,moderate_risk,27.39,13.2556,0.22,0.0122,4.498,0.233,0.0349,0.1175,Sitting
S020C002P052R002A080,NTU,squat_down,moderate_risk,2.9445,2.1657,0.2087,0.0074,4.7629,0.2239,0.0317,0.1222,Sitting
S020C002P053R001A080,NTU,squat_down,moderate_risk,15.5966,8.834,0.1497,0.0124,4.6498,0.1388,0.0364,0.0519,Sitting
S020C002P053R002A080,NTU,squat_down,moderate_risk,3.5466,2.528,0.1453,0.0048,4.4997,0.1642,0.0171,0.0869,Sitting
S020C002P054R001A080,NTU,squat_down,moderate_risk,11.2999,9.2287,0.2967,0.0048,5.4701,0.1064,0.0172,0.0598,Sitting
S020C002P054R002A080,NTU,squat_down,moderate_risk,1.6606,1.0347,0.2471,0.0033,5.297,0.1457,0.0203,0.2478,Sitting
S020C003P008R001A080,NTU,squat_down,moderate_risk,4.5848,4.7157,0.1738,0.0095,3.8183,0.3352,0.0296,0.1669,Sitting
S020C003P008R002A080,NTU,squat_down,moderate_risk,28.9717,26.3315,0.2052,0.0127,4.3317,0.278,0.0597,0.3043,Sitting
S020C003P041R001A080,NTU,squat_down,moderate_risk,2.0817,2.1387,0.1893,0.0069,4.6306,0.2283,0.0246,0.0876,Sitting
S020C003P041R002A080,NTU,squat_down,moderate_risk,9.7535,5.7641,0.2433,0.0124,5.7056,0.2319,0.0488,0.0816,Sitting
S020C003P043R001A080,NTU,squat_down,moderate_risk,1.8166,0.8927,0.1459,0.0055,4.452,0.1951,0.0222,0.1083,Sitting
S020C003P043R002A080,NTU,squat_down,moderate_risk,42.6895,6.5438,0.2689,0.0292,3.1514,0.0072,0.038,0.0488,Sitting
S020C003P044R001A080,NTU,squat_down,moderate_risk,2.0964,1.0615,0.1726,0.0059,4.7438,0.2249,0.0204,0.0641,Sitting
S020C003P044R002A080,NTU,squat_down,moderate_risk,27.9899,12.9612,0.2056,0.0116,4.4124,0.1988,0.0385,0.1,Sitting
S020C003P052R001A080,NTU,squat_down,moderate_risk,2.4088,1.2597,0.2069,0.0083,4.3144,0.2632,0.0237,0.0449,Sitting
S020C003P052R002A080,NTU,squat_down,moderate_risk,10.5206,12.3341,0.2474,0.0059,5.1981,0.1603,0.0214,0.1011,Sitting
S020C003P053R001A080,NTU,squat_down,moderate_risk,1.2697,1.0914,0.1478,0.0053,4.7592,0.1388,0.022,0.0529,Sitting
S020C003P053R002A080,NTU,squat_down,moderate_risk,6.8376,4.3748,0.171,0.0237,4.4296,0.2879,0.0981,0.1831,Sitting
S020C003P054R001A080,NTU,squat_down,moderate_risk,2.5913,2.0709,0.1937,0.0032,5.0999,0.1407,0.0151,0.0536,Sitting
S020C003P054R002A080,NTU,squat_down,moderate_risk,13.3527,13.2547,0.2328,0.0075,4.7691,0.1515,0.0288,0.0939,Sitting
S021C001P055R001A080,NTU,squat_down,moderate_risk,4.1637,1.7431,0.2809,0.0012,6.5581,0.0201,0.0104,0.0145,Sitting
S021C001P055R002A080,NTU,squat_down,moderate_risk,5.0416,2.0642,0.2521,0.0013,5.9407,0.0307,0.0138,0.0287,Sitting
S021C001P056R001A080,NTU,squat_down,moderate_risk,9.327,8.9423,0.261,0.0071,5.7629,0.1725,0.0302,0.1094,Sitting
S021C001P056R002A080,NTU,squat_down,moderate_risk,14.93,14.9293,0.2416,0.0065,5.3149,0.2163,0.0356,0.1405,Sitting
S021C001P057R001A080,NTU,squat_down,moderate_risk,13.8227,10.3655,0.2406,0.0093,4.8706,0.2827,0.0329,0.1227,Sitting
S021C001P057R002A080,NTU,squat_down,moderate_risk,13.0585,10.9146,0.2392,0.0062,5.1842,0.2253,0.0261,0.1433,Sitting
S021C001P058R001A080,NTU,squat_down,moderate_risk,12.6333,10.8951,0.2138,0.0056,5.179,0.1824,0.0241,0.1319,Sitting
S021C001P058R002A080,NTU,squat_down,moderate_risk,15.3589,12.8051,0.209,0.0068,4.9138,0.2165,0.0254,0.0974,Sitting
S021C001P059R001A080,NTU,squat_down,moderate_risk,11.6986,9.1289,0.1943,0.0067,5.0577,0.2067,0.027,0.1371,Sitting
S021C001P059R002A080,NTU,squat_down,moderate_risk,13.6986,10.1707,0.202,0.0057,5.0836,0.2043,0.0279,0.1009,Sitting
S021C001P060R001A080,NTU,squat_down,moderate_risk,15.3114,12.0068,0.1884,0.0066,4.5628,0.2324,0.0239,0.1421,Sitting
S021C001P060R002A080,NTU,squat_down,moderate_risk,17.3807,13.4116,0.1796,0.0054,4.8643,0.2145,0.0232,0.0801,Sitting
S021C002P055R001A080,NTU,squat_down,moderate_risk,13.138,2.8178,0.2735,0.0014,5.3329,0.025,0.0093,0.0152,Sitting
S021C002P055R002A080,NTU,squat_down,moderate_risk,2.2479,0.8557,0.2464,0.0014,5.8735,0.0319,0.0118,0.0065,Sitting
S021C002P056R001A080,NTU,squat_down,moderate_risk,9.7195,2.9906,0.2199,0.0036,5.7869,0.0171,0.0076,0.0174,Sitting
S021C002P056R002A080,NTU,squat_down,moderate_risk,5.477,6.9246,0.2521,0.0058,4.957,0.1876,0.0263,0.1672,Sitting
S021C002P057R001A080,NTU,squat_down,moderate_risk,11.7856,10.1376,0.2369,0.0104,4.5762,0.1986,0.0232,0.0608,Sitting
S021C002P057R002A080,NTU,squat_down,moderate_risk,3.4443,3.4241,0.2516,0.0081,4.8872,0.2532,0.0364,0.2258,Sitting
S021C002P058R001A080,NTU,squat_down,moderate_risk,24.2967,19.6281,0.2423,0.0071,5.2567,0.1653,0.0296,0.0974,Sitting
S021C002P058R002A080,NTU,squat_down,moderate_risk,8.6424,9.4737,0.2125,0.0065,4.8729,0.2275,0.0234,0.2092,Sitting
S021C002P059R001A080,NTU,squat_down,moderate_risk,11.1639,8.6013,0.2395,0.009,5.168,0.1954,0.0437,0.0494,Sitting
S021C002P059R002A080,NTU,squat_down,moderate_risk,2.4468,2.0782,0.2133,0.0072,4.7501,0.2339,0.0292,0.1749,Sitting
S021C002P060R001A080,NTU,squat_down,moderate_risk,15.2694,11.6593,0.2426,0.008,4.9508,0.2043,0.0278,0.0731,Sitting
S021C002P060R002A080,NTU,squat_down,moderate_risk,6.0655,6.3647,0.1969,0.0057,4.7658,0.2051,0.0238,0.1691,Sitting
S021C003P055R001A080,NTU,squat_down,moderate_risk,1.3619,0.7818,0.1954,0.0046,5.2447,0.1407,0.0206,0.0279,Sitting
S021C003P055R002A080,NTU,squat_down,moderate_risk,10.4786,6.1733,0.2101,0.0182,5.2304,0.1419,0.0535,0.0287,Sitting
S021C003P056R001A080,NTU,squat_down,moderate_risk,1.9857,1.8598,0.1873,0.006,4.5733,0.2242,0.0214,0.1008,Sitting
S021C003P056R002A080,NTU,squat_down,moderate_risk,11.7167,11.7424,0.2094,0.0069,5.0055,0.1657,0.0325,0.0951,Sitting
S021C003P057R001A080,NTU,squat_down,moderate_risk,2.0842,2.424,0.2178,0.0069,4.5815,0.2934,0.0284,0.2502,Sitting
S021C003P057R002A080,NTU,squat_down,moderate_risk,24.944,9.4244,0.2291,0.006,4.665,0.2076,0.0243,0.1115,Sitting
S021C003P058R001A080,NTU,squat_down,moderate_risk,1.1393,0.8965,0.1868,0.0053,4.8242,0.2051,0.0225,0.127,Sitting
S021C003P058R002A080,NTU,squat_down,moderate_risk,19.975,16.3261,0.2263,0.008,4.4391,0.211,0.0354,0.124,Sitting
S021C003P059R001A080,NTU,squat_down,moderate_risk,3.1561,2.2803,0.199,0.0063,4.7928,0.2289,0.0275,0.1067,Sitting
S021C003P059R002A080,NTU,squat_down,moderate_risk,12.3118,10.2224,0.2449,0.0084,4.4818,0.1964,0.0317,0.0701,Sitting
S021C003P060R001A080,NTU,squat_down,moderate_risk,1.8269,1.3551,0.184,0.0057,4.6048,0.2237,0.0268,0.141,Sitting
S021C003P060R002A080,NTU,squat_down,moderate_risk,15.5413,10.8895,0.2851,0.0122,4.8796,0.1933,0.0473,0.0424,Sitting
S022C001P061R001A080,NTU,squat_down,moderate_risk,12.3753,12.4898,0.253,0.0058,5.9322,0.1679,0.0295,0.1597,Sitting
S022C001P061R002A080,NTU,squat_down,moderate_risk,8.8846,7.2667,0.2001,0.0069,5.6024,0.2003,0.0331,0.1059,Sitting
S022C001P062R001A080,NTU,squat_down,moderate_risk,12.6704,11.5851,0.2101,0.0075,5.1385,0.1872,0.0277,0.1594,Sitting
S022C001P062R002A080,NTU,squat_down,moderate_risk,13.922,13.8852,0.1923,0.0058,5.4131,0.1711,0.0254,0.1402,Sitting
S022C001P063R001A080,NTU,squat_down,moderate_risk,17.8876,16.2637,0.2124,0.0062,5.0106,0.2246,0.0288,0.1836,Sitting
S022C001P063R002A080,NTU,squat_down,moderate_risk,9.8627,8.1751,0.1882,0.0059,5.0923,0.1657,0.0282,0.0716,Sitting
S022C001P064R001A080,NTU,squat_down,moderate_risk,11.8808,13.0216,0.2538,0.0046,5.3243,0.1098,0.017,0.1245,Sitting
S022C001P064R002A080,NTU,squat_down,moderate_risk,17.2802,15.4365,0.1935,0.0046,5.0779,0.1741,0.0231,0.1442,Sitting
S022C001P065R001A080,NTU,squat_down,moderate_risk,12.8544,9.7289,0.2068,0.0077,5.3305,0.1906,0.0367,0.1467,Sitting
S022C001P065R002A080,NTU,squat_down,moderate_risk,28.6512,25.5657,0.1723,0.0085,4.4302,0.2803,0.0323,0.2641,Sitting
S022C001P066R001A080,NTU,squat_down,moderate_risk,12.0764,12.9838,0.2291,0.0054,6.0562,0.1329,0.0266,0.1103,Sitting
S022C001P066R002A080,NTU,squat_down,moderate_risk,23.1089,23.1975,0.2291,0.0059,5.2009,0.2345,0.0264,0.219,Sitting
S022C001P067R001A080,NTU,squat_down,moderate_risk,9.0147,9.1759,0.2155,0.0065,5.6653,0.2084,0.0263,0.095,Sitting
S022C001P067R002A080,NTU,squat_down,moderate_risk,3.9222,1.6535,0.2258,0.0055,5.9052,0.202,0.0219,0.0517,Sitting
S022C002P061R001A080,NTU,squat_down,moderate_risk,9.6357,9.5649,0.2347,0.0072,5.7462,0.1703,0.0307,0.0852,Sitting
S022C002P061R002A080,NTU,squat_down,moderate_risk,12.692,10.1855,0.2276,0.0133,5.2595,0.1864,0.0651,0.1922,Sitting
S022C002P062R001A080,NTU,squat_down,moderate_risk,16.8382,5.5164,0.2624,0.0068,4.8617,0.1441,0.024,0.0285,Sitting
S022C002P062R002A080,NTU,squat_down,moderate_risk,1.3211,1.697,0.1986,0.0043,4.9544,0.1483,0.0218,0.1897,Sitting
S022C002P063R001A080,NTU,squat_down,moderate_risk,23.5138,19.7375,0.2329,0.0082,4.7757,0.191,0.034,0.1321,Sitting
S022C002P063R002A080,NTU,squat_down,moderate_risk,3.5253,2.5923,0.3495,0.0095,6.168,0.0667,0.0663,0.1812,Sitting
S022C002P064R001A080,NTU,squat_down,moderate_risk,3.4903,3.3516,0.2291,0.0113,4.8097,0.0532,0.0458,0.0977,Sitting
S022C002P064R002A080,NTU,squat_down,moderate_risk,8.9697,4.6053,0.234,0.0091,4.2648,0.0424,0.054,0.1453,Sitting
S022C002P065R001A080,NTU,squat_down,moderate_risk,13.0124,11.9697,0.2372,0.0055,5.3446,0.1614,0.0265,0.0969,Sitting
S022C002P065R002A080,NTU,squat_down,moderate_risk,5.9258,4.3309,0.1698,0.0095,5.3996,0.1284,0.0756,0.1436,Sitting
S022C002P066R001A080,NTU,squat_down,moderate_risk,8.5059,7.7118,0.2466,0.0061,5.8777,0.1186,0.0308,0.0483,Sitting
S022C002P066R002A080,NTU,squat_down,moderate_risk,1.9864,1.4635,0.2111,0.0079,4.8808,0.2213,0.0364,0.2281,Sitting
S022C002P067R001A080,NTU,squat_down,moderate_risk,3.1023,1.2804,0.1746,0.0313,3.4172,0.2196,0.0615,0.0808,Sitting
S022C002P067R002A080,NTU,squat_down,moderate_risk,0.8178,0.4895,0.1852,0.0055,5.3261,0.1882,0.0159,0.0475,Sitting
S022C003P061R001A080,NTU,squat_down,moderate_risk,4.0187,3.2716,0.1924,0.0062,4.7651,0.2386,0.0251,0.1368,Sitting
S022C003P061R002A080,NTU,squat_down,moderate_risk,12.2087,9.279,0.2549,0.0072,5.7413,0.1449,0.0335,0.0662,Sitting
S022C003P062R001A080,NTU,squat_down,moderate_risk,4.5227,4.6871,0.1823,0.007,4.6154,0.2259,0.0319,0.2041,Sitting
S022C003P062R002A080,NTU,squat_down,moderate_risk,10.4045,6.3324,0.2512,0.0094,5.8521,0.1738,0.0469,0.038,Sitting
S022C003P063R001A080,NTU,squat_down,moderate_risk,3.5661,3.7548,0.2099,0.0091,4.3921,0.2715,0.0349,0.1648,Sitting
S022C003P063R002A080,NTU,squat_down,moderate_risk,16.589,11.1673,0.2114,0.0113,4.8147,0.1893,0.0447,0.0479,Sitting
S022C003P064R001A080,NTU,squat_down,moderate_risk,4.5681,6.3297,0.2095,0.0041,5.0184,0.1302,0.0173,0.2056,Sitting
S022C003P064R002A080,NTU,squat_down,moderate_risk,15.1224,12.8395,0.2072,0.0095,4.2213,0.186,0.0416,0.1147,Sitting
S022C003P065R001A080,NTU,squat_down,moderate_risk,4.9296,4.1195,0.1774,0.009,4.5313,0.2167,0.0463,0.1717,Sitting
S022C003P065R002A080,NTU,squat_down,moderate_risk,24.0702,16.8296,0.2238,0.0081,5.0846,0.2469,0.0318,0.1054,Sitting
S022C003P066R001A080,NTU,squat_down,moderate_risk,2.6071,1.7659,0.1977,0.0058,5.1582,0.1853,0.023,0.1196,Sitting
S022C003P066R002A080,NTU,squat_down,moderate_risk,26.125,21.9275,0.2325,0.0135,4.6172,0.2303,0.0538,0.1608,Sitting
S022C003P067R001A080,NTU,squat_down,moderate_risk,0.7206,0.5141,0.1865,0.0055,4.9718,0.2329,0.0203,0.0944,Sitting
S022C003P067R002A080,NTU,squat_down,moderate_risk,6.907,5.2645,0.2462,0.0075,5.2352,0.2251,0.0287,0.0337,Sitting
S023C001P055R001A080,NTU,squat_down,moderate_risk,8.4707,7.1212,0.2218,0.005,5.3097,0.1312,0.0245,0.0665,Sitting
S023C001P055R002A080,NTU,squat_down,moderate_risk,7.2474,7.633,0.2072,0.0077,5.2097,0.1551,0.0311,0.0701,Sitting
S023C001P056R001A080,NTU,squat_down,moderate_risk,14.5219,11.669,0.1983,0.0095,4.2646,0.1551,0.0306,0.0865,Sitting
S023C001P056R002A080,NTU,squat_down,moderate_risk,11.9326,11.4647,0.2189,0.0109,4.4915,0.1681,0.0283,0.1062,Sitting
S023C001P057R001A080,NTU,squat_down,moderate_risk,15.9709,13.7813,0.2254,0.0059,5.0935,0.2403,0.0338,0.1922,Sitting
S023C001P057R002A080,NTU,squat_down,moderate_risk,17.3574,17.3599,0.2506,0.005,5.161,0.203,0.0254,0.161,Sitting
S023C001P058R001A080,NTU,squat_down,moderate_risk,13.0104,11.8359,0.2208,0.0064,5.1551,0.1773,0.0241,0.1298,Sitting
S023C001P058R002A080,NTU,squat_down,moderate_risk,13.0937,12.1954,0.1966,0.005,4.8791,0.1849,0.0212,0.1152,Sitting
S023C001P059R001A080,NTU,squat_down,moderate_risk,11.1427,10.5647,0.2215,0.0046,5.2497,0.1343,0.0212,0.1306,Sitting
S023C001P059R002A080,NTU,squat_down,moderate_risk,11.6265,10.3398,0.2474,0.0042,5.4799,0.1207,0.0249,0.1418,Sitting
S023C001P060R001A080,NTU,squat_down,moderate_risk,11.6512,10.6571,0.2184,0.006,5.1353,0.1665,0.0223,0.0932,Sitting
S023C001P060R002A080,NTU,squat_down,moderate_risk,9.2987,8.7352,0.2017,0.0055,5.2831,0.1629,0.0214,0.0732,Sitting
S023C001P061R001A080,NTU,squat_down,moderate_risk,12.6329,12.3736,0.1964,0.0049,5.1327,0.1614,0.0224,0.1198,Sitting
S023C001P061R002A080,NTU,squat_down,moderate_risk,15.1396,14.956,0.1894,0.0068,5.5779,0.2251,0.0455,0.1687,Sitting
S023C001P062R001A080,NTU,squat_down,moderate_risk,11.1743,10.572,0.2633,0.0048,6.1032,0.1354,0.0242,0.1246,Sitting
S023C001P062R002A080,NTU,squat_down,moderate_risk,7.4046,8.5745,0.1672,0.0043,5.2916,0.159,0.022,0.1106,Sitting
S023C001P063R001A080,NTU,squat_down,moderate_risk,22.8999,20.2858,0.2384,0.0062,4.9646,0.2533,0.0328,0.2048,Sitting
S023C001P063R002A080,NTU,squat_down,moderate_risk,13.7323,14.1255,0.216,0.0061,4.9142,0.2367,0.0282,0.1738,Sitting
S023C001P064R001A080,NTU,squat_down,moderate_risk,19.1805,19.4419,0.2196,0.0051,5.2471,0.1732,0.0252,0.1877,Sitting
S023C001P064R002A080,NTU,squat_down,moderate_risk,21.3616,18.2558,0.1722,0.0081,4.5439,0.1932,0.0426,0.2104,Sitting
S023C001P065R001A080,NTU,squat_down,moderate_risk,14.6124,16.3393,0.1958,0.006,4.9607,0.2063,0.0252,0.1383,Sitting
S023C001P065R002A080,NTU,squat_down,moderate_risk,8.9927,11.0321,0.2175,0.0056,5.267,0.1827,0.0267,0.1219,Sitting
S023C001P066R001A080,NTU,squat_down,moderate_risk,14.0783,13.4205,0.2558,0.0054,5.8711,0.1568,0.0226,0.1126,Sitting
S023C001P066R002A080,NTU,squat_down,moderate_risk,6.4303,4.7263,0.1949,0.0065,5.1473,0.1747,0.0286,0.0772,Sitting
S023C001P067R001A080,NTU,squat_down,moderate_risk,8.201,6.1254,0.2247,0.0043,5.664,0.1624,0.0168,0.07,Sitting
S023C001P067R002A080,NTU,squat_down,moderate_risk,3.2241,0.9501,0.2064,0.0037,5.4925,0.1048,0.0129,0.0234,Sitting
S023C001P068R001A080,NTU,squat_down,moderate_risk,11.118,11.9211,0.236,0.0078,5.2009,0.1424,0.0216,0.1176,Sitting
S023C001P068R002A080,NTU,squat_down,moderate_risk,16.9438,16.0803,0.2425,0.0057,5.3893,0.1646,0.028,0.1773,Sitting
S023C002P055R001A080,NTU,squat_down,moderate_risk,9.4634,7.795,0.2531,0.009,5.4281,0.0994,0.0276,0.0305,Sitting
S023C002P055R002A080,NTU,squat_down,moderate_risk,2.4078,0.6801,0.2273,0.0044,5.2582,0.1518,0.0222,0.1135,Sitting
S023C002P056R001A080,NTU,squat_down,moderate_risk,13.7297,3.6254,0.2165,0.0121,4.4896,0.1365,0.0318,0.0383,Sitting
S023C002P056R002A080,NTU,squat_down,moderate_risk,2.1756,2.4341,0.23,0.0087,4.3058,0.1558,0.0242,0.2,Sitting
S023C002P057R001A080,NTU,squat_down,moderate_risk,24.9513,22.2554,0.2369,0.0076,4.33,0.2324,0.0328,0.1232,Sitting
S023C002P057R002A080,NTU,squat_down,moderate_risk,10.804,17.0709,0.2778,0.0051,4.7947,0.2252,0.0272,0.3912,Sitting
S023C002P058R001A080,NTU,squat_down,moderate_risk,17.8396,13.291,0.2286,0.0105,4.7392,0.1747,0.0273,0.0584,Sitting
S023C002P058R002A080,NTU,squat_down,moderate_risk,4.1273,4.3667,0.2484,0.0041,5.0262,0.1857,0.0218,0.2902,Sitting
S023C002P059R001A080,NTU,squat_down,moderate_risk,12.8444,12.7189,0.2216,0.0055,5.3688,0.1447,0.0257,0.0936,Sitting
S023C002P059R002A080,NTU,squat_down,moderate_risk,1.5861,3.2922,0.2562,0.0032,5.1948,0.1301,0.0188,0.2812,Sitting
S023C002P060R001A080,NTU,squat_down,moderate_risk,12.5855,13.598,0.2306,0.0067,5.4919,0.1473,0.0264,0.0618,Sitting
S023C002P060R002A080,NTU,squat_down,moderate_risk,2.2841,2.6374,0.2278,0.004,5.136,0.1526,0.0175,0.2061,Sitting
S023C002P061R001A080,NTU,squat_down,moderate_risk,9.9928,5.991,0.2065,0.008,5.1001,0.1494,0.0322,0.0568,Sitting
S023C002P061R002A080,NTU,squat_down,moderate_risk,3.3041,6.0172,0.2427,0.0064,5.1327,0.2268,0.0286,0.2052,Sitting
S023C002P062R001A080,NTU,squat_down,moderate_risk,11.078,9.7654,0.2788,0.0084,5.8879,0.1606,0.0372,0.0388,Sitting
S023C002P062R002A080,NTU,squat_down,moderate_risk,1.7866,1.6102,0.2096,0.0048,5.2163,0.1451,0.02,0.1187,Sitting
S023C002P063R001A080,NTU,squat_down,moderate_risk,19.9466,7.9124,0.2395,0.0184,4.2977,0.293,0.0462,0.036,Sitting
S023C002P063R002A080,NTU,squat_down,moderate_risk,9.6035,18.0877,0.2464,0.0073,4.5549,0.2998,0.0451,0.3862,Sitting
S023C002P064R001A080,NTU,squat_down,moderate_risk,18.7927,16.3127,0.2015,0.0112,4.894,0.1829,0.0366,0.0822,Sitting
S023C002P064R002A080,NTU,squat_down,moderate_risk,20.771,23.1025,0.212,0.0137,4.1873,0.2356,0.0526,0.2967,Sitting
S023C002P065R001A080,NTU,squat_down,moderate_risk,18.5585,14.8807,0.234,0.0059,5.108,0.1909,0.0299,0.0694,Sitting
S023C002P065R002A080,NTU,squat_down,moderate_risk,3.3639,3.4534,0.2359,0.0049,5.1127,0.1964,0.0306,0.2457,Sitting
S023C002P066R001A080,NTU,squat_down,moderate_risk,13.6702,9.7457,0.2643,0.0091,6.8632,0.1342,0.0312,0.0427,Sitting
S023C002P066R002A080,NTU,squat_down,moderate_risk,2.6846,1.9052,0.1841,0.0062,4.8836,0.1632,0.021,0.0921,Sitting
S023C002P067R001A080,NTU,squat_down,moderate_risk,7.2801,5.2468,0.2107,0.0052,5.4455,0.1333,0.0223,0.0225,Sitting
S023C002P067R002A080,NTU,squat_down,moderate_risk,1.19,0.3949,0.2269,0.003,5.7614,0.1038,0.0123,0.0374,Sitting
S023C002P068R001A080,NTU,squat_down,moderate_risk,15.5079,9.658,0.1919,0.0071,4.558,0.1461,0.0283,0.0396,Sitting
S023C002P068R002A080,NTU,squat_down,moderate_risk,5.7578,7.3989,0.2435,0.0058,4.6917,0.1563,0.0256,0.2215,Sitting
S023C003P055R001A080,NTU,squat_down,moderate_risk,1.6902,1.3769,0.2433,0.0058,5.1096,0.1522,0.024,0.0595,Sitting
S023C003P055R002A080,NTU,squat_down,moderate_risk,16.5953,7.4175,0.2203,0.0135,5.1536,0.1526,0.0609,0.0295,Sitting
S023C003P056R001A080,NTU,squat_down,moderate_risk,1.4481,1.9249,0.2176,0.0089,4.5313,0.188,0.0303,0.1201,Sitting
S023C003P056R002A080,NTU,squat_down,moderate_risk,7.8862,4.9094,0.1914,0.0148,4.1559,0.1616,0.0458,0.046,Sitting
S023C003P057R001A080,NTU,squat_down,moderate_risk,3.2255,4.8641,0.2377,0.0057,5.0545,0.2272,0.0537,0.2279,Sitting
S023C003P057R002A080,NTU,squat_down,moderate_risk,23.0611,16.4883,0.2458,0.0065,5.2629,0.1641,0.0272,0.1172,Sitting
S023C003P058R001A080,NTU,squat_down,moderate_risk,3.6316,3.0366,0.2086,0.005,4.6334,0.1955,0.0207,0.1945,Sitting
S023C003P058R002A080,NTU,squat_down,moderate_risk,18.3189,12.1232,0.2355,0.0073,4.876,0.161,0.0239,0.0672,Sitting
S023C003P059R001A080,NTU,squat_down,moderate_risk,1.4852,2.2013,0.2456,0.0038,5.0986,0.1379,0.0217,0.2404,Sitting
S023C003P059R002A080,NTU,squat_down,moderate_risk,16.306,12.1923,0.2327,0.0083,4.7164,0.1711,0.0297,0.0656,Sitting
S023C003P060R001A080,NTU,squat_down,moderate_risk,1.6259,2.3567,0.234,0.005,5.0272,0.1609,0.023,0.1745,Sitting
S023C003P060R002A080,NTU,squat_down,moderate_risk,10.2722,7.301,0.222,0.007,5.1343,0.1386,0.0207,0.042,Sitting
S023C003P061R001A080,NTU,squat_down,moderate_risk,2.6751,3.9353,0.2,0.0071,4.8709,0.1433,0.0294,0.1378,Sitting
S023C003P061R002A080,NTU,squat_down,moderate_risk,12.1091,6.2506,0.2125,0.0086,5.5748,0.2357,0.0362,0.094,Sitting
S023C003P062R001A080,NTU,squat_down,moderate_risk,1.5144,1.0914,0.2444,0.0056,4.7385,0.1553,0.0291,0.2111,Sitting
S023C003P062R002A080,NTU,squat_down,moderate_risk,16.7405,5.7273,0.2403,0.0085,5.8647,0.1762,0.0274,0.038,Sitting
S023C003P063R001A080,NTU,squat_down,moderate_risk,7.2734,6.8615,0.2484,0.0288,3.9552,0.411,0.1015,0.2383,Sitting
S023C003P063R002A080,NTU,squat_down,moderate_risk,13.8174,10.6887,0.2278,0.0141,4.4529,0.2259,0.0377,0.0727,Sitting
S023C003P064R001A080,NTU,squat_down,moderate_risk,8.3431,7.425,0.2862,0.005,4.7857,0.1546,0.0264,0.2399,Sitting
S023C003P064R002A080,NTU,squat_down,moderate_risk,32.321,17.1767,0.2545,0.011,4.1714,0.1946,0.0379,0.1878,Sitting
S023C003P065R001A080,NTU,squat_down,moderate_risk,7.2722,8.6881,0.2247,0.0162,4.474,0.2854,0.0682,0.2125,Sitting
S023C003P065R002A080,NTU,squat_down,moderate_risk,13.2798,13.986,0.1942,0.0069,4.8284,0.1394,0.0248,0.0995,Sitting
S023C003P066R001A080,NTU,squat_down,moderate_risk,1.577,1.0024,0.207,0.0056,5.0122,0.1547,0.0235,0.1701,Sitting
S023C003P066R002A080,NTU,squat_down,moderate_risk,16.2768,9.3391,0.2673,0.0189,5.1979,0.1274,0.052,0.0392,Sitting
S023C003P067R001A080,NTU,squat_down,moderate_risk,1.8673,1.8498,0.1979,0.0045,5.4119,0.1815,0.0196,0.1034,Sitting
S023C003P067R002A080,NTU,squat_down,moderate_risk,8.7497,4.2628,0.2722,0.0056,6.2245,0.105,0.0231,0.0242,Sitting
S023C003P068R001A080,NTU,squat_down,moderate_risk,6.1551,9.7519,0.2286,0.0072,4.871,0.1817,0.0304,0.2403,Sitting
S023C003P068R002A080,NTU,squat_down,moderate_risk,23.7831,17.7108,0.1972,0.0107,4.471,0.1749,0.0381,0.1182,Sitting
S024C001P057R001A080,NTU,squat_down,moderate_risk,6.2238,1.0937,0.1129,0.0027,4.7389,0.0007,0.0642,0.0268,Sitting
S024C001P057R002A080,NTU,squat_down,moderate_risk,18.0467,18.8889,0.2843,0.004,5.8891,0.0945,0.0241,0.1547,Sitting
S024C001P060R001A080,NTU,squat_down,moderate_risk,6.8144,7.2688,0.2276,0.0041,5.8663,0.1101,0.0228,0.1315,Sitting
S024C001P060R002A080,NTU,squat_down,moderate_risk,46.8767,7.4908,3.3237,0.0428,3.6703,0.0016,0.0897,0.1022,Sitting
S024C001P061R001A080,NTU,squat_down,moderate_risk,17.1731,4.4157,0.2923,0.0087,6.4741,0.0012,0.1443,0.1021,Sitting
S024C001P061R002A080,NTU,squat_down,moderate_risk,18.7874,1.4308,0.0858,0.0073,2.7795,0.0017,0.0524,0.0428,Sitting
S024C001P062R001A080,NTU,squat_down,moderate_risk,9.1053,11.6844,0.249,0.0042,6.0667,0.075,0.0206,0.1495,Sitting
S024C001P062R002A080,NTU,squat_down,moderate_risk,7.5645,7.9052,0.2297,0.0065,7.0141,0.1329,0.0353,0.1106,Sitting
S024C001P063R001A080,NTU,squat_down,moderate_risk,17.6609,18.2441,0.2301,0.0048,5.7853,0.1534,0.0333,0.1701,Sitting
S024C001P063R002A080,NTU,squat_down,moderate_risk,13.4141,11.3412,0.2821,0.0062,5.5534,0.1432,0.0283,0.1494,Sitting
S024C001P064R001A080,NTU,squat_down,moderate_risk,19.3885,11.352,0.2491,0.0135,4.7635,0.142,0.0461,0.127,Sitting
S024C001P064R002A080,NTU,squat_down,moderate_risk,6.9437,8.2423,0.2296,0.0089,5.7073,0.143,0.0308,0.1388,Sitting
S024C001P067R001A080,NTU,squat_down,moderate_risk,0.9152,0.6128,0.2187,0.0053,5.6968,0.141,0.0206,0.0453,Sitting
S024C001P067R002A080,NTU,squat_down,moderate_risk,68.1415,5.7528,0.0342,0.006,3.0008,0.0012,0.0446,0.0611,Sitting
S024C002P057R001A080,NTU,squat_down,moderate_risk,25.8938,21.371,0.2441,0.0091,4.492,0.2441,0.0315,0.191,Sitting
S024C002P057R002A080,NTU,squat_down,moderate_risk,10.4015,14.2126,0.2214,0.0038,4.9152,0.1356,0.0252,0.2328,Sitting
S024C002P060R001A080,NTU,squat_down,moderate_risk,22.5815,15.2094,0.1932,0.007,5.171,0.1122,0.0326,0.1163,Sitting
S024C002P060R002A080,NTU,squat_down,moderate_risk,6.8085,9.3209,0.223,0.0045,5.2141,0.1246,0.0193,0.149,Sitting
S024C002P061R001A080,NTU,squat_down,moderate_risk,19.022,14.5548,0.2776,0.0105,4.5756,0.2545,0.0293,0.1895,Sitting
S024C002P061R002A080,NTU,squat_down,moderate_risk,9.4522,7.753,0.199,0.0069,4.8864,0.1944,0.0297,0.1598,Sitting
S024C002P062R001A080,NTU,squat_down,moderate_risk,17.8358,15.8037,0.1994,0.0056,4.7025,0.1192,0.0204,0.1191,Sitting
S024C002P062R002A080,NTU,squat_down,moderate_risk,4.4353,3.7995,0.2089,0.0051,4.989,0.1432,0.0195,0.0895,Sitting
S024C002P063R001A080,NTU,squat_down,moderate_risk,11.0248,11.3973,0.2005,0.0078,4.9582,0.1636,0.0325,0.0815,Sitting
S024C002P063R002A080,NTU,squat_down,moderate_risk,12.4851,13.0987,0.1911,0.0072,4.6666,0.2307,0.0456,0.1753,Sitting
S024C002P064R001A080,NTU,squat_down,moderate_risk,24.3299,16.0321,0.2176,0.014,4.6751,0.2239,0.052,0.091,Sitting
S024C002P064R002A080,NTU,squat_down,moderate_risk,5.4013,4.4499,0.2485,0.0088,5.1906,0.1512,0.0277,0.1791,Sitting
S024C002P067R001A080,NTU,squat_down,moderate_risk,7.788,4.9002,0.2465,0.0058,6.1157,0.1584,0.0239,0.0383,Sitting
S024C002P067R002A080,NTU,squat_down,moderate_risk,0.6013,0.65,0.2314,0.0029,5.5611,0.0979,0.0125,0.0624,Sitting
S024C003P057R001A080,NTU,squat_down,moderate_risk,16.8892,19.3175,0.2647,0.014,4.9128,0.2407,0.0864,0.3642,Sitting
S024C003P057R002A080,NTU,squat_down,moderate_risk,25.4492,17.1148,0.2814,0.0051,5.7626,0.1223,0.0308,0.0841,Sitting
S024C003P060R001A080,NTU,squat_down,moderate_risk,2.5031,3.7685,0.2416,0.0043,5.3388,0.1345,0.02,0.192,Sitting
S024C003P060R002A080,NTU,squat_down,moderate_risk,15.499,15.4275,0.2543,0.0071,5.7743,0.0995,0.0271,0.0641,Sitting
S024C003P061R001A080,NTU,squat_down,moderate_risk,8.0599,11.293,0.2992,0.0056,5.1959,0.1928,0.0434,0.396,Sitting
S024C003P061R002A080,NTU,squat_down,moderate_risk,11.3591,7.4682,0.23,0.0087,5.4745,0.1999,0.0426,0.054,Sitting
S024C003P062R001A080,NTU,squat_down,moderate_risk,3.3351,4.6416,0.2486,0.0041,6.3454,0.0976,0.0195,0.1,Sitting
S024C003P062R002A080,NTU,squat_down,moderate_risk,5.3879,5.8676,0.214,0.0081,5.2402,0.1472,0.0381,0.0374,Sitting
S024C003P063R001A080,NTU,squat_down,moderate_risk,4.6842,4.8856,0.2062,0.0092,4.6435,0.2188,0.0424,0.19,Sitting
S024C003P063R002A080,NTU,squat_down,moderate_risk,23.4207,20.9069,0.2576,0.0102,5.526,0.1711,0.0419,0.0851,Sitting
S024C003P064R001A080,NTU,squat_down,moderate_risk,23.2934,29.3342,0.2648,0.0239,5.0819,0.2273,0.1259,0.3448,Sitting
S024C003P064R002A080,NTU,squat_down,moderate_risk,16.3058,14.282,0.217,0.0075,5.4696,0.1419,0.0355,0.0422,Sitting
S024C003P067R001A080,NTU,squat_down,moderate_risk,1.3339,1.0411,0.1756,0.0041,5.4008,0.1395,0.0152,0.0471,Sitting
S024C003P067R002A080,NTU,squat_down,moderate_risk,4.6479,3.2335,0.2333,0.0059,5.6557,0.0924,0.023,0.0475,Sitting
S025C001P055R001A080,NTU,squat_down,moderate_risk,4.3169,5.1172,0.2491,0.0034,6.6867,0.0548,0.0226,0.0646,Sitting
S025C001P055R002A080,NTU,squat_down,moderate_risk,6.8346,6.5374,0.2764,0.0058,6.0501,0.1187,0.0262,0.0684,Sitting
S025C001P056R001A080,NTU,squat_down,moderate_risk,16.4974,12.9701,0.2928,0.0082,5.1796,0.1455,0.0454,0.1362,Sitting
S025C001P056R002A080,NTU,squat_down,moderate_risk,7.4486,6.1623,0.2833,0.0049,5.8909,0.0699,0.0268,0.0535,Sitting
S025C001P058R001A080,NTU,squat_down,moderate_risk,7.0728,7.5982,0.2619,0.0042,6.3128,0.0992,0.0207,0.0762,Sitting
S025C001P058R002A080,NTU,squat_down,moderate_risk,9.2172,7.8399,0.266,0.0065,5.4581,0.1796,0.0264,0.0834,Sitting
S025C001P059R001A080,NTU,squat_down,moderate_risk,6.4022,6.453,0.2488,0.0048,6.2754,0.0238,0.025,0.1174,Sitting
S025C001P059R002A080,NTU,squat_down,moderate_risk,6.6906,6.3122,0.2357,0.0061,5.9148,0.1185,0.0319,0.084,Sitting
S025C001P065R001A080,NTU,squat_down,moderate_risk,5.9267,6.5002,0.2374,0.0048,5.6851,0.1345,0.0313,0.1196,Sitting
S025C001P065R002A080,NTU,squat_down,moderate_risk,11.7168,14.6266,0.2566,0.0057,5.5249,0.1317,0.0321,0.2632,Sitting
S025C001P066R001A080,NTU,squat_down,moderate_risk,5.4897,5.9031,0.2339,0.0075,6.0191,0.088,0.0312,0.0881,Sitting
S025C001P066R002A080,NTU,squat_down,moderate_risk,7.9726,8.2356,0.2412,0.0062,6.051,0.1002,0.0298,0.1189,Sitting
S025C001P068R001A080,NTU,squat_down,moderate_risk,15.3048,14.4085,0.2583,0.0045,5.2471,0.1518,0.0244,0.1642,Sitting
S025C001P068R002A080,NTU,squat_down,moderate_risk,15.3279,16.1749,0.2448,0.0049,5.2898,0.1394,0.0228,0.1545,Sitting
S025C002P055R001A080,NTU,squat_down,moderate_risk,5.8114,5.1809,0.2089,0.0028,5.6418,0.0527,0.0186,0.0144,Sitting
S025C002P055R002A080,NTU,squat_down,moderate_risk,2.4664,1.3844,0.2383,0.0026,5.5907,0.0801,0.0191,0.0525,Sitting
S025C002P056R001A080,NTU,squat_down,moderate_risk,19.1122,9.419,0.2582,0.0091,5.192,0.1856,0.0391,0.1202,Sitting
S025C002P056R002A080,NTU,squat_down,moderate_risk,2.4657,2.8254,0.2398,0.0035,5.0363,0.0793,0.0197,0.107,Sitting
S025C002P058R001A080,NTU,squat_down,moderate_risk,7.1613,7.6108,0.2575,0.0058,5.3506,0.1066,0.0213,0.0234,Sitting
S025C002P058R002A080,NTU,squat_down,moderate_risk,3.5493,3.5844,0.2088,0.0056,5.0108,0.1728,0.022,0.0868,Sitting
S025C002P059R001A080,NTU,squat_down,moderate_risk,11.0242,7.9831,0.2399,0.0062,5.4853,0.0927,0.0258,0.0351,Sitting
S025C002P059R002A080,NTU,squat_down,moderate_risk,3.0036,1.6953,0.2152,0.006,5.22,0.182,0.0258,0.124,Sitting
S025C002P065R001A080,NTU,squat_down,moderate_risk,10.1448,9.6584,0.1976,0.0066,4.9331,0.1363,0.0243,0.0542,Sitting
S025C002P065R002A080,NTU,squat_down,moderate_risk,7.1751,9.0108,0.1857,0.0065,4.7984,0.2393,0.0346,0.2977,Sitting
S025C002P066R001A080,NTU,squat_down,moderate_risk,14.5225,8.169,0.1832,0.0069,5.4329,0.1073,0.0264,0.0578,Sitting
S025C002P066R002A080,NTU,squat_down,moderate_risk,2.733,1.7136,0.2147,0.0046,5.3633,0.1343,0.0213,0.1191,Sitting
S025C002P068R001A080,NTU,squat_down,moderate_risk,10.7355,8.1166,0.1838,0.0054,4.4965,0.162,0.0259,0.0254,Sitting
S025C002P068R002A080,NTU,squat_down,moderate_risk,7.6083,12.9809,0.2796,0.0052,4.9355,0.1376,0.0285,0.2114,Sitting
S025C003P055R001A080,NTU,squat_down,moderate_risk,3.1187,2.1458,0.252,0.0034,5.6788,0.0693,0.0198,0.0747,Sitting
S025C003P055R002A080,NTU,squat_down,moderate_risk,10.1052,3.3809,0.257,0.0069,5.841,0.0991,0.0336,0.0308,Sitting
S025C003P056R001A080,NTU,squat_down,moderate_risk,9.8926,14.1799,0.3116,0.0125,4.8311,0.2061,0.0658,0.233,Sitting
S025C003P056R002A080,NTU,squat_down,moderate_risk,10.3132,6.2,0.2313,0.0075,4.8084,0.0949,0.034,0.0438,Sitting
S025C003P058R001A080,NTU,squat_down,moderate_risk,1.8456,2.6117,0.2523,0.0036,5.5074,0.1087,0.0228,0.1889,Sitting
S025C003P058R002A080,NTU,squat_down,moderate_risk,14.6157,4.1777,0.265,0.0082,5.271,0.1386,0.0286,0.035,Sitting
S025C003P059R001A080,NTU,squat_down,moderate_risk,2.7824,5.019,0.2422,0.0056,5.5167,0.0852,0.0243,0.2225,Sitting
S025C003P059R002A080,NTU,squat_down,moderate_risk,9.051,7.4811,0.2156,0.0119,4.6409,0.2203,0.036,0.025,Sitting
S025C003P065R001A080,NTU,squat_down,moderate_risk,9.1622,14.7406,0.2436,0.0032,4.4848,0.1908,0.026,0.3304,Sitting
S025C003P065R002A080,NTU,squat_down,moderate_risk,14.9617,14.8219,0.2546,0.0102,4.8526,0.127,0.031,0.1266,Sitting
S025C003P066R001A080,NTU,squat_down,moderate_risk,2.0226,2.0144,0.2746,0.0089,5.6614,0.1237,0.0314,0.155,Sitting
S025C003P066R002A080,NTU,squat_down,moderate_risk,12.486,8.8677,0.1903,0.0085,5.6307,0.1547,0.0394,0.0428,Sitting
S025C003P068R001A080,NTU,squat_down,moderate_risk,4.3568,5.7721,0.2511,0.0066,4.7977,0.1605,0.0295,0.3063,Sitting
S025C003P068R002A080,NTU,squat_down,moderate_risk,23.1399,15.0281,0.2454,0.009,5.0276,0.1664,0.0355,0.065,Sitting
S026C001P008R001A080,NTU,squat_down,moderate_risk,6.293,4.8762,0.2417,0.0103,4.6389,0.2247,0.0475,0.1985,Sitting
S026C001P008R002A080,NTU,squat_down,moderate_risk,12.4476,11.9391,0.2097,0.0079,5.0454,0.2441,0.0281,0.1165,Sitting
S026C001P041R001A080,NTU,squat_down,moderate_risk,66.521,11.2661,0.3929,0.029,3.603,0.1154,0.0615,0.2052,Sitting
S026C001P041R002A080,NTU,squat_down,moderate_risk,8.4683,7.0107,0.2113,0.004,5.3009,0.111,0.0191,0.0589,Sitting
S026C001P044R001A080,NTU,squat_down,moderate_risk,10.9157,10.5665,0.1872,0.009,4.2403,0.2601,0.0298,0.1027,Sitting
S026C001P044R002A080,NTU,squat_down,moderate_risk,12.0007,8.4428,0.1784,0.0064,4.5548,0.2243,0.022,0.0702,Sitting
S026C001P049R001A080,NTU,squat_down,moderate_risk,14.5918,10.3508,0.1751,0.0059,4.8444,0.2467,0.0213,0.1302,Sitting
S026C001P049R002A080,NTU,squat_down,moderate_risk,11.8646,8.3479,0.1856,0.0059,4.8539,0.2309,0.0238,0.0764,Sitting
S026C001P050R001A080,NTU,squat_down,moderate_risk,3.1753,1.6615,0.237,0.0058,5.0614,0.1867,0.0253,0.0522,Sitting
S026C001P050R002A080,NTU,squat_down,moderate_risk,2.9486,1.778,0.2296,0.0096,5.355,0.2043,0.0346,0.0885,Sitting
S026C001P051R001A080,NTU,squat_down,moderate_risk,6.8335,7.2942,0.2051,0.0049,5.0777,0.1332,0.0209,0.1121,Sitting
S026C001P051R002A080,NTU,squat_down,moderate_risk,9.1327,7.1141,0.2007,0.005,4.9902,0.1746,0.0242,0.1389,Sitting
S026C001P069R001A080,NTU,squat_down,moderate_risk,8.0849,5.7373,0.1939,0.0089,4.4204,0.2142,0.024,0.0505,Sitting
S026C001P069R002A080,NTU,squat_down,moderate_risk,5.0463,4.5562,0.1779,0.0076,4.7595,0.1824,0.0233,0.0376,Sitting
S026C001P070R001A080,NTU,squat_down,moderate_risk,13.9955,14.5397,0.2143,0.0044,5.4626,0.1233,0.0255,0.1282,Sitting
S026C001P070R002A080,NTU,squat_down,moderate_risk,12.8754,9.2696,0.1705,0.005,4.9002,0.1538,0.0213,0.0809,Sitting
S026C001P071R001A080,NTU,squat_down,moderate_risk,13.4221,11.9506,0.2113,0.0056,4.9461,0.2091,0.0216,0.141,Sitting
S026C001P071R002A080,NTU,squat_down,moderate_risk,15.3137,13.4174,0.2458,0.0038,5.3088,0.1374,0.018,0.1132,Sitting
S026C001P072R001A080,NTU,squat_down,moderate_risk,6.5865,5.6628,0.178,0.0044,5.2205,0.1464,0.0182,0.0486,Sitting
S026C001P072R002A080,NTU,squat_down,moderate_risk,6.3109,6.7151,0.2118,0.0034,5.5585,0.0913,0.0136,0.0468,Sitting
S026C001P074R001A080,NTU,squat_down,moderate_risk,11.2618,8.566,0.211,0.0081,4.2778,0.2848,0.0233,0.083,Sitting
S026C001P074R002A080,NTU,squat_down,moderate_risk,8.035,5.4526,0.2,0.0064,4.7844,0.2031,0.0224,0.0671,Sitting
S026C001P075R001A080,NTU,squat_down,moderate_risk,7.0768,6.704,0.1926,0.0054,4.8249,0.1043,0.0172,0.0779,Sitting
S026C001P075R002A080,NTU,squat_down,moderate_risk,9.1836,8.3161,0.2736,0.0072,5.7606,0.114,0.0376,0.0766,Sitting
S026C001P076R001A080,NTU,squat_down,moderate_risk,11.7435,9.4737,0.2028,0.0069,5.0228,0.1846,0.0263,0.1224,Sitting
S026C001P076R002A080,NTU,squat_down,moderate_risk,12.2152,13.0891,0.1863,0.0072,4.6164,0.2373,0.0266,0.1561,Sitting
S026C001P077R001A080,NTU,squat_down,moderate_risk,7.0165,6.1376,0.1827,0.0043,5.1156,0.1,0.02,0.057,Sitting
S026C001P077R002A080,NTU,squat_down,moderate_risk,5.7052,5.1465,0.1921,0.0037,4.86,0.1036,0.0125,0.0393,Sitting
S026C002P008R001A080,NTU,squat_down,moderate_risk,17.7824,20.4266,0.2062,0.0105,5.0962,0.2499,0.043,0.2628,Sitting
S026C002P008R002A080,NTU,squat_down,moderate_risk,8.9865,12.4733,0.2268,0.0081,4.551,0.1908,0.048,0.1048,Sitting
S026C002P041R001A080,NTU,squat_down,moderate_risk,13.8567,11.2669,0.2577,0.0089,4.9165,0.1137,0.0346,0.0624,Sitting
S026C002P041R002A080,NTU,squat_down,moderate_risk,0.9472,0.6374,0.2011,0.0041,5.3705,0.1279,0.0167,0.0696,Sitting
S026C002P044R001A080,NTU,squat_down,moderate_risk,14.6328,11.5425,0.2218,0.0094,4.6248,0.2145,0.0278,0.094,Sitting
S026C002P044R002A080,NTU,squat_down,moderate_risk,2.2916,1.4957,0.2085,0.0058,4.7816,0.2062,0.0219,0.0797,Sitting
S026C002P049R001A080,NTU,squat_down,moderate_risk,17.9854,12.3351,0.2343,0.0097,4.9273,0.2257,0.0348,0.106,Sitting
S026C002P049R002A080,NTU,squat_down,moderate_risk,2.1627,0.9894,0.1822,0.0055,4.8138,0.2403,0.0186,0.0577,Sitting
S026C002P050R001A080,NTU,squat_down,moderate_risk,11.7378,5.9423,0.2208,0.0097,4.5816,0.1387,0.0447,0.0565,Sitting
S026C002P050R002A080,NTU,squat_down,moderate_risk,8.7458,7.1005,0.2161,0.0072,5.1696,0.2443,0.0343,0.1256,Sitting
S026C002P051R001A080,NTU,squat_down,moderate_risk,13.7493,10.3862,0.2436,0.0032,5.1656,0.1164,0.0156,0.0726,Sitting
S026C002P051R002A080,NTU,squat_down,moderate_risk,5.3919,5.5928,0.2194,0.0037,5.0731,0.154,0.0219,0.2213,Sitting
S026C002P069R001A080,NTU,squat_down,moderate_risk,7.2186,2.6012,0.2,0.0086,4.0734,0.2156,0.0232,0.0494,Sitting
S026C002P069R002A080,NTU,squat_down,moderate_risk,1.6063,1.0176,0.2247,0.0071,4.9827,0.1733,0.0262,0.0588,Sitting
S026C002P070R001A080,NTU,squat_down,moderate_risk,13.1128,9.4156,0.264,0.0109,5.721,0.1265,0.0455,0.0403,Sitting
S026C002P070R002A080,NTU,squat_down,moderate_risk,3.2825,3.7166,0.2146,0.0046,4.8257,0.15,0.0255,0.2028,Sitting
S026C002P071R001A080,NTU,squat_down,moderate_risk,21.9498,15.0044,0.2434,0.0099,5.3003,0.2058,0.0381,0.1175,Sitting
S026C002P071R002A080,NTU,squat_down,moderate_risk,2.3558,1.8906,0.2534,0.0031,5.2878,0.1421,0.0157,0.2376,Sitting
S026C002P072R001A080,NTU,squat_down,moderate_risk,7.3481,5.4048,0.248,0.0067,5.2282,0.1376,0.025,0.0345,Sitting
S026C002P072R002A080,NTU,squat_down,moderate_risk,0.7655,0.6394,0.208,0.0032,5.4832,0.0995,0.0129,0.0607,Sitting
S026C002P074R001A080,NTU,squat_down,moderate_risk,17.2367,11.2063,0.1991,0.0107,4.7259,0.3096,0.0409,0.1319,Sitting
S026C002P074R002A080,NTU,squat_down,moderate_risk,6.3711,2.1678,0.2201,0.0053,5.0146,0.191,0.02,0.0592,Sitting
S026C002P075R001A080,NTU,squat_down,moderate_risk,15.5591,13.5752,0.2524,0.0078,5.1151,0.1077,0.0317,0.0522,Sitting
S026C002P075R002A080,NTU,squat_down,moderate_risk,2.3817,1.3781,0.2472,0.0098,5.2432,0.136,0.0277,0.0975,Sitting
S026C002P076R001A080,NTU,squat_down,moderate_risk,12.3541,12.0034,0.177,0.006,4.3074,0.1628,0.0219,0.1038,Sitting
S026C002P076R002A080,NTU,squat_down,moderate_risk,5.4063,4.7203,0.1916,0.005,4.8234,0.2271,0.0198,0.1937,Sitting
S026C002P077R001A080,NTU,squat_down,moderate_risk,9.7435,12.4466,0.2674,0.0049,5.5339,0.0887,0.0166,0.0625,Sitting
S026C002P077R002A080,NTU,squat_down,moderate_risk,1.9056,1.3566,0.1715,0.0022,5.3528,0.09,0.0101,0.0499,Sitting
S026C003P008R001A080,NTU,squat_down,moderate_risk,15.7297,14.1448,0.1976,0.0103,4.4488,0.2614,0.047,0.2645,Sitting
S026C003P008R002A080,NTU,squat_down,moderate_risk,16.9123,13.1952,0.2524,0.0064,5.4784,0.2136,0.0262,0.0998,Sitting
S026C003P041R001A080,NTU,squat_down,moderate_risk,1.8704,1.0934,0.2113,0.0066,5.2889,0.1612,0.0316,0.1093,Sitting
S026C003P041R002A080,NTU,squat_down,moderate_risk,7.077,6.7757,0.2047,0.0064,4.6597,0.1204,0.0225,0.0461,Sitting
S026C003P044R001A080,NTU,squat_down,moderate_risk,2.6686,1.3201,0.1748,0.0061,4.3412,0.2576,0.0219,0.1114,Sitting
S026C003P044R002A080,NTU,squat_down,moderate_risk,13.1253,9.6494,0.2154,0.007,4.8618,0.1783,0.0258,0.0758,Sitting
S026C003P049R001A080,NTU,squat_down,moderate_risk,4.815,4.0848,0.2197,0.0089,4.6599,0.249,0.0442,0.2113,Sitting
S026C003P049R002A080,NTU,squat_down,moderate_risk,10.5965,5.9881,0.2053,0.0115,4.9547,0.185,0.0483,0.1199,Sitting
S026C003P050R001A080,NTU,squat_down,moderate_risk,5.8435,5.7097,0.2303,0.0067,5.2962,0.1703,0.0248,0.0505,Sitting
S026C003P050R002A080,NTU,squat_down,moderate_risk,6.2984,4.4671,0.2414,0.0126,5.8928,0.1826,0.0557,0.1149,Sitting
S026C003P051R001A080,NTU,squat_down,moderate_risk,5.2686,6.891,0.2378,0.0034,5.2948,0.1348,0.0191,0.2231,Sitting
S026C003P051R002A080,NTU,squat_down,moderate_risk,14.3225,13.3917,0.2227,0.0042,5.019,0.1358,0.0223,0.0948,Sitting
S026C003P069R001A080,NTU,squat_down,moderate_risk,2.8888,1.106,0.1768,0.0068,4.2632,0.2266,0.0199,0.0506,Sitting
S026C003P069R002A080,NTU,squat_down,moderate_risk,7.0082,5.0937,0.1964,0.0074,5.099,0.2006,0.0261,0.0299,Sitting
S026C003P070R001A080,NTU,squat_down,moderate_risk,5.1189,4.9821,0.2155,0.0048,4.9676,0.1472,0.0319,0.2298,Sitting
S026C003P070R002A080,NTU,squat_down,moderate_risk,15.9579,12.7504,0.1473,0.0081,4.3167,0.1704,0.0286,0.0846,Sitting
S026C003P071R001A080,NTU,squat_down,moderate_risk,0.8561,1.5398,0.2109,0.0052,4.9899,0.2062,0.0238,0.1876,Sitting
S026C003P071R002A080,NTU,squat_down,moderate_risk,10.8909,8.6957,0.1802,0.0093,5.0406,0.1859,0.0236,0.1023,Sitting
S026C003P072R001A080,NTU,squat_down,moderate_risk,1.427,0.9143,0.1732,0.0037,5.1496,0.1616,0.0154,0.063,Sitting
S026C003P072R002A080,NTU,squat_down,moderate_risk,7.9109,8.198,0.2467,0.0038,5.7247,0.0916,0.0199,0.0456,Sitting
S026C003P074R001A080,NTU,squat_down,moderate_risk,2.6443,1.8536,0.2185,0.008,4.4681,0.2859,0.034,0.1971,Sitting
S026C003P074R002A080,NTU,squat_down,moderate_risk,11.6308,4.8388,0.2105,0.008,5.3895,0.187,0.0361,0.0465,Sitting
S026C003P075R001A080,NTU,squat_down,moderate_risk,2.0206,0.5391,0.2207,0.0061,4.787,0.1532,0.0197,0.0993,Sitting
S026C003P075R002A080,NTU,squat_down,moderate_risk,12.6008,5.8375,0.2515,0.0124,4.7128,0.1147,0.0331,0.0249,Sitting
S026C003P076R001A080,NTU,squat_down,moderate_risk,2.2762,1.9552,0.1964,0.0058,4.922,0.1987,0.0225,0.1939,Sitting
S026C003P076R002A080,NTU,squat_down,moderate_risk,16.3065,15.1421,0.1607,0.008,4.8062,0.2154,0.0298,0.1259,Sitting
S026C003P077R001A080,NTU,squat_down,moderate_risk,1.3786,0.5478,0.2107,0.0031,5.4067,0.1001,0.0183,0.1272,Sitting
S026C003P077R002A080,NTU,squat_down,moderate_risk,11.2042,3.1964,0.2113,0.0075,4.7152,0.1269,0.0201,0.0437,Sitting
S027C001P006R001A080,NTU,squat_down,moderate_risk,7.1013,3.7596,0.2289,0.0051,5.2056,0.1778,0.0212,0.0356,Sitting
S027C001P006R002A080,NTU,squat_down,moderate_risk,11.191,10.4663,0.2099,0.0054,5.0726,0.2021,0.0199,0.069,Sitting
S027C001P008R001A080,NTU,squat_down,moderate_risk,9.5928,9.888,0.215,0.0056,5.4913,0.199,0.0209,0.0616,Sitting
S027C001P008R002A080,NTU,squat_down,moderate_risk,11.6357,10.9062,0.18,0.0074,4.4846,0.2415,0.0294,0.2021,Sitting
S027C001P011R001A080,NTU,squat_down,moderate_risk,3.6259,3.2164,0.2069,0.0059,5.2549,0.1794,0.0304,0.0181,Sitting
S027C001P011R002A080,NTU,squat_down,moderate_risk,9.2742,7.9715,0.2039,0.0076,5.3169,0.2218,0.0312,0.0694,Sitting
S027C001P041R001A080,NTU,squat_down,moderate_risk,7.8907,5.5768,0.1861,0.0055,5.276,0.1417,0.0275,0.0494,Sitting
S027C001P041R002A080,NTU,squat_down,moderate_risk,15.0179,15.0943,0.1832,0.0063,5.1762,0.2133,0.0271,0.1469,Sitting
S027C001P043R001A080,NTU,squat_down,moderate_risk,11.4148,9.0649,0.2146,0.0033,5.2671,0.1143,0.0157,0.0551,Sitting
S027C001P043R002A080,NTU,squat_down,moderate_risk,8.6177,8.1225,0.1866,0.0039,4.9317,0.1369,0.0202,0.0502,Sitting
S027C001P044R001A080,NTU,squat_down,moderate_risk,8.9872,7.4638,0.1987,0.0066,4.7858,0.2323,0.0261,0.0678,Sitting
S027C001P044R002A080,NTU,squat_down,moderate_risk,10.4544,8.9719,0.1626,0.0033,5.0924,0.1417,0.0156,0.0416,Sitting
S027C001P078R001A080,NTU,squat_down,moderate_risk,11.6482,6.3484,0.1873,0.0072,4.8689,0.1253,0.0262,0.041,Sitting
S027C001P078R002A080,NTU,squat_down,moderate_risk,8.6414,5.11,0.185,0.005,4.8833,0.1488,0.0211,0.0462,Sitting
S027C001P079R001A080,NTU,squat_down,moderate_risk,8.3101,7.6487,0.2251,0.0035,5.3483,0.1218,0.0169,0.0402,Sitting
S027C001P079R002A080,NTU,squat_down,moderate_risk,6.5592,5.5685,0.2391,0.0034,5.578,0.1057,0.0182,0.0443,Sitting
S027C001P080R001A080,NTU,squat_down,moderate_risk,9.6184,10.9722,0.2069,0.0077,5.1295,0.178,0.0366,0.0835,Sitting
S027C001P080R002A080,NTU,squat_down,moderate_risk,8.6556,7.0482,0.2105,0.0058,5.125,0.1881,0.028,0.0868,Sitting
S027C001P081R001A080,NTU,squat_down,moderate_risk,9.734,6.4841,0.1787,0.0051,5.245,0.1651,0.024,0.0413,Sitting
S027C001P081R002A080,NTU,squat_down,moderate_risk,3.5666,2.2841,0.1812,0.0046,5.2253,0.1358,0.023,0.0276,Sitting
S027C001P082R001A080,NTU,squat_down,moderate_risk,6.2593,5.4394,0.1958,0.0048,4.6192,0.1079,0.0208,0.0271,Sitting
S027C001P082R002A080,NTU,squat_down,moderate_risk,6.0763,3.1279,0.2,0.0066,4.8971,0.1163,0.0268,0.033,Sitting
S027C001P083R001A080,NTU,squat_down,moderate_risk,11.6447,11.1784,0.2232,0.0049,5.3104,0.1693,0.0182,0.0822,Sitting
S027C001P083R002A080,NTU,squat_down,moderate_risk,9.9063,9.2033,0.2327,0.0057,5.4413,0.1968,0.0218,0.063,Sitting
S027C001P084R001A080,NTU,squat_down,moderate_risk,8.1459,7.19,0.1991,0.0038,5.1526,0.1716,0.014,0.0159,Sitting
S027C001P084R002A080,NTU,squat_down,moderate_risk,7.2169,6.6967,0.2154,0.0062,4.8345,0.2351,0.0302,0.0842,Sitting
S027C001P085R001A080,NTU,squat_down,moderate_risk,11.27,11.601,0.2262,0.0053,5.3256,0.1688,0.0259,0.0853,Sitting
S027C001P085R002A080,NTU,squat_down,moderate_risk,14.3307,10.4656,0.2189,0.0089,5.1465,0.2553,0.0404,0.1474,Sitting
S027C001P086R001A080,NTU,squat_down,moderate_risk,11.8469,11.2764,0.2016,0.0058,4.9681,0.1925,0.0307,0.0932,Sitting
S027C001P086R002A080,NTU,squat_down,moderate_risk,9.1297,7.0838,0.223,0.007,4.9397,0.2473,0.0257,0.0466,Sitting
S027C002P006R001A080,NTU,squat_down,moderate_risk,9.5107,9.6484,0.279,0.0078,5.102,0.181,0.0286,0.0602,Sitting
S027C002P006R002A080,NTU,squat_down,moderate_risk,2.3415,1.452,0.2091,0.0055,5.0507,0.2021,0.0201,0.0539,Sitting
S027C002P008R001A080,NTU,squat_down,moderate_risk,9.9943,4.8653,0.207,0.0066,4.7004,0.1796,0.0156,0.0463,Sitting
S027C002P008R002A080,NTU,squat_down,moderate_risk,2.7251,3.1996,0.205,0.0065,4.4811,0.2335,0.0243,0.2492,Sitting
S027C002P011R001A080,NTU,squat_down,moderate_risk,11.2331,9.4007,0.249,0.0094,5.6451,0.1773,0.0459,0.0535,Sitting
S027C002P011R002A080,NTU,squat_down,moderate_risk,2.904,2.3598,0.1994,0.0064,5.2077,0.2388,0.0255,0.0524,Sitting
S027C002P041R001A080,NTU,squat_down,moderate_risk,57.8256,0.4667,0.1245,0.0218,3.1644,0.0775,0.013,0.016,Sitting
S027C002P041R002A080,NTU,squat_down,moderate_risk,68.1274,0.2093,0.0612,0.0058,3.3233,0.0037,0.0047,0.0023,Sitting
S027C002P043R001A080,NTU,squat_down,moderate_risk,13.1747,12.4691,0.2137,0.0064,5.0336,0.0803,0.0236,0.0692,Sitting
S027C002P043R002A080,NTU,squat_down,moderate_risk,1.019,0.9114,0.213,0.0036,5.136,0.1398,0.0179,0.1164,Sitting
S027C002P044R001A080,NTU,squat_down,moderate_risk,29.7597,3.8661,0.0715,0.0256,3.7351,0.0191,0.0451,0.0447,Sitting
S027C002P044R002A080,NTU,squat_down,moderate_risk,1.2536,0.5333,0.1644,0.0036,4.8065,0.149,0.0155,0.0659,Sitting
S027C002P078R001A080,NTU,squat_down,moderate_risk,11.851,4.4714,0.1911,0.0161,4.5663,0.1196,0.0531,0.0411,Sitting
S027C002P078R002A080,NTU,squat_down,moderate_risk,1.1464,0.6631,0.1912,0.0049,5.0244,0.138,0.017,0.0474,Sitting
S027C002P079R001A080,NTU,squat_down,moderate_risk,10.1757,7.341,0.2726,0.0049,5.6193,0.0885,0.0191,0.0672,Sitting
S027C002P079R002A080,NTU,squat_down,moderate_risk,1.2348,1.2089,0.2152,0.0035,5.3183,0.1225,0.0154,0.044,Sitting
S027C002P080R001A080,NTU,squat_down,moderate_risk,12.5265,12.6262,0.2535,0.0114,5.7548,0.1802,0.0598,0.0643,Sitting
S027C002P080R002A080,NTU,squat_down,moderate_risk,1.6654,1.434,0.2054,0.005,4.9251,0.1835,0.0251,0.1071,Sitting
S027C002P081R001A080,NTU,squat_down,moderate_risk,6.3744,4.8748,0.2616,0.0093,5.2626,0.181,0.0301,0.0556,Sitting
S027C002P081R002A080,NTU,squat_down,moderate_risk,2.6726,1.8792,0.197,0.0041,5.5487,0.1296,0.0195,0.0225,Sitting
S027C002P082R001A080,NTU,squat_down,moderate_risk,5.5441,5.6667,0.1988,0.0072,4.4922,0.1243,0.0236,0.0416,Sitting
S027C002P082R002A080,NTU,squat_down,moderate_risk,2.1125,1.8632,0.2123,0.0081,4.9053,0.1333,0.0236,0.0385,Sitting
S027C002P083R001A080,NTU,squat_down,moderate_risk,15.3624,9.264,0.2488,0.0069,5.3396,0.1381,0.0221,0.083,Sitting
S027C002P083R002A080,NTU,squat_down,moderate_risk,1.7746,1.2536,0.2287,0.0068,5.0034,0.2153,0.0336,0.1432,Sitting
S027C002P084R001A080,NTU,squat_down,moderate_risk,21.3122,12.0089,0.2613,0.0065,5.0205,0.1343,0.0211,0.0859,Sitting
S027C002P084R002A080,NTU,squat_down,moderate_risk,9.1525,16.3992,0.2213,0.0086,4.818,0.2894,0.0437,0.198,Sitting
S027C002P085R001A080,NTU,squat_down,moderate_risk,15.6183,16.9403,0.2628,0.0069,5.217,0.1549,0.0296,0.0999,Sitting
S027C002P085R002A080,NTU,squat_down,moderate_risk,3.2861,2.1866,0.2383,0.0076,4.627,0.2521,0.0359,0.2504,Sitting
S027C002P086R001A080,NTU,squat_down,moderate_risk,15.213,11.7875,0.2198,0.0053,4.9782,0.0977,0.033,0.1028,Sitting
S027C002P086R002A080,NTU,squat_down,moderate_risk,59.7151,0.3195,0.1354,0.0032,3.0233,0.0115,0.005,0.0059,Sitting
S027C003P006R001A080,NTU,squat_down,moderate_risk,0.7688,0.6369,0.2028,0.0052,5.0091,0.1789,0.0197,0.0589,Sitting
S027C003P006R002A080,NTU,squat_down,moderate_risk,22.0176,19.5642,0.2839,0.0092,4.7313,0.197,0.0346,0.1233,Sitting
S027C003P008R001A080,NTU,squat_down,moderate_risk,1.977,1.166,0.1758,0.0061,5.4029,0.1858,0.0187,0.0576,Sitting
S027C003P008R002A080,NTU,squat_down,moderate_risk,22.8713,10.6016,0.2173,0.0087,4.275,0.2376,0.0283,0.1014,Sitting
S027C003P011R001A080,NTU,squat_down,moderate_risk,6.154,4.3888,0.2074,0.0067,5.342,0.1789,0.0335,0.0427,Sitting
S027C003P011R002A080,NTU,squat_down,moderate_risk,14.0087,12.5903,0.2563,0.0107,5.0546,0.209,0.0337,0.0927,Sitting
S027C003P041R001A080,NTU,squat_down,moderate_risk,2.2473,0.6902,0.1672,0.0051,5.1287,0.15,0.0243,0.0886,Sitting
S027C003P041R002A080,NTU,squat_down,moderate_risk,15.5529,7.624,0.2189,0.0099,4.8838,0.2171,0.0406,0.1096,Sitting
S027C003P043R001A080,NTU,squat_down,moderate_risk,1.033,0.527,0.2016,0.0035,5.1497,0.1196,0.0189,0.1387,Sitting
S027C003P043R002A080,NTU,squat_down,moderate_risk,11.8605,11.4374,0.2352,0.0083,4.9579,0.1065,0.027,0.0682,Sitting
S027C003P044R001A080,NTU,squat_down,moderate_risk,2.6125,1.6267,0.1759,0.0075,4.6614,0.2341,0.0324,0.1129,Sitting
S027C003P044R002A080,NTU,squat_down,moderate_risk,9.899,6.4805,0.2112,0.0045,4.8134,0.1053,0.0206,0.0584,Sitting
S027C003P078R001A080,NTU,squat_down,moderate_risk,1.2565,0.8834,0.184,0.0054,4.8865,0.1166,0.0206,0.0594,Sitting
S027C003P078R002A080,NTU,squat_down,moderate_risk,8.4758,3.1888,0.2524,0.0113,5.3495,0.1526,0.0356,0.0406,Sitting
S027C003P079R001A080,NTU,squat_down,moderate_risk,0.9723,0.6239,0.2118,0.0038,5.2877,0.1308,0.0156,0.0408,Sitting
S027C003P079R002A080,NTU,squat_down,moderate_risk,7.4243,8.2591,0.2459,0.0041,5.5394,0.1056,0.0182,0.0731,Sitting
S027C003P080R001A080,NTU,squat_down,moderate_risk,1.99,1.4235,0.2211,0.0093,4.9722,0.2041,0.0495,0.1116,Sitting
S027C003P080R002A080,NTU,squat_down,moderate_risk,14.4359,10.7435,0.2546,0.0077,5.5069,0.1667,0.0316,0.1074,Sitting
S027C003P081R001A080,NTU,squat_down,moderate_risk,2.3226,0.8024,0.1832,0.0039,5.3795,0.1608,0.0202,0.0515,Sitting
S027C003P081R002A080,NTU,squat_down,moderate_risk,7.1734,3.0833,0.2274,0.0085,5.1909,0.1307,0.0336,0.073,Sitting
S027C003P082R001A080,NTU,squat_down,moderate_risk,1.0697,0.5541,0.2026,0.0061,4.6209,0.1369,0.019,0.0212,Sitting
S027C003P082R002A080,NTU,squat_down,moderate_risk,6.3971,3.115,0.2144,0.0107,4.2237,0.1322,0.0272,0.0432,Sitting
S027C003P083R001A080,NTU,squat_down,moderate_risk,2.3928,1.5184,0.211,0.0052,5.1507,0.1937,0.0193,0.0819,Sitting
S027C003P083R002A080,NTU,squat_down,moderate_risk,12.6776,10.1586,0.2428,0.0072,5.2428,0.1814,0.0235,0.073,Sitting
S027C003P084R001A080,NTU,squat_down,moderate_risk,1.2931,0.7479,0.1918,0.0036,5.0959,0.1718,0.0145,0.06,Sitting
S027C003P084R002A080,NTU,squat_down,moderate_risk,21.8052,19.9403,0.2795,0.0105,5.3357,0.2098,0.0357,0.1563,Sitting
S027C003P085R001A080,NTU,squat_down,moderate_risk,3.6793,4.2217,0.2669,0.0054,5.3726,0.1642,0.0348,0.2152,Sitting
S027C003P085R002A080,NTU,squat_down,moderate_risk,23.153,15.9999,0.2201,0.0083,4.6859,0.1584,0.0357,0.1301,Sitting
S027C003P086R001A080,NTU,squat_down,moderate_risk,3.3542,2.9599,0.1944,0.0065,4.6807,0.2298,0.0427,0.1375,Sitting
S027C003P086R002A080,NTU,squat_down,moderate_risk,15.9055,10.0446,0.2261,0.0084,4.5089,0.2123,0.0255,0.0751,Sitting
S028C001P008R001A080,NTU,squat_down,moderate_risk,9.9834,8.4507,0.1928,0.0061,4.7087,0.228,0.0228,0.1054,Sitting
S028C001P008R002A080,NTU,squat_down,moderate_risk,12.6609,8.9422,0.1608,0.0047,4.7408,0.186,0.0209,0.0632,Sitting
S028C001P041R001A080,NTU,squat_down,moderate_risk,6.6792,4.049,0.2459,0.0046,5.9233,0.1432,0.0215,0.0991,Sitting
S028C001P041R002A080,NTU,squat_down,moderate_risk,13.8047,9.9677,0.205,0.0087,4.7803,0.2418,0.0336,0.0822,Sitting
S028C001P042R001A080,NTU,squat_down,moderate_risk,4.789,5.6719,0.1959,0.0049,5.2426,0.1707,0.0177,0.0416,Sitting
S028C001P042R002A080,NTU,squat_down,moderate_risk,7.7837,4.9024,0.1985,0.0054,5.1623,0.1991,0.0177,0.0432,Sitting
S028C001P043R001A080,NTU,squat_down,moderate_risk,9.5686,7.8705,0.194,0.0042,5.0555,0.1265,0.0148,0.0781,Sitting
S028C001P043R002A080,NTU,squat_down,moderate_risk,15.6672,8.9759,0.1974,0.0046,5.0656,0.1383,0.0179,0.0837,Sitting
S028C001P046R001A080,NTU,squat_down,moderate_risk,6.8962,6.577,0.1955,0.0049,5.296,0.1716,0.0196,0.0495,Sitting
S028C001P046R002A080,NTU,squat_down,moderate_risk,9.2387,6.0927,0.1977,0.0047,5.3373,0.1543,0.0195,0.0481,Sitting
S028C001P048R001A080,NTU,squat_down,moderate_risk,17.2743,17.2997,0.223,0.0057,5.0484,0.2157,0.0259,0.1394,Sitting
S028C001P048R002A080,NTU,squat_down,moderate_risk,24.3549,21.3376,0.254,0.0071,5.4967,0.2634,0.0316,0.1944,Sitting
S028C001P070R001A080,NTU,squat_down,moderate_risk,11.1184,8.6369,0.1752,0.0041,4.8941,0.1338,0.0184,0.0539,Sitting
S028C001P070R002A080,NTU,squat_down,moderate_risk,8.3547,5.9675,0.1905,0.0031,5.0792,0.1097,0.0166,0.0339,Sitting
S028C001P073R001A080,NTU,squat_down,moderate_risk,8.834,11.1455,0.2125,0.0073,5.2316,0.2009,0.0305,0.1693,Sitting
S028C001P073R002A080,NTU,squat_down,moderate_risk,19.9756,18.3569,0.1867,0.0092,4.8521,0.2212,0.0381,0.1716,Sitting
S028C001P087R001A080,NTU,squat_down,moderate_risk,11.5529,11.8133,0.2138,0.0072,4.8624,0.234,0.0298,0.2108,Sitting
S028C001P087R002A080,NTU,squat_down,moderate_risk,18.8906,15.4,0.1906,0.0063,4.7696,0.2333,0.0291,0.1538,Sitting
S028C002P008R001A080,NTU,squat_down,moderate_risk,19.8712,21.8265,0.1904,0.01,4.5087,0.2052,0.0296,0.1824,Sitting
S028C002P008R002A080,NTU,squat_down,moderate_risk,3.2115,2.5386,0.1503,0.0043,4.6541,0.1968,0.0153,0.0592,Sitting
S028C002P041R001A080,NTU,squat_down,moderate_risk,20.0387,16.3977,0.2183,0.0084,4.7858,0.1371,0.0256,0.1328,Sitting
S028C002P041R002A080,NTU,squat_down,moderate_risk,2.3199,3.0592,0.1929,0.0059,4.6149,0.265,0.0235,0.1507,Sitting
S028C002P042R001A080,NTU,squat_down,moderate_risk,7.4835,5.281,0.2276,0.0062,4.9748,0.1717,0.0221,0.0454,Sitting
S028C002P042R002A080,NTU,squat_down,moderate_risk,0.7513,0.8336,0.1886,0.0056,4.9903,0.2032,0.0156,0.0291,Sitting
S028C002P043R001A080,NTU,squat_down,moderate_risk,19.0481,10.5567,0.2259,0.0059,5.0907,0.1047,0.0179,0.0838,Sitting
S028C002P043R002A080,NTU,squat_down,moderate_risk,3.7957,1.9535,0.1884,0.0042,5.1273,0.1491,0.0158,0.0776,Sitting
S028C002P046R001A080,NTU,squat_down,moderate_risk,15.1529,16.6608,0.2427,0.0094,5.3899,0.1543,0.0316,0.112,Sitting
S028C002P046R002A080,NTU,squat_down,moderate_risk,3.0075,1.657,0.1792,0.0049,5.2651,0.1603,0.0166,0.0692,Sitting
S028C002P048R001A080,NTU,squat_down,moderate_risk,21.1344,23.6365,0.2618,0.008,4.9869,0.1517,0.0258,0.2235,Sitting
S028C002P048R002A080,NTU,squat_down,moderate_risk,9.3261,10.7367,0.2811,0.0063,5.0133,0.2847,0.0293,0.2741,Sitting
S028C002P070R001A080,NTU,squat_down,moderate_risk,11.4989,6.3606,0.1903,0.0081,4.8177,0.1272,0.0322,0.0496,Sitting
S028C002P070R002A080,NTU,squat_down,moderate_risk,1.9959,1.8019,0.1805,0.0029,5.0584,0.095,0.0142,0.0401,Sitting
S028C002P073R001A080,NTU,squat_down,moderate_risk,15.3498,16.2877,0.2226,0.0083,5.1943,0.1817,0.032,0.1438,Sitting
S028C002P073R002A080,NTU,squat_down,moderate_risk,7.2028,7.6059,0.2246,0.0071,4.7014,0.2757,0.0299,0.2645,Sitting
S028C002P087R001A080,NTU,squat_down,moderate_risk,13.1489,11.7683,0.2164,0.0052,4.9153,0.1531,0.0239,0.1081,Sitting
S028C002P087R002A080,NTU,squat_down,moderate_risk,4.2132,3.9883,0.2062,0.0088,4.4266,0.3053,0.0353,0.2076,Sitting
S028C003P008R001A080,NTU,squat_down,moderate_risk,2.6343,1.1955,0.1951,0.0056,4.5485,0.2408,0.0228,0.16,Sitting
S028C003P008R002A080,NTU,squat_down,moderate_risk,10.0035,4.6415,0.2,0.0082,4.6999,0.1799,0.0327,0.0547,Sitting
S028C003P041R001A080,NTU,squat_down,moderate_risk,3.0128,4.3209,0.2236,0.0057,5.387,0.1552,0.0293,0.1936,Sitting
S028C003P041R002A080,NTU,squat_down,moderate_risk,13.2521,8.5092,0.2248,0.0108,4.7625,0.2165,0.0419,0.0697,Sitting
S028C003P042R001A080,NTU,squat_down,moderate_risk,1.6804,0.4697,0.1849,0.0055,5.1884,0.1836,0.0177,0.0418,Sitting
S028C003P042R002A080,NTU,squat_down,moderate_risk,8.4781,3.5402,0.2007,0.0073,4.8794,0.2075,0.0243,0.0588,Sitting
S028C003P043R001A080,NTU,squat_down,moderate_risk,1.8062,1.2739,0.2072,0.0038,5.13,0.1362,0.018,0.1246,Sitting
S028C003P043R002A080,NTU,squat_down,moderate_risk,12.9424,9.2464,0.2359,0.0076,5.0271,0.1307,0.0222,0.0699,Sitting
S028C003P046R001A080,NTU,squat_down,moderate_risk,2.1468,1.4469,0.1842,0.006,5.048,0.1877,0.0204,0.07,Sitting
S028C003P046R002A080,NTU,squat_down,moderate_risk,11.5495,5.0156,0.2577,0.0067,5.842,0.167,0.0241,0.0359,Sitting
S028C003P048R001A080,NTU,squat_down,moderate_risk,9.203,19.8631,0.2733,0.0061,4.9525,0.264,0.0392,0.317,Sitting
S028C003P048R002A080,NTU,squat_down,moderate_risk,19.0716,10.9214,0.2729,0.0106,4.7254,0.3038,0.0353,0.1084,Sitting
S028C003P070R001A080,NTU,squat_down,moderate_risk,4.3842,3.2263,0.1698,0.0035,4.8966,0.1384,0.0188,0.0696,Sitting
S028C003P070R002A080,NTU,squat_down,moderate_risk,9.7972,5.9539,0.1914,0.0056,4.4834,0.0861,0.0223,0.0163,Sitting
S028C003P073R001A080,NTU,squat_down,moderate_risk,2.3775,2.6336,0.2176,0.0059,5.2573,0.2192,0.028,0.2125,Sitting
S028C003P073R002A080,NTU,squat_down,moderate_risk,23.0576,14.0696,0.2441,0.0127,5.0374,0.2368,0.0394,0.1752,Sitting
S028C003P087R001A080,NTU,squat_down,moderate_risk,4.0404,2.5273,0.2176,0.0059,4.8135,0.2506,0.025,0.1907,Sitting
S028C003P087R002A080,NTU,squat_down,moderate_risk,8.5415,5.2949,0.2873,0.0105,4.379,0.2742,0.0335,0.0722,Sitting
S029C001P006R001A080,NTU,squat_down,moderate_risk,10.1349,7.5665,0.2253,0.0057,5.5811,0.1232,0.0213,0.0955,Sitting
S029C001P006R002A080,NTU,squat_down,moderate_risk,6.1123,7.2321,0.248,0.0081,5.6001,0.1929,0.0252,0.1449,Sitting
S029C001P008R001A080,NTU,squat_down,moderate_risk,8.9756,6.4001,0.2871,0.0107,5.5978,0.0694,0.0556,0.0765,Sitting
S029C001P008R002A080,NTU,squat_down,moderate_risk,5.4547,6.2899,0.2188,0.0048,5.4891,0.1426,0.022,0.1923,Sitting
S029C001P041R001A080,NTU,squat_down,moderate_risk,13.9167,14.3849,0.2098,0.0053,5.5879,0.1396,0.0313,0.1562,Sitting
S029C001P041R002A080,NTU,squat_down,moderate_risk,11.6653,11.7377,0.2455,0.0074,5.7434,0.1036,0.0428,0.1804,Sitting
S029C001P043R001A080,NTU,squat_down,moderate_risk,15.4321,12.5322,0.2006,0.007,5.366,0.1475,0.0291,0.1311,Sitting
S029C001P043R002A080,NTU,squat_down,moderate_risk,18.4067,18.1831,0.2589,0.0038,5.5063,0.1291,0.0238,0.2078,Sitting
S029C001P044R001A080,NTU,squat_down,moderate_risk,25.3362,22.6536,0.1766,0.008,5.0953,0.2297,0.0331,0.2479,Sitting
S029C001P044R002A080,NTU,squat_down,moderate_risk,11.075,12.9929,0.2202,0.0074,5.1288,0.1857,0.0265,0.1904,Sitting
S029C001P048R001A080,NTU,squat_down,moderate_risk,14.5623,15.5993,0.241,0.0074,4.8946,0.2132,0.0318,0.2132,Sitting
S029C001P048R002A080,NTU,squat_down,moderate_risk,23.5505,26.9381,0.2401,0.0093,5.5717,0.2617,0.0434,0.2983,Sitting
S029C001P049R001A080,NTU,squat_down,moderate_risk,9.6249,11.6342,0.2172,0.0096,5.6771,0.1696,0.038,0.1356,Sitting
S029C001P049R002A080,NTU,squat_down,moderate_risk,9.4122,9.337,0.2191,0.0087,5.1721,0.2415,0.04,0.2292,Sitting
S029C001P051R001A080,NTU,squat_down,moderate_risk,16.5318,16.4645,0.2149,0.0055,5.2159,0.1696,0.0333,0.1195,Sitting
S029C001P051R002A080,NTU,squat_down,moderate_risk,11.7681,11.0499,0.2742,0.0111,5.6153,0.2646,0.0629,0.1761,Sitting
S029C001P067R001A080,NTU,squat_down,moderate_risk,21.2285,7.5655,0.1957,0.0091,4.8048,0.2384,0.041,0.0934,Sitting
S029C001P067R002A080,NTU,squat_down,moderate_risk,15.1739,11.2033,0.2024,0.0054,5.267,0.1566,0.0275,0.1167,Sitting
S029C001P074R001A080,NTU,squat_down,moderate_risk,11.0366,10.9203,0.2193,0.0061,5.5078,0.1644,0.0273,0.1273,Sitting
S029C001P074R002A080,NTU,squat_down,moderate_risk,15.562,11.9021,0.2074,0.0086,5.5294,0.2452,0.0386,0.2073,Sitting
S029C001P075R001A080,NTU,squat_down,moderate_risk,13.1155,11.4587,0.204,0.0095,4.6031,0.16,0.0347,0.1228,Sitting
S029C001P075R002A080,NTU,squat_down,moderate_risk,8.0269,8.2024,0.2522,0.0121,4.9494,0.1501,0.0344,0.1514,Sitting
S029C001P080R001A080,NTU,squat_down,moderate_risk,13.3591,14.0792,0.2197,0.0083,5.3761,0.2121,0.0477,0.1564,Sitting
S029C001P080R002A080,NTU,squat_down,moderate_risk,13.0644,13.0498,0.2839,0.009,5.3579,0.2343,0.0491,0.2153,Sitting
S029C001P088R001A080,NTU,squat_down,moderate_risk,9.9402,10.1985,0.233,0.0052,5.5481,0.1187,0.0241,0.0903,Sitting
S029C001P088R002A080,NTU,squat_down,moderate_risk,13.7217,13.458,0.2712,0.0042,5.5994,0.1431,0.0237,0.1297,Sitting
S029C001P089R001A080,NTU,squat_down,moderate_risk,10.325,11.8739,0.3202,0.0177,4.5975,0.408,0.074,0.1666,Sitting
S029C001P089R002A080,NTU,squat_down,moderate_risk,12.8132,11.467,0.255,0.012,5.0637,0.2718,0.086,0.2546,Sitting
S029C001P090R001A080,NTU,squat_down,moderate_risk,9.1309,4.6501,0.2914,0.0077,5.8714,0.0616,0.0244,0.0414,Sitting
S029C001P090R002A080,NTU,squat_down,moderate_risk,6.4054,3.3665,0.2565,0.0128,5.4195,0.0827,0.0355,0.0774,Sitting
S029C002P006R001A080,NTU,squat_down,moderate_risk,12.0214,9.8591,0.2438,0.006,5.6618,0.1012,0.0179,0.0228,Sitting
S029C002P006R002A080,NTU,squat_down,moderate_risk,5.1154,5.1342,0.2528,0.0059,5.2473,0.1676,0.0228,0.2681,Sitting
S029C002P008R001A080,NTU,squat_down,moderate_risk,76.6047,10.9469,0.245,0.0221,3.4588,0.042,0.0436,0.1762,Sitting
S029C002P008R002A080,NTU,squat_down,moderate_risk,5.5486,4.323,0.2561,0.0037,5.1633,0.1361,0.0213,0.2415,Sitting
S029C002P041R001A080,NTU,squat_down,moderate_risk,18.6062,12.6936,0.2916,0.0082,5.4912,0.1195,0.0338,0.0529,Sitting
S029C002P041R002A080,NTU,squat_down,moderate_risk,9.6333,4.4433,0.1787,0.0094,3.2833,0.0009,0.0436,0.0247,Sitting
S029C002P043R001A080,NTU,squat_down,moderate_risk,22.5979,14.8466,0.2499,0.008,5.026,0.1592,0.0292,0.0649,Sitting
S029C002P043R002A080,NTU,squat_down,moderate_risk,5.4126,5.9133,0.0277,0.0102,5.5551,0.0018,0.0532,0.053,Sitting
S029C002P044R001A080,NTU,squat_down,moderate_risk,20.9699,12.5416,0.2341,0.0079,5.3009,0.1998,0.029,0.0302,Sitting
S029C002P044R002A080,NTU,squat_down,moderate_risk,3.0054,4.2223,0.2551,0.0048,5.0021,0.1587,0.0202,0.2379,Sitting
S029C002P048R001A080,NTU,squat_down,moderate_risk,21.7171,22.6193,0.2636,0.0088,5.2549,0.1798,0.0411,0.1667,Sitting
S029C002P048R002A080,NTU,squat_down,moderate_risk,4.1189,3.6216,0.2385,0.0109,4.8097,0.2514,0.0513,0.1485,Sitting
S029C002P049R001A080,NTU,squat_down,moderate_risk,12.9978,13.2944,0.2446,0.0111,5.5522,0.1683,0.0529,0.0577,Sitting
S029C002P049R002A080,NTU,squat_down,moderate_risk,9.1619,10.2565,0.2489,0.0069,5.7127,0.2221,0.0404,0.1406,Sitting
S029C002P051R001A080,NTU,squat_down,moderate_risk,11.9177,9.0712,0.222,0.0082,4.677,0.1816,0.0263,0.0814,Sitting
S029C002P051R002A080,NTU,squat_down,moderate_risk,7.6521,2.5743,0.2803,0.0056,5.0199,0.0005,0.0307,0.0475,Sitting
S029C002P067R001A080,NTU,squat_down,moderate_risk,12.0251,6.4002,0.2044,0.0114,4.8634,0.208,0.0409,0.0399,Sitting
S029C002P067R002A080,NTU,squat_down,moderate_risk,6.0359,5.6274,0.2534,0.0064,5.0439,0.2176,0.029,0.2183,Sitting
S029C002P074R001A080,NTU,squat_down,moderate_risk,12.4621,10.1384,0.2208,0.0093,5.5284,0.2634,0.0349,0.0812,Sitting
S029C002P074R002A080,NTU,squat_down,moderate_risk,4.128,1.4415,0.147,0.0058,5.7125,0.0128,0.0652,0.0398,Sitting
S029C002P075R001A080,NTU,squat_down,moderate_risk,7.133,2.322,0.2598,0.0092,4.4198,0.0006,0.0473,0.0359,Sitting
S029C002P075R002A080,NTU,squat_down,moderate_risk,1.1697,1.1372,0.2259,0.0058,4.7485,0.1345,0.0209,0.1232,Sitting
S029C002P080R001A080,NTU,squat_down,moderate_risk,17.6997,13.4794,0.2257,0.0124,5.1171,0.2458,0.0554,0.13,Sitting
S029C002P080R002A080,NTU,squat_down,moderate_risk,1.8666,1.105,0.223,0.0061,4.0339,0.0009,0.0293,0.0327,Sitting
S029C002P088R001A080,NTU,squat_down,moderate_risk,12.0461,12.1101,0.2545,0.0061,6.3345,0.1189,0.0303,0.0549,Sitting
S029C002P088R002A080,NTU,squat_down,moderate_risk,1.9205,3.1911,0.2697,0.0034,4.9018,0.1557,0.021,0.2624,Sitting
S029C002P089R001A080,NTU,squat_down,moderate_risk,12.6043,9.0642,0.295,0.0262,4.5766,0.1714,0.1377,0.1169,Sitting
S029C002P089R002A080,NTU,squat_down,moderate_risk,7.6213,8.4029,0.3756,0.0169,4.3938,0.1745,0.0688,0.2726,Sitting
S029C002P090R001A080,NTU,squat_down,moderate_risk,7.5648,4.6644,0.2573,0.0097,5.2249,0.0754,0.0306,0.0344,Sitting
S029C002P090R002A080,NTU,squat_down,moderate_risk,2.0477,1.2716,0.2677,0.0148,5.0242,0.0748,0.0303,0.0985,Sitting
S029C003P006R001A080,NTU,squat_down,moderate_risk,3.7452,6.0584,0.243,0.0054,5.4862,0.1194,0.0229,0.2337,Sitting
S029C003P006R002A080,NTU,squat_down,moderate_risk,16.246,12.0333,0.2452,0.0091,5.6723,0.1773,0.0263,0.0391,Sitting
S029C003P008R001A080,NTU,squat_down,moderate_risk,49.9457,15.2845,0.2708,0.0151,3.975,0.022,0.0373,0.1662,Sitting
S029C003P008R002A080,NTU,squat_down,moderate_risk,22.0485,14.7069,0.2147,0.0084,5.251,0.1241,0.0264,0.0513,Sitting
S029C003P041R001A080,NTU,squat_down,moderate_risk,82.8066,1.697,0.1766,0.1629,1.9009,0.0062,0.0752,0.0383,Sitting
S029C003P041R002A080,NTU,squat_down,moderate_risk,23.5985,13.1917,0.2779,0.0087,5.7446,0.0642,0.0412,0.0438,Sitting
S029C003P043R001A080,NTU,squat_down,moderate_risk,0.0,0.0,0.0,0.0,0.0,0.0,0.0,0.0,Sitting
S029C003P043R002A080,NTU,squat_down,moderate_risk,20.2804,16.8267,0.2422,0.0084,5.5982,0.1226,0.0353,0.0681,Sitting
S029C003P044R001A080,NTU,squat_down,moderate_risk,15.8373,17.0641,0.314,0.0163,4.7033,0.198,0.056,0.2553,Sitting
S029C003P044R002A080,NTU,squat_down,moderate_risk,8.9001,6.5689,0.3089,0.0084,4.2729,0.0925,0.0281,0.037,Sitting
S029C003P048R001A080,NTU,squat_down,moderate_risk,4.3125,2.3973,0.2259,0.0101,4.4576,0.1833,0.051,0.0824,Sitting
S029C003P048R002A080,NTU,squat_down,moderate_risk,25.1475,18.3373,0.286,0.0152,4.8239,0.1751,0.0446,0.1252,Sitting
S029C003P049R001A080,NTU,squat_down,moderate_risk,6.3939,10.6612,0.202,0.0081,5.0835,0.1841,0.0409,0.2388,Sitting
S029C003P049R002A080,NTU,squat_down,moderate_risk,30.4483,12.8324,0.2553,0.0129,5.4303,0.2263,0.0454,0.1218,Sitting
S029C003P051R001A080,NTU,squat_down,moderate_risk,5.9092,6.278,0.2659,0.0053,5.023,0.1213,0.0493,0.1649,Sitting
S029C003P051R002A080,NTU,squat_down,moderate_risk,0.0,0.0,0.0,0.0,0.0,0.0,0.0,0.0,Sitting
S029C003P067R001A080,NTU,squat_down,moderate_risk,4.8904,5.1395,0.1352,0.013,4.1283,0.1516,0.0476,0.132,Sitting
S029C003P067R002A080,NTU,squat_down,moderate_risk,15.5165,5.5673,0.0986,0.0131,4.8414,0.0013,0.1013,0.0587,Sitting
S029C003P074R001A080,NTU,squat_down,moderate_risk,5.8717,2.5135,0.1829,0.0125,4.4596,0.1305,0.0494,0.1437,Sitting
S029C003P074R002A080,NTU,squat_down,moderate_risk,20.0518,11.3102,0.2212,0.0112,5.4898,0.1692,0.0461,0.0606,Sitting
S029C003P075R001A080,NTU,squat_down,moderate_risk,2.4164,1.4922,0.2209,0.0131,4.6942,0.1637,0.0385,0.1393,Sitting
S029C003P075R002A080,NTU,squat_down,moderate_risk,12.1682,6.6652,0.2693,0.0148,6.1356,0.1379,0.0718,0.0404,Sitting
S029C003P080R001A080,NTU,squat_down,moderate_risk,6.6236,6.2925,0.1792,0.0166,3.4691,0.2113,0.0687,0.1727,Sitting
S029C003P080R002A080,NTU,squat_down,moderate_risk,18.9228,3.7907,0.2091,0.0117,5.0981,0.2374,0.0583,0.0844,Sitting
S029C003P088R001A080,NTU,squat_down,moderate_risk,1.1516,2.5833,0.1922,0.0143,4.4046,0.5732,0.0462,0.4846,Sitting
S029C003P088R002A080,NTU,squat_down,moderate_risk,17.6326,10.5309,0.2585,0.007,5.5918,0.136,0.0325,0.0638,Sitting
S029C003P089R001A080,NTU,squat_down,moderate_risk,11.7405,9.9389,0.2686,0.0168,5.5886,0.1387,0.0775,0.2144,Sitting
S029C003P089R002A080,NTU,squat_down,moderate_risk,39.6986,8.9715,0.2248,0.0441,4.0211,0.0162,0.2748,0.102,Sitting
S029C003P090R001A080,NTU,squat_down,moderate_risk,2.4387,1.4513,0.2449,0.006,5.2882,0.1344,0.021,0.0909,Sitting
S029C003P090R002A080,NTU,squat_down,moderate_risk,3.9777,6.0557,0.1491,0.0317,3.9791,1.3848,0.0837,1.1021,Sitting
S030C001P008R001A080,NTU,squat_down,moderate_risk,12.7265,11.899,0.2401,0.0078,5.1571,0.1955,0.0403,0.1846,Sitting
S030C001P008R002A080,NTU,squat_down,moderate_risk,26.7498,20.1669,0.2449,0.0048,5.0145,0.1645,0.0245,0.2136,Sitting
S030C001P011R001A080,NTU,squat_down,moderate_risk,8.5172,8.6686,0.2344,0.0065,5.9811,0.1206,0.0329,0.0972,Sitting
S030C001P011R002A080,NTU,squat_down,moderate_risk,13.1729,15.0719,0.2217,0.0066,5.4045,0.1709,0.0345,0.1898,Sitting
S030C001P041R001A080,NTU,squat_down,moderate_risk,17.5138,19.5095,0.2419,0.0082,5.295,0.191,0.0398,0.2222,Sitting
S030C001P041R002A080,NTU,squat_down,moderate_risk,14.3413,14.078,0.2594,0.0062,5.3073,0.167,0.0295,0.1767,Sitting
S030C001P043R001A080,NTU,squat_down,moderate_risk,17.7396,15.5589,0.2167,0.0094,5.0099,0.2151,0.0332,0.1523,Sitting
S030C001P043R002A080,NTU,squat_down,moderate_risk,18.4074,14.2855,0.209,0.0126,4.524,0.2819,0.0395,0.2095,Sitting
S030C001P044R001A080,NTU,squat_down,moderate_risk,17.2239,19.6147,0.2046,0.0059,5.5704,0.1621,0.0236,0.168,Sitting
S030C001P044R002A080,NTU,squat_down,moderate_risk,11.721,13.8927,0.2222,0.0057,5.69,0.1272,0.0221,0.1663,Sitting
S030C001P048R001A080,NTU,squat_down,moderate_risk,16.4444,18.2486,0.2599,0.0054,5.6635,0.1575,0.0237,0.1918,Sitting
S030C001P048R002A080,NTU,squat_down,moderate_risk,9.1146,8.2246,0.2685,0.0068,5.7807,0.1773,0.0379,0.1663,Sitting
S030C001P067R001A080,NTU,squat_down,moderate_risk,3.2618,3.6731,0.2203,0.0043,5.482,0.1113,0.0155,0.0367,Sitting
S030C001P067R002A080,NTU,squat_down,moderate_risk,5.3165,8.2341,0.2336,0.0051,5.785,0.1235,0.023,0.0872,Sitting
S030C001P075R001A080,NTU,squat_down,moderate_risk,9.9496,8.6442,0.2788,0.0065,6.3652,0.1017,0.0323,0.1218,Sitting
S030C001P075R002A080,NTU,squat_down,moderate_risk,12.4444,12.2719,0.2312,0.0068,5.7441,0.1432,0.0301,0.158,Sitting
S030C001P076R001A080,NTU,squat_down,moderate_risk,14.6768,13.006,0.2221,0.0089,4.8311,0.2386,0.0354,0.1459,Sitting
S030C001P076R002A080,NTU,squat_down,moderate_risk,16.4825,13.4014,0.2317,0.0076,4.8788,0.2235,0.0302,0.1374,Sitting
S030C001P081R001A080,NTU,squat_down,moderate_risk,15.7749,10.7172,0.2464,0.0146,5.1288,0.2973,0.0527,0.1072,Sitting
S030C001P081R002A080,NTU,squat_down,moderate_risk,7.9119,7.6299,0.2349,0.0059,5.6513,0.1623,0.0305,0.0914,Sitting
S030C001P085R001A080,NTU,squat_down,moderate_risk,18.9247,16.9974,0.2548,0.0071,5.4703,0.2121,0.0305,0.2034,Sitting
S030C001P085R002A080,NTU,squat_down,moderate_risk,18.9208,17.5856,0.2955,0.0082,5.2955,0.2251,0.0346,0.2171,Sitting
S030C001P088R001A080,NTU,squat_down,moderate_risk,12.7934,11.221,0.2471,0.0035,5.4594,0.1248,0.0196,0.1049,Sitting
S030C001P088R002A080,NTU,squat_down,moderate_risk,12.9915,12.7688,0.2723,0.0033,5.7365,0.1175,0.0201,0.1244,Sitting
S030C001P091R001A080,NTU,squat_down,moderate_risk,10.0559,5.242,0.2475,0.0075,4.5517,0.0351,0.0216,0.0643,Sitting
S030C001P091R002A080,NTU,squat_down,moderate_risk,7.6391,6.1678,0.2352,0.0063,4.6283,0.0546,0.0199,0.1107,Sitting
S030C001P092R001A080,NTU,squat_down,moderate_risk,7.0134,7.0896,0.2302,0.0063,5.1232,0.136,0.03,0.1432,Sitting
S030C001P092R002A080,NTU,squat_down,moderate_risk,14.4292,7.3318,0.2228,0.0076,5.376,0.1726,0.0276,0.0641,Sitting
S030C001P093R001A080,NTU,squat_down,moderate_risk,8.2045,6.0369,0.2215,0.0054,5.673,0.0561,0.0211,0.0607,Sitting
S030C001P093R002A080,NTU,squat_down,moderate_risk,5.6468,2.5814,0.238,0.0043,5.6403,0.0929,0.0202,0.0885,Sitting
S030C001P094R001A080,NTU,squat_down,moderate_risk,12.5856,13.6653,0.2531,0.005,5.5399,0.1433,0.0301,0.1532,Sitting
S030C001P094R002A080,NTU,squat_down,moderate_risk,14.6404,14.522,0.2138,0.0048,5.5396,0.1253,0.0237,0.1686,Sitting
S030C001P095R001A080,NTU,squat_down,moderate_risk,14.7208,16.9852,0.2385,0.0051,5.2556,0.1352,0.0252,0.1682,Sitting
S030C001P095R002A080,NTU,squat_down,moderate_risk,19.3447,16.3404,0.2422,0.0088,5.5488,0.1483,0.0621,0.2345,Sitting
S030C001P096R001A080,NTU,squat_down,moderate_risk,10.2862,10.7602,0.2683,0.0077,5.3646,0.1656,0.0283,0.1725,Sitting
S030C001P096R002A080,NTU,squat_down,moderate_risk,13.1622,10.6814,0.2548,0.0047,5.7105,0.1179,0.02,0.1279,Sitting
S030C002P008R001A080,NTU,squat_down,moderate_risk,35.6093,23.0419,0.2761,0.0055,5.3462,0.1666,0.0308,0.238,Sitting
S030C002P008R002A080,NTU,squat_down,moderate_risk,2.7705,2.392,0.3036,0.0043,4.702,0.1344,0.0308,0.2011,Sitting
S030C002P011R001A080,NTU,squat_down,moderate_risk,11.256,10.6796,0.2014,0.009,5.8033,0.1127,0.0352,0.0429,Sitting
S030C002P011R002A080,NTU,squat_down,moderate_risk,3.6063,2.7475,0.2222,0.0091,4.761,0.2021,0.0305,0.1853,Sitting
S030C002P041R001A080,NTU,squat_down,moderate_risk,25.502,22.592,0.2665,0.0155,4.9836,0.1932,0.0424,0.1642,Sitting
S030C002P041R002A080,NTU,squat_down,moderate_risk,2.9747,4.015,0.2285,0.0106,4.483,0.1921,0.0461,0.2273,Sitting
S030C002P043R001A080,NTU,squat_down,moderate_risk,20.088,12.7736,0.2441,0.0099,4.5807,0.1861,0.0296,0.0213,Sitting
S030C002P043R002A080,NTU,squat_down,moderate_risk,19.3822,22.247,0.288,0.0158,4.7036,0.265,0.0828,0.3842,Sitting
S030C002P044R001A080,NTU,squat_down,moderate_risk,17.2238,12.3432,0.2231,0.0086,4.9355,0.1575,0.0294,0.049,Sitting
S030C002P044R002A080,NTU,squat_down,moderate_risk,2.4136,3.504,0.2342,0.0099,4.9816,0.1844,0.0327,0.1996,Sitting
S030C002P048R001A080,NTU,squat_down,moderate_risk,18.5309,12.9414,0.2889,0.0052,4.8442,0.1382,0.0214,0.0305,Sitting
S030C002P048R002A080,NTU,squat_down,moderate_risk,5.7565,7.5104,0.229,0.0084,5.0279,0.2209,0.0461,0.2591,Sitting
S030C002P067R001A080,NTU,squat_down,moderate_risk,5.5868,4.3052,0.2667,0.0049,5.8821,0.1115,0.0186,0.0252,Sitting
S030C002P067R002A080,NTU,squat_down,moderate_risk,1.4071,1.1278,0.2372,0.004,5.4442,0.1335,0.0196,0.1683,Sitting
S030C002P075R001A080,NTU,squat_down,moderate_risk,14.3377,8.8175,0.22,0.0046,5.7824,0.0931,0.0297,0.1135,Sitting
S030C002P075R002A080,NTU,squat_down,moderate_risk,5.8769,12.5895,0.2146,0.007,5.1775,0.1564,0.0308,0.2173,Sitting
S030C002P076R001A080,NTU,squat_down,moderate_risk,16.1099,14.1392,0.2178,0.0066,4.9351,0.1523,0.0257,0.0541,Sitting
S030C002P076R002A080,NTU,squat_down,moderate_risk,13.4833,21.7465,0.2906,0.0072,4.5126,0.232,0.0358,0.3145,Sitting
S030C002P081R001A080,NTU,squat_down,moderate_risk,12.8144,6.1441,0.2454,0.0134,5.1958,0.1364,0.054,0.0754,Sitting
S030C002P081R002A080,NTU,squat_down,moderate_risk,1.8288,2.3311,0.2121,0.0064,5.1875,0.179,0.0319,0.1447,Sitting
S030C002P085R001A080,NTU,squat_down,moderate_risk,23.142,18.8171,0.2408,0.0094,5.1373,0.1462,0.0341,0.0925,Sitting
S030C002P085R002A080,NTU,squat_down,moderate_risk,2.6711,3.5998,0.2514,0.0133,4.7388,0.194,0.0702,0.1406,Sitting
S030C002P088R001A080,NTU,squat_down,moderate_risk,18.1096,10.5271,0.2845,0.0039,5.7114,0.1352,0.0261,0.0429,Sitting
S030C002P088R002A080,NTU,squat_down,moderate_risk,0.9782,1.4435,0.2485,0.0039,5.0805,0.141,0.0201,0.1921,Sitting
S030C002P091R001A080,NTU,squat_down,moderate_risk,10.2485,8.7815,0.2235,0.0052,5.3661,0.0381,0.0223,0.0178,Sitting
S030C002P091R002A080,NTU,squat_down,moderate_risk,2.7055,2.1462,0.2339,0.012,4.6467,0.0868,0.0229,0.0873,Sitting
S030C002P092R001A080,NTU,squat_down,moderate_risk,19.7462,14.5282,0.2058,0.0073,5.0074,0.2232,0.0225,0.1011,Sitting
S030C002P092R002A080,NTU,squat_down,moderate_risk,9.8833,7.1903,0.2596,0.0084,5.3413,0.1931,0.0268,0.1291,Sitting
S030C002P093R001A080,NTU,squat_down,moderate_risk,10.2838,7.8281,0.2021,0.0049,5.6427,0.0476,0.0237,0.0241,Sitting
S030C002P093R002A080,NTU,squat_down,moderate_risk,2.8034,1.7174,0.2196,0.0089,5.29,0.0935,0.0191,0.094,Sitting
S030C002P094R001A080,NTU,squat_down,moderate_risk,17.982,16.8903,0.257,0.0061,5.6723,0.1283,0.0325,0.1016,Sitting
S030C002P094R002A080,NTU,squat_down,moderate_risk,3.8855,3.3485,0.253,0.0066,5.2401,0.1085,0.0358,0.1582,Sitting
S030C002P095R001A080,NTU,squat_down,moderate_risk,16.075,12.9819,0.2756,0.0057,5.6827,0.0528,0.0343,0.0887,Sitting
S030C002P095R002A080,NTU,squat_down,moderate_risk,4.2195,4.3933,0.22,0.0063,4.8994,0.1223,0.0572,0.1857,Sitting
S030C002P096R001A080,NTU,squat_down,moderate_risk,13.4423,7.9131,0.241,0.0077,5.9399,0.1485,0.0296,0.0628,Sitting
S030C002P096R002A080,NTU,squat_down,moderate_risk,2.1774,1.9217,0.2586,0.0039,5.3259,0.1287,0.0162,0.1712,Sitting
S030C003P008R001A080,NTU,squat_down,moderate_risk,6.8864,6.1664,0.2761,0.0071,4.4896,0.186,0.0564,0.1812,Sitting
S030C003P008R002A080,NTU,squat_down,moderate_risk,29.5438,14.8503,0.2295,0.0099,4.7451,0.1939,0.0379,0.1499,Sitting
S030C003P011R001A080,NTU,squat_down,moderate_risk,8.7246,7.2526,0.2129,0.0101,4.697,0.1716,0.0384,0.1816,Sitting
S030C003P011R002A080,NTU,squat_down,moderate_risk,6.7533,3.4306,0.2028,0.0083,4.8083,0.1632,0.0378,0.0461,Sitting
S030C003P041R001A080,NTU,squat_down,moderate_risk,11.9959,14.1134,0.2185,0.0109,4.3918,0.274,0.0618,0.2269,Sitting
S030C003P041R002A080,NTU,squat_down,moderate_risk,21.2962,15.7618,0.2275,0.0152,4.0028,0.148,0.0452,0.0748,Sitting
S030C003P043R001A080,NTU,squat_down,moderate_risk,5.0425,6.4626,0.2334,0.0079,4.801,0.1842,0.036,0.2594,Sitting
S030C003P043R002A080,NTU,squat_down,moderate_risk,26.2013,19.1622,0.2116,0.0127,4.6802,0.2323,0.0419,0.1263,Sitting
S030C003P044R001A080,NTU,squat_down,moderate_risk,7.3177,8.1776,0.2415,0.0095,4.8235,0.1838,0.0352,0.2255,Sitting
S030C003P044R002A080,NTU,squat_down,moderate_risk,10.8501,7.6566,0.2337,0.0163,5.1211,0.1761,0.0594,0.0254,Sitting
S030C003P048R001A080,NTU,squat_down,moderate_risk,20.4609,30.4613,0.2991,0.0087,5.3226,0.1879,0.0471,0.3492,Sitting
S030C003P048R002A080,NTU,squat_down,moderate_risk,21.9522,17.9561,0.2701,0.0081,5.4062,0.16,0.03,0.1156,Sitting
S030C003P067R001A080,NTU,squat_down,moderate_risk,3.4355,0.5796,0.2269,0.0043,5.514,0.1165,0.0165,0.0617,Sitting
S030C003P067R002A080,NTU,squat_down,moderate_risk,9.3524,6.8581,0.2361,0.0056,5.3152,0.1421,0.0224,0.0182,Sitting
S030C003P075R001A080,NTU,squat_down,moderate_risk,2.6443,2.874,0.2354,0.0088,5.6572,0.1257,0.0343,0.1172,Sitting
S030C003P075R002A080,NTU,squat_down,moderate_risk,16.494,10.4743,0.2293,0.0169,5.4298,0.1277,0.0602,0.0533,Sitting
S030C003P076R001A080,NTU,squat_down,moderate_risk,14.5432,23.1861,0.2319,0.0081,4.7283,0.1908,0.0499,0.2965,Sitting
S030C003P076R002A080,NTU,squat_down,moderate_risk,69.5335,15.6102,0.6086,0.2859,3.1015,0.924,0.7004,0.1661,Sitting
S030C003P081R001A080,NTU,squat_down,moderate_risk,6.9323,4.7217,0.2286,0.0136,5.0514,0.1762,0.0534,0.1663,Sitting
S030C003P081R002A080,NTU,squat_down,moderate_risk,8.5604,5.5857,0.2522,0.0096,4.795,0.1543,0.0349,0.0446,Sitting
S030C003P085R001A080,NTU,squat_down,moderate_risk,3.3691,3.0789,0.2891,0.0079,5.2278,0.1506,0.0543,0.1988,Sitting
S030C003P085R002A080,NTU,squat_down,moderate_risk,31.9109,13.5696,0.2585,0.0136,4.9835,0.2036,0.0484,0.1208,Sitting
S030C003P088R001A080,NTU,squat_down,moderate_risk,1.608,0.9092,0.2655,0.0034,5.0568,0.1466,0.0214,0.1647,Sitting
S030C003P088R002A080,NTU,squat_down,moderate_risk,14.8548,13.3503,0.2161,0.0054,5.5949,0.1289,0.03,0.0341,Sitting
S030C003P091R001A080,NTU,squat_down,moderate_risk,4.7213,2.7969,0.227,0.0092,4.5775,0.1022,0.0213,0.0993,Sitting
S030C003P091R002A080,NTU,squat_down,moderate_risk,9.8258,5.9954,0.2067,0.0152,4.5102,0.0866,0.0327,0.0551,Sitting
S030C003P092R001A080,NTU,squat_down,moderate_risk,6.9892,4.8699,0.2478,0.0117,5.3522,0.1731,0.0306,0.1605,Sitting
S030C003P092R002A080,NTU,squat_down,moderate_risk,8.6943,4.2533,0.2222,0.0117,5.2535,0.1714,0.0437,0.0387,Sitting
S030C003P093R001A080,NTU,squat_down,moderate_risk,5.8615,2.0037,0.2297,0.0031,5.3655,0.0619,0.0204,0.0834,Sitting
S030C003P093R002A080,NTU,squat_down,moderate_risk,15.4044,7.9048,0.2182,0.0054,5.3492,0.071,0.0268,0.0337,Sitting
S030C003P094R001A080,NTU,squat_down,moderate_risk,2.5805,2.093,0.239,0.0064,5.2324,0.0896,0.0348,0.1338,Sitting
S030C003P094R002A080,NTU,squat_down,moderate_risk,16.5383,14.3297,0.2201,0.007,4.9266,0.1578,0.0269,0.0529,Sitting
S030C003P095R001A080,NTU,squat_down,moderate_risk,5.0951,3.1924,0.2899,0.0063,5.3394,0.1148,0.0333,0.2658,Sitting
S030C003P095R002A080,NTU,squat_down,moderate_risk,18.8079,12.7135,0.2115,0.0086,5.2419,0.172,0.043,0.0952,Sitting
S030C003P096R001A080,NTU,squat_down,moderate_risk,6.1879,7.2495,0.2821,0.0058,5.3311,0.1542,0.0275,0.2183,Sitting
S030C003P096R002A080,NTU,squat_down,moderate_risk,22.2487,10.6517,0.244,0.0048,5.5715,0.1176,0.0229,0.0357,Sitting
S031C001P006R001A080,NTU,squat_down,moderate_risk,8.516,7.1754,0.2374,0.0051,5.2047,0.1362,0.0205,0.092,Sitting
S031C001P006R002A080,NTU,squat_down,moderate_risk,49.7604,0.9154,0.4492,0.0395,1.5231,0.172,0.0321,0.0159,Sitting
S031C001P008R001A080,NTU,squat_down,moderate_risk,11.7912,10.9658,0.2614,0.0059,5.8126,0.179,0.0239,0.141,Sitting
S031C001P008R002A080,NTU,squat_down,moderate_risk,16.6022,16.9655,0.2169,0.0064,4.9251,0.242,0.0264,0.1679,Sitting
S031C001P041R001A080,NTU,squat_down,moderate_risk,17.9041,15.2617,0.2187,0.0064,5.4618,0.2009,0.0286,0.1746,Sitting
S031C001P041R002A080,NTU,squat_down,moderate_risk,13.6944,9.905,0.1827,0.0071,4.5669,0.2464,0.0261,0.1217,Sitting
S031C001P042R001A080,NTU,squat_down,moderate_risk,5.8795,3.6806,0.1913,0.0044,5.1462,0.1346,0.0155,0.044,Sitting
S031C001P042R002A080,NTU,squat_down,moderate_risk,5.2269,2.5849,0.2068,0.0053,5.0086,0.2019,0.0165,0.067,Sitting
S031C001P043R001A080,NTU,squat_down,moderate_risk,16.0973,12.2914,0.1999,0.0054,4.9405,0.1806,0.0209,0.103,Sitting
S031C001P043R002A080,NTU,squat_down,moderate_risk,16.5836,11.6764,0.1742,0.0079,4.4722,0.2021,0.0265,0.1061,Sitting
S031C001P044R001A080,NTU,squat_down,moderate_risk,60.7958,0.9596,0.1539,0.0045,3.9133,0.0056,0.0123,0.0137,Sitting
S031C001P044R002A080,NTU,squat_down,moderate_risk,10.2866,8.377,0.154,0.0047,4.9408,0.1501,0.0217,0.0919,Sitting
S031C001P051R001A080,NTU,squat_down,moderate_risk,14.335,13.3635,0.2004,0.0047,5.0331,0.1983,0.02,0.1431,Sitting
S031C001P051R002A080,NTU,squat_down,moderate_risk,11.7681,9.6397,0.2007,0.0086,4.8373,0.2317,0.0351,0.1472,Sitting
S031C001P067R001A080,NTU,squat_down,moderate_risk,9.2386,6.4989,0.2158,0.0069,5.8409,0.237,0.0276,0.0982,Sitting
S031C001P067R002A080,NTU,squat_down,moderate_risk,3.714,1.5452,0.2221,0.0041,5.8991,0.1277,0.0172,0.0154,Sitting
S031C001P082R001A080,NTU,squat_down,moderate_risk,5.4829,5.2181,0.2198,0.0039,4.9924,0.0874,0.0166,0.049,Sitting
S031C001P082R002A080,NTU,squat_down,moderate_risk,5.9295,5.5371,0.163,0.005,4.3516,0.1486,0.0212,0.0992,Sitting
S031C001P085R001A080,NTU,squat_down,moderate_risk,7.6461,13.5966,0.211,0.0064,5.6843,0.1688,0.0298,0.1373,Sitting
S031C001P085R002A080,NTU,squat_down,moderate_risk,16.3086,13.7398,0.2068,0.0057,5.1671,0.2195,0.0247,0.1829,Sitting
S031C001P096R001A080,NTU,squat_down,moderate_risk,10.2325,7.5626,0.2331,0.0057,5.3575,0.0777,0.0212,0.064,Sitting
S031C001P096R002A080,NTU,squat_down,moderate_risk,4.3318,1.442,0.2022,0.0046,5.2345,0.123,0.0174,0.0733,Sitting
S031C001P097R001A080,NTU,squat_down,moderate_risk,9.4375,6.3869,0.2163,0.0068,5.0243,0.2202,0.0297,0.0841,Sitting
S031C001P097R002A080,NTU,squat_down,moderate_risk,8.2173,7.2868,0.1971,0.0059,5.0065,0.1932,0.0246,0.089,Sitting
S031C001P098R001A080,NTU,squat_down,moderate_risk,7.7954,8.5147,0.2037,0.005,5.2821,0.1657,0.0209,0.0851,Sitting
S031C001P098R002A080,NTU,squat_down,moderate_risk,8.858,8.0094,0.2021,0.006,4.8901,0.2145,0.0211,0.1,Sitting
S031C001P099R001A080,NTU,squat_down,moderate_risk,8.1784,4.5757,0.1979,0.0062,5.1026,0.21,0.023,0.0819,Sitting
S031C001P099R002A080,NTU,squat_down,moderate_risk,6.176,4.3735,0.2008,0.0057,4.9151,0.2184,0.0189,0.0834,Sitting
S031C001P100R001A080,NTU,squat_down,moderate_risk,8.8118,7.3092,0.2174,0.0052,5.2894,0.142,0.021,0.0586,Sitting
S031C001P100R002A080,NTU,squat_down,moderate_risk,10.5387,12.0009,0.2142,0.0056,5.0065,0.1839,0.0283,0.1519,Sitting
S031C001P101R001A080,NTU,squat_down,moderate_risk,9.0466,9.4704,0.2064,0.0042,5.2844,0.1371,0.0189,0.0826,Sitting
S031C001P101R002A080,NTU,squat_down,moderate_risk,11.6759,10.8535,0.2347,0.0065,4.4919,0.2143,0.0305,0.1956,Sitting
S031C002P006R001A080,NTU,squat_down,moderate_risk,12.8968,11.7359,0.2411,0.0055,5.2039,0.1354,0.0196,0.0763,Sitting
S031C002P006R002A080,NTU,squat_down,moderate_risk,2.2502,2.0501,0.2004,0.0073,4.7767,0.1834,0.028,0.1241,Sitting
S031C002P008R001A080,NTU,squat_down,moderate_risk,17.4407,11.5425,0.3017,0.0075,5.0608,0.1486,0.0214,0.079,Sitting
S031C002P008R002A080,NTU,squat_down,moderate_risk,8.2863,10.5217,0.266,0.0054,4.8469,0.2092,0.021,0.2697,Sitting
S031C002P041R001A080,NTU,squat_down,moderate_risk,19.3361,8.2777,0.2495,0.0102,4.5051,0.1974,0.0265,0.0642,Sitting
S031C002P041R002A080,NTU,squat_down,moderate_risk,2.1516,2.551,0.1797,0.0065,4.4184,0.2573,0.028,0.2242,Sitting
S031C002P042R001A080,NTU,squat_down,moderate_risk,8.8273,5.7674,0.2087,0.0063,5.2998,0.142,0.0245,0.0462,Sitting
S031C002P042R002A080,NTU,squat_down,moderate_risk,0.7737,1.379,0.187,0.0062,4.9917,0.2005,0.0167,0.0549,Sitting
S031C002P043R001A080,NTU,squat_down,moderate_risk,22.6817,13.6158,0.2192,0.0057,4.8665,0.1477,0.0239,0.0789,Sitting
S031C002P043R002A080,NTU,squat_down,moderate_risk,1.9732,1.8792,0.2042,0.0054,4.5315,0.202,0.021,0.2014,Sitting
S031C002P044R001A080,NTU,squat_down,moderate_risk,15.0277,11.6063,0.208,0.0062,5.2065,0.1151,0.0209,0.1,Sitting
S031C002P044R002A080,NTU,squat_down,moderate_risk,2.1188,1.157,0.1537,0.0054,4.747,0.181,0.02,0.1204,Sitting
S031C002P051R001A080,NTU,squat_down,moderate_risk,14.185,13.0561,0.2631,0.0052,4.8451,0.1467,0.0217,0.0762,Sitting
S031C002P051R002A080,NTU,squat_down,moderate_risk,5.7863,6.7546,0.2664,0.0055,4.6312,0.1716,0.031,0.2862,Sitting
S031C002P067R001A080,NTU,squat_down,moderate_risk,11.0348,7.4932,0.1938,0.0075,5.0324,0.2155,0.033,0.0443,Sitting
S031C002P067R002A080,NTU,squat_down,moderate_risk,0.5019,0.2599,0.2454,0.0045,6.2354,0.1357,0.0165,0.0235,Sitting
S031C002P082R001A080,NTU,squat_down,moderate_risk,5.5999,3.7373,0.2374,0.0064,5.526,0.0911,0.0251,0.034,Sitting
S031C002P082R002A080,NTU,squat_down,moderate_risk,1.7811,0.842,0.1654,0.004,4.5405,0.1474,0.0153,0.0824,Sitting
S031C002P085R001A080,NTU,squat_down,moderate_risk,14.4526,6.4196,0.8108,0.2101,1.6193,0.2747,0.1629,0.0317,Sitting
S031C002P085R002A080,NTU,squat_down,moderate_risk,10.9675,2.9882,0.5717,0.0019,2.1548,0.0037,0.012,0.062,Sitting
S031C002P096R001A080,NTU,squat_down,moderate_risk,44.8541,3.7201,0.4521,0.0152,4.0781,0.0224,0.0494,0.0455,Sitting
S031C002P096R002A080,NTU,squat_down,moderate_risk,1.2841,0.8075,0.1699,0.0043,4.7747,0.1787,0.0166,0.1306,Sitting
S031C002P097R001A080,NTU,squat_down,moderate_risk,13.2717,10.3559,0.213,0.0083,4.8912,0.2119,0.0265,0.0466,Sitting
S031C002P097R002A080,NTU,squat_down,moderate_risk,1.139,0.8671,0.1914,0.0055,4.8396,0.2021,0.0197,0.0979,Sitting
S031C002P098R001A080,NTU,squat_down,moderate_risk,9.8921,12.084,0.2525,0.0053,5.1998,0.125,0.0195,0.0804,Sitting
S031C002P098R002A080,NTU,squat_down,moderate_risk,4.378,4.8,0.2238,0.0054,4.8636,0.2079,0.0236,0.2383,Sitting
S031C002P099R001A080,NTU,squat_down,moderate_risk,9.7535,8.5147,0.2926,0.0071,5.8136,0.1952,0.0301,0.0414,Sitting
S031C002P099R002A080,NTU,squat_down,moderate_risk,1.9188,1.7723,0.1977,0.0063,4.9477,0.2101,0.0283,0.1122,Sitting
S031C002P100R001A080,NTU,squat_down,moderate_risk,9.2052,5.1579,0.2386,0.0062,5.0051,0.1278,0.0271,0.0465,Sitting
S031C002P100R002A080,NTU,squat_down,moderate_risk,5.6748,4.7271,0.2305,0.0047,4.9795,0.1722,0.0226,0.2012,Sitting
S031C002P101R001A080,NTU,squat_down,moderate_risk,12.8683,8.0416,0.2679,0.0071,5.6886,0.1446,0.0306,0.1118,Sitting
S031C002P101R002A080,NTU,squat_down,moderate_risk,1.8143,0.8283,0.1962,0.0046,4.9047,0.2048,0.0207,0.1394,Sitting
S031C003P006R001A080,NTU,squat_down,moderate_risk,1.8913,1.4505,0.2095,0.0072,4.9065,0.1728,0.0255,0.0804,Sitting
S031C003P006R002A080,NTU,squat_down,moderate_risk,15.1994,10.1067,0.1873,0.0076,5.1807,0.1729,0.0333,0.0615,Sitting
S031C003P008R001A080,NTU,squat_down,moderate_risk,6.5212,7.2911,0.2543,0.0047,5.565,0.2014,0.0168,0.1763,Sitting
S031C003P008R002A080,NTU,squat_down,moderate_risk,29.5851,17.5045,0.2949,0.0048,7.8303,0.1588,0.0363,0.1448,Sitting
S031C003P041R001A080,NTU,squat_down,moderate_risk,2.2012,1.3973,0.2081,0.0078,4.4927,0.2309,0.0288,0.2126,Sitting
S031C003P041R002A080,NTU,squat_down,moderate_risk,12.1267,9.2326,0.1741,0.0122,4.7372,0.2238,0.0663,0.1123,Sitting
S031C003P042R001A080,NTU,squat_down,moderate_risk,2.3487,0.7745,0.1833,0.0051,4.8171,0.1622,0.0157,0.0427,Sitting
S031C003P042R002A080,NTU,squat_down,moderate_risk,8.9454,4.2538,0.205,0.0082,4.8877,0.1845,0.0258,0.0454,Sitting
S031C003P043R001A080,NTU,squat_down,moderate_risk,3.6006,1.1937,0.2097,0.0044,4.827,0.1789,0.019,0.1981,Sitting
S031C003P043R002A080,NTU,squat_down,moderate_risk,23.3745,14.2186,0.2458,0.0127,4.5383,0.2038,0.0416,0.1008,Sitting
S031C003P044R001A080,NTU,squat_down,moderate_risk,2.4181,1.2154,0.1771,0.0059,4.7764,0.1746,0.0223,0.1755,Sitting
S031C003P044R002A080,NTU,squat_down,moderate_risk,12.0738,7.8241,0.1737,0.0075,4.6833,0.1423,0.0277,0.0827,Sitting
S031C003P051R001A080,NTU,squat_down,moderate_risk,5.6617,8.4988,0.2245,0.0052,4.7462,0.2001,0.0279,0.2509,Sitting
S031C003P051R002A080,NTU,squat_down,moderate_risk,6.952,5.5093,0.1711,0.0109,4.292,0.174,0.0321,0.0559,Sitting
S031C003P067R001A080,NTU,squat_down,moderate_risk,2.888,0.8088,0.2024,0.0063,4.9371,0.2461,0.0224,0.0612,Sitting
S031C003P067R002A080,NTU,squat_down,moderate_risk,3.5735,3.5834,0.2083,0.0058,5.1912,0.0838,0.0297,0.0207,Sitting
S031C003P082R001A080,NTU,squat_down,moderate_risk,1.6122,1.1351,0.1789,0.0039,4.6874,0.1196,0.0164,0.0509,Sitting
S031C003P082R002A080,NTU,squat_down,moderate_risk,5.8738,1.8365,0.1927,0.0074,4.1819,0.1194,0.0282,0.0379,Sitting
S031C003P085R001A080,NTU,squat_down,moderate_risk,2.0545,0.8437,0.2122,0.0074,5.3038,0.1736,0.0266,0.1878,Sitting
S031C003P085R002A080,NTU,squat_down,moderate_risk,20.7327,16.9659,0.185,0.0102,4.5435,0.2302,0.0445,0.1284,Sitting
S031C003P096R001A080,NTU,squat_down,moderate_risk,1.3173,0.8517,0.2052,0.0036,5.1101,0.1101,0.0149,0.098,Sitting
S031C003P096R002A080,NTU,squat_down,moderate_risk,9.7398,6.8215,0.2078,0.005,5.1481,0.1506,0.0183,0.0743,Sitting
S031C003P097R001A080,NTU,squat_down,moderate_risk,2.2471,0.7904,0.1875,0.007,4.5673,0.2463,0.0231,0.0961,Sitting
S031C003P097R002A080,NTU,squat_down,moderate_risk,12.4159,7.0665,0.2186,0.0097,5.2471,0.1972,0.0381,0.0722,Sitting
S031C003P098R001A080,NTU,squat_down,moderate_risk,1.079,1.2841,0.1972,0.0053,4.8662,0.1842,0.0241,0.1168,Sitting
S031C003P098R002A080,NTU,squat_down,moderate_risk,16.9931,14.5532,0.2198,0.0083,4.9649,0.1888,0.0283,0.0805,Sitting
S031C003P099R001A080,NTU,squat_down,moderate_risk,1.6751,1.5189,0.1828,0.0057,4.7728,0.2154,0.0206,0.0524,Sitting
S031C003P099R002A080,NTU,squat_down,moderate_risk,10.7344,4.1697,0.2174,0.0096,5.0303,0.2261,0.0342,0.0395,Sitting
S031C003P100R001A080,NTU,squat_down,moderate_risk,5.0896,3.7135,0.2075,0.0043,4.9928,0.1576,0.0175,0.0724,Sitting
S031C003P100R002A080,NTU,squat_down,moderate_risk,16.1414,14.345,0.2253,0.0092,4.9545,0.1629,0.0284,0.0845,Sitting
S031C003P101R001A080,NTU,squat_down,moderate_risk,1.2582,1.1344,0.2095,0.0053,4.7859,0.1621,0.0233,0.1067,Sitting
S031C003P101R002A080,NTU,squat_down,moderate_risk,14.3278,8.5182,0.2372,0.0083,4.9043,0.1918,0.0336,0.0689,Sitting
S032C001P008R001A080,NTU,squat_down,moderate_risk,13.6913,18.3761,0.2499,0.0047,5.2187,0.1875,0.0238,0.2719,Sitting
S032C001P008R002A080,NTU,squat_down,moderate_risk,13.8371,17.086,0.1864,0.0055,4.9514,0.1622,0.0267,0.17,Sitting
S032C001P041R001A080,NTU,squat_down,moderate_risk,1.9513,1.2535,0.235,0.005,5.4764,0.1258,0.0222,0.0918,Sitting
S032C001P041R002A080,NTU,squat_down,moderate_risk,4.6123,5.3642,0.2356,0.0037,5.6564,0.0787,0.018,0.1155,Sitting
S032C001P043R001A080,NTU,squat_down,moderate_risk,15.0917,16.6229,0.275,0.0077,4.877,0.1808,0.033,0.2381,Sitting
S032C001P043R002A080,NTU,squat_down,moderate_risk,13.0248,12.0401,0.2131,0.009,4.57,0.2475,0.0337,0.1468,Sitting
S032C001P044R001A080,NTU,squat_down,moderate_risk,8.3707,7.1938,0.1845,0.0073,4.9443,0.2312,0.0315,0.1571,Sitting
S032C001P044R002A080,NTU,squat_down,moderate_risk,15.2912,16.1443,0.2264,0.0084,4.7878,0.2358,0.0351,0.1692,Sitting
S032C001P067R001A080,NTU,squat_down,moderate_risk,1.8382,2.2289,0.2356,0.0064,5.084,0.1873,0.0288,0.1164,Sitting
S032C001P067R002A080,NTU,squat_down,moderate_risk,2.4146,1.4307,0.2224,0.0121,5.3743,0.2573,0.0332,0.0258,Sitting
S032C001P102R001A080,NTU,squat_down,moderate_risk,7.7682,10.0771,0.2184,0.0061,5.4343,0.1191,0.0261,0.13,Sitting
S032C001P102R002A080,NTU,squat_down,moderate_risk,8.1183,9.6336,0.2254,0.0043,5.256,0.1276,0.0186,0.1803,Sitting
S032C001P103R001A080,NTU,squat_down,moderate_risk,8.0519,9.6774,0.2127,0.0083,5.3023,0.2164,0.038,0.1349,Sitting
S032C001P103R002A080,NTU,squat_down,moderate_risk,14.7321,11.0327,0.2036,0.0073,5.1202,0.2388,0.0418,0.1494,Sitting
S032C001P104R001A080,NTU,squat_down,moderate_risk,22.7266,32.1932,0.2574,0.0091,4.6993,0.0795,0.0396,0.3114,Sitting
S032C001P104R002A080,NTU,squat_down,moderate_risk,6.1349,7.5976,0.2406,0.0025,5.4103,0.0744,0.0154,0.1565,Sitting
S032C001P105R001A080,NTU,squat_down,moderate_risk,12.1051,8.7774,0.241,0.0054,5.3439,0.1339,0.023,0.1548,Sitting
S032C001P105R002A080,NTU,squat_down,moderate_risk,6.2363,7.2634,0.2373,0.0055,5.3479,0.0928,0.0228,0.1572,Sitting
S032C001P106R001A080,NTU,squat_down,moderate_risk,13.1038,11.8321,0.1938,0.0072,4.7296,0.2289,0.0287,0.1605,Sitting
S032C001P106R002A080,NTU,squat_down,moderate_risk,13.2987,10.2455,0.2137,0.0064,5.0198,0.2159,0.0329,0.2024,Sitting
S032C002P008R001A080,NTU,squat_down,moderate_risk,16.6261,14.6231,0.2425,0.0076,5.2057,0.1882,0.0265,0.1501,Sitting
S032C002P008R002A080,NTU,squat_down,moderate_risk,9.0666,12.1231,0.2053,0.0038,4.5927,0.1483,0.0212,0.2269,Sitting
S032C002P041R001A080,NTU,squat_down,moderate_risk,10.6281,8.9337,0.2516,0.0062,6.5082,0.0462,0.0375,0.0883,Sitting
S032C002P041R002A080,NTU,squat_down,moderate_risk,1.1948,2.1531,0.2292,0.0038,5.2519,0.1103,0.0173,0.1971,Sitting
S032C002P043R001A080,NTU,squat_down,moderate_risk,15.9985,13.0569,0.2012,0.0072,5.4727,0.1184,0.0295,0.1006,Sitting
S032C002P043R002A080,NTU,squat_down,moderate_risk,3.4726,3.0697,0.2219,0.0094,4.7337,0.2146,0.0324,0.2416,Sitting
S032C002P044R001A080,NTU,squat_down,moderate_risk,11.2389,8.2627,0.1753,0.0066,5.2464,0.1721,0.023,0.0858,Sitting
S032C002P044R002A080,NTU,squat_down,moderate_risk,3.7576,3.0006,0.2348,0.0061,4.8911,0.1582,0.028,0.2155,Sitting
S032C002P067R001A080,NTU,squat_down,moderate_risk,4.2667,2.965,0.2659,0.0068,4.8465,0.1961,0.0268,0.0699,Sitting
S032C002P067R002A080,NTU,squat_down,moderate_risk,2.0349,1.3518,0.2122,0.0079,5.284,0.2421,0.0265,0.037,Sitting
S032C002P102R001A080,NTU,squat_down,moderate_risk,8.4962,8.5363,0.2132,0.0054,5.4015,0.1005,0.0237,0.0316,Sitting
S032C002P102R002A080,NTU,squat_down,moderate_risk,3.1449,4.5741,0.2673,0.0089,4.5973,0.1615,0.022,0.2101,Sitting
S032C002P103R001A080,NTU,squat_down,moderate_risk,17.1456,16.2551,0.2075,0.0086,5.2364,0.2255,0.0357,0.1174,Sitting
S032C002P103R002A080,NTU,squat_down,moderate_risk,5.045,3.529,0.2603,0.0044,4.5948,0.2224,0.029,0.1715,Sitting
S032C002P104R001A080,NTU,squat_down,moderate_risk,6.7591,5.5397,0.2225,0.0041,5.1919,0.0585,0.0216,0.0662,Sitting
S032C002P104R002A080,NTU,squat_down,moderate_risk,1.2072,0.6105,0.2354,0.0029,5.2186,0.0977,0.0146,0.1486,Sitting
S032C002P105R001A080,NTU,squat_down,moderate_risk,9.2092,10.5404,0.2185,0.0069,5.5429,0.1259,0.0234,0.095,Sitting
S032C002P105R002A080,NTU,squat_down,moderate_risk,3.7631,2.4422,0.2482,0.0038,5.4847,0.0855,0.0223,0.1088,Sitting
S032C002P106R001A080,NTU,squat_down,moderate_risk,19.9824,16.6,0.1772,0.0064,4.8926,0.2416,0.0289,0.1366,Sitting
S032C002P106R002A080,NTU,squat_down,moderate_risk,4.5431,6.6836,0.2238,0.0041,4.8775,0.1652,0.0227,0.293,Sitting
S032C003P008R001A080,NTU,squat_down,moderate_risk,13.3194,23.5008,0.2538,0.0059,4.6202,0.1532,0.03,0.3065,Sitting
S032C003P008R002A080,NTU,squat_down,moderate_risk,21.9264,19.8135,0.2661,0.0073,5.4042,0.1608,0.029,0.0946,Sitting
S032C003P041R001A080,NTU,squat_down,moderate_risk,2.2794,1.2254,0.2623,0.0062,5.5685,0.1669,0.0237,0.1817,Sitting
S032C003P041R002A080,NTU,squat_down,moderate_risk,12.0581,9.5675,0.2459,0.0049,6.1797,0.0754,0.0254,0.0593,Sitting
S032C003P043R001A080,NTU,squat_down,moderate_risk,3.3284,3.1127,0.2436,0.0087,5.0531,0.1671,0.0358,0.252,Sitting
S032C003P043R002A080,NTU,squat_down,moderate_risk,24.772,19.1557,0.2556,0.0078,5.1602,0.195,0.0318,0.1513,Sitting
S032C003P044R001A080,NTU,squat_down,moderate_risk,4.6276,5.6911,0.1867,0.0083,4.8117,0.223,0.033,0.2205,Sitting
S032C003P044R002A080,NTU,squat_down,moderate_risk,17.3292,13.4475,0.2297,0.0072,5.3406,0.1631,0.031,0.0633,Sitting
S032C003P067R001A080,NTU,squat_down,moderate_risk,1.6282,1.0256,0.2657,0.0069,5.5139,0.1942,0.0298,0.1037,Sitting
S032C003P067R002A080,NTU,squat_down,moderate_risk,60.6529,7.6727,0.1089,0.034,4.6409,0.2023,0.0637,0.088,Sitting
S032C003P102R001A080,NTU,squat_down,moderate_risk,4.6492,6.1095,0.2714,0.0071,4.768,0.1494,0.0303,0.2465,Sitting
S032C003P102R002A080,NTU,squat_down,moderate_risk,12.7029,9.9187,0.1764,0.0082,5.2864,0.1287,0.0298,0.0554,Sitting
S032C003P103R001A080,NTU,squat_down,moderate_risk,3.0834,1.6462,0.2353,0.0074,4.8849,0.2162,0.0291,0.1828,Sitting
S032C003P103R002A080,NTU,squat_down,moderate_risk,14.0619,11.2359,0.2147,0.0074,5.5282,0.1652,0.0374,0.1056,Sitting
S032C003P104R001A080,NTU,squat_down,moderate_risk,2.3848,2.3795,0.2584,0.0023,5.3265,0.0795,0.0166,0.1876,Sitting
S032C003P104R002A080,NTU,squat_down,moderate_risk,8.6555,9.6755,0.2807,0.0029,5.6672,0.0863,0.0203,0.0496,Sitting
S032C003P105R001A080,NTU,squat_down,moderate_risk,4.3542,2.8814,0.2891,0.0071,5.5318,0.1547,0.0242,0.2017,Sitting
S032C003P105R002A080,NTU,squat_down,moderate_risk,9.3353,10.9846,0.2843,0.0064,6.2204,0.1214,0.0329,0.0933,Sitting
S032C003P106R001A080,NTU,squat_down,moderate_risk,7.3074,9.0205,0.2145,0.0102,4.7434,0.2224,0.0444,0.308,Sitting
S032C003P106R002A080,NTU,squat_down,moderate_risk,25.2139,23.367,0.2085,0.0079,4.9692,0.1748,0.0319,0.1775,Sitting
