sequence_id,dataset,risk_level
adl-01-cam0-rgb,UR,low_risk
adl-03-cam0-rgb,UR,low_risk
adl-05-cam0-rgb,UR,low_risk
adl-07-cam0-rgb,UR,low_risk
adl-08-cam0-rgb,UR,low_risk
adl-09-cam0-rgb,UR,low_risk
adl-11-cam0-rgb,UR,low_risk
adl-12-cam0-rgb,UR,low_risk
adl-14-cam0-rgb,UR,low_risk
adl-15-cam0-rgb,UR,low_risk
adl-17-cam0-rgb,UR,low_risk
fall-01-cam0-rgb,UR,high_risk
fall-03-cam0-rgb,UR,high_risk
fall-05-cam0-rgb,UR,high_risk
fall-06-cam0-rgb,UR,high_risk
fall-08-cam0-rgb,UR,high_risk
fall-10-cam0-rgb,UR,high_risk
fall-11-cam0-rgb,UR,high_risk
fall-14-cam0-rgb,UR,high_risk
fall-16-cam0-rgb,UR,high_risk
fall-17-cam0-rgb,UR,high_risk
fall-18-cam0-rgb,UR,high_risk
fall-20-cam0-rgb,UR,high_risk
fall-04-cam1-rgb,UR,high_risk
fall-06-cam1-rgb,UR,high_risk
fall-08-cam1-rgb,UR,high_risk
fall-10-cam1-rgb,UR,high_risk
fall-11-cam1-rgb,UR,high_risk
fall-14-cam1-rgb,UR,high_risk
fall-18-cam1-rgb,UR,high_risk
fall-20-cam1-rgb,UR,high_risk
S001C001P001R001A008,NTU,low_risk
S001C001P001R001A009,NTU,low_risk
S001C001P001R001A042,NTU,moderate_risk
S001C001P001R001A043,NTU,high_risk
S001C001P001R002A008,NTU,low_risk
S001C001P001R002A009,NTU,low_risk
S001C001P001R002A042,NTU,moderate_risk
S001C001P001R002A043,NTU,high_risk
S001C001P002R001A008,NTU,low_risk
S001C001P002R001A009,NTU,low_risk
S001C001P002R001A042,NTU,moderate_risk
S001C001P002R001A043,NTU,high_risk
S001C001P002R002A008,NTU,low_risk
S001C001P002R002A009,NTU,low_risk
S001C001P002R002A042,NTU,moderate_risk
S001C001P002R002A043,NTU,high_risk
S001C001P003R001A008,NTU,low_risk
S001C001P003R001A009,NTU,low_risk
S001C001P003R001A042,NTU,moderate_risk
S001C001P003R001A043,NTU,high_risk
S001C001P003R002A008,NTU,low_risk
S001C001P003R002A009,NTU,low_risk
S001C001P003R002A042,NTU,moderate_risk
S001C001P003R002A043,NTU,high_risk
S001C001P004R001A008,NTU,low_risk
S001C001P004R001A009,NTU,low_risk
S001C001P004R001A042,NTU,moderate_risk
S001C001P004R001A043,NTU,high_risk
S001C001P004R002A008,NTU,low_risk
S001C001P004R002A009,NTU,low_risk
S001C001P004R002A042,NTU,moderate_risk
S001C001P004R002A043,NTU,high_risk
S001C001P005R001A008,NTU,low_risk
S001C001P005R001A009,NTU,low_risk
S001C001P005R001A042,NTU,moderate_risk
S001C001P005R001A043,NTU,high_risk
S001C001P005R002A008,NTU,low_risk
S001C001P005R002A009,NTU,low_risk
S001C001P005R002A042,NTU,moderate_risk
S001C001P005R002A043,NTU,high_risk
S001C001P006R001A008,NTU,low_risk
S001C001P006R001A009,NTU,low_risk
S001C001P006R001A042,NTU,moderate_risk
S001C001P006R001A043,NTU,high_risk
S001C001P006R002A008,NTU,low_risk
S001C001P006R002A009,NTU,low_risk
S001C001P006R002A042,NTU,moderate_risk
S001C001P006R002A043,NTU,high_risk
S001C001P008R001A008,NTU,low_risk
S001C001P008R001A009,NTU,low_risk
S001C001P008R001A042,NTU,moderate_risk
S001C001P008R001A043,NTU,high_risk
S001C001P008R002A008,NTU,low_risk
S001C001P008R002A009,NTU,low_risk
S001C001P008R002A042,NTU,moderate_risk
S001C001P008R002A043,NTU,high_risk
S001C002P001R001A008,NTU,low_risk
S001C002P001R001A009,NTU,low_risk
S001C002P001R001A042,NTU,moderate_risk
S001C002P001R001A043,NTU,high_risk
S001C002P001R002A008,NTU,low_risk
S001C002P001R002A009,NTU,low_risk
S001C002P001R002A042,NTU,moderate_risk
S001C002P001R002A043,NTU,high_risk
S001C002P002R001A008,NTU,low_risk
S001C002P002R001A009,NTU,low_risk
S001C002P002R001A042,NTU,moderate_risk
S001C002P002R001A043,NTU,high_risk
S001C002P002R002A008,NTU,low_risk
S001C002P002R002A009,NTU,low_risk
S001C002P002R002A042,NTU,moderate_risk
S001C002P002R002A043,NTU,high_risk
S001C002P003R001A008,NTU,low_risk
S001C002P003R001A009,NTU,low_risk
S001C002P003R001A042,NTU,moderate_risk
S001C002P003R001A043,NTU,high_risk
S001C002P003R002A008,NTU,low_risk
S001C002P003R002A009,NTU,low_risk
S001C002P003R002A042,NTU,moderate_risk
S001C002P003R002A043,NTU,high_risk
S001C002P004R001A008,NTU,low_risk
S001C002P004R001A009,NTU,low_risk
S001C002P004R001A042,NTU,moderate_risk
S001C002P004R001A043,NTU,high_risk
S001C002P004R002A008,NTU,low_risk
S001C002P004R002A009,NTU,low_risk
S001C002P004R002A042,NTU,moderate_risk
S001C002P004R002A043,NTU,high_risk
S001C002P005R001A008,NTU,low_risk
S001C002P005R001A009,NTU,low_risk
S001C002P005R001A042,NTU,moderate_risk
S001C002P005R001A043,NTU,high_risk
S001C002P005R002A008,NTU,low_risk
S001C002P005R002A009,NTU,low_risk
S001C002P005R002A042,NTU,moderate_risk
S001C002P005R002A043,NTU,high_risk
S001C002P006R001A008,NTU,low_risk
S001C002P006R001A009,NTU,low_risk
S001C002P006R001A042,NTU,moderate_risk
S001C002P006R001A043,NTU,high_risk
S001C002P006R002A008,NTU,low_risk
S001C002P006R002A009,NTU,low_risk
S001C002P006R002A042,NTU,moderate_risk
S001C002P006R002A043,NTU,high_risk
S001C002P008R001A008,NTU,low_risk
S001C002P008R001A009,NTU,low_risk
S001C002P008R001A042,NTU,moderate_risk
S001C002P008R001A043,NTU,high_risk
S001C002P008R002A008,NTU,low_risk
S001C002P008R002A009,NTU,low_risk
S001C002P008R002A042,NTU,moderate_risk
S001C002P008R002A043,NTU,high_risk
S001C003P001R001A008,NTU,low_risk
S001C003P001R001A009,NTU,low_risk
S001C003P001R001A042,NTU,moderate_risk
S001C003P001R001A043,NTU,high_risk
S001C003P001R002A008,NTU,low_risk
S001C003P001R002A009,NTU,low_risk
S001C003P001R002A042,NTU,moderate_risk
S001C003P001R002A043,NTU,high_risk
S001C003P002R001A008,NTU,low_risk
S001C003P002R001A009,NTU,low_risk
S001C003P002R001A042,NTU,moderate_risk
S001C003P002R001A043,NTU,high_risk
S001C003P002R002A008,NTU,low_risk
S001C003P002R002A009,NTU,low_risk
S001C003P002R002A042,NTU,moderate_risk
S001C003P002R002A043,NTU,high_risk
S001C003P003R001A008,NTU,low_risk
S001C003P003R001A009,NTU,low_risk
S001C003P003R001A042,NTU,moderate_risk
S001C003P003R001A043,NTU,high_risk
S001C003P003R002A008,NTU,low_risk
S001C003P003R002A009,NTU,low_risk
S001C003P003R002A042,NTU,moderate_risk
S001C003P003R002A043,NTU,high_risk
S001C003P004R001A008,NTU,low_risk
S001C003P004R001A009,NTU,low_risk
S001C003P004R001A042,NTU,moderate_risk
S001C003P004R001A043,NTU,high_risk
S001C003P004R002A008,NTU,low_risk
S001C003P004R002A009,NTU,low_risk
S001C003P004R002A042,NTU,moderate_risk
S001C003P004R002A043,NTU,high_risk
S001C003P005R001A008,NTU,low_risk
S001C003P005R001A009,NTU,low_risk
S001C003P005R001A042,NTU,moderate_risk
S001C003P005R001A043,NTU,high_risk
S001C003P005R002A008,NTU,low_risk
S001C003P005R002A009,NTU,low_risk
S001C003P005R002A042,NTU,moderate_risk
S001C003P005R002A043,NTU,high_risk
S001C003P006R001A008,NTU,low_risk
S001C003P006R001A009,NTU,low_risk
S001C003P006R001A042,NTU,moderate_risk
S001C003P006R001A043,NTU,high_risk
S001C003P006R002A008,NTU,low_risk
S001C003P006R002A009,NTU,low_risk
S001C003P006R002A042,NTU,moderate_risk
S001C003P006R002A043,NTU,high_risk
S001C003P008R001A008,NTU,low_risk
S001C003P008R001A009,NTU,low_risk
S001C003P008R001A042,NTU,moderate_risk
S001C003P008R001A043,NTU,high_risk
S001C003P008R002A008,NTU,low_risk
S001C003P008R002A009,NTU,low_risk
S001C003P008R002A042,NTU,moderate_risk
S001C003P008R002A043,NTU,high_risk
S002C001P003R001A008,NTU,low_risk
S002C001P003R001A009,NTU,low_risk
S002C001P003R001A042,NTU,moderate_risk
S002C001P003R001A043,NTU,high_risk
S002C001P003R002A008,NTU,low_risk
S002C001P003R002A009,NTU,low_risk
S002C001P003R002A042,NTU,moderate_risk
S002C001P003R002A043,NTU,high_risk
S002C001P008R001A008,NTU,low_risk
S002C001P008R001A009,NTU,low_risk
S002C001P008R001A042,NTU,moderate_risk
S002C001P008R001A043,NTU,high_risk
S002C001P008R002A008,NTU,low_risk
S002C001P008R002A009,NTU,low_risk
S002C001P008R002A042,NTU,moderate_risk
S002C001P008R002A043,NTU,high_risk
S002C001P010R001A008,NTU,low_risk
S002C001P010R001A009,NTU,low_risk
S002C001P010R001A042,NTU,moderate_risk
S002C001P010R001A043,NTU,high_risk
S002C001P010R002A008,NTU,low_risk
S002C001P010R002A009,NTU,low_risk
S002C001P010R002A042,NTU,moderate_risk
S002C001P010R002A043,NTU,high_risk
S002C001P011R001A008,NTU,low_risk
S002C001P011R001A009,NTU,low_risk
S002C001P011R001A042,NTU,moderate_risk
S002C001P011R001A043,NTU,high_risk
S002C001P011R002A008,NTU,low_risk
S002C001P011R002A009,NTU,low_risk
S002C001P011R002A042,NTU,moderate_risk
S002C001P011R002A043,NTU,high_risk
S002C002P003R001A008,NTU,low_risk
S002C002P003R001A009,NTU,low_risk
S002C002P003R001A042,NTU,moderate_risk
S002C002P003R001A043,NTU,high_risk
S002C002P003R002A008,NTU,low_risk
S002C002P003R002A009,NTU,low_risk
S002C002P003R002A042,NTU,moderate_risk
S002C002P003R002A043,NTU,high_risk
S002C002P008R001A008,NTU,low_risk
S002C002P008R001A009,NTU,low_risk
S002C002P008R001A042,NTU,moderate_risk
S002C002P008R001A043,NTU,high_risk
S002C002P008R002A008,NTU,low_risk
S002C002P008R002A009,NTU,low_risk
S002C002P008R002A042,NTU,moderate_risk
S002C002P008R002A043,NTU,high_risk
S002C002P010R001A008,NTU,low_risk
S002C002P010R001A009,NTU,low_risk
S002C002P010R001A042,NTU,moderate_risk
S002C002P010R001A043,NTU,high_risk
S002C002P010R002A008,NTU,low_risk
S002C002P010R002A009,NTU,low_risk
S002C002P010R002A042,NTU,moderate_risk
S002C002P010R002A043,NTU,high_risk
S002C002P011R001A008,NTU,low_risk
S002C002P011R001A009,NTU,low_risk
S002C002P011R001A042,NTU,moderate_risk
S002C002P011R001A043,NTU,high_risk
S002C002P011R002A008,NTU,low_risk
S002C002P011R002A009,NTU,low_risk
S002C002P011R002A042,NTU,moderate_risk
S002C002P011R002A043,NTU,high_risk
S002C003P003R001A008,NTU,low_risk
S002C003P003R001A009,NTU,low_risk
S002C003P003R001A042,NTU,moderate_risk
S002C003P003R001A043,NTU,high_risk
S002C003P003R002A008,NTU,low_risk
S002C003P003R002A009,NTU,low_risk
S002C003P003R002A042,NTU,moderate_risk
S002C003P003R002A043,NTU,high_risk
S002C003P008R001A008,NTU,low_risk
S002C003P008R001A009,NTU,low_risk
S002C003P008R001A042,NTU,moderate_risk
S002C003P008R001A043,NTU,high_risk
S002C003P008R002A008,NTU,low_risk
S002C003P008R002A009,NTU,low_risk
S002C003P008R002A042,NTU,moderate_risk
S002C003P008R002A043,NTU,high_risk
S002C003P010R001A008,NTU,low_risk
S002C003P010R001A009,NTU,low_risk
S002C003P010R001A042,NTU,moderate_risk
S002C003P010R001A043,NTU,high_risk
S002C003P010R002A008,NTU,low_risk
S002C003P010R002A009,NTU,low_risk
S002C003P010R002A042,NTU,moderate_risk
S002C003P010R002A043,NTU,high_risk
S002C003P011R001A008,NTU,low_risk
S002C003P011R001A009,NTU,low_risk
S002C003P011R001A042,NTU,moderate_risk
S002C003P011R001A043,NTU,high_risk
S002C003P011R002A008,NTU,low_risk
S002C003P011R002A009,NTU,low_risk
S002C003P011R002A042,NTU,moderate_risk
S002C003P011R002A043,NTU,high_risk
S003C001P001R001A008,NTU,low_risk
S003C001P001R001A009,NTU,low_risk
S003C001P001R001A042,NTU,moderate_risk
S003C001P001R001A043,NTU,high_risk
S003C001P001R002A008,NTU,low_risk
S003C001P001R002A009,NTU,low_risk
S003C001P001R002A042,NTU,moderate_risk
S003C001P001R002A043,NTU,high_risk
S003C001P002R001A008,NTU,low_risk
S003C001P002R001A009,NTU,low_risk
S003C001P002R001A042,NTU,moderate_risk
S003C001P002R001A043,NTU,high_risk
S003C001P002R002A008,NTU,low_risk
S003C001P002R002A009,NTU,low_risk
S003C001P002R002A042,NTU,moderate_risk
S003C001P002R002A043,NTU,high_risk
S003C001P008R001A008,NTU,low_risk
S003C001P008R001A009,NTU,low_risk
S003C001P008R001A042,NTU,moderate_risk
S003C001P008R001A043,NTU,high_risk
S003C001P008R002A008,NTU,low_risk
S003C001P008R002A009,NTU,low_risk
S003C001P008R002A042,NTU,moderate_risk
S003C001P008R002A043,NTU,high_risk
S003C001P016R001A008,NTU,low_risk
S003C001P016R001A009,NTU,low_risk
S003C001P016R001A042,NTU,moderate_risk
S003C001P016R001A043,NTU,high_risk
S003C001P016R002A008,NTU,low_risk
S003C001P016R002A009,NTU,low_risk
S003C001P016R002A042,NTU,moderate_risk
S003C001P016R002A043,NTU,high_risk
S003C001P018R001A008,NTU,low_risk
S003C001P018R001A009,NTU,low_risk
S003C001P018R001A042,NTU,moderate_risk
S003C001P018R001A043,NTU,high_risk
S003C001P018R002A008,NTU,low_risk
S003C001P018R002A009,NTU,low_risk
S003C001P018R002A042,NTU,moderate_risk
S003C001P018R002A043,NTU,high_risk
S003C001P019R001A008,NTU,low_risk
S003C001P019R001A009,NTU,low_risk
S003C001P019R001A042,NTU,moderate_risk
S003C001P019R001A043,NTU,high_risk
S003C001P019R002A008,NTU,low_risk
S003C001P019R002A009,NTU,low_risk
S003C001P019R002A042,NTU,moderate_risk
S003C001P019R002A043,NTU,high_risk
S003C002P001R001A008,NTU,low_risk
S003C002P001R001A009,NTU,low_risk
S003C002P001R001A042,NTU,moderate_risk
S003C002P001R001A043,NTU,high_risk
S003C002P001R002A008,NTU,low_risk
S003C002P001R002A009,NTU,low_risk
S003C002P001R002A042,NTU,moderate_risk
S003C002P001R002A043,NTU,high_risk
S003C002P002R001A008,NTU,low_risk
S003C002P002R001A009,NTU,low_risk
S003C002P002R001A042,NTU,moderate_risk
S003C002P002R001A043,NTU,high_risk
S003C002P002R002A008,NTU,low_risk
S003C002P002R002A009,NTU,low_risk
S003C002P002R002A042,NTU,moderate_risk
S003C002P002R002A043,NTU,high_risk
S003C002P008R001A008,NTU,low_risk
S003C002P008R001A009,NTU,low_risk
S003C002P008R001A042,NTU,moderate_risk
S003C002P008R001A043,NTU,high_risk
S003C002P008R002A008,NTU,low_risk
S003C002P008R002A009,NTU,low_risk
S003C002P008R002A042,NTU,moderate_risk
S003C002P008R002A043,NTU,high_risk
S003C002P016R001A008,NTU,low_risk
S003C002P016R001A009,NTU,low_risk
S003C002P016R001A042,NTU,moderate_risk
S003C002P016R001A043,NTU,high_risk
S003C002P016R002A008,NTU,low_risk
S003C002P016R002A009,NTU,low_risk
S003C002P016R002A042,NTU,moderate_risk
S003C002P016R002A043,NTU,high_risk
S003C002P018R001A008,NTU,low_risk
S003C002P018R001A009,NTU,low_risk
S003C002P018R001A042,NTU,moderate_risk
S003C002P018R001A043,NTU,high_risk
S003C002P018R002A008,NTU,low_risk
S003C002P018R002A009,NTU,low_risk
S003C002P018R002A042,NTU,moderate_risk
S003C002P018R002A043,NTU,high_risk
S003C002P019R001A008,NTU,low_risk
S003C002P019R001A009,NTU,low_risk
S003C002P019R001A042,NTU,moderate_risk
S003C002P019R001A043,NTU,high_risk
S003C002P019R002A008,NTU,low_risk
S003C002P019R002A009,NTU,low_risk
S003C002P019R002A042,NTU,moderate_risk
S003C002P019R002A043,NTU,high_risk
S003C003P001R001A008,NTU,low_risk
S003C003P001R001A009,NTU,low_risk
S003C003P001R001A042,NTU,moderate_risk
S003C003P001R001A043,NTU,high_risk
S003C003P001R002A008,NTU,low_risk
S003C003P001R002A009,NTU,low_risk
S003C003P001R002A042,NTU,moderate_risk
S003C003P001R002A043,NTU,high_risk
S003C003P002R001A008,NTU,low_risk
S003C003P002R001A009,NTU,low_risk
S003C003P002R001A042,NTU,moderate_risk
S003C003P002R001A043,NTU,high_risk
S003C003P002R002A008,NTU,low_risk
S003C003P002R002A009,NTU,low_risk
S003C003P002R002A042,NTU,moderate_risk
S003C003P002R002A043,NTU,high_risk
S003C003P008R001A008,NTU,low_risk
S003C003P008R001A009,NTU,low_risk
S003C003P008R001A042,NTU,moderate_risk
S003C003P008R001A043,NTU,high_risk
S003C003P008R002A008,NTU,low_risk
S003C003P008R002A009,NTU,low_risk
S003C003P008R002A042,NTU,moderate_risk
S003C003P008R002A043,NTU,high_risk
S003C003P016R001A008,NTU,low_risk
S003C003P016R001A009,NTU,low_risk
S003C003P016R001A042,NTU,moderate_risk
S003C003P016R001A043,NTU,high_risk
S003C003P016R002A008,NTU,low_risk
S003C003P016R002A009,NTU,low_risk
S003C003P016R002A042,NTU,moderate_risk
S003C003P016R002A043,NTU,high_risk
S003C003P018R001A008,NTU,low_risk
S003C003P018R001A009,NTU,low_risk
S003C003P018R001A042,NTU,moderate_risk
S003C003P018R001A043,NTU,high_risk
S003C003P018R002A008,NTU,low_risk
S003C003P018R002A009,NTU,low_risk
S003C003P018R002A042,NTU,moderate_risk
S003C003P018R002A043,NTU,high_risk
S003C003P019R001A008,NTU,low_risk
S003C003P019R001A009,NTU,low_risk
S003C003P019R001A042,NTU,moderate_risk
S003C003P019R001A043,NTU,high_risk
S003C003P019R002A008,NTU,low_risk
S003C003P019R002A009,NTU,low_risk
S003C003P019R002A042,NTU,moderate_risk
S003C003P019R002A043,NTU,high_risk
S004C001P003R001A008,NTU,low_risk
S004C001P003R001A009,NTU,low_risk
S004C001P003R001A042,NTU,moderate_risk
S004C001P003R001A043,NTU,high_risk
S004C001P003R002A008,NTU,low_risk
S004C001P003R002A009,NTU,low_risk
S004C001P003R002A042,NTU,moderate_risk
S004C001P003R002A043,NTU,high_risk
S004C001P008R001A008,NTU,low_risk
S004C001P008R001A009,NTU,low_risk
S004C001P008R001A042,NTU,moderate_risk
S004C001P008R001A043,NTU,high_risk
S004C001P008R002A008,NTU,low_risk
S004C001P008R002A009,NTU,low_risk
S004C001P008R002A042,NTU,moderate_risk
S004C001P008R002A043,NTU,high_risk
S004C002P003R001A008,NTU,low_risk
S004C002P003R001A009,NTU,low_risk
S004C002P003R001A042,NTU,moderate_risk
S004C002P003R001A043,NTU,high_risk
S004C002P003R002A008,NTU,low_risk
S004C002P003R002A009,NTU,low_risk
S004C002P003R002A042,NTU,moderate_risk
S004C002P003R002A043,NTU,high_risk
S004C002P008R001A008,NTU,low_risk
S004C002P008R001A009,NTU,low_risk
S004C002P008R001A042,NTU,moderate_risk
S004C002P008R001A043,NTU,high_risk
S004C002P008R002A008,NTU,low_risk
S004C002P008R002A009,NTU,low_risk
S004C002P008R002A042,NTU,moderate_risk
S004C002P008R002A043,NTU,high_risk
S004C003P003R001A008,NTU,low_risk
S004C003P003R001A009,NTU,low_risk
S004C003P003R001A042,NTU,moderate_risk
S004C003P003R001A043,NTU,high_risk
S004C003P003R002A008,NTU,low_risk
S004C003P003R002A009,NTU,low_risk
S004C003P003R002A042,NTU,moderate_risk
S004C003P003R002A043,NTU,high_risk
S004C003P008R001A008,NTU,low_risk
S004C003P008R001A009,NTU,low_risk
S004C003P008R001A042,NTU,moderate_risk
S004C003P008R001A043,NTU,high_risk
S004C003P008R002A008,NTU,low_risk
S004C003P008R002A009,NTU,low_risk
S004C003P008R002A042,NTU,moderate_risk
S004C003P008R002A043,NTU,high_risk
S005C001P004R001A008,NTU,low_risk
S005C001P004R001A009,NTU,low_risk
S005C001P004R001A042,NTU,moderate_risk
S005C001P004R001A043,NTU,high_risk
S005C001P004R002A008,NTU,low_risk
S005C001P004R002A009,NTU,low_risk
S005C001P004R002A042,NTU,moderate_risk
S005C001P004R002A043,NTU,high_risk
S005C001P010R001A008,NTU,low_risk
S005C001P010R001A009,NTU,low_risk
S005C001P010R001A042,NTU,moderate_risk
S005C001P010R001A043,NTU,high_risk
S005C001P010R002A008,NTU,low_risk
S005C001P010R002A009,NTU,low_risk
S005C001P010R002A042,NTU,moderate_risk
S005C001P010R002A043,NTU,high_risk
S005C001P016R001A008,NTU,low_risk
S005C001P016R001A009,NTU,low_risk
S005C001P016R001A042,NTU,moderate_risk
S005C001P016R001A043,NTU,high_risk
S005C001P016R002A008,NTU,low_risk
S005C001P016R002A009,NTU,low_risk
S005C001P016R002A042,NTU,moderate_risk
S005C001P016R002A043,NTU,high_risk
S005C001P018R001A008,NTU,low_risk
S005C001P018R001A009,NTU,low_risk
S005C001P018R001A042,NTU,moderate_risk
S005C001P018R001A043,NTU,high_risk
S005C001P018R002A008,NTU,low_risk
S005C001P018R002A009,NTU,low_risk
S005C001P018R002A042,NTU,moderate_risk
S005C001P018R002A043,NTU,high_risk
S005C001P021R001A008,NTU,low_risk
S005C001P021R001A009,NTU,low_risk
S005C001P021R001A042,NTU,moderate_risk
S005C001P021R001A043,NTU,high_risk
S005C001P021R002A008,NTU,low_risk
S005C001P021R002A009,NTU,low_risk
S005C001P021R002A042,NTU,moderate_risk
S005C001P021R002A043,NTU,high_risk
S005C002P004R001A008,NTU,low_risk
S005C002P004R001A009,NTU,low_risk
S005C002P004R001A042,NTU,moderate_risk
S005C002P004R001A043,NTU,high_risk
S005C002P004R002A008,NTU,low_risk
S005C002P004R002A009,NTU,low_risk
S005C002P004R002A042,NTU,moderate_risk
S005C002P004R002A043,NTU,high_risk
S005C002P010R001A008,NTU,low_risk
S005C002P010R001A009,NTU,low_risk
S005C002P010R001A042,NTU,moderate_risk
S005C002P010R001A043,NTU,high_risk
S005C002P010R002A008,NTU,low_risk
S005C002P010R002A009,NTU,low_risk
S005C002P010R002A042,NTU,moderate_risk
S005C002P010R002A043,NTU,high_risk
S005C002P016R001A008,NTU,low_risk
S005C002P016R001A009,NTU,low_risk
S005C002P016R001A042,NTU,moderate_risk
S005C002P016R001A043,NTU,high_risk
S005C002P016R002A008,NTU,low_risk
S005C002P016R002A009,NTU,low_risk
S005C002P016R002A042,NTU,moderate_risk
S005C002P016R002A043,NTU,high_risk
S005C002P018R001A008,NTU,low_risk
S005C002P018R001A009,NTU,low_risk
S005C002P018R001A042,NTU,moderate_risk
S005C002P018R001A043,NTU,high_risk
S005C002P018R002A008,NTU,low_risk
S005C002P018R002A009,NTU,low_risk
S005C002P018R002A042,NTU,moderate_risk
S005C002P018R002A043,NTU,high_risk
S005C002P021R001A008,NTU,low_risk
S005C002P021R001A009,NTU,low_risk
S005C002P021R001A042,NTU,moderate_risk
S005C002P021R001A043,NTU,high_risk
S005C002P021R002A008,NTU,low_risk
S005C002P021R002A009,NTU,low_risk
S005C002P021R002A042,NTU,moderate_risk
S005C002P021R002A043,NTU,high_risk
S005C003P004R001A008,NTU,low_risk
S005C003P004R001A009,NTU,low_risk
S005C003P004R001A042,NTU,moderate_risk
S005C003P004R001A043,NTU,high_risk
S005C003P004R002A008,NTU,low_risk
S005C003P004R002A009,NTU,low_risk
S005C003P004R002A042,NTU,moderate_risk
S005C003P004R002A043,NTU,high_risk
S005C003P010R001A008,NTU,low_risk
S005C003P010R001A009,NTU,low_risk
S005C003P010R001A042,NTU,moderate_risk
S005C003P010R001A043,NTU,high_risk
S005C003P010R002A008,NTU,low_risk
S005C003P010R002A009,NTU,low_risk
S005C003P010R002A042,NTU,moderate_risk
S005C003P010R002A043,NTU,high_risk
S005C003P016R001A008,NTU,low_risk
S005C003P016R001A009,NTU,low_risk
S005C003P016R001A042,NTU,moderate_risk
S005C003P016R001A043,NTU,high_risk
S005C003P016R002A008,NTU,low_risk
S005C003P016R002A009,NTU,low_risk
S005C003P016R002A042,NTU,moderate_risk
S005C003P016R002A043,NTU,high_risk
S005C003P018R001A008,NTU,low_risk
S005C003P018R001A009,NTU,low_risk
S005C003P018R001A042,NTU,moderate_risk
S005C003P018R001A043,NTU,high_risk
S005C003P018R002A008,NTU,low_risk
S005C003P018R002A009,NTU,low_risk
S005C003P018R002A042,NTU,moderate_risk
S005C003P018R002A043,NTU,high_risk
S005C003P021R001A008,NTU,low_risk
S005C003P021R001A009,NTU,low_risk
S005C003P021R001A042,NTU,moderate_risk
S005C003P021R001A043,NTU,high_risk
S005C003P021R002A008,NTU,low_risk
S005C003P021R002A009,NTU,low_risk
S005C003P021R002A042,NTU,moderate_risk
S005C003P021R002A043,NTU,high_risk
S006C001P001R001A008,NTU,low_risk
S006C001P001R001A009,NTU,low_risk
S006C001P001R001A042,NTU,moderate_risk
S006C001P001R001A043,NTU,high_risk
S006C001P001R002A008,NTU,low_risk
S006C001P001R002A009,NTU,low_risk
S006C001P001R002A042,NTU,moderate_risk
S006C001P001R002A043,NTU,high_risk
S006C001P008R001A008,NTU,low_risk
S006C001P008R001A009,NTU,low_risk
S006C001P008R001A042,NTU,moderate_risk
S006C001P008R001A043,NTU,high_risk
S006C001P008R002A008,NTU,low_risk
S006C001P008R002A009,NTU,low_risk
S006C001P008R002A042,NTU,moderate_risk
S006C001P008R002A043,NTU,high_risk
S006C001P016R001A008,NTU,low_risk
S006C001P016R001A009,NTU,low_risk
S006C001P016R001A042,NTU,moderate_risk
S006C001P016R001A043,NTU,high_risk
S006C001P016R002A008,NTU,low_risk
S006C001P016R002A009,NTU,low_risk
S006C001P016R002A042,NTU,moderate_risk
S006C001P016R002A043,NTU,high_risk
S006C001P019R001A008,NTU,low_risk
S006C001P019R001A009,NTU,low_risk
S006C001P019R001A042,NTU,moderate_risk
S006C001P019R001A043,NTU,high_risk
S006C001P019R002A008,NTU,low_risk
S006C001P019R002A009,NTU,low_risk
S006C001P019R002A042,NTU,moderate_risk
S006C001P019R002A043,NTU,high_risk
S006C001P022R001A008,NTU,low_risk
S006C001P022R001A009,NTU,low_risk
S006C001P022R001A042,NTU,moderate_risk
S006C001P022R001A043,NTU,high_risk
S006C001P022R002A008,NTU,low_risk
S006C001P022R002A009,NTU,low_risk
S006C001P022R002A042,NTU,moderate_risk
S006C001P022R002A043,NTU,high_risk
S006C001P024R001A008,NTU,low_risk
S006C001P024R001A009,NTU,low_risk
S006C001P024R001A042,NTU,moderate_risk
S006C001P024R001A043,NTU,high_risk
S006C001P024R002A008,NTU,low_risk
S006C001P024R002A009,NTU,low_risk
S006C001P024R002A042,NTU,moderate_risk
S006C001P024R002A043,NTU,high_risk
S006C002P001R001A008,NTU,low_risk
S006C002P001R001A009,NTU,low_risk
S006C002P001R001A042,NTU,moderate_risk
S006C002P001R001A043,NTU,high_risk
S006C002P001R002A008,NTU,low_risk
S006C002P001R002A009,NTU,low_risk
S006C002P001R002A042,NTU,moderate_risk
S006C002P001R002A043,NTU,high_risk
S006C002P008R001A008,NTU,low_risk
S006C002P008R001A009,NTU,low_risk
S006C002P008R001A042,NTU,moderate_risk
S006C002P008R001A043,NTU,high_risk
S006C002P008R002A008,NTU,low_risk
S006C002P008R002A009,NTU,low_risk
S006C002P008R002A042,NTU,moderate_risk
S006C002P008R002A043,NTU,high_risk
S006C002P016R001A008,NTU,low_risk
S006C002P016R001A009,NTU,low_risk
S006C002P016R001A042,NTU,moderate_risk
S006C002P016R001A043,NTU,high_risk
S006C002P016R002A008,NTU,low_risk
S006C002P016R002A009,NTU,low_risk
S006C002P016R002A042,NTU,moderate_risk
S006C002P016R002A043,NTU,high_risk
S006C002P019R001A008,NTU,low_risk
S006C002P019R001A009,NTU,low_risk
S006C002P019R001A042,NTU,moderate_risk
S006C002P019R001A043,NTU,high_risk
S006C002P019R002A008,NTU,low_risk
S006C002P019R002A009,NTU,low_risk
S006C002P019R002A042,NTU,moderate_risk
S006C002P019R002A043,NTU,high_risk
S006C002P022R001A008,NTU,low_risk
S006C002P022R001A009,NTU,low_risk
S006C002P022R001A042,NTU,moderate_risk
S006C002P022R001A043,NTU,high_risk
S006C002P022R002A008,NTU,low_risk
S006C002P022R002A009,NTU,low_risk
S006C002P022R002A042,NTU,moderate_risk
S006C002P022R002A043,NTU,high_risk
S006C002P024R001A008,NTU,low_risk
S006C002P024R001A009,NTU,low_risk
S006C002P024R001A042,NTU,moderate_risk
S006C002P024R001A043,NTU,high_risk
S006C002P024R002A008,NTU,low_risk
S006C002P024R002A009,NTU,low_risk
S006C002P024R002A042,NTU,moderate_risk
S006C002P024R002A043,NTU,high_risk
S006C003P001R001A008,NTU,low_risk
S006C003P001R001A009,NTU,low_risk
S006C003P001R001A042,NTU,moderate_risk
S006C003P001R001A043,NTU,high_risk
S006C003P001R002A008,NTU,low_risk
S006C003P001R002A009,NTU,low_risk
S006C003P001R002A042,NTU,moderate_risk
S006C003P001R002A043,NTU,high_risk
S006C003P008R001A008,NTU,low_risk
S006C003P008R001A009,NTU,low_risk
S006C003P008R001A042,NTU,moderate_risk
S006C003P008R001A043,NTU,high_risk
S006C003P008R002A008,NTU,low_risk
S006C003P008R002A009,NTU,low_risk
S006C003P008R002A042,NTU,moderate_risk
S006C003P008R002A043,NTU,high_risk
S006C003P016R001A008,NTU,low_risk
S006C003P016R001A009,NTU,low_risk
S006C003P016R001A042,NTU,moderate_risk
S006C003P016R001A043,NTU,high_risk
S006C003P016R002A008,NTU,low_risk
S006C003P016R002A009,NTU,low_risk
S006C003P016R002A042,NTU,moderate_risk
S006C003P016R002A043,NTU,high_risk
S006C003P019R001A008,NTU,low_risk
S006C003P019R001A009,NTU,low_risk
S006C003P019R001A042,NTU,moderate_risk
S006C003P019R001A043,NTU,high_risk
S006C003P019R002A008,NTU,low_risk
S006C003P019R002A009,NTU,low_risk
S006C003P019R002A042,NTU,moderate_risk
S006C003P019R002A043,NTU,high_risk
S006C003P022R001A008,NTU,low_risk
S006C003P022R001A009,NTU,low_risk
S006C003P022R001A042,NTU,moderate_risk
S006C003P022R001A043,NTU,high_risk
S006C003P022R002A008,NTU,low_risk
S006C003P022R002A009,NTU,low_risk
S006C003P022R002A042,NTU,moderate_risk
S006C003P022R002A043,NTU,high_risk
S006C003P024R001A008,NTU,low_risk
S006C003P024R001A009,NTU,low_risk
S006C003P024R001A042,NTU,moderate_risk
S006C003P024R001A043,NTU,high_risk
S006C003P024R002A008,NTU,low_risk
S006C003P024R002A009,NTU,low_risk
S006C003P024R002A042,NTU,moderate_risk
S006C003P024R002A043,NTU,high_risk
S007C001P001R001A008,NTU,low_risk
S007C001P001R001A009,NTU,low_risk
S007C001P001R001A042,NTU,moderate_risk
S007C001P001R001A043,NTU,high_risk
S007C001P001R002A008,NTU,low_risk
S007C001P001R002A009,NTU,low_risk
S007C001P001R002A042,NTU,moderate_risk
S007C001P001R002A043,NTU,high_risk
S007C001P008R001A008,NTU,low_risk
S007C001P008R001A009,NTU,low_risk
S007C001P008R001A042,NTU,moderate_risk
S007C001P008R001A043,NTU,high_risk
S007C001P008R002A008,NTU,low_risk
S007C001P008R002A009,NTU,low_risk
S007C001P008R002A042,NTU,moderate_risk
S007C001P008R002A043,NTU,high_risk
S007C001P016R001A008,NTU,low_risk
S007C001P016R001A009,NTU,low_risk
S007C001P016R001A042,NTU,moderate_risk
S007C001P016R001A043,NTU,high_risk
S007C001P016R002A008,NTU,low_risk
S007C001P016R002A009,NTU,low_risk
S007C001P016R002A042,NTU,moderate_risk
S007C001P016R002A043,NTU,high_risk
S007C001P018R001A008,NTU,low_risk
S007C001P018R001A009,NTU,low_risk
S007C001P018R001A042,NTU,moderate_risk
S007C001P018R001A043,NTU,high_risk
S007C001P018R002A008,NTU,low_risk
S007C001P018R002A009,NTU,low_risk
S007C001P018R002A042,NTU,moderate_risk
S007C001P018R002A043,NTU,high_risk
S007C001P019R001A008,NTU,low_risk
S007C001P019R001A009,NTU,low_risk
S007C001P019R001A042,NTU,moderate_risk
S007C001P019R001A043,NTU,high_risk
S007C001P019R002A008,NTU,low_risk
S007C001P019R002A009,NTU,low_risk
S007C001P019R002A042,NTU,moderate_risk
S007C001P019R002A043,NTU,high_risk
S007C001P025R001A008,NTU,low_risk
S007C001P025R001A009,NTU,low_risk
S007C001P025R001A042,NTU,moderate_risk
S007C001P025R001A043,NTU,high_risk
S007C001P025R002A008,NTU,low_risk
S007C001P025R002A009,NTU,low_risk
S007C001P025R002A042,NTU,moderate_risk
S007C001P025R002A043,NTU,high_risk
S007C001P026R001A008,NTU,low_risk
S007C001P026R001A009,NTU,low_risk
S007C001P026R001A042,NTU,moderate_risk
S007C001P026R001A043,NTU,high_risk
S007C001P026R002A008,NTU,low_risk
S007C001P026R002A009,NTU,low_risk
S007C001P026R002A042,NTU,moderate_risk
S007C001P026R002A043,NTU,high_risk
S007C001P027R001A008,NTU,low_risk
S007C001P027R001A009,NTU,low_risk
S007C001P027R001A042,NTU,moderate_risk
S007C001P027R001A043,NTU,high_risk
S007C001P027R002A008,NTU,low_risk
S007C001P027R002A009,NTU,low_risk
S007C001P027R002A042,NTU,moderate_risk
S007C001P027R002A043,NTU,high_risk
S007C001P028R001A008,NTU,low_risk
S007C001P028R001A009,NTU,low_risk
S007C001P028R001A042,NTU,moderate_risk
S007C001P028R001A043,NTU,high_risk
S007C001P028R002A008,NTU,low_risk
S007C001P028R002A009,NTU,low_risk
S007C001P028R002A042,NTU,moderate_risk
S007C001P028R002A043,NTU,high_risk
S007C002P001R001A008,NTU,low_risk
S007C002P001R001A009,NTU,low_risk
S007C002P001R001A042,NTU,moderate_risk
S007C002P001R001A043,NTU,high_risk
S007C002P001R002A008,NTU,low_risk
S007C002P001R002A009,NTU,low_risk
S007C002P001R002A042,NTU,moderate_risk
S007C002P001R002A043,NTU,high_risk
S007C002P008R001A008,NTU,low_risk
S007C002P008R001A009,NTU,low_risk
S007C002P008R001A042,NTU,moderate_risk
S007C002P008R001A043,NTU,high_risk
S007C002P008R002A008,NTU,low_risk
S007C002P008R002A009,NTU,low_risk
S007C002P008R002A042,NTU,moderate_risk
S007C002P008R002A043,NTU,high_risk
S007C002P016R001A008,NTU,low_risk
S007C002P016R001A009,NTU,low_risk
S007C002P016R001A042,NTU,moderate_risk
S007C002P016R001A043,NTU,high_risk
S007C002P016R002A008,NTU,low_risk
S007C002P016R002A009,NTU,low_risk
S007C002P016R002A042,NTU,moderate_risk
S007C002P016R002A043,NTU,high_risk
S007C002P018R001A008,NTU,low_risk
S007C002P018R001A009,NTU,low_risk
S007C002P018R001A042,NTU,moderate_risk
S007C002P018R001A043,NTU,high_risk
S007C002P018R002A008,NTU,low_risk
S007C002P018R002A009,NTU,low_risk
S007C002P018R002A042,NTU,moderate_risk
S007C002P018R002A043,NTU,high_risk
S007C002P019R001A008,NTU,low_risk
S007C002P019R001A009,NTU,low_risk
S007C002P019R001A042,NTU,moderate_risk
S007C002P019R001A043,NTU,high_risk
S007C002P019R002A008,NTU,low_risk
S007C002P019R002A009,NTU,low_risk
S007C002P019R002A042,NTU,moderate_risk
S007C002P019R002A043,NTU,high_risk
S007C002P025R001A008,NTU,low_risk
S007C002P025R001A009,NTU,low_risk
S007C002P025R001A042,NTU,moderate_risk
S007C002P025R001A043,NTU,high_risk
S007C002P025R002A008,NTU,low_risk
S007C002P025R002A009,NTU,low_risk
S007C002P025R002A042,NTU,moderate_risk
S007C002P025R002A043,NTU,high_risk
S007C002P026R001A008,NTU,low_risk
S007C002P026R001A009,NTU,low_risk
S007C002P026R001A042,NTU,moderate_risk
S007C002P026R001A043,NTU,high_risk
S007C002P026R002A008,NTU,low_risk
S007C002P026R002A009,NTU,low_risk
S007C002P026R002A042,NTU,moderate_risk
S007C002P026R002A043,NTU,high_risk
S007C002P027R001A008,NTU,low_risk
S007C002P027R001A009,NTU,low_risk
S007C002P027R001A042,NTU,moderate_risk
S007C002P027R001A043,NTU,high_risk
S007C002P027R002A008,NTU,low_risk
S007C002P027R002A009,NTU,low_risk
S007C002P027R002A042,NTU,moderate_risk
S007C002P027R002A043,NTU,high_risk
S007C002P028R001A008,NTU,low_risk
S007C002P028R001A009,NTU,low_risk
S007C002P028R001A042,NTU,moderate_risk
S007C002P028R001A043,NTU,high_risk
S007C002P028R002A008,NTU,low_risk
S007C002P028R002A009,NTU,low_risk
S007C002P028R002A042,NTU,moderate_risk
S007C002P028R002A043,NTU,high_risk
S007C003P001R001A008,NTU,low_risk
S007C003P001R001A009,NTU,low_risk
S007C003P001R001A042,NTU,moderate_risk
S007C003P001R001A043,NTU,high_risk
S007C003P001R002A008,NTU,low_risk
S007C003P001R002A009,NTU,low_risk
S007C003P001R002A042,NTU,moderate_risk
S007C003P001R002A043,NTU,high_risk
S007C003P008R001A008,NTU,low_risk
S007C003P008R001A009,NTU,low_risk
S007C003P008R001A042,NTU,moderate_risk
S007C003P008R001A043,NTU,high_risk
S007C003P008R002A008,NTU,low_risk
S007C003P008R002A009,NTU,low_risk
S007C003P008R002A042,NTU,moderate_risk
S007C003P008R002A043,NTU,high_risk
S007C003P016R001A008,NTU,low_risk
S007C003P016R001A009,NTU,low_risk
S007C003P016R001A042,NTU,moderate_risk
S007C003P016R001A043,NTU,high_risk
S007C003P016R002A008,NTU,low_risk
S007C003P016R002A009,NTU,low_risk
S007C003P016R002A042,NTU,moderate_risk
S007C003P016R002A043,NTU,high_risk
S007C003P018R001A008,NTU,low_risk
S007C003P018R001A009,NTU,low_risk
S007C003P018R001A042,NTU,moderate_risk
S007C003P018R001A043,NTU,high_risk
S007C003P018R002A008,NTU,low_risk
S007C003P018R002A009,NTU,low_risk
S007C003P018R002A042,NTU,moderate_risk
S007C003P018R002A043,NTU,high_risk
S007C003P019R001A008,NTU,low_risk
S007C003P019R001A009,NTU,low_risk
S007C003P019R001A042,NTU,moderate_risk
S007C003P019R001A043,NTU,high_risk
S007C003P019R002A008,NTU,low_risk
S007C003P019R002A009,NTU,low_risk
S007C003P019R002A042,NTU,moderate_risk
S007C003P019R002A043,NTU,high_risk
S007C003P025R001A008,NTU,low_risk
S007C003P025R001A009,NTU,low_risk
S007C003P025R001A042,NTU,moderate_risk
S007C003P025R001A043,NTU,high_risk
S007C003P025R002A008,NTU,low_risk
S007C003P025R002A009,NTU,low_risk
S007C003P025R002A042,NTU,moderate_risk
S007C003P025R002A043,NTU,high_risk
S007C003P026R001A008,NTU,low_risk
S007C003P026R001A009,NTU,low_risk
S007C003P026R001A042,NTU,moderate_risk
S007C003P026R001A043,NTU,high_risk
S007C003P026R002A008,NTU,low_risk
S007C003P026R002A009,NTU,low_risk
S007C003P026R002A042,NTU,moderate_risk
S007C003P026R002A043,NTU,high_risk
S007C003P027R001A008,NTU,low_risk
S007C003P027R001A009,NTU,low_risk
S007C003P027R001A042,NTU,moderate_risk
S007C003P027R001A043,NTU,high_risk
S007C003P027R002A008,NTU,low_risk
S007C003P027R002A009,NTU,low_risk
S007C003P027R002A042,NTU,moderate_risk
S007C003P027R002A043,NTU,high_risk
S007C003P028R001A008,NTU,low_risk
S007C003P028R001A009,NTU,low_risk
S007C003P028R001A042,NTU,moderate_risk
S007C003P028R001A043,NTU,high_risk
S007C003P028R002A008,NTU,low_risk
S007C003P028R002A009,NTU,low_risk
S007C003P028R002A042,NTU,moderate_risk
S007C003P028R002A043,NTU,high_risk
S008C001P001R001A008,NTU,low_risk
S008C001P001R001A009,NTU,low_risk
S008C001P001R001A042,NTU,moderate_risk
S008C001P001R001A043,NTU,high_risk
S008C001P001R002A008,NTU,low_risk
S008C001P001R002A009,NTU,low_risk
S008C001P001R002A042,NTU,moderate_risk
S008C001P001R002A043,NTU,high_risk
S008C001P008R001A008,NTU,low_risk
S008C001P008R001A009,NTU,low_risk
S008C001P008R001A042,NTU,moderate_risk
S008C001P008R001A043,NTU,high_risk
S008C001P008R002A008,NTU,low_risk
S008C001P008R002A009,NTU,low_risk
S008C001P008R002A042,NTU,moderate_risk
S008C001P008R002A043,NTU,high_risk
S008C001P019R001A008,NTU,low_risk
S008C001P019R001A009,NTU,low_risk
S008C001P019R001A042,NTU,moderate_risk
S008C001P019R001A043,NTU,high_risk
S008C001P019R002A008,NTU,low_risk
S008C001P019R002A009,NTU,low_risk
S008C001P019R002A042,NTU,moderate_risk
S008C001P019R002A043,NTU,high_risk
S008C001P025R001A008,NTU,low_risk
S008C001P025R001A009,NTU,low_risk
S008C001P025R001A042,NTU,moderate_risk
S008C001P025R001A043,NTU,high_risk
S008C001P025R002A008,NTU,low_risk
S008C001P025R002A009,NTU,low_risk
S008C001P025R002A042,NTU,moderate_risk
S008C001P025R002A043,NTU,high_risk
S008C001P029R001A008,NTU,low_risk
S008C001P029R001A009,NTU,low_risk
S008C001P029R001A042,NTU,moderate_risk
S008C001P029R001A043,NTU,high_risk
S008C001P029R002A008,NTU,low_risk
S008C001P029R002A009,NTU,low_risk
S008C001P029R002A042,NTU,moderate_risk
S008C001P029R002A043,NTU,high_risk
S008C001P030R001A008,NTU,low_risk
S008C001P030R001A009,NTU,low_risk
S008C001P030R001A042,NTU,moderate_risk
S008C001P030R001A043,NTU,high_risk
S008C001P030R002A008,NTU,low_risk
S008C001P030R002A009,NTU,low_risk
S008C001P030R002A042,NTU,moderate_risk
S008C001P030R002A043,NTU,high_risk
S008C001P032R001A008,NTU,low_risk
S008C001P032R001A009,NTU,low_risk
S008C001P032R001A042,NTU,moderate_risk
S008C001P032R001A043,NTU,high_risk
S008C001P032R002A008,NTU,low_risk
S008C001P032R002A009,NTU,low_risk
S008C001P032R002A042,NTU,moderate_risk
S008C001P032R002A043,NTU,high_risk
S008C001P033R001A008,NTU,low_risk
S008C001P033R001A009,NTU,low_risk
S008C001P033R001A042,NTU,moderate_risk
S008C001P033R001A043,NTU,high_risk
S008C001P033R002A008,NTU,low_risk
S008C001P033R002A009,NTU,low_risk
S008C001P033R002A042,NTU,moderate_risk
S008C001P033R002A043,NTU,high_risk
S008C001P034R001A008,NTU,low_risk
S008C001P034R001A009,NTU,low_risk
S008C001P034R001A042,NTU,moderate_risk
S008C001P034R001A043,NTU,high_risk
S008C001P034R002A008,NTU,low_risk
S008C001P034R002A009,NTU,low_risk
S008C001P034R002A042,NTU,moderate_risk
S008C001P034R002A043,NTU,high_risk
S008C002P001R001A008,NTU,low_risk
S008C002P001R001A009,NTU,low_risk
S008C002P001R001A042,NTU,moderate_risk
S008C002P001R001A043,NTU,high_risk
S008C002P001R002A008,NTU,low_risk
S008C002P001R002A009,NTU,low_risk
S008C002P001R002A042,NTU,moderate_risk
S008C002P001R002A043,NTU,high_risk
S008C002P008R001A008,NTU,low_risk
S008C002P008R001A009,NTU,low_risk
S008C002P008R001A042,NTU,moderate_risk
S008C002P008R001A043,NTU,high_risk
S008C002P008R002A008,NTU,low_risk
S008C002P008R002A009,NTU,low_risk
S008C002P008R002A042,NTU,moderate_risk
S008C002P008R002A043,NTU,high_risk
S008C002P019R001A008,NTU,low_risk
S008C002P019R001A009,NTU,low_risk
S008C002P019R001A042,NTU,moderate_risk
S008C002P019R001A043,NTU,high_risk
S008C002P019R002A008,NTU,low_risk
S008C002P019R002A009,NTU,low_risk
S008C002P019R002A042,NTU,moderate_risk
S008C002P019R002A043,NTU,high_risk
S008C002P025R001A008,NTU,low_risk
S008C002P025R001A009,NTU,low_risk
S008C002P025R001A042,NTU,moderate_risk
S008C002P025R001A043,NTU,high_risk
S008C002P025R002A008,NTU,low_risk
S008C002P025R002A009,NTU,low_risk
S008C002P025R002A042,NTU,moderate_risk
S008C002P025R002A043,NTU,high_risk
S008C002P029R001A008,NTU,low_risk
S008C002P029R001A009,NTU,low_risk
S008C002P029R001A042,NTU,moderate_risk
S008C002P029R001A043,NTU,high_risk
S008C002P029R002A008,NTU,low_risk
S008C002P029R002A009,NTU,low_risk
S008C002P029R002A042,NTU,moderate_risk
S008C002P029R002A043,NTU,high_risk
S008C002P030R001A008,NTU,low_risk
S008C002P030R001A009,NTU,low_risk
S008C002P030R001A042,NTU,moderate_risk
S008C002P030R001A043,NTU,high_risk
S008C002P030R002A008,NTU,low_risk
S008C002P030R002A009,NTU,low_risk
S008C002P030R002A042,NTU,moderate_risk
S008C002P030R002A043,NTU,high_risk
S008C002P032R001A008,NTU,low_risk
S008C002P032R001A009,NTU,low_risk
S008C002P032R001A042,NTU,moderate_risk
S008C002P032R001A043,NTU,high_risk
S008C002P032R002A008,NTU,low_risk
S008C002P032R002A009,NTU,low_risk
S008C002P032R002A042,NTU,moderate_risk
S008C002P032R002A043,NTU,high_risk
S008C002P033R001A008,NTU,low_risk
S008C002P033R001A009,NTU,low_risk
S008C002P033R001A042,NTU,moderate_risk
S008C002P033R001A043,NTU,high_risk
S008C002P033R002A008,NTU,low_risk
S008C002P033R002A009,NTU,low_risk
S008C002P033R002A042,NTU,moderate_risk
S008C002P033R002A043,NTU,high_risk
S008C002P034R001A008,NTU,low_risk
S008C002P034R001A009,NTU,low_risk
S008C002P034R001A042,NTU,moderate_risk
S008C002P034R001A043,NTU,high_risk
S008C002P034R002A008,NTU,low_risk
S008C002P034R002A009,NTU,low_risk
S008C002P034R002A042,NTU,moderate_risk
S008C002P034R002A043,NTU,high_risk
S008C003P001R001A008,NTU,low_risk
S008C003P001R001A009,NTU,low_risk
S008C003P001R001A042,NTU,moderate_risk
S008C003P001R001A043,NTU,high_risk
S008C003P001R002A008,NTU,low_risk
S008C003P001R002A009,NTU,low_risk
S008C003P001R002A042,NTU,moderate_risk
S008C003P001R002A043,NTU,high_risk
S008C003P008R001A008,NTU,low_risk
S008C003P008R001A009,NTU,low_risk
S008C003P008R001A042,NTU,moderate_risk
S008C003P008R001A043,NTU,high_risk
S008C003P008R002A008,NTU,low_risk
S008C003P008R002A009,NTU,low_risk
S008C003P008R002A042,NTU,moderate_risk
S008C003P008R002A043,NTU,high_risk
S008C003P019R001A008,NTU,low_risk
S008C003P019R001A009,NTU,low_risk
S008C003P019R001A042,NTU,moderate_risk
S008C003P019R001A043,NTU,high_risk
S008C003P019R002A008,NTU,low_risk
S008C003P019R002A009,NTU,low_risk
S008C003P019R002A042,NTU,moderate_risk
S008C003P019R002A043,NTU,high_risk
S008C003P025R001A008,NTU,low_risk
S008C003P025R001A009,NTU,low_risk
S008C003P025R001A042,NTU,moderate_risk
S008C003P025R001A043,NTU,high_risk
S008C003P025R002A008,NTU,low_risk
S008C003P025R002A009,NTU,low_risk
S008C003P025R002A042,NTU,moderate_risk
S008C003P025R002A043,NTU,high_risk
S008C003P029R001A008,NTU,low_risk
S008C003P029R001A009,NTU,low_risk
S008C003P029R001A042,NTU,moderate_risk
S008C003P029R001A043,NTU,high_risk
S008C003P029R002A008,NTU,low_risk
S008C003P029R002A009,NTU,low_risk
S008C003P029R002A042,NTU,moderate_risk
S008C003P029R002A043,NTU,high_risk
S008C003P030R001A008,NTU,low_risk
S008C003P030R001A009,NTU,low_risk
S008C003P030R001A042,NTU,moderate_risk
S008C003P030R001A043,NTU,high_risk
S008C003P030R002A008,NTU,low_risk
S008C003P030R002A009,NTU,low_risk
S008C003P030R002A042,NTU,moderate_risk
S008C003P030R002A043,NTU,high_risk
S008C003P032R001A008,NTU,low_risk
S008C003P032R001A009,NTU,low_risk
S008C003P032R001A042,NTU,moderate_risk
S008C003P032R001A043,NTU,high_risk
S008C003P032R002A008,NTU,low_risk
S008C003P032R002A009,NTU,low_risk
S008C003P032R002A042,NTU,moderate_risk
S008C003P032R002A043,NTU,high_risk
S008C003P033R001A008,NTU,low_risk
S008C003P033R001A009,NTU,low_risk
S008C003P033R001A042,NTU,moderate_risk
S008C003P033R001A043,NTU,high_risk
S008C003P033R002A008,NTU,low_risk
S008C003P033R002A009,NTU,low_risk
S008C003P033R002A042,NTU,moderate_risk
S008C003P033R002A043,NTU,high_risk
S008C003P034R001A008,NTU,low_risk
S008C003P034R001A009,NTU,low_risk
S008C003P034R001A042,NTU,moderate_risk
S008C003P034R001A043,NTU,high_risk
S008C003P034R002A008,NTU,low_risk
S008C003P034R002A009,NTU,low_risk
S008C003P034R002A042,NTU,moderate_risk
S008C003P034R002A043,NTU,high_risk
S009C001P008R001A008,NTU,low_risk
S009C001P008R001A009,NTU,low_risk
S009C001P008R001A042,NTU,moderate_risk
S009C001P008R001A043,NTU,high_risk
S009C001P008R002A008,NTU,low_risk
S009C001P008R002A009,NTU,low_risk
S009C001P008R002A042,NTU,moderate_risk
S009C001P008R002A043,NTU,high_risk
S009C001P016R001A008,NTU,low_risk
S009C001P016R001A009,NTU,low_risk
S009C001P016R001A042,NTU,moderate_risk
S009C001P016R001A043,NTU,high_risk
S009C001P016R002A008,NTU,low_risk
S009C001P016R002A009,NTU,low_risk
S009C001P016R002A042,NTU,moderate_risk
S009C001P016R002A043,NTU,high_risk
S009C001P019R001A008,NTU,low_risk
S009C001P019R001A009,NTU,low_risk
S009C001P019R001A042,NTU,moderate_risk
S009C001P019R001A043,NTU,high_risk
S009C001P019R002A008,NTU,low_risk
S009C001P019R002A009,NTU,low_risk
S009C001P019R002A042,NTU,moderate_risk
S009C001P019R002A043,NTU,high_risk
S009C001P025R001A008,NTU,low_risk
S009C001P025R001A009,NTU,low_risk
S009C001P025R001A042,NTU,moderate_risk
S009C001P025R001A043,NTU,high_risk
S009C001P025R002A008,NTU,low_risk
S009C001P025R002A009,NTU,low_risk
S009C001P025R002A042,NTU,moderate_risk
S009C001P025R002A043,NTU,high_risk
S009C002P008R001A008,NTU,low_risk
S009C002P008R001A009,NTU,low_risk
S009C002P008R001A042,NTU,moderate_risk
S009C002P008R001A043,NTU,high_risk
S009C002P008R002A008,NTU,low_risk
S009C002P008R002A009,NTU,low_risk
S009C002P008R002A042,NTU,moderate_risk
S009C002P008R002A043,NTU,high_risk
S009C002P016R001A008,NTU,low_risk
S009C002P016R001A009,NTU,low_risk
S009C002P016R001A042,NTU,moderate_risk
S009C002P016R001A043,NTU,high_risk
S009C002P016R002A008,NTU,low_risk
S009C002P016R002A009,NTU,low_risk
S009C002P016R002A042,NTU,moderate_risk
S009C002P016R002A043,NTU,high_risk
S009C002P019R001A008,NTU,low_risk
S009C002P019R001A009,NTU,low_risk
S009C002P019R001A042,NTU,moderate_risk
S009C002P019R001A043,NTU,high_risk
S009C002P019R002A008,NTU,low_risk
S009C002P019R002A009,NTU,low_risk
S009C002P019R002A042,NTU,moderate_risk
S009C002P019R002A043,NTU,high_risk
S009C002P025R001A008,NTU,low_risk
S009C002P025R001A009,NTU,low_risk
S009C002P025R001A042,NTU,moderate_risk
S009C002P025R001A043,NTU,high_risk
S009C002P025R002A008,NTU,low_risk
S009C002P025R002A009,NTU,low_risk
S009C002P025R002A042,NTU,moderate_risk
S009C002P025R002A043,NTU,high_risk
S009C003P008R001A008,NTU,low_risk
S009C003P008R001A009,NTU,low_risk
S009C003P008R001A042,NTU,moderate_risk
S009C003P008R001A043,NTU,high_risk
S009C003P008R002A008,NTU,low_risk
S009C003P008R002A009,NTU,low_risk
S009C003P008R002A042,NTU,moderate_risk
S009C003P008R002A043,NTU,high_risk
S009C003P016R001A008,NTU,low_risk
S009C003P016R001A009,NTU,low_risk
S009C003P016R001A042,NTU,moderate_risk
S009C003P016R001A043,NTU,high_risk
S009C003P016R002A008,NTU,low_risk
S009C003P016R002A009,NTU,low_risk
S009C003P016R002A042,NTU,moderate_risk
S009C003P016R002A043,NTU,high_risk
S009C003P019R001A008,NTU,low_risk
S009C003P019R001A009,NTU,low_risk
S009C003P019R001A042,NTU,moderate_risk
S009C003P019R001A043,NTU,high_risk
S009C003P019R002A008,NTU,low_risk
S009C003P019R002A009,NTU,low_risk
S009C003P019R002A042,NTU,moderate_risk
S009C003P019R002A043,NTU,high_risk
S009C003P025R001A008,NTU,low_risk
S009C003P025R001A009,NTU,low_risk
S009C003P025R001A042,NTU,moderate_risk
S009C003P025R001A043,NTU,high_risk
S009C003P025R002A008,NTU,low_risk
S009C003P025R002A009,NTU,low_risk
S009C003P025R002A042,NTU,moderate_risk
S009C003P025R002A043,NTU,high_risk
S010C001P008R001A008,NTU,low_risk
S010C001P008R001A009,NTU,low_risk
S010C001P008R001A042,NTU,moderate_risk
S010C001P008R001A043,NTU,high_risk
S010C001P008R002A008,NTU,low_risk
S010C001P008R002A009,NTU,low_risk
S010C001P008R002A042,NTU,moderate_risk
S010C001P008R002A043,NTU,high_risk
S010C001P016R001A008,NTU,low_risk
S010C001P016R001A009,NTU,low_risk
S010C001P016R001A042,NTU,moderate_risk
S010C001P016R001A043,NTU,high_risk
S010C001P016R002A008,NTU,low_risk
S010C001P016R002A009,NTU,low_risk
S010C001P016R002A042,NTU,moderate_risk
S010C001P016R002A043,NTU,high_risk
S010C001P018R001A008,NTU,low_risk
S010C001P018R001A009,NTU,low_risk
S010C001P018R001A042,NTU,moderate_risk
S010C001P018R001A043,NTU,high_risk
S010C001P018R002A008,NTU,low_risk
S010C001P018R002A009,NTU,low_risk
S010C001P018R002A042,NTU,moderate_risk
S010C001P018R002A043,NTU,high_risk
S010C001P019R001A008,NTU,low_risk
S010C001P019R001A009,NTU,low_risk
S010C001P019R001A042,NTU,moderate_risk
S010C001P019R001A043,NTU,high_risk
S010C001P019R002A008,NTU,low_risk
S010C001P019R002A009,NTU,low_risk
S010C001P019R002A042,NTU,moderate_risk
S010C001P019R002A043,NTU,high_risk
S010C001P021R001A008,NTU,low_risk
S010C001P021R001A009,NTU,low_risk
S010C001P021R001A042,NTU,moderate_risk
S010C001P021R001A043,NTU,high_risk
S010C001P021R002A008,NTU,low_risk
S010C001P021R002A009,NTU,low_risk
S010C001P021R002A042,NTU,moderate_risk
S010C001P021R002A043,NTU,high_risk
S010C001P025R001A008,NTU,low_risk
S010C001P025R001A009,NTU,low_risk
S010C001P025R001A042,NTU,moderate_risk
S010C001P025R001A043,NTU,high_risk
S010C001P025R002A008,NTU,low_risk
S010C001P025R002A009,NTU,low_risk
S010C001P025R002A042,NTU,moderate_risk
S010C001P025R002A043,NTU,high_risk
S010C002P008R001A008,NTU,low_risk
S010C002P008R001A009,NTU,low_risk
S010C002P008R001A042,NTU,moderate_risk
S010C002P008R001A043,NTU,high_risk
S010C002P008R002A008,NTU,low_risk
S010C002P008R002A009,NTU,low_risk
S010C002P008R002A042,NTU,moderate_risk
S010C002P008R002A043,NTU,high_risk
S010C002P016R001A008,NTU,low_risk
S010C002P016R001A009,NTU,low_risk
S010C002P016R001A042,NTU,moderate_risk
S010C002P016R001A043,NTU,high_risk
S010C002P016R002A008,NTU,low_risk
S010C002P016R002A009,NTU,low_risk
S010C002P016R002A042,NTU,moderate_risk
S010C002P016R002A043,NTU,high_risk
S010C002P018R001A008,NTU,low_risk
S010C002P018R001A009,NTU,low_risk
S010C002P018R001A042,NTU,moderate_risk
S010C002P018R001A043,NTU,high_risk
S010C002P018R002A008,NTU,low_risk
S010C002P018R002A009,NTU,low_risk
S010C002P018R002A042,NTU,moderate_risk
S010C002P018R002A043,NTU,high_risk
S010C002P019R001A008,NTU,low_risk
S010C002P019R001A009,NTU,low_risk
S010C002P019R001A042,NTU,moderate_risk
S010C002P019R001A043,NTU,high_risk
S010C002P019R002A008,NTU,low_risk
S010C002P019R002A009,NTU,low_risk
S010C002P019R002A042,NTU,moderate_risk
S010C002P019R002A043,NTU,high_risk
S010C002P021R001A008,NTU,low_risk
S010C002P021R001A009,NTU,low_risk
S010C002P021R001A042,NTU,moderate_risk
S010C002P021R001A043,NTU,high_risk
S010C002P021R002A008,NTU,low_risk
S010C002P021R002A009,NTU,low_risk
S010C002P021R002A042,NTU,moderate_risk
S010C002P021R002A043,NTU,high_risk
S010C002P025R001A008,NTU,low_risk
S010C002P025R001A009,NTU,low_risk
S010C002P025R001A042,NTU,moderate_risk
S010C002P025R001A043,NTU,high_risk
S010C002P025R002A008,NTU,low_risk
S010C002P025R002A009,NTU,low_risk
S010C002P025R002A042,NTU,moderate_risk
S010C002P025R002A043,NTU,high_risk
S010C003P008R001A008,NTU,low_risk
S010C003P008R001A009,NTU,low_risk
S010C003P008R001A042,NTU,moderate_risk
S010C003P008R001A043,NTU,high_risk
S010C003P008R002A008,NTU,low_risk
S010C003P008R002A009,NTU,low_risk
S010C003P008R002A042,NTU,moderate_risk
S010C003P008R002A043,NTU,high_risk
S010C003P016R001A008,NTU,low_risk
S010C003P016R001A009,NTU,low_risk
S010C003P016R001A042,NTU,moderate_risk
S010C003P016R001A043,NTU,high_risk
S010C003P016R002A008,NTU,low_risk
S010C003P016R002A009,NTU,low_risk
S010C003P016R002A042,NTU,moderate_risk
S010C003P016R002A043,NTU,high_risk
S010C003P018R001A008,NTU,low_risk
S010C003P018R001A009,NTU,low_risk
S010C003P018R001A042,NTU,moderate_risk
S010C003P018R001A043,NTU,high_risk
S010C003P018R002A008,NTU,low_risk
S010C003P018R002A009,NTU,low_risk
S010C003P018R002A042,NTU,moderate_risk
S010C003P018R002A043,NTU,high_risk
S010C003P019R001A008,NTU,low_risk
S010C003P019R001A009,NTU,low_risk
S010C003P019R001A042,NTU,moderate_risk
S010C003P019R001A043,NTU,high_risk
S010C003P019R002A008,NTU,low_risk
S010C003P019R002A009,NTU,low_risk
S010C003P019R002A042,NTU,moderate_risk
S010C003P019R002A043,NTU,high_risk
S010C003P021R001A008,NTU,low_risk
S010C003P021R001A009,NTU,low_risk
S010C003P021R001A042,NTU,moderate_risk
S010C003P021R001A043,NTU,high_risk
S010C003P021R002A008,NTU,low_risk
S010C003P021R002A009,NTU,low_risk
S010C003P021R002A042,NTU,moderate_risk
S010C003P021R002A043,NTU,high_risk
S010C003P025R001A008,NTU,low_risk
S010C003P025R001A009,NTU,low_risk
S010C003P025R001A042,NTU,moderate_risk
S010C003P025R001A043,NTU,high_risk
S010C003P025R002A008,NTU,low_risk
S010C003P025R002A009,NTU,low_risk
S010C003P025R002A042,NTU,moderate_risk
S010C003P025R002A043,NTU,high_risk
S011C001P001R001A008,NTU,low_risk
S011C001P001R001A009,NTU,low_risk
S011C001P001R001A042,NTU,moderate_risk
S011C001P001R001A043,NTU,high_risk
S011C001P001R002A008,NTU,low_risk
S011C001P001R002A009,NTU,low_risk
S011C001P001R002A042,NTU,moderate_risk
S011C001P001R002A043,NTU,high_risk
S011C001P002R001A008,NTU,low_risk
S011C001P002R001A009,NTU,low_risk
S011C001P002R001A042,NTU,moderate_risk
S011C001P002R001A043,NTU,high_risk
S011C001P002R002A008,NTU,low_risk
S011C001P002R002A009,NTU,low_risk
S011C001P002R002A042,NTU,moderate_risk
S011C001P002R002A043,NTU,high_risk
S011C001P008R001A008,NTU,low_risk
S011C001P008R001A009,NTU,low_risk
S011C001P008R001A042,NTU,moderate_risk
S011C001P008R001A043,NTU,high_risk
S011C001P008R002A008,NTU,low_risk
S011C001P008R002A009,NTU,low_risk
S011C001P008R002A042,NTU,moderate_risk
S011C001P008R002A043,NTU,high_risk
S011C001P016R001A008,NTU,low_risk
S011C001P016R001A009,NTU,low_risk
S011C001P016R001A042,NTU,moderate_risk
S011C001P016R001A043,NTU,high_risk
S011C001P016R002A008,NTU,low_risk
S011C001P016R002A009,NTU,low_risk
S011C001P016R002A042,NTU,moderate_risk
S011C001P016R002A043,NTU,high_risk
S011C001P018R001A008,NTU,low_risk
S011C001P018R001A009,NTU,low_risk
S011C001P018R001A042,NTU,moderate_risk
S011C001P018R001A043,NTU,high_risk
S011C001P018R002A008,NTU,low_risk
S011C001P018R002A009,NTU,low_risk
S011C001P018R002A042,NTU,moderate_risk
S011C001P018R002A043,NTU,high_risk
S011C001P019R001A008,NTU,low_risk
S011C001P019R001A009,NTU,low_risk
S011C001P019R001A042,NTU,moderate_risk
S011C001P019R001A043,NTU,high_risk
S011C001P019R002A008,NTU,low_risk
S011C001P019R002A009,NTU,low_risk
S011C001P019R002A042,NTU,moderate_risk
S011C001P019R002A043,NTU,high_risk
S011C001P025R001A008,NTU,low_risk
S011C001P025R001A009,NTU,low_risk
S011C001P025R001A042,NTU,moderate_risk
S011C001P025R001A043,NTU,high_risk
S011C001P025R002A008,NTU,low_risk
S011C001P025R002A009,NTU,low_risk
S011C001P025R002A042,NTU,moderate_risk
S011C001P025R002A043,NTU,high_risk
S011C001P027R001A008,NTU,low_risk
S011C001P027R001A009,NTU,low_risk
S011C001P027R001A042,NTU,moderate_risk
S011C001P027R001A043,NTU,high_risk
S011C001P027R002A008,NTU,low_risk
S011C001P027R002A009,NTU,low_risk
S011C001P027R002A042,NTU,moderate_risk
S011C001P027R002A043,NTU,high_risk
S011C001P028R001A008,NTU,low_risk
S011C001P028R001A009,NTU,low_risk
S011C001P028R001A042,NTU,moderate_risk
S011C001P028R001A043,NTU,high_risk
S011C001P028R002A008,NTU,low_risk
S011C001P028R002A009,NTU,low_risk
S011C001P028R002A042,NTU,moderate_risk
S011C001P028R002A043,NTU,high_risk
S011C001P038R001A008,NTU,low_risk
S011C001P038R001A009,NTU,low_risk
S011C001P038R001A042,NTU,moderate_risk
S011C001P038R001A043,NTU,high_risk
S011C001P038R002A008,NTU,low_risk
S011C001P038R002A009,NTU,low_risk
S011C001P038R002A042,NTU,moderate_risk
S011C001P038R002A043,NTU,high_risk
S011C002P001R001A008,NTU,low_risk
S011C002P001R001A009,NTU,low_risk
S011C002P001R001A042,NTU,moderate_risk
S011C002P001R001A043,NTU,high_risk
S011C002P001R002A008,NTU,low_risk
S011C002P001R002A009,NTU,low_risk
S011C002P001R002A042,NTU,moderate_risk
S011C002P001R002A043,NTU,high_risk
S011C002P002R001A008,NTU,low_risk
S011C002P002R001A009,NTU,low_risk
S011C002P002R001A042,NTU,moderate_risk
S011C002P002R001A043,NTU,high_risk
S011C002P002R002A008,NTU,low_risk
S011C002P002R002A009,NTU,low_risk
S011C002P002R002A042,NTU,moderate_risk
S011C002P002R002A043,NTU,high_risk
S011C002P008R001A008,NTU,low_risk
S011C002P008R001A009,NTU,low_risk
S011C002P008R001A042,NTU,moderate_risk
S011C002P008R001A043,NTU,high_risk
S011C002P008R002A008,NTU,low_risk
S011C002P008R002A009,NTU,low_risk
S011C002P008R002A042,NTU,moderate_risk
S011C002P008R002A043,NTU,high_risk
S011C002P016R001A008,NTU,low_risk
S011C002P016R001A009,NTU,low_risk
S011C002P016R001A042,NTU,moderate_risk
S011C002P016R001A043,NTU,high_risk
S011C002P016R002A008,NTU,low_risk
S011C002P016R002A009,NTU,low_risk
S011C002P016R002A042,NTU,moderate_risk
S011C002P016R002A043,NTU,high_risk
S011C002P018R001A008,NTU,low_risk
S011C002P018R001A009,NTU,low_risk
S011C002P018R001A042,NTU,moderate_risk
S011C002P018R001A043,NTU,high_risk
S011C002P018R002A008,NTU,low_risk
S011C002P018R002A009,NTU,low_risk
S011C002P018R002A042,NTU,moderate_risk
S011C002P018R002A043,NTU,high_risk
S011C002P019R001A008,NTU,low_risk
S011C002P019R001A009,NTU,low_risk
S011C002P019R001A042,NTU,moderate_risk
S011C002P019R001A043,NTU,high_risk
S011C002P019R002A008,NTU,low_risk
S011C002P019R002A009,NTU,low_risk
S011C002P019R002A042,NTU,moderate_risk
S011C002P019R002A043,NTU,high_risk
S011C002P025R001A008,NTU,low_risk
S011C002P025R001A009,NTU,low_risk
S011C002P025R001A042,NTU,moderate_risk
S011C002P025R001A043,NTU,high_risk
S011C002P025R002A008,NTU,low_risk
S011C002P025R002A009,NTU,low_risk
S011C002P025R002A042,NTU,moderate_risk
S011C002P025R002A043,NTU,high_risk
S011C002P027R001A008,NTU,low_risk
S011C002P027R001A009,NTU,low_risk
S011C002P027R001A042,NTU,moderate_risk
S011C002P027R001A043,NTU,high_risk
S011C002P027R002A008,NTU,low_risk
S011C002P027R002A009,NTU,low_risk
S011C002P027R002A042,NTU,moderate_risk
S011C002P027R002A043,NTU,high_risk
S011C002P028R001A008,NTU,low_risk
S011C002P028R001A009,NTU,low_risk
S011C002P028R001A042,NTU,moderate_risk
S011C002P028R001A043,NTU,high_risk
S011C002P028R002A008,NTU,low_risk
S011C002P028R002A009,NTU,low_risk
S011C002P028R002A042,NTU,moderate_risk
S011C002P028R002A043,NTU,high_risk
S011C002P038R001A008,NTU,low_risk
S011C002P038R001A009,NTU,low_risk
S011C002P038R001A042,NTU,moderate_risk
S011C002P038R001A043,NTU,high_risk
S011C002P038R002A008,NTU,low_risk
S011C002P038R002A009,NTU,low_risk
S011C002P038R002A042,NTU,moderate_risk
S011C002P038R002A043,NTU,high_risk
S011C003P001R001A008,NTU,low_risk
S011C003P001R001A009,NTU,low_risk
S011C003P001R001A042,NTU,moderate_risk
S011C003P001R001A043,NTU,high_risk
S011C003P001R002A008,NTU,low_risk
S011C003P001R002A009,NTU,low_risk
S011C003P001R002A042,NTU,moderate_risk
S011C003P001R002A043,NTU,high_risk
S011C003P002R001A008,NTU,low_risk
S011C003P002R001A009,NTU,low_risk
S011C003P002R001A042,NTU,moderate_risk
S011C003P002R001A043,NTU,high_risk
S011C003P002R002A008,NTU,low_risk
S011C003P002R002A009,NTU,low_risk
S011C003P002R002A042,NTU,moderate_risk
S011C003P002R002A043,NTU,high_risk
S011C003P008R001A008,NTU,low_risk
S011C003P008R001A009,NTU,low_risk
S011C003P008R001A042,NTU,moderate_risk
S011C003P008R001A043,NTU,high_risk
S011C003P008R002A008,NTU,low_risk
S011C003P008R002A009,NTU,low_risk
S011C003P008R002A042,NTU,moderate_risk
S011C003P008R002A043,NTU,high_risk
S011C003P016R001A008,NTU,low_risk
S011C003P016R001A009,NTU,low_risk
S011C003P016R001A042,NTU,moderate_risk
S011C003P016R001A043,NTU,high_risk
S011C003P016R002A008,NTU,low_risk
S011C003P016R002A009,NTU,low_risk
S011C003P016R002A042,NTU,moderate_risk
S011C003P016R002A043,NTU,high_risk
S011C003P018R001A008,NTU,low_risk
S011C003P018R001A009,NTU,low_risk
S011C003P018R001A042,NTU,moderate_risk
S011C003P018R001A043,NTU,high_risk
S011C003P018R002A008,NTU,low_risk
S011C003P018R002A009,NTU,low_risk
S011C003P018R002A042,NTU,moderate_risk
S011C003P018R002A043,NTU,high_risk
S011C003P019R001A008,NTU,low_risk
S011C003P019R001A009,NTU,low_risk
S011C003P019R001A042,NTU,moderate_risk
S011C003P019R001A043,NTU,high_risk
S011C003P019R002A008,NTU,low_risk
S011C003P019R002A009,NTU,low_risk
S011C003P019R002A042,NTU,moderate_risk
S011C003P019R002A043,NTU,high_risk
S011C003P025R001A008,NTU,low_risk
S011C003P025R001A009,NTU,low_risk
S011C003P025R001A042,NTU,moderate_risk
S011C003P025R001A043,NTU,high_risk
S011C003P025R002A008,NTU,low_risk
S011C003P025R002A009,NTU,low_risk
S011C003P025R002A042,NTU,moderate_risk
S011C003P025R002A043,NTU,high_risk
S011C003P027R001A008,NTU,low_risk
S011C003P027R001A009,NTU,low_risk
S011C003P027R001A042,NTU,moderate_risk
S011C003P027R001A043,NTU,high_risk
S011C003P027R002A008,NTU,low_risk
S011C003P027R002A009,NTU,low_risk
S011C003P027R002A042,NTU,moderate_risk
S011C003P027R002A043,NTU,high_risk
S011C003P028R001A008,NTU,low_risk
S011C003P028R001A009,NTU,low_risk
S011C003P028R001A042,NTU,moderate_risk
S011C003P028R001A043,NTU,high_risk
S011C003P028R002A008,NTU,low_risk
S011C003P028R002A009,NTU,low_risk
S011C003P028R002A042,NTU,moderate_risk
S011C003P028R002A043,NTU,high_risk
S011C003P038R001A008,NTU,low_risk
S011C003P038R001A009,NTU,low_risk
S011C003P038R001A042,NTU,moderate_risk
S011C003P038R001A043,NTU,high_risk
S011C003P038R002A008,NTU,low_risk
S011C003P038R002A009,NTU,low_risk
S011C003P038R002A042,NTU,moderate_risk
S011C003P038R002A043,NTU,high_risk
S012C001P008R001A008,NTU,low_risk
S012C001P008R001A009,NTU,low_risk
S012C001P008R001A042,NTU,moderate_risk
S012C001P008R001A043,NTU,high_risk
S012C001P008R002A008,NTU,low_risk
S012C001P008R002A009,NTU,low_risk
S012C001P008R002A042,NTU,moderate_risk
S012C001P008R002A043,NTU,high_risk
S012C001P016R001A008,NTU,low_risk
S012C001P016R001A009,NTU,low_risk
S012C001P016R001A042,NTU,moderate_risk
S012C001P016R001A043,NTU,high_risk
S012C001P016R002A008,NTU,low_risk
S012C001P016R002A009,NTU,low_risk
S012C001P016R002A042,NTU,moderate_risk
S012C001P016R002A043,NTU,high_risk
S012C001P018R001A008,NTU,low_risk
S012C001P018R001A009,NTU,low_risk
S012C001P018R001A042,NTU,moderate_risk
S012C001P018R001A043,NTU,high_risk
S012C001P018R002A008,NTU,low_risk
S012C001P018R002A009,NTU,low_risk
S012C001P018R002A042,NTU,moderate_risk
S012C001P018R002A043,NTU,high_risk
S012C001P019R001A008,NTU,low_risk
S012C001P019R001A009,NTU,low_risk
S012C001P019R001A042,NTU,moderate_risk
S012C001P019R001A043,NTU,high_risk
S012C001P019R002A008,NTU,low_risk
S012C001P019R002A009,NTU,low_risk
S012C001P019R002A042,NTU,moderate_risk
S012C001P019R002A043,NTU,high_risk
S012C001P025R001A008,NTU,low_risk
S012C001P025R001A009,NTU,low_risk
S012C001P025R001A042,NTU,moderate_risk
S012C001P025R001A043,NTU,high_risk
S012C001P025R002A008,NTU,low_risk
S012C001P025R002A009,NTU,low_risk
S012C001P025R002A042,NTU,moderate_risk
S012C001P025R002A043,NTU,high_risk
S012C001P027R001A008,NTU,low_risk
S012C001P027R001A009,NTU,low_risk
S012C001P027R001A042,NTU,moderate_risk
S012C001P027R001A043,NTU,high_risk
S012C001P027R002A008,NTU,low_risk
S012C001P027R002A009,NTU,low_risk
S012C001P027R002A042,NTU,moderate_risk
S012C001P027R002A043,NTU,high_risk
S012C001P028R001A008,NTU,low_risk
S012C001P028R001A009,NTU,low_risk
S012C001P028R001A042,NTU,moderate_risk
S012C001P028R001A043,NTU,high_risk
S012C001P028R002A008,NTU,low_risk
S012C001P028R002A009,NTU,low_risk
S012C001P028R002A042,NTU,moderate_risk
S012C001P028R002A043,NTU,high_risk
S012C002P008R001A008,NTU,low_risk
S012C002P008R001A009,NTU,low_risk
S012C002P008R001A042,NTU,moderate_risk
S012C002P008R001A043,NTU,high_risk
S012C002P008R002A008,NTU,low_risk
S012C002P008R002A009,NTU,low_risk
S012C002P008R002A042,NTU,moderate_risk
S012C002P008R002A043,NTU,high_risk
S012C002P016R001A008,NTU,low_risk
S012C002P016R001A009,NTU,low_risk
S012C002P016R001A042,NTU,moderate_risk
S012C002P016R001A043,NTU,high_risk
S012C002P016R002A008,NTU,low_risk
S012C002P016R002A009,NTU,low_risk
S012C002P016R002A042,NTU,moderate_risk
S012C002P016R002A043,NTU,high_risk
S012C002P018R001A008,NTU,low_risk
S012C002P018R001A009,NTU,low_risk
S012C002P018R001A042,NTU,moderate_risk
S012C002P018R001A043,NTU,high_risk
S012C002P018R002A008,NTU,low_risk
S012C002P018R002A009,NTU,low_risk
S012C002P018R002A042,NTU,moderate_risk
S012C002P018R002A043,NTU,high_risk
S012C002P019R001A008,NTU,low_risk
S012C002P019R001A009,NTU,low_risk
S012C002P019R001A042,NTU,moderate_risk
S012C002P019R001A043,NTU,high_risk
S012C002P019R002A008,NTU,low_risk
S012C002P019R002A009,NTU,low_risk
S012C002P019R002A042,NTU,moderate_risk
S012C002P019R002A043,NTU,high_risk
S012C002P025R001A008,NTU,low_risk
S012C002P025R001A009,NTU,low_risk
S012C002P025R001A042,NTU,moderate_risk
S012C002P025R001A043,NTU,high_risk
S012C002P025R002A008,NTU,low_risk
S012C002P025R002A009,NTU,low_risk
S012C002P025R002A042,NTU,moderate_risk
S012C002P025R002A043,NTU,high_risk
S012C002P027R001A008,NTU,low_risk
S012C002P027R001A009,NTU,low_risk
S012C002P027R001A042,NTU,moderate_risk
S012C002P027R001A043,NTU,high_risk
S012C002P027R002A008,NTU,low_risk
S012C002P027R002A009,NTU,low_risk
S012C002P027R002A042,NTU,moderate_risk
S012C002P027R002A043,NTU,high_risk
S012C002P028R001A008,NTU,low_risk
S012C002P028R001A009,NTU,low_risk
S012C002P028R001A042,NTU,moderate_risk
S012C002P028R001A043,NTU,high_risk
S012C002P028R002A008,NTU,low_risk
S012C002P028R002A009,NTU,low_risk
S012C002P028R002A042,NTU,moderate_risk
S012C002P028R002A043,NTU,high_risk
S012C003P008R001A008,NTU,low_risk
S012C003P008R001A009,NTU,low_risk
S012C003P008R001A042,NTU,moderate_risk
S012C003P008R001A043,NTU,high_risk
S012C003P008R002A008,NTU,low_risk
S012C003P008R002A009,NTU,low_risk
S012C003P008R002A042,NTU,moderate_risk
S012C003P008R002A043,NTU,high_risk
S012C003P016R001A008,NTU,low_risk
S012C003P016R001A009,NTU,low_risk
S012C003P016R001A042,NTU,moderate_risk
S012C003P016R001A043,NTU,high_risk
S012C003P016R002A008,NTU,low_risk
S012C003P016R002A009,NTU,low_risk
S012C003P016R002A042,NTU,moderate_risk
S012C003P016R002A043,NTU,high_risk
S012C003P018R001A008,NTU,low_risk
S012C003P018R001A009,NTU,low_risk
S012C003P018R001A042,NTU,moderate_risk
S012C003P018R001A043,NTU,high_risk
S012C003P018R002A008,NTU,low_risk
S012C003P018R002A009,NTU,low_risk
S012C003P018R002A042,NTU,moderate_risk
S012C003P018R002A043,NTU,high_risk
S012C003P019R001A008,NTU,low_risk
S012C003P019R001A009,NTU,low_risk
S012C003P019R001A042,NTU,moderate_risk
S012C003P019R001A043,NTU,high_risk
S012C003P019R002A008,NTU,low_risk
S012C003P019R002A009,NTU,low_risk
S012C003P019R002A042,NTU,moderate_risk
S012C003P019R002A043,NTU,high_risk
S012C003P025R001A008,NTU,low_risk
S012C003P025R001A009,NTU,low_risk
S012C003P025R001A042,NTU,moderate_risk
S012C003P025R001A043,NTU,high_risk
S012C003P025R002A008,NTU,low_risk
S012C003P025R002A009,NTU,low_risk
S012C003P025R002A042,NTU,moderate_risk
S012C003P025R002A043,NTU,high_risk
S012C003P027R001A008,NTU,low_risk
S012C003P027R001A009,NTU,low_risk
S012C003P027R001A042,NTU,moderate_risk
S012C003P027R001A043,NTU,high_risk
S012C003P027R002A008,NTU,low_risk
S012C003P027R002A009,NTU,low_risk
S012C003P027R002A042,NTU,moderate_risk
S012C003P027R002A043,NTU,high_risk
S012C003P028R001A008,NTU,low_risk
S012C003P028R001A009,NTU,low_risk
S012C003P028R001A042,NTU,moderate_risk
S012C003P028R001A043,NTU,high_risk
S012C003P028R002A008,NTU,low_risk
S012C003P028R002A009,NTU,low_risk
S012C003P028R002A042,NTU,moderate_risk
S012C003P028R002A043,NTU,high_risk
S013C001P008R001A008,NTU,low_risk
S013C001P008R001A009,NTU,low_risk
S013C001P008R001A042,NTU,moderate_risk
S013C001P008R001A043,NTU,high_risk
S013C001P008R002A008,NTU,low_risk
S013C001P008R002A009,NTU,low_risk
S013C001P008R002A042,NTU,moderate_risk
S013C001P008R002A043,NTU,high_risk
S013C001P016R001A008,NTU,low_risk
S013C001P016R001A009,NTU,low_risk
S013C001P016R001A042,NTU,moderate_risk
S013C001P016R001A043,NTU,high_risk
S013C001P016R002A008,NTU,low_risk
S013C001P016R002A009,NTU,low_risk
S013C001P016R002A042,NTU,moderate_risk
S013C001P016R002A043,NTU,high_risk
S013C001P018R001A008,NTU,low_risk
S013C001P018R001A009,NTU,low_risk
S013C001P018R001A042,NTU,moderate_risk
S013C001P018R001A043,NTU,high_risk
S013C001P018R002A008,NTU,low_risk
S013C001P018R002A009,NTU,low_risk
S013C001P018R002A042,NTU,moderate_risk
S013C001P018R002A043,NTU,high_risk
S013C001P019R001A008,NTU,low_risk
S013C001P019R001A009,NTU,low_risk
S013C001P019R001A042,NTU,moderate_risk
S013C001P019R001A043,NTU,high_risk
S013C001P019R002A008,NTU,low_risk
S013C001P019R002A009,NTU,low_risk
S013C001P019R002A042,NTU,moderate_risk
S013C001P019R002A043,NTU,high_risk
S013C001P025R001A008,NTU,low_risk
S013C001P025R001A009,NTU,low_risk
S013C001P025R001A042,NTU,moderate_risk
S013C001P025R001A043,NTU,high_risk
S013C001P025R002A008,NTU,low_risk
S013C001P025R002A009,NTU,low_risk
S013C001P025R002A042,NTU,moderate_risk
S013C001P025R002A043,NTU,high_risk
S013C001P027R001A008,NTU,low_risk
S013C001P027R001A009,NTU,low_risk
S013C001P027R001A042,NTU,moderate_risk
S013C001P027R001A043,NTU,high_risk
S013C001P027R002A008,NTU,low_risk
S013C001P027R002A009,NTU,low_risk
S013C001P027R002A042,NTU,moderate_risk
S013C001P027R002A043,NTU,high_risk
S013C001P028R001A008,NTU,low_risk
S013C001P028R001A009,NTU,low_risk
S013C001P028R001A042,NTU,moderate_risk
S013C001P028R001A043,NTU,high_risk
S013C001P028R002A008,NTU,low_risk
S013C001P028R002A009,NTU,low_risk
S013C001P028R002A042,NTU,moderate_risk
S013C001P028R002A043,NTU,high_risk
S013C002P008R001A008,NTU,low_risk
S013C002P008R001A009,NTU,low_risk
S013C002P008R001A042,NTU,moderate_risk
S013C002P008R001A043,NTU,high_risk
S013C002P008R002A008,NTU,low_risk
S013C002P008R002A009,NTU,low_risk
S013C002P008R002A042,NTU,moderate_risk
S013C002P008R002A043,NTU,high_risk
S013C002P016R001A008,NTU,low_risk
S013C002P016R001A009,NTU,low_risk
S013C002P016R001A042,NTU,moderate_risk
S013C002P016R001A043,NTU,high_risk
S013C002P016R002A008,NTU,low_risk
S013C002P016R002A009,NTU,low_risk
S013C002P016R002A042,NTU,moderate_risk
S013C002P016R002A043,NTU,high_risk
S013C002P018R001A008,NTU,low_risk
S013C002P018R001A009,NTU,low_risk
S013C002P018R001A042,NTU,moderate_risk
S013C002P018R001A043,NTU,high_risk
S013C002P018R002A008,NTU,low_risk
S013C002P018R002A009,NTU,low_risk
S013C002P018R002A042,NTU,moderate_risk
S013C002P018R002A043,NTU,high_risk
S013C002P019R001A008,NTU,low_risk
S013C002P019R001A009,NTU,low_risk
S013C002P019R001A042,NTU,moderate_risk
S013C002P019R001A043,NTU,high_risk
S013C002P019R002A008,NTU,low_risk
S013C002P019R002A009,NTU,low_risk
S013C002P019R002A042,NTU,moderate_risk
S013C002P019R002A043,NTU,high_risk
S013C002P025R001A008,NTU,low_risk
S013C002P025R001A009,NTU,low_risk
S013C002P025R001A042,NTU,moderate_risk
S013C002P025R001A043,NTU,high_risk
S013C002P025R002A008,NTU,low_risk
S013C002P025R002A009,NTU,low_risk
S013C002P025R002A042,NTU,moderate_risk
S013C002P025R002A043,NTU,high_risk
S013C002P027R001A008,NTU,low_risk
S013C002P027R001A009,NTU,low_risk
S013C002P027R001A042,NTU,moderate_risk
S013C002P027R001A043,NTU,high_risk
S013C002P027R002A008,NTU,low_risk
S013C002P027R002A009,NTU,low_risk
S013C002P027R002A042,NTU,moderate_risk
S013C002P027R002A043,NTU,high_risk
S013C002P028R001A008,NTU,low_risk
S013C002P028R001A009,NTU,low_risk
S013C002P028R001A042,NTU,moderate_risk
S013C002P028R001A043,NTU,high_risk
S013C002P028R002A008,NTU,low_risk
S013C002P028R002A009,NTU,low_risk
S013C002P028R002A042,NTU,moderate_risk
S013C002P028R002A043,NTU,high_risk
S013C003P008R001A008,NTU,low_risk
S013C003P008R001A009,NTU,low_risk
S013C003P008R001A042,NTU,moderate_risk
S013C003P008R001A043,NTU,high_risk
S013C003P008R002A008,NTU,low_risk
S013C003P008R002A009,NTU,low_risk
S013C003P008R002A042,NTU,moderate_risk
S013C003P008R002A043,NTU,high_risk
S013C003P016R001A008,NTU,low_risk
S013C003P016R001A009,NTU,low_risk
S013C003P016R001A042,NTU,moderate_risk
S013C003P016R001A043,NTU,high_risk
S013C003P016R002A008,NTU,low_risk
S013C003P016R002A009,NTU,low_risk
S013C003P016R002A042,NTU,moderate_risk
S013C003P016R002A043,NTU,high_risk
S013C003P018R001A008,NTU,low_risk
S013C003P018R001A009,NTU,low_risk
S013C003P018R001A042,NTU,moderate_risk
S013C003P018R001A043,NTU,high_risk
S013C003P018R002A008,NTU,low_risk
S013C003P018R002A009,NTU,low_risk
S013C003P018R002A042,NTU,moderate_risk
S013C003P018R002A043,NTU,high_risk
S013C003P019R001A008,NTU,low_risk
S013C003P019R001A009,NTU,low_risk
S013C003P019R001A042,NTU,moderate_risk
S013C003P019R001A043,NTU,high_risk
S013C003P019R002A008,NTU,low_risk
S013C003P019R002A009,NTU,low_risk
S013C003P019R002A042,NTU,moderate_risk
S013C003P019R002A043,NTU,high_risk
S013C003P025R001A008,NTU,low_risk
S013C003P025R001A009,NTU,low_risk
S013C003P025R001A042,NTU,moderate_risk
S013C003P025R001A043,NTU,high_risk
S013C003P025R002A008,NTU,low_risk
S013C003P025R002A009,NTU,low_risk
S013C003P025R002A042,NTU,moderate_risk
S013C003P025R002A043,NTU,high_risk
S013C003P027R001A008,NTU,low_risk
S013C003P027R001A009,NTU,low_risk
S013C003P027R001A042,NTU,moderate_risk
S013C003P027R001A043,NTU,high_risk
S013C003P027R002A008,NTU,low_risk
S013C003P027R002A009,NTU,low_risk
S013C003P027R002A042,NTU,moderate_risk
S013C003P027R002A043,NTU,high_risk
S013C003P028R001A008,NTU,low_risk
S013C003P028R001A009,NTU,low_risk
S013C003P028R001A042,NTU,moderate_risk
S013C003P028R001A043,NTU,high_risk
S013C003P028R002A008,NTU,low_risk
S013C003P028R002A009,NTU,low_risk
S013C003P028R002A042,NTU,moderate_risk
S013C003P028R002A043,NTU,high_risk
S014C001P008R001A008,NTU,low_risk
S014C001P008R001A009,NTU,low_risk
S014C001P008R001A042,NTU,moderate_risk
S014C001P008R001A043,NTU,high_risk
S014C001P008R002A008,NTU,low_risk
S014C001P008R002A009,NTU,low_risk
S014C001P008R002A042,NTU,moderate_risk
S014C001P008R002A043,NTU,high_risk
S014C001P019R001A008,NTU,low_risk
S014C001P019R001A009,NTU,low_risk
S014C001P019R001A042,NTU,moderate_risk
S014C001P019R001A043,NTU,high_risk
S014C001P019R002A008,NTU,low_risk
S014C001P019R002A009,NTU,low_risk
S014C001P019R002A042,NTU,moderate_risk
S014C001P019R002A043,NTU,high_risk
S014C001P025R001A008,NTU,low_risk
S014C001P025R001A009,NTU,low_risk
S014C001P025R001A042,NTU,moderate_risk
S014C001P025R001A043,NTU,high_risk
S014C001P025R002A008,NTU,low_risk
S014C001P025R002A009,NTU,low_risk
S014C001P025R002A042,NTU,moderate_risk
S014C001P025R002A043,NTU,high_risk
S014C001P027R001A008,NTU,low_risk
S014C001P027R001A009,NTU,low_risk
S014C001P027R001A042,NTU,moderate_risk
S014C001P027R001A043,NTU,high_risk
S014C001P027R002A008,NTU,low_risk
S014C001P027R002A009,NTU,low_risk
S014C001P027R002A042,NTU,moderate_risk
S014C001P027R002A043,NTU,high_risk
S014C001P039R001A008,NTU,low_risk
S014C001P039R001A009,NTU,low_risk
S014C001P039R001A042,NTU,moderate_risk
S014C001P039R001A043,NTU,high_risk
S014C001P039R002A008,NTU,low_risk
S014C001P039R002A009,NTU,low_risk
S014C001P039R002A042,NTU,moderate_risk
S014C001P039R002A043,NTU,high_risk
S014C002P008R001A008,NTU,low_risk
S014C002P008R001A009,NTU,low_risk
S014C002P008R001A042,NTU,moderate_risk
S014C002P008R001A043,NTU,high_risk
S014C002P008R002A008,NTU,low_risk
S014C002P008R002A009,NTU,low_risk
S014C002P008R002A042,NTU,moderate_risk
S014C002P008R002A043,NTU,high_risk
S014C002P019R001A008,NTU,low_risk
S014C002P019R001A009,NTU,low_risk
S014C002P019R001A042,NTU,moderate_risk
S014C002P019R001A043,NTU,high_risk
S014C002P019R002A008,NTU,low_risk
S014C002P019R002A009,NTU,low_risk
S014C002P019R002A042,NTU,moderate_risk
S014C002P019R002A043,NTU,high_risk
S014C002P025R001A008,NTU,low_risk
S014C002P025R001A009,NTU,low_risk
S014C002P025R001A042,NTU,moderate_risk
S014C002P025R001A043,NTU,high_risk
S014C002P025R002A008,NTU,low_risk
S014C002P025R002A009,NTU,low_risk
S014C002P025R002A042,NTU,moderate_risk
S014C002P025R002A043,NTU,high_risk
S014C002P027R001A008,NTU,low_risk
S014C002P027R001A009,NTU,low_risk
S014C002P027R001A042,NTU,moderate_risk
S014C002P027R001A043,NTU,high_risk
S014C002P027R002A008,NTU,low_risk
S014C002P027R002A009,NTU,low_risk
S014C002P027R002A042,NTU,moderate_risk
S014C002P027R002A043,NTU,high_risk
S014C002P039R001A008,NTU,low_risk
S014C002P039R001A009,NTU,low_risk
S014C002P039R001A042,NTU,moderate_risk
S014C002P039R001A043,NTU,high_risk
S014C002P039R002A008,NTU,low_risk
S014C002P039R002A009,NTU,low_risk
S014C002P039R002A042,NTU,moderate_risk
S014C002P039R002A043,NTU,high_risk
S014C003P008R001A008,NTU,low_risk
S014C003P008R001A009,NTU,low_risk
S014C003P008R001A042,NTU,moderate_risk
S014C003P008R001A043,NTU,high_risk
S014C003P008R002A008,NTU,low_risk
S014C003P008R002A009,NTU,low_risk
S014C003P008R002A042,NTU,moderate_risk
S014C003P008R002A043,NTU,high_risk
S014C003P019R001A008,NTU,low_risk
S014C003P019R001A009,NTU,low_risk
S014C003P019R001A042,NTU,moderate_risk
S014C003P019R001A043,NTU,high_risk
S014C003P019R002A008,NTU,low_risk
S014C003P019R002A009,NTU,low_risk
S014C003P019R002A042,NTU,moderate_risk
S014C003P019R002A043,NTU,high_risk
S014C003P025R001A008,NTU,low_risk
S014C003P025R001A009,NTU,low_risk
S014C003P025R001A042,NTU,moderate_risk
S014C003P025R001A043,NTU,high_risk
S014C003P025R002A008,NTU,low_risk
S014C003P025R002A009,NTU,low_risk
S014C003P025R002A042,NTU,moderate_risk
S014C003P025R002A043,NTU,high_risk
S014C003P027R001A008,NTU,low_risk
S014C003P027R001A009,NTU,low_risk
S014C003P027R001A042,NTU,moderate_risk
S014C003P027R001A043,NTU,high_risk
S014C003P027R002A008,NTU,low_risk
S014C003P027R002A009,NTU,low_risk
S014C003P027R002A042,NTU,moderate_risk
S014C003P027R002A043,NTU,high_risk
S014C003P039R001A008,NTU,low_risk
S014C003P039R001A009,NTU,low_risk
S014C003P039R001A042,NTU,moderate_risk
S014C003P039R001A043,NTU,high_risk
S014C003P039R002A008,NTU,low_risk
S014C003P039R002A009,NTU,low_risk
S014C003P039R002A042,NTU,moderate_risk
S014C003P039R002A043,NTU,high_risk
S015C001P008R001A008,NTU,low_risk
S015C001P008R001A009,NTU,low_risk
S015C001P008R001A042,NTU,moderate_risk
S015C001P008R001A043,NTU,high_risk
S015C001P008R002A008,NTU,low_risk
S015C001P008R002A009,NTU,low_risk
S015C001P008R002A042,NTU,moderate_risk
S015C001P008R002A043,NTU,high_risk
S015C001P016R001A008,NTU,low_risk
S015C001P016R001A009,NTU,low_risk
S015C001P016R001A042,NTU,moderate_risk
S015C001P016R001A043,NTU,high_risk
S015C001P016R002A008,NTU,low_risk
S015C001P016R002A009,NTU,low_risk
S015C001P016R002A042,NTU,moderate_risk
S015C001P016R002A043,NTU,high_risk
S015C001P019R001A008,NTU,low_risk
S015C001P019R001A009,NTU,low_risk
S015C001P019R001A042,NTU,moderate_risk
S015C001P019R001A043,NTU,high_risk
S015C001P019R002A008,NTU,low_risk
S015C001P019R002A009,NTU,low_risk
S015C001P019R002A042,NTU,moderate_risk
S015C001P019R002A043,NTU,high_risk
S015C001P025R001A008,NTU,low_risk
S015C001P025R001A009,NTU,low_risk
S015C001P025R001A042,NTU,moderate_risk
S015C001P025R001A043,NTU,high_risk
S015C001P025R002A008,NTU,low_risk
S015C001P025R002A009,NTU,low_risk
S015C001P025R002A042,NTU,moderate_risk
S015C001P025R002A043,NTU,high_risk
S015C002P008R001A008,NTU,low_risk
S015C002P008R001A009,NTU,low_risk
S015C002P008R001A042,NTU,moderate_risk
S015C002P008R001A043,NTU,high_risk
S015C002P008R002A008,NTU,low_risk
S015C002P008R002A009,NTU,low_risk
S015C002P008R002A042,NTU,moderate_risk
S015C002P008R002A043,NTU,high_risk
S015C002P016R001A008,NTU,low_risk
S015C002P016R001A009,NTU,low_risk
S015C002P016R001A042,NTU,moderate_risk
S015C002P016R001A043,NTU,high_risk
S015C002P016R002A008,NTU,low_risk
S015C002P016R002A009,NTU,low_risk
S015C002P016R002A042,NTU,moderate_risk
S015C002P016R002A043,NTU,high_risk
S015C002P019R001A008,NTU,low_risk
S015C002P019R001A009,NTU,low_risk
S015C002P019R001A042,NTU,moderate_risk
S015C002P019R001A043,NTU,high_risk
S015C002P019R002A008,NTU,low_risk
S015C002P019R002A009,NTU,low_risk
S015C002P019R002A042,NTU,moderate_risk
S015C002P019R002A043,NTU,high_risk
S015C002P025R001A008,NTU,low_risk
S015C002P025R001A009,NTU,low_risk
S015C002P025R001A042,NTU,moderate_risk
S015C002P025R001A043,NTU,high_risk
S015C002P025R002A008,NTU,low_risk
S015C002P025R002A009,NTU,low_risk
S015C002P025R002A042,NTU,moderate_risk
S015C002P025R002A043,NTU,high_risk
S015C003P008R001A008,NTU,low_risk
S015C003P008R001A009,NTU,low_risk
S015C003P008R001A042,NTU,moderate_risk
S015C003P008R001A043,NTU,high_risk
S015C003P008R002A008,NTU,low_risk
S015C003P008R002A009,NTU,low_risk
S015C003P008R002A042,NTU,moderate_risk
S015C003P008R002A043,NTU,high_risk
S015C003P016R001A008,NTU,low_risk
S015C003P016R001A009,NTU,low_risk
S015C003P016R001A042,NTU,moderate_risk
S015C003P016R001A043,NTU,high_risk
S015C003P016R002A008,NTU,low_risk
S015C003P016R002A009,NTU,low_risk
S015C003P016R002A042,NTU,moderate_risk
S015C003P016R002A043,NTU,high_risk
S015C003P019R001A008,NTU,low_risk
S015C003P019R001A009,NTU,low_risk
S015C003P019R001A042,NTU,moderate_risk
S015C003P019R001A043,NTU,high_risk
S015C003P019R002A008,NTU,low_risk
S015C003P019R002A009,NTU,low_risk
S015C003P019R002A042,NTU,moderate_risk
S015C003P019R002A043,NTU,high_risk
S015C003P025R001A008,NTU,low_risk
S015C003P025R001A009,NTU,low_risk
S015C003P025R001A042,NTU,moderate_risk
S015C003P025R001A043,NTU,high_risk
S015C003P025R002A008,NTU,low_risk
S015C003P025R002A009,NTU,low_risk
S015C003P025R002A042,NTU,moderate_risk
S015C003P025R002A043,NTU,high_risk
S016C001P008R001A008,NTU,low_risk
S016C001P008R001A009,NTU,low_risk
S016C001P008R001A042,NTU,moderate_risk
S016C001P008R001A043,NTU,high_risk
S016C001P008R002A008,NTU,low_risk
S016C001P008R002A009,NTU,low_risk
S016C001P008R002A042,NTU,moderate_risk
S016C001P008R002A043,NTU,high_risk
S016C001P019R001A008,NTU,low_risk
S016C001P019R001A009,NTU,low_risk
S016C001P019R001A042,NTU,moderate_risk
S016C001P019R001A043,NTU,high_risk
S016C001P019R002A008,NTU,low_risk
S016C001P019R002A009,NTU,low_risk
S016C001P019R002A042,NTU,moderate_risk
S016C001P019R002A043,NTU,high_risk
S016C001P021R001A008,NTU,low_risk
S016C001P021R001A009,NTU,low_risk
S016C001P021R001A042,NTU,moderate_risk
S016C001P021R001A043,NTU,high_risk
S016C001P021R002A008,NTU,low_risk
S016C001P021R002A009,NTU,low_risk
S016C001P021R002A042,NTU,moderate_risk
S016C001P021R002A043,NTU,high_risk
S016C001P025R001A008,NTU,low_risk
S016C001P025R001A009,NTU,low_risk
S016C001P025R001A042,NTU,moderate_risk
S016C001P025R001A043,NTU,high_risk
S016C001P025R002A008,NTU,low_risk
S016C001P025R002A009,NTU,low_risk
S016C001P025R002A042,NTU,moderate_risk
S016C001P025R002A043,NTU,high_risk
S016C001P039R001A008,NTU,low_risk
S016C001P039R001A009,NTU,low_risk
S016C001P039R001A042,NTU,moderate_risk
S016C001P039R001A043,NTU,high_risk
S016C001P039R002A008,NTU,low_risk
S016C001P039R002A009,NTU,low_risk
S016C001P039R002A042,NTU,moderate_risk
S016C001P039R002A043,NTU,high_risk
S016C001P040R001A008,NTU,low_risk
S016C001P040R001A009,NTU,low_risk
S016C001P040R001A042,NTU,moderate_risk
S016C001P040R001A043,NTU,high_risk
S016C001P040R002A008,NTU,low_risk
S016C001P040R002A009,NTU,low_risk
S016C001P040R002A042,NTU,moderate_risk
S016C001P040R002A043,NTU,high_risk
S016C002P008R001A008,NTU,low_risk
S016C002P008R001A009,NTU,low_risk
S016C002P008R001A042,NTU,moderate_risk
S016C002P008R001A043,NTU,high_risk
S016C002P008R002A008,NTU,low_risk
S016C002P008R002A009,NTU,low_risk
S016C002P008R002A042,NTU,moderate_risk
S016C002P008R002A043,NTU,high_risk
S016C002P019R001A008,NTU,low_risk
S016C002P019R001A009,NTU,low_risk
S016C002P019R001A042,NTU,moderate_risk
S016C002P019R001A043,NTU,high_risk
S016C002P019R002A008,NTU,low_risk
S016C002P019R002A009,NTU,low_risk
S016C002P019R002A042,NTU,moderate_risk
S016C002P019R002A043,NTU,high_risk
S016C002P021R001A008,NTU,low_risk
S016C002P021R001A009,NTU,low_risk
S016C002P021R001A042,NTU,moderate_risk
S016C002P021R001A043,NTU,high_risk
S016C002P021R002A008,NTU,low_risk
S016C002P021R002A009,NTU,low_risk
S016C002P021R002A042,NTU,moderate_risk
S016C002P021R002A043,NTU,high_risk
S016C002P025R001A008,NTU,low_risk
S016C002P025R001A009,NTU,low_risk
S016C002P025R001A042,NTU,moderate_risk
S016C002P025R001A043,NTU,high_risk
S016C002P025R002A008,NTU,low_risk
S016C002P025R002A009,NTU,low_risk
S016C002P025R002A042,NTU,moderate_risk
S016C002P025R002A043,NTU,high_risk
S016C002P039R001A008,NTU,low_risk
S016C002P039R001A009,NTU,low_risk
S016C002P039R001A042,NTU,moderate_risk
S016C002P039R001A043,NTU,high_risk
S016C002P039R002A008,NTU,low_risk
S016C002P039R002A009,NTU,low_risk
S016C002P039R002A042,NTU,moderate_risk
S016C002P039R002A043,NTU,high_risk
S016C002P040R001A008,NTU,low_risk
S016C002P040R001A009,NTU,low_risk
S016C002P040R001A042,NTU,moderate_risk
S016C002P040R001A043,NTU,high_risk
S016C002P040R002A008,NTU,low_risk
S016C002P040R002A009,NTU,low_risk
S016C002P040R002A042,NTU,moderate_risk
S016C002P040R002A043,NTU,high_risk
S016C003P008R001A008,NTU,low_risk
S016C003P008R001A009,NTU,low_risk
S016C003P008R001A042,NTU,moderate_risk
S016C003P008R001A043,NTU,high_risk
S016C003P008R002A008,NTU,low_risk
S016C003P008R002A009,NTU,low_risk
S016C003P008R002A042,NTU,moderate_risk
S016C003P008R002A043,NTU,high_risk
S016C003P019R001A008,NTU,low_risk
S016C003P019R001A009,NTU,low_risk
S016C003P019R001A042,NTU,moderate_risk
S016C003P019R001A043,NTU,high_risk
S016C003P019R002A008,NTU,low_risk
S016C003P019R002A009,NTU,low_risk
S016C003P019R002A042,NTU,moderate_risk
S016C003P019R002A043,NTU,high_risk
S016C003P021R001A008,NTU,low_risk
S016C003P021R001A009,NTU,low_risk
S016C003P021R001A042,NTU,moderate_risk
S016C003P021R001A043,NTU,high_risk
S016C003P021R002A008,NTU,low_risk
S016C003P021R002A009,NTU,low_risk
S016C003P021R002A042,NTU,moderate_risk
S016C003P021R002A043,NTU,high_risk
S016C003P025R001A008,NTU,low_risk
S016C003P025R001A009,NTU,low_risk
S016C003P025R001A042,NTU,moderate_risk
S016C003P025R001A043,NTU,high_risk
S016C003P025R002A008,NTU,low_risk
S016C003P025R002A009,NTU,low_risk
S016C003P025R002A042,NTU,moderate_risk
S016C003P025R002A043,NTU,high_risk
S016C003P039R001A008,NTU,low_risk
S016C003P039R001A009,NTU,low_risk
S016C003P039R001A042,NTU,moderate_risk
S016C003P039R001A043,NTU,high_risk
S016C003P039R002A008,NTU,low_risk
S016C003P039R002A009,NTU,low_risk
S016C003P039R002A042,NTU,moderate_risk
S016C003P039R002A043,NTU,high_risk
S016C003P040R001A008,NTU,low_risk
S016C003P040R001A009,NTU,low_risk
S016C003P040R001A042,NTU,moderate_risk
S016C003P040R001A043,NTU,high_risk
S016C003P040R002A008,NTU,low_risk
S016C003P040R002A009,NTU,low_risk
S016C003P040R002A042,NTU,moderate_risk
S016C003P040R002A043,NTU,high_risk
S017C001P003R001A008,NTU,low_risk
S017C001P003R001A009,NTU,low_risk
S017C001P003R001A042,NTU,moderate_risk
S017C001P003R001A043,NTU,high_risk
S017C001P003R002A008,NTU,low_risk
S017C001P003R002A009,NTU,low_risk
S017C001P003R002A042,NTU,moderate_risk
S017C001P003R002A043,NTU,high_risk
S017C001P008R001A008,NTU,low_risk
S017C001P008R001A009,NTU,low_risk
S017C001P008R001A042,NTU,moderate_risk
S017C001P008R001A043,NTU,high_risk
S017C001P008R002A008,NTU,low_risk
S017C001P008R002A009,NTU,low_risk
S017C001P008R002A042,NTU,moderate_risk
S017C001P008R002A043,NTU,high_risk
S017C001P016R001A008,NTU,low_risk
S017C001P016R001A009,NTU,low_risk
S017C001P016R001A042,NTU,moderate_risk
S017C001P016R001A043,NTU,high_risk
S017C001P016R002A008,NTU,low_risk
S017C001P016R002A009,NTU,low_risk
S017C001P016R002A042,NTU,moderate_risk
S017C001P016R002A043,NTU,high_risk
S017C002P003R001A008,NTU,low_risk
S017C002P003R001A009,NTU,low_risk
S017C002P003R001A042,NTU,moderate_risk
S017C002P003R001A043,NTU,high_risk
S017C002P003R002A008,NTU,low_risk
S017C002P003R002A009,NTU,low_risk
S017C002P003R002A042,NTU,moderate_risk
S017C002P003R002A043,NTU,high_risk
S017C002P008R001A008,NTU,low_risk
S017C002P008R001A009,NTU,low_risk
S017C002P008R001A042,NTU,moderate_risk
S017C002P008R001A043,NTU,high_risk
S017C002P008R002A008,NTU,low_risk
S017C002P008R002A009,NTU,low_risk
S017C002P008R002A042,NTU,moderate_risk
S017C002P008R002A043,NTU,high_risk
S017C002P016R001A008,NTU,low_risk
S017C002P016R001A009,NTU,low_risk
S017C002P016R001A042,NTU,moderate_risk
S017C002P016R001A043,NTU,high_risk
S017C002P016R002A008,NTU,low_risk
S017C002P016R002A009,NTU,low_risk
S017C002P016R002A042,NTU,moderate_risk
S017C002P016R002A043,NTU,high_risk
S017C003P003R001A008,NTU,low_risk
S017C003P003R001A009,NTU,low_risk
S017C003P003R001A042,NTU,moderate_risk
S017C003P003R001A043,NTU,high_risk
S017C003P003R002A008,NTU,low_risk
S017C003P003R002A009,NTU,low_risk
S017C003P003R002A042,NTU,moderate_risk
S017C003P003R002A043,NTU,high_risk
S017C003P008R001A008,NTU,low_risk
S017C003P008R001A009,NTU,low_risk
S017C003P008R001A042,NTU,moderate_risk
S017C003P008R001A043,NTU,high_risk
S017C003P008R002A008,NTU,low_risk
S017C003P008R002A009,NTU,low_risk
S017C003P008R002A042,NTU,moderate_risk
S017C003P008R002A043,NTU,high_risk
S017C003P016R001A008,NTU,low_risk
S017C003P016R001A009,NTU,low_risk
S017C003P016R001A042,NTU,moderate_risk
S017C003P016R001A043,NTU,high_risk
S017C003P016R002A008,NTU,low_risk
S017C003P016R002A009,NTU,low_risk
S017C003P016R002A042,NTU,moderate_risk
S017C003P016R002A043,NTU,high_risk
S018C001P008R001A080,NTU,moderate_risk
S018C001P008R002A080,NTU,moderate_risk
S018C001P041R001A080,NTU,moderate_risk
S018C001P041R002A080,NTU,moderate_risk
S018C001P043R001A080,NTU,moderate_risk
S018C001P043R002A080,NTU,moderate_risk
S018C001P044R001A080,NTU,moderate_risk
S018C001P044R002A080,NTU,moderate_risk
S018C002P008R001A080,NTU,moderate_risk
S018C002P008R002A080,NTU,moderate_risk
S018C002P041R001A080,NTU,moderate_risk
S018C002P041R002A080,NTU,moderate_risk
S018C002P043R001A080,NTU,moderate_risk
S018C002P043R002A080,NTU,moderate_risk
S018C002P044R001A080,NTU,moderate_risk
S018C002P044R002A080,NTU,moderate_risk
S018C003P008R001A080,NTU,moderate_risk
S018C003P008R002A080,NTU,moderate_risk
S018C003P041R001A080,NTU,moderate_risk
S018C003P041R002A080,NTU,moderate_risk
S018C003P043R001A080,NTU,moderate_risk
S018C003P043R002A080,NTU,moderate_risk
S018C003P044R001A080,NTU,moderate_risk
S018C003P044R002A080,NTU,moderate_risk
S019C001P008R001A080,NTU,moderate_risk
S019C001P008R002A080,NTU,moderate_risk
S019C001P041R001A080,NTU,moderate_risk
S019C001P041R002A080,NTU,moderate_risk
S019C001P046R001A080,NTU,moderate_risk
S019C001P046R002A080,NTU,moderate_risk
S019C001P047R001A080,NTU,moderate_risk
S019C001P047R002A080,NTU,moderate_risk
S019C001P049R001A080,NTU,moderate_risk
S019C001P049R002A080,NTU,moderate_risk
S019C001P051R001A080,NTU,moderate_risk
S019C001P051R002A080,NTU,moderate_risk
S019C002P008R001A080,NTU,moderate_risk
S019C002P008R002A080,NTU,moderate_risk
S019C002P041R001A080,NTU,moderate_risk
S019C002P041R002A080,NTU,moderate_risk
S019C002P046R001A080,NTU,moderate_risk
S019C002P046R002A080,NTU,moderate_risk
S019C002P047R001A080,NTU,moderate_risk
S019C002P047R002A080,NTU,moderate_risk
S019C002P049R001A080,NTU,moderate_risk
S019C002P049R002A080,NTU,moderate_risk
S019C002P051R001A080,NTU,moderate_risk
S019C002P051R002A080,NTU,moderate_risk
S019C003P008R001A080,NTU,moderate_risk
S019C003P008R002A080,NTU,moderate_risk
S019C003P041R001A080,NTU,moderate_risk
S019C003P041R002A080,NTU,moderate_risk
S019C003P046R001A080,NTU,moderate_risk
S019C003P046R002A080,NTU,moderate_risk
S019C003P047R001A080,NTU,moderate_risk
S019C003P047R002A080,NTU,moderate_risk
S019C003P049R001A080,NTU,moderate_risk
S019C003P049R002A080,NTU,moderate_risk
S019C003P051R001A080,NTU,moderate_risk
S019C003P051R002A080,NTU,moderate_risk
S020C001P008R001A080,NTU,moderate_risk
S020C001P008R002A080,NTU,moderate_risk
S020C001P041R001A080,NTU,moderate_risk
S020C001P041R002A080,NTU,moderate_risk
S020C001P043R001A080,NTU,moderate_risk
S020C001P043R002A080,NTU,moderate_risk
S020C001P044R001A080,NTU,moderate_risk
S020C001P044R002A080,NTU,moderate_risk
S020C001P052R001A080,NTU,moderate_risk
S020C001P052R002A080,NTU,moderate_risk
S020C001P053R001A080,NTU,moderate_risk
S020C001P053R002A080,NTU,moderate_risk
S020C002P008R001A080,NTU,moderate_risk
S020C002P008R002A080,NTU,moderate_risk
S020C002P041R001A080,NTU,moderate_risk
S020C002P041R002A080,NTU,moderate_risk
S020C002P043R001A080,NTU,moderate_risk
S020C002P043R002A080,NTU,moderate_risk
S020C002P044R001A080,NTU,moderate_risk
S020C002P044R002A080,NTU,moderate_risk
S020C002P052R001A080,NTU,moderate_risk
S020C002P052R002A080,NTU,moderate_risk
S020C002P053R001A080,NTU,moderate_risk
S020C002P053R002A080,NTU,moderate_risk
S020C003P008R001A080,NTU,moderate_risk
S020C003P008R002A080,NTU,moderate_risk
S020C003P041R001A080,NTU,moderate_risk
S020C003P041R002A080,NTU,moderate_risk
S020C003P043R001A080,NTU,moderate_risk
S020C003P043R002A080,NTU,moderate_risk
S020C003P044R001A080,NTU,moderate_risk
S020C003P044R002A080,NTU,moderate_risk
S020C003P052R001A080,NTU,moderate_risk
S020C003P052R002A080,NTU,moderate_risk
S020C003P053R001A080,NTU,moderate_risk
S020C003P053R002A080,NTU,moderate_risk
S021C001P056R001A080,NTU,moderate_risk
S021C001P056R002A080,NTU,moderate_risk
S021C001P057R001A080,NTU,moderate_risk
S021C001P057R002A080,NTU,moderate_risk
S021C001P058R001A080,NTU,moderate_risk
S021C001P058R002A080,NTU,moderate_risk
S021C001P060R001A080,NTU,moderate_risk
S021C001P060R002A080,NTU,moderate_risk
S021C002P056R001A080,NTU,moderate_risk
S021C002P056R002A080,NTU,moderate_risk
S021C002P057R001A080,NTU,moderate_risk
S021C002P057R002A080,NTU,moderate_risk
S021C002P058R001A080,NTU,moderate_risk
S021C002P058R002A080,NTU,moderate_risk
S021C002P060R001A080,NTU,moderate_risk
S021C002P060R002A080,NTU,moderate_risk
S021C003P056R001A080,NTU,moderate_risk
S021C003P056R002A080,NTU,moderate_risk
S021C003P057R001A080,NTU,moderate_risk
S021C003P057R002A080,NTU,moderate_risk
S021C003P058R001A080,NTU,moderate_risk
S021C003P058R002A080,NTU,moderate_risk
S021C003P060R001A080,NTU,moderate_risk
S021C003P060R002A080,NTU,moderate_risk
S022C001P061R001A080,NTU,moderate_risk
S022C001P061R002A080,NTU,moderate_risk
S022C001P062R001A080,NTU,moderate_risk
S022C001P062R002A080,NTU,moderate_risk
S022C001P063R001A080,NTU,moderate_risk
S022C001P063R002A080,NTU,moderate_risk
S022C001P064R001A080,NTU,moderate_risk
S022C001P064R002A080,NTU,moderate_risk
S022C002P061R001A080,NTU,moderate_risk
S022C002P061R002A080,NTU,moderate_risk
S022C002P062R001A080,NTU,moderate_risk
S022C002P062R002A080,NTU,moderate_risk
S022C002P063R001A080,NTU,moderate_risk
S022C002P063R002A080,NTU,moderate_risk
S022C002P064R001A080,NTU,moderate_risk
S022C002P064R002A080,NTU,moderate_risk
S022C003P061R001A080,NTU,moderate_risk
S022C003P061R002A080,NTU,moderate_risk
S022C003P062R001A080,NTU,moderate_risk
S022C003P062R002A080,NTU,moderate_risk
S022C003P063R001A080,NTU,moderate_risk
S022C003P063R002A080,NTU,moderate_risk
S022C003P064R001A080,NTU,moderate_risk
S022C003P064R002A080,NTU,moderate_risk
S023C001P056R001A080,NTU,moderate_risk
S023C001P056R002A080,NTU,moderate_risk
S023C001P057R001A080,NTU,moderate_risk
S023C001P057R002A080,NTU,moderate_risk
S023C001P058R001A080,NTU,moderate_risk
S023C001P058R002A080,NTU,moderate_risk
S023C001P060R001A080,NTU,moderate_risk
S023C001P060R002A080,NTU,moderate_risk
S023C001P061R001A080,NTU,moderate_risk
S023C001P061R002A080,NTU,moderate_risk
S023C001P062R001A080,NTU,moderate_risk
S023C001P062R002A080,NTU,moderate_risk
S023C001P063R001A080,NTU,moderate_risk
S023C001P063R002A080,NTU,moderate_risk
S023C001P064R001A080,NTU,moderate_risk
S023C001P064R002A080,NTU,moderate_risk
S023C002P056R001A080,NTU,moderate_risk
S023C002P056R002A080,NTU,moderate_risk
S023C002P057R001A080,NTU,moderate_risk
S023C002P057R002A080,NTU,moderate_risk
S023C002P058R001A080,NTU,moderate_risk
S023C002P058R002A080,NTU,moderate_risk
S023C002P060R001A080,NTU,moderate_risk
S023C002P060R002A080,NTU,moderate_risk
S023C002P061R001A080,NTU,moderate_risk
S023C002P061R002A080,NTU,moderate_risk
S023C002P062R001A080,NTU,moderate_risk
S023C002P062R002A080,NTU,moderate_risk
S023C002P063R001A080,NTU,moderate_risk
S023C002P063R002A080,NTU,moderate_risk
S023C002P064R001A080,NTU,moderate_risk
S023C002P064R002A080,NTU,moderate_risk
S023C003P056R001A080,NTU,moderate_risk
S023C003P056R002A080,NTU,moderate_risk
S023C003P057R001A080,NTU,moderate_risk
S023C003P057R002A080,NTU,moderate_risk
S023C003P058R001A080,NTU,moderate_risk
S023C003P058R002A080,NTU,moderate_risk
S023C003P060R001A080,NTU,moderate_risk
S023C003P060R002A080,NTU,moderate_risk
S023C003P061R001A080,NTU,moderate_risk
S023C003P061R002A080,NTU,moderate_risk
S023C003P062R001A080,NTU,moderate_risk
S023C003P062R002A080,NTU,moderate_risk
S023C003P063R001A080,NTU,moderate_risk
S023C003P063R002A080,NTU,moderate_risk
S023C003P064R001A080,NTU,moderate_risk
S023C003P064R002A080,NTU,moderate_risk
S024C001P057R001A080,NTU,moderate_risk
S024C001P057R002A080,NTU,moderate_risk
S024C001P060R001A080,NTU,moderate_risk
S024C001P060R002A080,NTU,moderate_risk
S024C001P061R001A080,NTU,moderate_risk
S024C001P061R002A080,NTU,moderate_risk
S024C001P062R001A080,NTU,moderate_risk
S024C001P062R002A080,NTU,moderate_risk
S024C001P063R001A080,NTU,moderate_risk
S024C001P063R002A080,NTU,moderate_risk
S024C001P064R001A080,NTU,moderate_risk
S024C001P064R002A080,NTU,moderate_risk
S024C002P057R001A080,NTU,moderate_risk
S024C002P057R002A080,NTU,moderate_risk
S024C002P060R001A080,NTU,moderate_risk
S024C002P060R002A080,NTU,moderate_risk
S024C002P061R001A080,NTU,moderate_risk
S024C002P061R002A080,NTU,moderate_risk
S024C002P062R001A080,NTU,moderate_risk
S024C002P062R002A080,NTU,moderate_risk
S024C002P063R001A080,NTU,moderate_risk
S024C002P063R002A080,NTU,moderate_risk
S024C002P064R001A080,NTU,moderate_risk
S024C002P064R002A080,NTU,moderate_risk
S024C003P057R001A080,NTU,moderate_risk
S024C003P057R002A080,NTU,moderate_risk
S024C003P060R001A080,NTU,moderate_risk
S024C003P060R002A080,NTU,moderate_risk
S024C003P061R001A080,NTU,moderate_risk
S024C003P061R002A080,NTU,moderate_risk
S024C003P062R001A080,NTU,moderate_risk
S024C003P062R002A080,NTU,moderate_risk
S024C003P063R001A080,NTU,moderate_risk
S024C003P063R002A080,NTU,moderate_risk
S024C003P064R001A080,NTU,moderate_risk
S024C003P064R002A080,NTU,moderate_risk
S025C001P056R001A080,NTU,moderate_risk
S025C001P056R002A080,NTU,moderate_risk
S025C001P058R001A080,NTU,moderate_risk
S025C001P058R002A080,NTU,moderate_risk
S025C002P056R001A080,NTU,moderate_risk
S025C002P056R002A080,NTU,moderate_risk
S025C002P058R001A080,NTU,moderate_risk
S025C002P058R002A080,NTU,moderate_risk
S025C003P056R001A080,NTU,moderate_risk
S025C003P056R002A080,NTU,moderate_risk
S025C003P058R001A080,NTU,moderate_risk
S025C003P058R002A080,NTU,moderate_risk
S026C001P008R001A080,NTU,moderate_risk
S026C001P008R002A080,NTU,moderate_risk
S026C001P041R001A080,NTU,moderate_risk
S026C001P041R002A080,NTU,moderate_risk
S026C001P044R001A080,NTU,moderate_risk
S026C001P044R002A080,NTU,moderate_risk
S026C001P049R001A080,NTU,moderate_risk
S026C001P049R002A080,NTU,moderate_risk
S026C001P051R001A080,NTU,moderate_risk
S026C001P051R002A080,NTU,moderate_risk
S026C001P069R001A080,NTU,moderate_risk
S026C001P069R002A080,NTU,moderate_risk
S026C001P070R001A080,NTU,moderate_risk
S026C001P070R002A080,NTU,moderate_risk
S026C001P071R001A080,NTU,moderate_risk
S026C001P071R002A080,NTU,moderate_risk
S026C001P072R001A080,NTU,moderate_risk
S026C001P072R002A080,NTU,moderate_risk
S026C001P074R001A080,NTU,moderate_risk
S026C001P074R002A080,NTU,moderate_risk
S026C001P076R001A080,NTU,moderate_risk
S026C001P076R002A080,NTU,moderate_risk
S026C001P077R001A080,NTU,moderate_risk
S026C001P077R002A080,NTU,moderate_risk
S026C002P008R001A080,NTU,moderate_risk
S026C002P008R002A080,NTU,moderate_risk
S026C002P041R001A080,NTU,moderate_risk
S026C002P041R002A080,NTU,moderate_risk
S026C002P044R001A080,NTU,moderate_risk
S026C002P044R002A080,NTU,moderate_risk
S026C002P049R001A080,NTU,moderate_risk
S026C002P049R002A080,NTU,moderate_risk
S026C002P051R001A080,NTU,moderate_risk
S026C002P051R002A080,NTU,moderate_risk
S026C002P069R001A080,NTU,moderate_risk
S026C002P069R002A080,NTU,moderate_risk
S026C002P070R001A080,NTU,moderate_risk
S026C002P070R002A080,NTU,moderate_risk
S026C002P071R001A080,NTU,moderate_risk
S026C002P071R002A080,NTU,moderate_risk
S026C002P072R001A080,NTU,moderate_risk
S026C002P072R002A080,NTU,moderate_risk
S026C002P074R001A080,NTU,moderate_risk
S026C002P074R002A080,NTU,moderate_risk
S026C002P076R001A080,NTU,moderate_risk
S026C002P076R002A080,NTU,moderate_risk
S026C002P077R001A080,NTU,moderate_risk
S026C002P077R002A080,NTU,moderate_risk
S026C003P008R001A080,NTU,moderate_risk
S026C003P008R002A080,NTU,moderate_risk
S026C003P041R001A080,NTU,moderate_risk
S026C003P041R002A080,NTU,moderate_risk
S026C003P044R001A080,NTU,moderate_risk
S026C003P044R002A080,NTU,moderate_risk
S026C003P049R001A080,NTU,moderate_risk
S026C003P049R002A080,NTU,moderate_risk
S026C003P051R001A080,NTU,moderate_risk
S026C003P051R002A080,NTU,moderate_risk
S026C003P069R001A080,NTU,moderate_risk
S026C003P069R002A080,NTU,moderate_risk
S026C003P070R001A080,NTU,moderate_risk
S026C003P070R002A080,NTU,moderate_risk
S026C003P071R001A080,NTU,moderate_risk
S026C003P071R002A080,NTU,moderate_risk
S026C003P072R001A080,NTU,moderate_risk
S026C003P072R002A080,NTU,moderate_risk
S026C003P074R001A080,NTU,moderate_risk
S026C003P074R002A080,NTU,moderate_risk
S026C003P076R001A080,NTU,moderate_risk
S026C003P076R002A080,NTU,moderate_risk
S026C003P077R001A080,NTU,moderate_risk
S026C003P077R002A080,NTU,moderate_risk
S027C001P006R001A080,NTU,moderate_risk
S027C001P006R002A080,NTU,moderate_risk
S027C001P008R001A080,NTU,moderate_risk
S027C001P008R002A080,NTU,moderate_risk
S027C001P011R001A080,NTU,moderate_risk
S027C001P011R002A080,NTU,moderate_risk
S027C001P041R001A080,NTU,moderate_risk
S027C001P041R002A080,NTU,moderate_risk
S027C001P043R001A080,NTU,moderate_risk
S027C001P043R002A080,NTU,moderate_risk
S027C001P044R001A080,NTU,moderate_risk
S027C001P044R002A080,NTU,moderate_risk
S027C001P079R001A080,NTU,moderate_risk
S027C001P079R002A080,NTU,moderate_risk
S027C001P080R001A080,NTU,moderate_risk
S027C001P080R002A080,NTU,moderate_risk
S027C001P081R001A080,NTU,moderate_risk
S027C001P081R002A080,NTU,moderate_risk
S027C001P082R001A080,NTU,moderate_risk
S027C001P082R002A080,NTU,moderate_risk
S027C001P083R001A080,NTU,moderate_risk
S027C001P083R002A080,NTU,moderate_risk
S027C001P084R001A080,NTU,moderate_risk
S027C001P084R002A080,NTU,moderate_risk
S027C001P085R001A080,NTU,moderate_risk
S027C001P085R002A080,NTU,moderate_risk
S027C001P086R001A080,NTU,moderate_risk
S027C001P086R002A080,NTU,moderate_risk
S027C002P006R001A080,NTU,moderate_risk
S027C002P006R002A080,NTU,moderate_risk
S027C002P008R001A080,NTU,moderate_risk
S027C002P008R002A080,NTU,moderate_risk
S027C002P011R001A080,NTU,moderate_risk
S027C002P011R002A080,NTU,moderate_risk
S027C002P041R001A080,NTU,moderate_risk
S027C002P041R002A080,NTU,moderate_risk
S027C002P043R001A080,NTU,moderate_risk
S027C002P043R002A080,NTU,moderate_risk
S027C002P044R001A080,NTU,moderate_risk
S027C002P044R002A080,NTU,moderate_risk
S027C002P079R001A080,NTU,moderate_risk
S027C002P079R002A080,NTU,moderate_risk
S027C002P080R001A080,NTU,moderate_risk
S027C002P080R002A080,NTU,moderate_risk
S027C002P081R001A080,NTU,moderate_risk
S027C002P081R002A080,NTU,moderate_risk
S027C002P082R001A080,NTU,moderate_risk
S027C002P082R002A080,NTU,moderate_risk
S027C002P083R001A080,NTU,moderate_risk
S027C002P083R002A080,NTU,moderate_risk
S027C002P084R001A080,NTU,moderate_risk
S027C002P084R002A080,NTU,moderate_risk
S027C002P085R001A080,NTU,moderate_risk
S027C002P085R002A080,NTU,moderate_risk
S027C002P086R001A080,NTU,moderate_risk
S027C002P086R002A080,NTU,moderate_risk
S027C003P006R001A080,NTU,moderate_risk
S027C003P006R002A080,NTU,moderate_risk
S027C003P008R001A080,NTU,moderate_risk
S027C003P008R002A080,NTU,moderate_risk
S027C003P011R001A080,NTU,moderate_risk
S027C003P011R002A080,NTU,moderate_risk
S027C003P041R001A080,NTU,moderate_risk
S027C003P041R002A080,NTU,moderate_risk
S027C003P043R001A080,NTU,moderate_risk
S027C003P043R002A080,NTU,moderate_risk
S027C003P044R001A080,NTU,moderate_risk
S027C003P044R002A080,NTU,moderate_risk
S027C003P079R001A080,NTU,moderate_risk
S027C003P079R002A080,NTU,moderate_risk
S027C003P080R001A080,NTU,moderate_risk
S027C003P080R002A080,NTU,moderate_risk
S027C003P081R001A080,NTU,moderate_risk
S027C003P081R002A080,NTU,moderate_risk
S027C003P082R001A080,NTU,moderate_risk
S027C003P082R002A080,NTU,moderate_risk
S027C003P083R001A080,NTU,moderate_risk
S027C003P083R002A080,NTU,moderate_risk
S027C003P084R001A080,NTU,moderate_risk
S027C003P084R002A080,NTU,moderate_risk
S027C003P085R001A080,NTU,moderate_risk
S027C003P085R002A080,NTU,moderate_risk
S027C003P086R001A080,NTU,moderate_risk
S027C003P086R002A080,NTU,moderate_risk
S028C001P008R001A080,NTU,moderate_risk
S028C001P008R002A080,NTU,moderate_risk
S028C001P041R001A080,NTU,moderate_risk
S028C001P041R002A080,NTU,moderate_risk
S028C001P043R001A080,NTU,moderate_risk
S028C001P043R002A080,NTU,moderate_risk
S028C001P046R001A080,NTU,moderate_risk
S028C001P046R002A080,NTU,moderate_risk
S028C001P070R001A080,NTU,moderate_risk
S028C001P070R002A080,NTU,moderate_risk
S028C001P073R001A080,NTU,moderate_risk
S028C001P073R002A080,NTU,moderate_risk
S028C001P087R001A080,NTU,moderate_risk
S028C001P087R002A080,NTU,moderate_risk
S028C002P008R001A080,NTU,moderate_risk
S028C002P008R002A080,NTU,moderate_risk
S028C002P041R001A080,NTU,moderate_risk
S028C002P041R002A080,NTU,moderate_risk
S028C002P043R001A080,NTU,moderate_risk
S028C002P043R002A080,NTU,moderate_risk
S028C002P046R001A080,NTU,moderate_risk
S028C002P046R002A080,NTU,moderate_risk
S028C002P070R001A080,NTU,moderate_risk
S028C002P070R002A080,NTU,moderate_risk
S028C002P073R001A080,NTU,moderate_risk
S028C002P073R002A080,NTU,moderate_risk
S028C002P087R001A080,NTU,moderate_risk
S028C002P087R002A080,NTU,moderate_risk
S028C003P008R001A080,NTU,moderate_risk
S028C003P008R002A080,NTU,moderate_risk
S028C003P041R001A080,NTU,moderate_risk
S028C003P041R002A080,NTU,moderate_risk
S028C003P043R001A080,NTU,moderate_risk
S028C003P043R002A080,NTU,moderate_risk
S028C003P046R001A080,NTU,moderate_risk
S028C003P046R002A080,NTU,moderate_risk
S028C003P070R001A080,NTU,moderate_risk
S028C003P070R002A080,NTU,moderate_risk
S028C003P073R001A080,NTU,moderate_risk
S028C003P073R002A080,NTU,moderate_risk
S028C003P087R001A080,NTU,moderate_risk
S028C003P087R002A080,NTU,moderate_risk
S029C001P006R001A080,NTU,moderate_risk
S029C001P006R002A080,NTU,moderate_risk
S029C001P008R001A080,NTU,moderate_risk
S029C001P008R002A080,NTU,moderate_risk
S029C001P041R001A080,NTU,moderate_risk
S029C001P041R002A080,NTU,moderate_risk
S029C001P043R001A080,NTU,moderate_risk
S029C001P043R002A080,NTU,moderate_risk
S029C001P044R001A080,NTU,moderate_risk
S029C001P044R002A080,NTU,moderate_risk
S029C001P049R001A080,NTU,moderate_risk
S029C001P049R002A080,NTU,moderate_risk
S029C001P051R001A080,NTU,moderate_risk
S029C001P051R002A080,NTU,moderate_risk
S029C001P074R001A080,NTU,moderate_risk
S029C001P074R002A080,NTU,moderate_risk
S029C001P080R001A080,NTU,moderate_risk
S029C001P080R002A080,NTU,moderate_risk
S029C001P089R001A080,NTU,moderate_risk
S029C001P089R002A080,NTU,moderate_risk
S029C001P090R001A080,NTU,moderate_risk
S029C001P090R002A080,NTU,moderate_risk
S029C002P006R001A080,NTU,moderate_risk
S029C002P006R002A080,NTU,moderate_risk
S029C002P008R001A080,NTU,moderate_risk
S029C002P008R002A080,NTU,moderate_risk
S029C002P041R001A080,NTU,moderate_risk
S029C002P041R002A080,NTU,moderate_risk
S029C002P043R001A080,NTU,moderate_risk
S029C002P043R002A080,NTU,moderate_risk
S029C002P044R001A080,NTU,moderate_risk
S029C002P044R002A080,NTU,moderate_risk
S029C002P049R001A080,NTU,moderate_risk
S029C002P049R002A080,NTU,moderate_risk
S029C002P051R001A080,NTU,moderate_risk
S029C002P051R002A080,NTU,moderate_risk
S029C002P074R001A080,NTU,moderate_risk
S029C002P074R002A080,NTU,moderate_risk
S029C002P080R001A080,NTU,moderate_risk
S029C002P080R002A080,NTU,moderate_risk
S029C002P089R001A080,NTU,moderate_risk
S029C002P089R002A080,NTU,moderate_risk
S029C002P090R001A080,NTU,moderate_risk
S029C002P090R002A080,NTU,moderate_risk
S029C003P006R001A080,NTU,moderate_risk
S029C003P006R002A080,NTU,moderate_risk
S029C003P008R001A080,NTU,moderate_risk
S029C003P008R002A080,NTU,moderate_risk
S029C003P041R001A080,NTU,moderate_risk
S029C003P041R002A080,NTU,moderate_risk
S029C003P043R001A080,NTU,moderate_risk
S029C003P043R002A080,NTU,moderate_risk
S029C003P044R001A080,NTU,moderate_risk
S029C003P044R002A080,NTU,moderate_risk
S029C003P049R001A080,NTU,moderate_risk
S029C003P049R002A080,NTU,moderate_risk
S029C003P051R001A080,NTU,moderate_risk
S029C003P051R002A080,NTU,moderate_risk
S029C003P074R001A080,NTU,moderate_risk
S029C003P074R002A080,NTU,moderate_risk
S029C003P080R001A080,NTU,moderate_risk
S029C003P080R002A080,NTU,moderate_risk
S029C003P089R001A080,NTU,moderate_risk
S029C003P089R002A080,NTU,moderate_risk
S029C003P090R001A080,NTU,moderate_risk
S029C003P090R002A080,NTU,moderate_risk
S030C001P008R001A080,NTU,moderate_risk
S030C001P008R002A080,NTU,moderate_risk
S030C001P011R001A080,NTU,moderate_risk
S030C001P011R002A080,NTU,moderate_risk
S030C001P041R001A080,NTU,moderate_risk
S030C001P041R002A080,NTU,moderate_risk
S030C001P043R001A080,NTU,moderate_risk
S030C001P043R002A080,NTU,moderate_risk
S030C001P044R001A080,NTU,moderate_risk
S030C001P044R002A080,NTU,moderate_risk
S030C001P076R001A080,NTU,moderate_risk
S030C001P076R002A080,NTU,moderate_risk
S030C001P081R001A080,NTU,moderate_risk
S030C001P081R002A080,NTU,moderate_risk
S030C001P085R001A080,NTU,moderate_risk
S030C001P085R002A080,NTU,moderate_risk
S030C001P092R001A080,NTU,moderate_risk
S030C001P092R002A080,NTU,moderate_risk
S030C001P093R001A080,NTU,moderate_risk
S030C001P093R002A080,NTU,moderate_risk
S030C001P095R001A080,NTU,moderate_risk
S030C001P095R002A080,NTU,moderate_risk
S030C002P008R001A080,NTU,moderate_risk
S030C002P008R002A080,NTU,moderate_risk
S030C002P011R001A080,NTU,moderate_risk
S030C002P011R002A080,NTU,moderate_risk
S030C002P041R001A080,NTU,moderate_risk
S030C002P041R002A080,NTU,moderate_risk
S030C002P043R001A080,NTU,moderate_risk
S030C002P043R002A080,NTU,moderate_risk
S030C002P044R001A080,NTU,moderate_risk
S030C002P044R002A080,NTU,moderate_risk
S030C002P076R001A080,NTU,moderate_risk
S030C002P076R002A080,NTU,moderate_risk
S030C002P081R001A080,NTU,moderate_risk
S030C002P081R002A080,NTU,moderate_risk
S030C002P085R001A080,NTU,moderate_risk
S030C002P085R002A080,NTU,moderate_risk
S030C002P092R001A080,NTU,moderate_risk
S030C002P092R002A080,NTU,moderate_risk
S030C002P093R001A080,NTU,moderate_risk
S030C002P093R002A080,NTU,moderate_risk
S030C002P095R001A080,NTU,moderate_risk
S030C002P095R002A080,NTU,moderate_risk
S030C003P008R001A080,NTU,moderate_risk
S030C003P008R002A080,NTU,moderate_risk
S030C003P011R001A080,NTU,moderate_risk
S030C003P011R002A080,NTU,moderate_risk
S030C003P041R001A080,NTU,moderate_risk
S030C003P041R002A080,NTU,moderate_risk
S030C003P043R001A080,NTU,moderate_risk
S030C003P043R002A080,NTU,moderate_risk
S030C003P044R001A080,NTU,moderate_risk
S030C003P044R002A080,NTU,moderate_risk
S030C003P076R001A080,NTU,moderate_risk
S030C003P076R002A080,NTU,moderate_risk
S030C003P081R001A080,NTU,moderate_risk
S030C003P081R002A080,NTU,moderate_risk
S030C003P085R001A080,NTU,moderate_risk
S030C003P085R002A080,NTU,moderate_risk
S030C003P092R001A080,NTU,moderate_risk
S030C003P092R002A080,NTU,moderate_risk
S030C003P093R001A080,NTU,moderate_risk
S030C003P093R002A080,NTU,moderate_risk
S030C003P095R001A080,NTU,moderate_risk
S030C003P095R002A080,NTU,moderate_risk
S031C001P006R001A080,NTU,moderate_risk
S031C001P006R002A080,NTU,moderate_risk
S031C001P008R001A080,NTU,moderate_risk
S031C001P008R002A080,NTU,moderate_risk
S031C001P041R001A080,NTU,moderate_risk
S031C001P041R002A080,NTU,moderate_risk
S031C001P043R001A080,NTU,moderate_risk
S031C001P043R002A080,NTU,moderate_risk
S031C001P044R001A080,NTU,moderate_risk
S031C001P044R002A080,NTU,moderate_risk
S031C001P051R001A080,NTU,moderate_risk
S031C001P051R002A080,NTU,moderate_risk
S031C001P082R001A080,NTU,moderate_risk
S031C001P082R002A080,NTU,moderate_risk
S031C001P085R001A080,NTU,moderate_risk
S031C001P085R002A080,NTU,moderate_risk
S031C001P097R001A080,NTU,moderate_risk
S031C001P097R002A080,NTU,moderate_risk
S031C001P099R001A080,NTU,moderate_risk
S031C001P099R002A080,NTU,moderate_risk
S031C001P100R001A080,NTU,moderate_risk
S031C001P100R002A080,NTU,moderate_risk
S031C001P101R001A080,NTU,moderate_risk
S031C001P101R002A080,NTU,moderate_risk
S031C002P006R001A080,NTU,moderate_risk
S031C002P006R002A080,NTU,moderate_risk
S031C002P008R001A080,NTU,moderate_risk
S031C002P008R002A080,NTU,moderate_risk
S031C002P041R001A080,NTU,moderate_risk
S031C002P041R002A080,NTU,moderate_risk
S031C002P043R001A080,NTU,moderate_risk
S031C002P043R002A080,NTU,moderate_risk
S031C002P044R001A080,NTU,moderate_risk
S031C002P044R002A080,NTU,moderate_risk
S031C002P051R001A080,NTU,moderate_risk
S031C002P051R002A080,NTU,moderate_risk
S031C002P082R001A080,NTU,moderate_risk
S031C002P082R002A080,NTU,moderate_risk
S031C002P085R001A080,NTU,moderate_risk
S031C002P085R002A080,NTU,moderate_risk
S031C002P097R001A080,NTU,moderate_risk
S031C002P097R002A080,NTU,moderate_risk
S031C002P099R001A080,NTU,moderate_risk
S031C002P099R002A080,NTU,moderate_risk
S031C002P100R001A080,NTU,moderate_risk
S031C002P100R002A080,NTU,moderate_risk
S031C002P101R001A080,NTU,moderate_risk
S031C002P101R002A080,NTU,moderate_risk
S031C003P006R001A080,NTU,moderate_risk
S031C003P006R002A080,NTU,moderate_risk
S031C003P008R001A080,NTU,moderate_risk
S031C003P008R002A080,NTU,moderate_risk
S031C003P041R001A080,NTU,moderate_risk
S031C003P041R002A080,NTU,moderate_risk
S031C003P043R001A080,NTU,moderate_risk
S031C003P043R002A080,NTU,moderate_risk
S031C003P044R001A080,NTU,moderate_risk
S031C003P044R002A080,NTU,moderate_risk
S031C003P051R001A080,NTU,moderate_risk
S031C003P051R002A080,NTU,moderate_risk
S031C003P082R001A080,NTU,moderate_risk
S031C003P082R002A080,NTU,moderate_risk
S031C003P085R001A080,NTU,moderate_risk
S031C003P085R002A080,NTU,moderate_risk
S031C003P097R001A080,NTU,moderate_risk
S031C003P097R002A080,NTU,moderate_risk
S031C003P099R001A080,NTU,moderate_risk
S031C003P099R002A080,NTU,moderate_risk
S031C003P100R001A080,NTU,moderate_risk
S031C003P100R002A080,NTU,moderate_risk
S031C003P101R001A080,NTU,moderate_risk
S031C003P101R002A080,NTU,moderate_risk
S032C001P008R001A080,NTU,moderate_risk
S032C001P008R002A080,NTU,moderate_risk
S032C001P041R001A080,NTU,moderate_risk
S032C001P041R002A080,NTU,moderate_risk
S032C001P043R001A080,NTU,moderate_risk
S032C001P043R002A080,NTU,moderate_risk
S032C001P044R001A080,NTU,moderate_risk
S032C001P044R002A080,NTU,moderate_risk
S032C001P102R001A080,NTU,moderate_risk
S032C001P102R002A080,NTU,moderate_risk
S032C001P103R001A080,NTU,moderate_risk
S032C001P103R002A080,NTU,moderate_risk
S032C001P104R001A080,NTU,moderate_risk
S032C001P104R002A080,NTU,moderate_risk
S032C001P106R001A080,NTU,moderate_risk
S032C001P106R002A080,NTU,moderate_risk
S032C002P008R001A080,NTU,moderate_risk
S032C002P008R002A080,NTU,moderate_risk
S032C002P041R001A080,NTU,moderate_risk
S032C002P041R002A080,NTU,moderate_risk
S032C002P043R001A080,NTU,moderate_risk
S032C002P043R002A080,NTU,moderate_risk
S032C002P044R001A080,NTU,moderate_risk
S032C002P044R002A080,NTU,moderate_risk
S032C002P102R001A080,NTU,moderate_risk
S032C002P102R002A080,NTU,moderate_risk
S032C002P103R001A080,NTU,moderate_risk
S032C002P103R002A080,NTU,moderate_risk
S032C002P104R001A080,NTU,moderate_risk
S032C002P104R002A080,NTU,moderate_risk
S032C002P106R001A080,NTU,moderate_risk
S032C002P106R002A080,NTU,moderate_risk
S032C003P008R001A080,NTU,moderate_risk
S032C003P008R002A080,NTU,moderate_risk
S032C003P041R001A080,NTU,moderate_risk
S032C003P041R002A080,NTU,moderate_risk
S032C003P043R001A080,NTU,moderate_risk
S032C003P043R002A080,NTU,moderate_risk
S032C003P044R001A080,NTU,moderate_risk
S032C003P044R002A080,NTU,moderate_risk
S032C003P102R001A080,NTU,moderate_risk
S032C003P102R002A080,NTU,moderate_risk
S032C003P103R001A080,NTU,moderate_risk
S032C003P103R002A080,NTU,moderate_risk
S032C003P104R001A080,NTU,moderate_risk
S032C003P104R002A080,NTU,moderate_risk
S032C003P106R001A080,NTU,moderate_risk
S032C003P106R002A080,NTU,moderate_risk
